"Includes Amazon Marketplace, Fulfillment by Amazon (FBA), and Amazon Webstore transactions"
"All amounts in CAD, unless specified"
"Definitions:"
"Sales tax collected: Includes sales tax collected from buyers for product sales, shipping, and gift wrap."
"Selling fees: Includes variable closing fees and referral fees."
"Other transaction fees: Includes shipping chargebacks and shipping holdbacks."
"Other: Includes non-order transaction amounts. For more details, see the ""Type"" and ""Description"" columns for each order ID."
"date/time","settlement id","type","order id","sku","description","quantity","marketplace","fulfillment","order city","order state","order postal","tax collection model","product sales","product sales tax","shipping credits","shipping credits tax","gift wrap credits","gift wrap credits tax","Regulatory fee","Tax on regulatory fee","promotional rebates","promotional rebates tax","marketplace withheld tax","selling fees","fba fees","other transaction fees","other","total"
"Dec 1, 2025 12:03:38 a.m. PST","25070279451","Order","702-5891984-9553000","HS1901","Dream Reach 6"" Professional Hair Cutting Scissors Japan 440C Steel Thinning Scissor for Men/Women Cutting for Salon/Barber/Home (Straight Scissors)","1","amazon.ca","Amazon","Elmwood","Ontario","N0G 1S","Combined TCS+MTC","43.99","5.72","3.92","0","0","0","0","0","-3.92","0","-5.72","-6.60","-6.49","0","0","30.90"
"Dec 1, 2025 12:04:13 a.m. PST","25070279451","Order","701-3879009-9514655","9B-5VGN-40SH","Dream Reach 2 Pack Kitchen Scissors, Premium All-Metal Kitchen Shears, Heavy Duty Poultry Shears for Food, Food-Grade Stainless Steel Scissors, Gift f","1","amazon.ca","Amazon","Langley","British Columbia","V1M 1T","Combined TCS+MTC","25.73","3.09","0","0","0","0","0","0","0","0","-3.09","-3.86","-8.19","0","0","13.68"
"Dec 1, 2025 12:44:16 a.m. PST","25070279451","Order","701-0051222-8234609","9B-5VGN-40SH","Dream Reach 2 Pack Kitchen Scissors, Premium All-Metal Kitchen Shears, Heavy Duty Poultry Shears for Food, Food-Grade Stainless Steel Scissors, Gift f","1","amazon.ca","Amazon","Calgary","Alberta","T3M 0Z","Combined TCS+MTC","25.73","1.29","0","0","0","0","0","0","0","0","-1.29","-3.86","-7.65","0","0","14.22"
"Dec 1, 2025 1:01:25 a.m. PST","25070279451","Order","702-7030258-4093050","KF02-BBJ","Dream Reach Chef Knife, Japanese Kitchen Knife, Sharp Stainless Steel Viking Style Meat Knife with Wooden Handle, Feather Design Cooking Knife with Sh","1","amazon.ca","Amazon","Alberta Beach","Alberta","T0E 0A","Combined TCS+MTC","28.49","1.42","0","0","0","0","0","0","0","0","-1.42","-4.27","-7.13","0","0","17.09"
"Dec 1, 2025 1:14:03 a.m. PST","25070279451","Order","701-1728038-2703425","KF02-BBJ","Dream Reach Chef Knife, Japanese Kitchen Knife, Sharp Stainless Steel Viking Style Meat Knife with Wooden Handle, Feather Design Cooking Knife with Sh","1","amazon.ca","Amazon","Calmar","Alberta","T0C 0V","Combined TCS+MTC","37.40","1.87","0","0","0","0","0","0","0","0","-1.87","-5.61","-7.13","0","0","24.66"
"Dec 1, 2025 1:22:18 a.m. PST","25070279451","Order","702-3131165-7845034","CWJ02-Black7.5Set-BBJ","Dream Reach Dog Grooming Scissors - Professional 7.5 Inch Pet Scissors Sharp and Durable Shears Set Thinning, Chunker, Straight, Curved Shears and Com","1","amazon.ca","Amazon","Dollard-des-ormeaux","Quebec","H9A 2J","Combined TCS+MTC","49.71","7.44","0","0","0","0","0","0","0","0","-7.44","-7.46","-7.65","0","0","34.60"
"Dec 1, 2025 1:28:14 a.m. PST","25070279451","Order","701-4927839-6113050","9B-5VGN-40SH","Dream Reach 2 Pack Kitchen Scissors, Premium All-Metal Kitchen Shears, Heavy Duty Poultry Shears for Food, Food-Grade Stainless Steel Scissors, Gift f","1","amazon.ca","Amazon","LONGUEUIL","QC","J4L2H","Combined TCS+MTC","25.73","3.85","2.74","0","0","0","0","0","-2.74","0","-3.85","-3.86","-7.65","0","0","14.22"
"Dec 1, 2025 1:44:28 a.m. PST","25070279451","Order","701-4458536-4435463","9B-5VGN-40SH","Dream Reach 2 Pack Kitchen Scissors, Premium All-Metal Kitchen Shears, Heavy Duty Poultry Shears for Food, Food-Grade Stainless Steel Scissors, Gift f","1","amazon.ca","Amazon","Barrie","Ontario","L4N 0Y","Combined TCS+MTC","25.73","3.34","0","0","0","0","0","0","0","0","-3.34","-3.86","-7.65","0","0","14.22"
"Dec 1, 2025 2:02:33 a.m. PST","25070279451","Order","702-2746447-1107428","9B-5VGN-40SH","Dream Reach 2 Pack Kitchen Scissors, Premium All-Metal Kitchen Shears, Heavy Duty Poultry Shears for Food, Food-Grade Stainless Steel Scissors, Gift f","1","amazon.ca","Amazon","Beaconsfield","Quebec","H9W 3M","Combined TCS+MTC","25.73","3.85","0","0","0","0","0","0","0","0","-3.85","-3.86","-7.65","0","0","14.22"
"Dec 1, 2025 2:33:49 a.m. PST","25070279451","Order","701-9265087-9527437","KF04-BBJ","Dream Reach Meat Bone Cleaver Knife for Meat Cutting Handmade Heavy Duty Butcher Axes Hand Forged Full Tang Chopper for Kitchen Outdoor BBQ Chef Gifts","1","amazon.ca","Amazon","Lethbridge","Alberta","T1J 3M","Combined TCS+MTC","31.49","1.57","0","0","0","0","0","0","0","0","-1.57","-4.72","-8.74","0","0","18.03"
"Dec 1, 2025 2:53:12 a.m. PST","25070279451","Order","702-8978389-5879434","9B-5VGN-40SH","Dream Reach 2 Pack Kitchen Scissors, Premium All-Metal Kitchen Shears, Heavy Duty Poultry Shears for Food, Food-Grade Stainless Steel Scissors, Gift f","1","amazon.ca","Amazon","Beaumont","Alberta","T4X 1Y","Combined TCS+MTC","25.73","1.29","0","0","0","0","0","0","0","0","-1.29","-3.86","-7.65","0","0","14.22"
"Dec 1, 2025 3:01:37 a.m. PST","25070279451","Order","702-7618082-7679412","9B-5VGN-40SH","Dream Reach 2 Pack Kitchen Scissors, Premium All-Metal Kitchen Shears, Heavy Duty Poultry Shears for Food, Food-Grade Stainless Steel Scissors, Gift f","1","amazon.ca","Amazon","Repentigny","Quebec","J5Y 3W","Combined TCS+MTC","25.73","3.85","0","0","0","0","0","0","0","0","-3.85","-3.86","-7.65","0","0","14.22"
"Dec 1, 2025 3:22:43 a.m. PST","25070279451","Order","702-8959150-3109054","9B-5VGN-40SH","Dream Reach 2 Pack Kitchen Scissors, Premium All-Metal Kitchen Shears, Heavy Duty Poultry Shears for Food, Food-Grade Stainless Steel Scissors, Gift f","1","amazon.ca","Amazon","Ste-Emelie-De-L'Energie","Quebec","J0K 2K","Combined TCS+MTC","25.73","3.85","0","0","0","0","0","0","0","0","-3.85","-3.86","-7.65","0","0","14.22"
"Dec 1, 2025 3:59:04 a.m. PST","25070279451","Order","702-5130645-0555464","9B-5VGN-40SH","Dream Reach 2 Pack Kitchen Scissors, Premium All-Metal Kitchen Shears, Heavy Duty Poultry Shears for Food, Food-Grade Stainless Steel Scissors, Gift f","1","amazon.ca","Amazon","Waterloo","Ontario","N2V 2V","Combined TCS+MTC","25.73","3.34","0","0","0","0","0","0","0","0","-3.34","-3.86","-7.65","0","0","14.22"
"Dec 1, 2025 4:04:46 a.m. PST","25070279451","Order","702-8879902-7986655","KF02-BBJ","Dream Reach Chef Knife, Japanese Kitchen Knife, Sharp Stainless Steel Viking Style Meat Knife with Wooden Handle, Feather Design Cooking Knife with Sh","3","amazon.ca","Amazon","Vankleek Hill","Ontario","K0B1R","Combined TCS+MTC","85.47","11.10","0","0","0","0","0","0","0","0","-18.50","-21.35","-21.39","0","0","35.33"
"Dec 1, 2025 4:04:46 a.m. PST","25070279451","Order","702-8879902-7986655","KF02-BBJ","Dream Reach Chef Knife, Japanese Kitchen Knife, Sharp Stainless Steel Viking Style Meat Knife with Wooden Handle, Feather Design Cooking Knife with Sh","2","amazon.ca","Amazon","Vankleek Hill","Ontario","K0B1R","","56.98","7.40","0","0","0","0","0","0","0","0","0","0","-14.26","0","0","50.12"
"Dec 1, 2025 4:06:47 a.m. PST","25070279451","Order","701-0504745-3319459","9B-5VGN-40SH","Dream Reach 2 Pack Kitchen Scissors, Premium All-Metal Kitchen Shears, Heavy Duty Poultry Shears for Food, Food-Grade Stainless Steel Scissors, Gift f","1","amazon.ca","Amazon","Gatineau","Quebec","J9J 0T","Combined TCS+MTC","25.73","3.85","0","0","0","0","0","0","0","0","-3.85","-3.86","-7.65","0","0","14.22"
"Dec 1, 2025 4:12:53 a.m. PST","25070279451","Order","702-5163200-9434669","9B-5VGN-40SH","Dream Reach 2 Pack Kitchen Scissors, Premium All-Metal Kitchen Shears, Heavy Duty Poultry Shears for Food, Food-Grade Stainless Steel Scissors, Gift f","1","amazon.ca","Amazon","Gibbons","Alberta","T0A 1N","Combined TCS+MTC","25.73","1.29","0","0","0","0","0","0","0","0","-1.29","-3.86","-7.65","0","0","14.22"
"Dec 1, 2025 4:14:55 a.m. PST","25070279451","Order","701-0877603-1529069","9B-5VGN-40SH","Dream Reach 2 Pack Kitchen Scissors, Premium All-Metal Kitchen Shears, Heavy Duty Poultry Shears for Food, Food-Grade Stainless Steel Scissors, Gift f","1","amazon.ca","Amazon","Saint-Jerome","Quebec","J5L 2S","Combined TCS+MTC","25.73","3.85","0","0","0","0","0","0","0","0","-3.85","-3.86","-7.65","0","0","14.22"
"Dec 1, 2025 5:19:37 a.m. PST","25070279451","Order","701-1009284-1347453","KF04-BBJ","Dream Reach Meat Bone Cleaver Knife for Meat Cutting Handmade Heavy Duty Butcher Axes Hand Forged Full Tang Chopper for Kitchen Outdoor BBQ Chef Gifts","1","amazon.ca","Amazon","Oshawa","Ontario","L1L 0B","Combined TCS+MTC","31.49","4.09","3.92","0","0","0","0","0","-3.92","0","-4.09","-4.72","-8.74","0","0","18.03"
"Dec 1, 2025 5:55:41 a.m. PST","25070279451","Order","702-9247503-5416220","9B-5VGN-40SH","Dream Reach 2 Pack Kitchen Scissors, Premium All-Metal Kitchen Shears, Heavy Duty Poultry Shears for Food, Food-Grade Stainless Steel Scissors, Gift f","1","amazon.ca","Amazon","Hamilton","Ontario","L9C 4Y","Combined TCS+MTC","25.73","3.34","2.33","0","0","0","0","0","-2.33","0","-3.34","-3.86","-7.65","0","0","14.22"
"Dec 1, 2025 5:56:15 a.m. PST","25070279451","Order","701-2977859-9144213","KF02-BBJ","Dream Reach Chef Knife, Japanese Kitchen Knife, Sharp Stainless Steel Viking Style Meat Knife with Wooden Handle, Feather Design Cooking Knife with Sh","1","amazon.ca","Amazon","Ajax","Ontario","L1T 3J","Combined TCS+MTC","28.49","3.70","0","0","0","0","0","0","0","0","-3.70","-4.27","-7.13","0","0","17.09"
"Dec 1, 2025 5:56:21 a.m. PST","25070279451","Order","701-4289377-6193814","9B-5VGN-40SH","Dream Reach 2 Pack Kitchen Scissors, Premium All-Metal Kitchen Shears, Heavy Duty Poultry Shears for Food, Food-Grade Stainless Steel Scissors, Gift f","1","amazon.ca","Amazon","Brantford","Ontario","N3T 3L","Combined TCS+MTC","25.73","3.34","0","0","0","0","0","0","0","0","-3.34","-3.86","-7.65","0","0","14.22"
"Dec 1, 2025 7:26:56 a.m. PST","25070279451","Order","701-2722274-5047429","9B-5VGN-40SH","Dream Reach 2 Pack Kitchen Scissors, Premium All-Metal Kitchen Shears, Heavy Duty Poultry Shears for Food, Food-Grade Stainless Steel Scissors, Gift f","1","amazon.ca","Amazon","Saint-Jean-Baptiste","Quebec","J0L 2B","Combined TCS+MTC","25.73","3.85","2.74","0","0","0","0","0","-2.74","0","-3.85","-3.86","-7.65","0","0","14.22"
"Dec 1, 2025 7:28:27 a.m. PST","25070279451","Order","702-1891169-9059403","9B-5VGN-40SH","Dream Reach 2 Pack Kitchen Scissors, Premium All-Metal Kitchen Shears, Heavy Duty Poultry Shears for Food, Food-Grade Stainless Steel Scissors, Gift f","1","amazon.ca","Amazon","Kelowna","BC","V1W 5G","Combined TCS+MTC","25.73","3.09","0","0","0","0","0","0","0","0","-3.09","-3.86","-8.19","0","0","13.68"
"Dec 1, 2025 7:47:04 a.m. PST","25070279451","Order","702-4986530-1985066","BBJK06-Set6","Dream Reach Knife Set with Roll Bag, 6-Piece Professional Chef Knife Set, High Carbon Steel Black Kitchen Knives for Cooking, BBQ & Outdoor Use","1","amazon.ca","Amazon","Dieppe","New Brunswick","E1A 0R","Combined TCS+MTC","73.94","9.43","0","0","0","0","0","0","-11.09","0","-9.43","-9.43","-11.45","0","0","41.97"
"Dec 1, 2025 7:50:42 a.m. PST","25070279451","Order","701-5773436-8585001","9B-5VGN-40SH","Dream Reach 2 Pack Kitchen Scissors, Premium All-Metal Kitchen Shears, Heavy Duty Poultry Shears for Food, Food-Grade Stainless Steel Scissors, Gift f","1","amazon.ca","Amazon","Lorraine","Quebec","J6Z 4J","Combined TCS+MTC","25.73","3.85","0","0","0","0","0","0","0","0","-3.85","-3.86","-7.65","0","0","14.22"
"Dec 1, 2025 8:28:49 a.m. PST","25070279451","Order","701-4561939-3706638","9B-5VGN-40SH","Dream Reach 2 Pack Kitchen Scissors, Premium All-Metal Kitchen Shears, Heavy Duty Poultry Shears for Food, Food-Grade Stainless Steel Scissors, Gift f","1","amazon.ca","Amazon","Leduc","Alberta","T9E 6S","Combined TCS+MTC","25.73","1.29","1.75","0","0","0","0","0","-1.75","0","-1.29","-3.86","-7.65","0","0","14.22"
"Dec 1, 2025 8:50:38 a.m. PST","25070279451","Order","702-7487379-5742638","9B-5VGN-40SH","Dream Reach 2 Pack Kitchen Scissors, Premium All-Metal Kitchen Shears, Heavy Duty Poultry Shears for Food, Food-Grade Stainless Steel Scissors, Gift f","1","amazon.ca","Amazon","bowmanville","Ontario","L1C 4R","Combined TCS+MTC","25.73","3.34","0","0","0","0","0","0","0","0","-3.34","-3.86","-7.65","0","0","14.22"
"Dec 1, 2025 9:06:34 a.m. PST","25070279451","Order","701-8558097-0627424","9B-5VGN-40SH","Dream Reach 2 Pack Kitchen Scissors, Premium All-Metal Kitchen Shears, Heavy Duty Poultry Shears for Food, Food-Grade Stainless Steel Scissors, Gift f","1","amazon.ca","Amazon","Brockville","Ontario","K6V 0A","Combined TCS+MTC","25.73","3.34","0","0","0","0","0","0","0","0","-3.34","-3.86","-7.65","0","0","14.22"
"Dec 1, 2025 11:59:40 a.m. PST","25070279451","Order","701-8240301-1910659","9B-5VGN-40SH","Dream Reach 2 Pack Kitchen Scissors, Premium All-Metal Kitchen Shears, Heavy Duty Poultry Shears for Food, Food-Grade Stainless Steel Scissors, Gift f","1","amazon.ca","Amazon","Hamilton","ON","L8P1T","Combined TCS+MTC","25.73","3.34","0","0","0","0","0","0","0","0","-3.34","-3.86","-7.65","0","0","14.22"
"Dec 1, 2025 2:36:58 p.m. PST","25070279451","Order","701-3593343-7621004","9B-5VGN-40SH","Dream Reach 2 Pack Kitchen Scissors, Premium All-Metal Kitchen Shears, Heavy Duty Poultry Shears for Food, Food-Grade Stainless Steel Scissors, Gift f","1","amazon.ca","Amazon","Leduc County","Alberta","T4X 2P","Combined TCS+MTC","25.73","1.29","0","0","0","0","0","0","0","0","-1.29","-3.86","-7.65","0","0","14.22"
"Dec 1, 2025 2:53:43 p.m. PST","25070279451","Order","702-2026536-0021053","9B-5VGN-40SH","Dream Reach 2 Pack Kitchen Scissors, Premium All-Metal Kitchen Shears, Heavy Duty Poultry Shears for Food, Food-Grade Stainless Steel Scissors, Gift f","1","amazon.ca","Amazon","Douro-Dummer","Ontario","K0L 2H","Combined TCS+MTC","25.73","3.34","0","0","0","0","0","0","0","0","-3.34","-3.86","-7.65","0","0","14.22"
"Dec 1, 2025 3:30:54 p.m. PST","25070279451","Order","702-3040939-0704266","KF05-BBJ","Dream Reach Meat Cleaver Knife Heavy Duty Bone Chopper High Carbon Steel Butcher Axe Bone Cutting Knife Hand Forged Butcher Knife for Kitchen Outdoor","1","amazon.ca","Amazon","Surrey","British Columbia","V3W4Z","Combined TCS+MTC","35.09","4.21","0","0","0","0","0","0","0","0","-4.21","-5.26","-9.58","0","0","20.25"
"Dec 1, 2025 4:51:08 p.m. PST","25070279451","Order","701-4363341-9783416","9B-5VGN-40SH","Dream Reach 2 Pack Kitchen Scissors, Premium All-Metal Kitchen Shears, Heavy Duty Poultry Shears for Food, Food-Grade Stainless Steel Scissors, Gift f","1","amazon.ca","Amazon","Stoney Creek","Ontario","L8G 5C","Combined TCS+MTC","25.73","3.34","0","0","0","0","0","0","0","0","-3.34","-3.86","-7.65","0","0","14.22"
"Dec 1, 2025 5:42:36 p.m. PST","25070279451","Order","701-9111353-7511413","KF05-BBJ","Dream Reach Meat Cleaver Knife Heavy Duty Bone Chopper High Carbon Steel Butcher Axe Bone Cutting Knife Hand Forged Butcher Knife for Kitchen Outdoor","1","amazon.ca","Amazon","Sydney","Nova Scotia","B1P 4J","Combined TCS+MTC","35.09","4.91","0","0","0","0","0","0","0","0","-4.91","-5.26","-9.58","0","0","20.25"
"Dec 1, 2025 6:14:12 p.m. PST","25070279451","Order","701-2480919-7969013","KF04-BBJ","Dream Reach Meat Bone Cleaver Knife for Meat Cutting Handmade Heavy Duty Butcher Axes Hand Forged Full Tang Chopper for Kitchen Outdoor BBQ Chef Gifts","1","amazon.ca","Amazon","Uxbridge","Ontario","L9P 1R","Combined TCS+MTC","31.49","4.09","0","0","0","0","0","0","0","0","-4.09","-4.72","-8.74","0","0","18.03"
"Dec 1, 2025 7:26:22 p.m. PST","25070279451","Order","702-4916434-8817869","9B-5VGN-40SH","Dream Reach 2 Pack Kitchen Scissors, Premium All-Metal Kitchen Shears, Heavy Duty Poultry Shears for Food, Food-Grade Stainless Steel Scissors, Gift f","1","amazon.ca","Amazon","Surrey","BRITISH COLUMBIA","V3R9V","Combined TCS+MTC","25.73","3.09","0","0","0","0","0","0","0","0","-3.09","-3.86","-8.19","0","0","13.68"
"Dec 1, 2025 9:36:32 p.m. PST","25070279451","Order","702-4194704-1307459","9B-5VGN-40SH","Dream Reach 2 Pack Kitchen Scissors, Premium All-Metal Kitchen Shears, Heavy Duty Poultry Shears for Food, Food-Grade Stainless Steel Scissors, Gift f","1","amazon.ca","Amazon","Toronto","Ontario","M4B 2B","Combined TCS+MTC","25.73","3.34","1.74","0","0","0","0","0","-1.74","0","-3.34","-3.86","-7.65","0","0","14.22"
"Dec 1, 2025 10:13:10 p.m. PST","25070279451","Order","701-8613740-4833056","9B-5VGN-40SH","Dream Reach 2 Pack Kitchen Scissors, Premium All-Metal Kitchen Shears, Heavy Duty Poultry Shears for Food, Food-Grade Stainless Steel Scissors, Gift f","1","amazon.ca","Amazon","Westlock","Alberta","T7P 1S","Combined TCS+MTC","25.73","1.29","0","0","0","0","0","0","0","0","-1.29","-3.86","-7.65","0","0","14.22"
"Dec 1, 2025 10:15:55 p.m. PST","25070279451","Order","701-9937101-2286662","9B-5VGN-40SH","Dream Reach 2 Pack Kitchen Scissors, Premium All-Metal Kitchen Shears, Heavy Duty Poultry Shears for Food, Food-Grade Stainless Steel Scissors, Gift f","1","amazon.ca","Amazon","Goodwood","Ontario","L0C 1A","Combined TCS+MTC","25.73","3.34","0","0","0","0","0","0","0","0","-3.34","-3.86","-7.65","0","0","14.22"
"Dec 1, 2025 10:40:55 p.m. PST","25070279451","Order","702-8250459-3612251","9B-5VGN-40SH","Dream Reach 2 Pack Kitchen Scissors, Premium All-Metal Kitchen Shears, Heavy Duty Poultry Shears for Food, Food-Grade Stainless Steel Scissors, Gift f","1","amazon.ca","Amazon","Ottawa","Ontario","K1V 9S","Combined TCS+MTC","25.73","3.34","0","0","0","0","0","0","0","0","-3.34","-3.86","-7.65","0","0","14.22"
"Dec 1, 2025 10:47:16 p.m. PST","25070279451","Order","701-6705267-7726649","KF04-BBJ","Dream Reach Meat Bone Cleaver Knife for Meat Cutting Handmade Heavy Duty Butcher Axes Hand Forged Full Tang Chopper for Kitchen Outdoor BBQ Chef Gifts","1","amazon.ca","Amazon","Dawson Creek","British Columbia","V1G 3C","Combined TCS+MTC","31.49","3.78","0","0","0","0","0","0","0","0","-3.78","-4.72","-8.74","0","0","18.03"
"Dec 1, 2025 10:47:26 p.m. PST","25070279451","Order","701-8204743-9908248","9B-5VGN-40SH","Dream Reach 2 Pack Kitchen Scissors, Premium All-Metal Kitchen Shears, Heavy Duty Poultry Shears for Food, Food-Grade Stainless Steel Scissors, Gift f","1","amazon.ca","Amazon","Lillooet","British Columbia","V0K 1V","Combined TCS+MTC","25.73","3.09","0","0","0","0","0","0","0","0","-3.09","-3.86","-7.65","0","0","14.22"
"Dec 1, 2025 10:54:40 p.m. PST","25070279451","Order","701-3863284-8641863","9B-5VGN-40SH","Dream Reach 2 Pack Kitchen Scissors, Premium All-Metal Kitchen Shears, Heavy Duty Poultry Shears for Food, Food-Grade Stainless Steel Scissors, Gift f","1","amazon.ca","Amazon","Barrie","Ontario","L4M 0C","Combined TCS+MTC","25.73","3.34","0","0","0","0","0","0","0","0","-3.34","-3.86","-7.65","0","0","14.22"
"Dec 1, 2025 10:54:59 p.m. PST","25070279451","Order","702-1604393-2345847","9B-5VGN-40SH","Dream Reach 2 Pack Kitchen Scissors, Premium All-Metal Kitchen Shears, Heavy Duty Poultry Shears for Food, Food-Grade Stainless Steel Scissors, Gift f","1","amazon.ca","Amazon","Calgary","Alberta","T2C 2P","Combined TCS+MTC","25.73","1.29","0","0","0","0","0","0","0","0","-1.29","-3.86","-7.65","0","0","14.22"
"Dec 1, 2025 11:16:29 p.m. PST","25070279451","Order","701-7290691-9673010","KF02-BBJ","Dream Reach Chef Knife, Japanese Kitchen Knife, Sharp Stainless Steel Viking Style Meat Knife with Wooden Handle, Feather Design Cooking Knife with Sh","1","amazon.ca","Amazon","Trois-Rivieres","Quebec","G8V 0H","Combined TCS+MTC","28.49","4.27","0","0","0","0","0","0","0","0","-4.27","-4.27","-7.13","0","0","17.09"
"Dec 1, 2025 11:37:03 p.m. PST","25070279451","Order","701-8335932-3955434","9B-5VGN-40SH","Dream Reach 2 Pack Kitchen Scissors, Premium All-Metal Kitchen Shears, Heavy Duty Poultry Shears for Food, Food-Grade Stainless Steel Scissors, Gift f","1","amazon.ca","Amazon","Whitby","Ontario","L1M 2C","Combined TCS+MTC","25.73","3.34","0","0","0","0","0","0","0","0","-3.34","-3.86","-7.65","0","0","14.22"
"Dec 1, 2025 11:53:08 p.m. PST","25070279451","Order","702-9711580-1281834","9B-5VGN-40SH","Dream Reach 2 Pack Kitchen Scissors, Premium All-Metal Kitchen Shears, Heavy Duty Poultry Shears for Food, Food-Grade Stainless Steel Scissors, Gift f","1","amazon.ca","Amazon","Pickering","Ontario","L1V 6L","Combined TCS+MTC","25.73","3.34","0","0","0","0","0","0","0","0","-3.34","-3.86","-7.65","0","0","14.22"
"Dec 2, 2025 12:11:29 a.m. PST","25070279451","Order","702-6861228-7485064","9B-5VGN-40SH","Dream Reach 2 Pack Kitchen Scissors, Premium All-Metal Kitchen Shears, Heavy Duty Poultry Shears for Food, Food-Grade Stainless Steel Scissors, Gift f","1","amazon.ca","Amazon","Dashwood","Ontario","N0M 1N","Combined TCS+MTC","25.73","3.34","0","0","0","0","0","0","0","0","-3.34","-3.86","-7.65","0","0","14.22"
"Dec 2, 2025 12:30:28 a.m. PST","25070279451","Order","701-8315087-9335407","9B-5VGN-40SH","Dream Reach 2 Pack Kitchen Scissors, Premium All-Metal Kitchen Shears, Heavy Duty Poultry Shears for Food, Food-Grade Stainless Steel Scissors, Gift f","1","amazon.ca","Amazon","Terence Bay","Nova Scotia","B3T 1X","Combined TCS+MTC","25.73","3.60","0","0","0","0","0","0","0","0","-3.60","-3.86","-7.65","0","0","14.22"
"Dec 2, 2025 12:30:49 a.m. PST","25070279451","Order","701-4477396-7167433","KF05-BBJ","Dream Reach Meat Cleaver Knife Heavy Duty Bone Chopper High Carbon Steel Butcher Axe Bone Cutting Knife Hand Forged Butcher Knife for Kitchen Outdoor","1","amazon.ca","Amazon","St Catharines","Ontario","L2M 1R","Combined TCS+MTC","35.09","4.56","0","0","0","0","0","0","0","0","-4.56","-5.26","-9.58","0","0","20.25"
"Dec 2, 2025 12:41:27 a.m. PST","25070279451","Order","702-1697269-7800220","XX03","Dream Reach 7.0 Inches Professional Pet Cat Dog Grooming Shears Scissors, Straight and Curved Scissors, Thinning/Blending/Chunking Scissors Kit (Chunk","1","amazon.ca","Amazon","Montréal","Québec","H1E2S","Combined TCS+MTC","31.44","4.00","0","0","0","0","0","0","-4.72","0","-4.00","-4.01","-6.49","0","0","16.22"
"Dec 2, 2025 12:45:22 a.m. PST","25070279451","Order","701-3826546-9453855","9B-5VGN-40SH","Dream Reach 2 Pack Kitchen Scissors, Premium All-Metal Kitchen Shears, Heavy Duty Poultry Shears for Food, Food-Grade Stainless Steel Scissors, Gift f","1","amazon.ca","Amazon","Barrie","Ontario","L4M 1E","Combined TCS+MTC","25.73","3.34","0","0","0","0","0","0","0","0","-3.34","-3.86","-7.65","0","0","14.22"
"Dec 2, 2025 12:47:02 a.m. PST","25070279451","Order","701-2444649-6467438","KF02-BBJ","Dream Reach Chef Knife, Japanese Kitchen Knife, Sharp Stainless Steel Viking Style Meat Knife with Wooden Handle, Feather Design Cooking Knife with Sh","1","amazon.ca","Amazon","Val-Des-Monts","Quebec","J8N 4C","Combined TCS+MTC","28.49","4.27","0","0","0","0","0","0","0","0","-4.27","-4.27","-7.13","0","0","17.09"
"Dec 2, 2025 12:48:36 a.m. PST","25070279451","Order","701-0387703-0980205","9B-5VGN-40SH","Dream Reach 2 Pack Kitchen Scissors, Premium All-Metal Kitchen Shears, Heavy Duty Poultry Shears for Food, Food-Grade Stainless Steel Scissors, Gift f","1","amazon.ca","Amazon","Tehkummah","Ontario","P0P 2C","Combined TCS+MTC","29.99","3.90","2.94","0","0","0","0","0","-2.94","0","-3.90","-4.50","-7.65","0","0","17.84"
"Dec 2, 2025 12:50:35 a.m. PST","25070279451","Order","701-7790167-2946600","9B-5VGN-40SH","Dream Reach 2 Pack Kitchen Scissors, Premium All-Metal Kitchen Shears, Heavy Duty Poultry Shears for Food, Food-Grade Stainless Steel Scissors, Gift f","1","amazon.ca","Amazon","Toronto","Ontario","M5E 1E","Combined TCS+MTC","25.73","3.34","0","0","0","0","0","0","0","0","-3.34","-3.86","-7.65","0","0","14.22"
"Dec 2, 2025 12:56:14 a.m. PST","25070279451","Order","701-7904970-0519460","KF04-BBJ","Dream Reach Meat Bone Cleaver Knife for Meat Cutting Handmade Heavy Duty Butcher Axes Hand Forged Full Tang Chopper for Kitchen Outdoor BBQ Chef Gifts","1","amazon.ca","Amazon","Quebec","Quebec","G1M 3A","Combined TCS+MTC","31.49","4.72","0","0","0","0","0","0","0","0","-4.72","-4.72","-8.74","0","0","18.03"
"Dec 2, 2025 1:12:52 a.m. PST","25070279451","Order","701-4448218-2600231","KF05-BBJ","Dream Reach Meat Cleaver Knife Heavy Duty Bone Chopper High Carbon Steel Butcher Axe Bone Cutting Knife Hand Forged Butcher Knife for Kitchen Outdoor","1","amazon.ca","Amazon","Calgary","Alberta","T3A 1B","Combined TCS+MTC","35.69","1.78","0","0","0","0","0","0","0","0","-1.78","-5.35","-9.58","0","0","20.76"
"Dec 2, 2025 1:27:31 a.m. PST","25070279451","Order","701-2992897-2921067","9B-5VGN-40SH","Dream Reach 2 Pack Kitchen Scissors, Premium All-Metal Kitchen Shears, Heavy Duty Poultry Shears for Food, Food-Grade Stainless Steel Scissors, Gift f","1","amazon.ca","Amazon","Winnipeg","Manitoba","R3Y 0T","Combined TCS+MTC","25.73","3.09","0","0","0","0","0","0","0","0","-3.09","-3.86","-7.65","0","0","14.22"
"Dec 2, 2025 2:28:49 a.m. PST","25070279451","Order","701-6707718-8020209","9B-5VGN-40SH","Dream Reach 2 Pack Kitchen Scissors, Premium All-Metal Kitchen Shears, Heavy Duty Poultry Shears for Food, Food-Grade Stainless Steel Scissors, Gift f","1","amazon.ca","Amazon","Toronto","ON","M9A2N","Combined TCS+MTC","25.73","3.34","6.99","0","0","0","0","0","-6.99","0","-3.34","-3.86","-7.65","0","0","14.22"
"Dec 2, 2025 2:48:54 a.m. PST","25070279451","Order","702-1049118-5513854","9B-5VGN-40SH","Dream Reach 2 Pack Kitchen Scissors, Premium All-Metal Kitchen Shears, Heavy Duty Poultry Shears for Food, Food-Grade Stainless Steel Scissors, Gift f","1","amazon.ca","Amazon","Edmonton","Alberta","T6J 3V","Combined TCS+MTC","25.73","1.29","0","0","0","0","0","0","0","0","-1.29","-3.86","-7.65","0","0","14.22"
"Dec 2, 2025 2:54:24 a.m. PST","25070279451","Order","702-7063566-2414616","KF02-BBJ","Dream Reach Chef Knife, Japanese Kitchen Knife, Sharp Stainless Steel Viking Style Meat Knife with Wooden Handle, Feather Design Cooking Knife with Sh","1","amazon.ca","Amazon","Petawawa","Ontario","K8H 2C","Combined TCS+MTC","28.49","3.70","0","0","0","0","0","0","0","0","-3.70","-4.27","-7.13","0","0","17.09"
"Dec 2, 2025 3:15:03 a.m. PST","25070279451","Order","702-3896103-0105033","KF04-BBJ","Dream Reach Meat Bone Cleaver Knife for Meat Cutting Handmade Heavy Duty Butcher Axes Hand Forged Full Tang Chopper for Kitchen Outdoor BBQ Chef Gifts","1","amazon.ca","Amazon","Brampton","Ontario","L6X 4R","Combined TCS+MTC","31.49","4.09","0","0","0","0","0","0","0","0","-4.09","-4.72","-8.74","0","0","18.03"
"Dec 2, 2025 3:29:31 a.m. PST","25070279451","Order","702-9654553-3904243","9B-5VGN-40SH","Dream Reach 2 Pack Kitchen Scissors, Premium All-Metal Kitchen Shears, Heavy Duty Poultry Shears for Food, Food-Grade Stainless Steel Scissors, Gift f","1","amazon.ca","Amazon","Gander","Newfoundland","A1V 1T","Combined TCS+MTC","29.99","4.50","0","0","0","0","0","0","0","0","-4.50","-4.50","-7.65","0","0","17.84"
"Dec 2, 2025 3:33:03 a.m. PST","25070279451","Service Fee","","","Cost of advertising","","","","","","","","0","0","0","0","0","0","0","0","0","0","0","0","0","-276.09","0","-276.09"
"Dec 2, 2025 3:46:07 a.m. PST","25070279451","Refund","701-2480919-7969013","KF04-BBJ","Dream Reach Meat Bone Cleaver Knife for Meat Cutting Handmade Heavy Duty Butcher Axes Hand Forged Full Tang Chopper for Kitchen Outdoor BBQ Chef Gifts","1","amazon.ca","Amazon","Uxbridge","Ontario","L9P 1R","Combined TCS+MTC","-31.49","-4.09","0","0","0","0","0","0","0","0","4.09","3.78","0","0","0","-27.71"
"Dec 2, 2025 3:59:01 a.m. PST","25070279451","Order","701-9788332-7638643","9B-5VGN-40SH","Dream Reach 2 Pack Kitchen Scissors, Premium All-Metal Kitchen Shears, Heavy Duty Poultry Shears for Food, Food-Grade Stainless Steel Scissors, Gift f","1","amazon.ca","Amazon","Montreal","Quebec","H2G 2P","Combined TCS+MTC","25.73","3.85","0","0","0","0","0","0","0","0","-3.85","-3.86","-7.65","0","0","14.22"
"Dec 2, 2025 4:01:18 a.m. PST","25070279451","Order","702-6508591-8412208","9B-5VGN-40SH","Dream Reach 2 Pack Kitchen Scissors, Premium All-Metal Kitchen Shears, Heavy Duty Poultry Shears for Food, Food-Grade Stainless Steel Scissors, Gift f","1","amazon.ca","Amazon","Calgary","Alberta","T2W 2K","Combined TCS+MTC","25.73","1.29","0","0","0","0","0","0","0","0","-1.29","-3.86","-7.65","0","0","14.22"
"Dec 2, 2025 4:10:08 a.m. PST","25070279451","Order","702-3443946-1658623","9B-5VGN-40SH","Dream Reach 2 Pack Kitchen Scissors, Premium All-Metal Kitchen Shears, Heavy Duty Poultry Shears for Food, Food-Grade Stainless Steel Scissors, Gift f","1","amazon.ca","Amazon","Kelowna","British Columbia","V1V 1W","Combined TCS+MTC","25.73","3.09","0","0","0","0","0","0","0","0","-3.09","-3.86","-8.19","0","0","13.68"
"Dec 2, 2025 4:18:34 a.m. PST","25070279451","Order","701-2587295-6225824","9B-5VGN-40SH","Dream Reach 2 Pack Kitchen Scissors, Premium All-Metal Kitchen Shears, Heavy Duty Poultry Shears for Food, Food-Grade Stainless Steel Scissors, Gift f","1","amazon.ca","Amazon","Moncton","New Brunswick","E1G 1Y","Combined TCS+MTC","25.73","3.86","0","0","0","0","0","0","0","0","-3.86","-3.86","-7.65","0","0","14.22"
"Dec 2, 2025 4:22:10 a.m. PST","25070279451","Order","701-0046551-3006667","9B-5VGN-40SH","Dream Reach 2 Pack Kitchen Scissors, Premium All-Metal Kitchen Shears, Heavy Duty Poultry Shears for Food, Food-Grade Stainless Steel Scissors, Gift f","1","amazon.ca","Amazon","Saint-Joseph-Du-Lac","Quebec","J0N 1M","Combined TCS+MTC","25.73","3.85","0","0","0","0","0","0","0","0","-3.85","-3.86","-7.65","0","0","14.22"
"Dec 2, 2025 4:40:56 a.m. PST","25070279451","Order","702-5094993-2402608","9B-5VGN-40SH","Dream Reach 2 Pack Kitchen Scissors, Premium All-Metal Kitchen Shears, Heavy Duty Poultry Shears for Food, Food-Grade Stainless Steel Scissors, Gift f","1","amazon.ca","Amazon","welland","Ontario","L3B 0C","Combined TCS+MTC","25.73","3.34","0","0","0","0","0","0","0","0","-3.34","-3.86","-7.65","0","0","14.22"
"Dec 2, 2025 4:42:24 a.m. PST","25070279451","Order","701-1479973-8672265","9B-5VGN-40SH","Dream Reach 2 Pack Kitchen Scissors, Premium All-Metal Kitchen Shears, Heavy Duty Poultry Shears for Food, Food-Grade Stainless Steel Scissors, Gift f","1","amazon.ca","Amazon","St. Catharines","Ontario","L2N 1B","Combined TCS+MTC","25.73","3.34","0","0","0","0","0","0","0","0","-3.34","-3.86","-7.65","0","0","14.22"
"Dec 2, 2025 5:10:07 a.m. PST","25070279451","Order","701-9159472-5253041","9B-5VGN-40SH","Dream Reach 2 Pack Kitchen Scissors, Premium All-Metal Kitchen Shears, Heavy Duty Poultry Shears for Food, Food-Grade Stainless Steel Scissors, Gift f","1","amazon.ca","Amazon","North Vancouver","British Columbia","V7P 2J","Combined TCS+MTC","25.73","3.09","0","0","0","0","0","0","0","0","-3.09","-3.86","-8.19","0","0","13.68"
"Dec 2, 2025 5:23:50 a.m. PST","25070279451","Order","702-9209220-2752229","9B-5VGN-40SH","Dream Reach 2 Pack Kitchen Scissors, Premium All-Metal Kitchen Shears, Heavy Duty Poultry Shears for Food, Food-Grade Stainless Steel Scissors, Gift f","1","amazon.ca","Amazon","niagara falls","ontario","L2H 2Y","Combined TCS+MTC","25.73","3.34","0","0","0","0","0","0","0","0","-3.34","-3.86","-7.65","0","0","14.22"
"Dec 2, 2025 5:28:36 a.m. PST","25070279451","Order","701-7354455-0926660","9B-5VGN-40SH","Dream Reach 2 Pack Kitchen Scissors, Premium All-Metal Kitchen Shears, Heavy Duty Poultry Shears for Food, Food-Grade Stainless Steel Scissors, Gift f","1","amazon.ca","Amazon","Nelson","British Columbia","V1L 4G","Combined TCS+MTC","25.73","3.09","0","0","0","0","0","0","0","0","-3.09","-3.86","-7.65","0","0","14.22"
"Dec 2, 2025 5:41:39 a.m. PST","25070279451","Order","702-4151152-6850663","9B-5VGN-40SH","Dream Reach 2 Pack Kitchen Scissors, Premium All-Metal Kitchen Shears, Heavy Duty Poultry Shears for Food, Food-Grade Stainless Steel Scissors, Gift f","1","amazon.ca","Amazon","Calgary","Alberta","T2E 0S","Combined TCS+MTC","25.73","1.29","0","0","0","0","0","0","0","0","-1.29","-3.86","-7.65","0","0","14.22"
"Dec 2, 2025 6:13:48 a.m. PST","25070279451","Order","702-6952124-0119459","9B-5VGN-40SH","Dream Reach 2 Pack Kitchen Scissors, Premium All-Metal Kitchen Shears, Heavy Duty Poultry Shears for Food, Food-Grade Stainless Steel Scissors, Gift f","1","amazon.ca","Amazon","Cranbrook","British Columbia","V1C 2T","Combined TCS+MTC","25.73","3.09","0","0","0","0","0","0","0","0","-3.09","-3.86","-7.65","0","0","14.22"
"Dec 2, 2025 6:49:30 a.m. PST","25070279451","Order","701-9953537-1232230","9B-5VGN-40SH","Dream Reach 2 Pack Kitchen Scissors, Premium All-Metal Kitchen Shears, Heavy Duty Poultry Shears for Food, Food-Grade Stainless Steel Scissors, Gift f","1","amazon.ca","Amazon","New Westminster","BC","V3L 1J","Combined TCS+MTC","25.73","3.09","0","0","0","0","0","0","0","0","-3.09","-3.86","-8.19","0","0","13.68"
"Dec 2, 2025 6:51:21 a.m. PST","25070279451","Order","S01-8001090-0648434","KF02-BBJ","Dream Reach Chef Knife, Japanese Kitchen Knife, Sharp Stainless Steel Viking Style Meat Knife with Wooden Handle, Feather Design Cooking Knife with Sheath & Gift Box, Gift for Men and Chefs","1","siprod.stores.amazon.ca","Amazon","PARADISE","NL","A1L 2Z","","0","0","0","0","0","0","0","0","0","0","0","0","-3.82","0","0","-3.82"
"Dec 2, 2025 6:51:21 a.m. PST","25070279451","Order","S01-8001090-0648434","","FBA transportation fee","","siprod.stores.amazon.ca","Amazon","PARADISE","NL","A1L 2Z","","0","0","0","0","0","0","0","0","0","0","0","0","0","0","-7.01","-7.01"
"Dec 2, 2025 7:00:54 a.m. PST","25070279451","Order","701-1747723-3855450","9B-5VGN-40SH","Dream Reach 2 Pack Kitchen Scissors, Premium All-Metal Kitchen Shears, Heavy Duty Poultry Shears for Food, Food-Grade Stainless Steel Scissors, Gift f","1","amazon.ca","Amazon","Ottawa","Ontario","K2G 3K","Combined TCS+MTC","25.73","3.34","0","0","0","0","0","0","0","0","-3.34","-3.86","-7.65","0","0","14.22"
"Dec 2, 2025 7:05:46 a.m. PST","25070279451","Order","702-9785939-5785843","KF02-BBJ","Dream Reach Chef Knife, Japanese Kitchen Knife, Sharp Stainless Steel Viking Style Meat Knife with Wooden Handle, Feather Design Cooking Knife with Sh","1","amazon.ca","Amazon","Wasaga Beach","Ontario","L9Z 2A","Combined TCS+MTC","28.49","3.70","0","0","0","0","0","0","0","0","-3.70","-4.27","-7.13","0","0","17.09"
"Dec 2, 2025 7:27:29 a.m. PST","25070279451","Order","702-5798505-6464261","9B-5VGN-40SH","Dream Reach 2 Pack Kitchen Scissors, Premium All-Metal Kitchen Shears, Heavy Duty Poultry Shears for Food, Food-Grade Stainless Steel Scissors, Gift f","1","amazon.ca","Amazon","Richmond Hill","Ontario","L4E4E","Combined TCS+MTC","25.73","3.34","0","0","0","0","0","0","0","0","-3.34","-3.86","-7.65","0","0","14.22"
"Dec 2, 2025 7:35:17 a.m. PST","25070279451","Order","701-7363986-9748262","9B-5VGN-40SH","Dream Reach 2 Pack Kitchen Scissors, Premium All-Metal Kitchen Shears, Heavy Duty Poultry Shears for Food, Food-Grade Stainless Steel Scissors, Gift f","1","amazon.ca","Amazon","Ottawa","Ontario","K1V 2J","Combined TCS+MTC","25.73","3.34","0","0","0","0","0","0","0","0","-3.34","-3.86","-7.65","0","0","14.22"
"Dec 2, 2025 7:38:49 a.m. PST","25070279451","Order","701-3008733-7513065","KF02-BBJ","Dream Reach Chef Knife, Japanese Kitchen Knife, Sharp Stainless Steel Viking Style Meat Knife with Wooden Handle, Feather Design Cooking Knife with Sh","1","amazon.ca","Amazon","Fredericton","New Brunswick","E3A 8S","Combined TCS+MTC","28.49","4.27","3.92","0","0","0","0","0","-3.92","0","-4.27","-4.27","-7.13","0","0","17.09"
"Dec 2, 2025 8:11:45 a.m. PST","25070279451","Order","702-9856897-0537833","KF04-BBJ","Dream Reach Meat Bone Cleaver Knife for Meat Cutting Handmade Heavy Duty Butcher Axes Hand Forged Full Tang Chopper for Kitchen Outdoor BBQ Chef Gifts","1","amazon.ca","Amazon","Lethbridge","Alberta","T1H 6M","Combined TCS+MTC","31.49","1.57","7.57","0.38","0","0","0","0","0","0","-1.95","-4.72","-16.31","0","0","18.03"
"Dec 2, 2025 9:57:54 a.m. PST","25070279451","Order","702-5770268-7472260","KF05-BBJ","Dream Reach Meat Cleaver Knife Heavy Duty Bone Chopper High Carbon Steel Butcher Axe Bone Cutting Knife Hand Forged Butcher Knife for Kitchen Outdoor","1","amazon.ca","Amazon","London","Ontario","N6G 0R","Combined TCS+MTC","35.09","4.56","2.94","0","0","0","0","0","-2.94","0","-4.56","-5.26","-9.58","0","0","20.25"
"Dec 2, 2025 10:23:40 a.m. PST","25070279451","Order","702-3274693-5446662","9B-5VGN-40SH","Dream Reach 2 Pack Kitchen Scissors, Premium All-Metal Kitchen Shears, Heavy Duty Poultry Shears for Food, Food-Grade Stainless Steel Scissors, Gift f","1","amazon.ca","Amazon","McMasterville","Quebec","J3G 1B","Combined TCS+MTC","25.73","3.85","0","0","0","0","0","0","0","0","-3.85","-3.86","-7.65","0","0","14.22"
"Dec 2, 2025 11:15:00 a.m. PST","25070279451","Order","701-5342944-8533857","9B-5VGN-40SH","Dream Reach 2 Pack Kitchen Scissors, Premium All-Metal Kitchen Shears, Heavy Duty Poultry Shears for Food, Food-Grade Stainless Steel Scissors, Gift f","1","amazon.ca","Amazon","Calgary","Alberta","T2X 3G","Combined TCS+MTC","25.73","1.29","0","0","0","0","0","0","0","0","-1.29","-3.86","-7.65","0","0","14.22"
"Dec 2, 2025 2:58:08 p.m. PST","25070279451","Order","702-5242274-4427408","KF02-BBJ","Dream Reach Chef Knife, Japanese Kitchen Knife, Sharp Stainless Steel Viking Style Meat Knife with Wooden Handle, Feather Design Cooking Knife with Sh","1","amazon.ca","Amazon","Swift Current","Saskatchewan","S9H 4M","Combined TCS+MTC","28.49","3.13","0","0","0","0","0","0","0","0","-3.13","-4.27","-7.13","0","0","17.09"
"Dec 2, 2025 3:34:28 p.m. PST","25070279451","Order","702-6982173-4306643","KF04-BBJ","Dream Reach Meat Bone Cleaver Knife for Meat Cutting Handmade Heavy Duty Butcher Axes Hand Forged Full Tang Chopper for Kitchen Outdoor BBQ Chef Gifts","1","amazon.ca","Amazon","Hamilton","Ontario","L9C 6J","Combined TCS+MTC","31.49","4.09","0","0","0","0","0","0","0","0","-4.09","-4.72","-8.74","0","0","18.03"
"Dec 2, 2025 5:11:21 p.m. PST","25070279451","Order","702-2836743-6829842","KF02-BBJ","Dream Reach Chef Knife, Japanese Kitchen Knife, Sharp Stainless Steel Viking Style Meat Knife with Wooden Handle, Feather Design Cooking Knife with Sh","1","amazon.ca","Amazon","Sherbrooke","Quebec","J1H 2G","Combined TCS+MTC","28.49","4.27","0","0","0","0","0","0","0","0","-4.27","-4.27","-7.13","0","0","17.09"
"Dec 2, 2025 10:57:03 p.m. PST","25070279451","Order","702-7819961-9707469","9B-5VGN-40SH","Dream Reach 2 Pack Kitchen Scissors, Premium All-Metal Kitchen Shears, Heavy Duty Poultry Shears for Food, Food-Grade Stainless Steel Scissors, Gift f","1","amazon.ca","Amazon","Hamilton","Ontario","L8V 2X","Combined TCS+MTC","25.73","3.34","3.49","0","0","0","0","0","-3.49","0","-3.34","-3.86","-7.65","0","0","14.22"
"Dec 2, 2025 11:06:38 p.m. PST","25070279451","Order","701-3480349-6078620","KF05-BBJ","Dream Reach Meat Cleaver Knife Heavy Duty Bone Chopper High Carbon Steel Butcher Axe Bone Cutting Knife Hand Forged Butcher Knife for Kitchen Outdoor","1","amazon.ca","Amazon","Logan Lake","British Columbia","V0K 1W","Combined TCS+MTC","35.09","4.21","0","0","0","0","0","0","0","0","-4.21","-5.26","-9.58","0","0","20.25"
"Dec 2, 2025 11:41:23 p.m. PST","25070279451","Order","701-7198882-1239414","KF05-BBJ","Dream Reach Meat Cleaver Knife Heavy Duty Bone Chopper High Carbon Steel Butcher Axe Bone Cutting Knife Hand Forged Butcher Knife for Kitchen Outdoor","1","amazon.ca","Amazon","CALGARY","Alberta","T2Z3B","Combined TCS+MTC","35.09","1.75","5.90","0","0","0","0","0","-5.90","0","-1.75","-5.26","-9.58","0","0","20.25"
"Dec 3, 2025 1:10:16 a.m. PST","25070279451","Order","702-5180968-1312237","9B-5VGN-40SH","Dream Reach 2 Pack Kitchen Scissors, Premium All-Metal Kitchen Shears, Heavy Duty Poultry Shears for Food, Food-Grade Stainless Steel Scissors, Gift f","1","amazon.ca","Amazon","Abbotsford","BC","V2S 8N","Combined TCS+MTC","25.73","3.09","0","0","0","0","0","0","0","0","-3.09","-3.86","-8.19","0","0","13.68"
"Dec 3, 2025 1:18:50 a.m. PST","25070279451","Order","702-7982523-4693052","9B-5VGN-40SH","Dream Reach 2 Pack Kitchen Scissors, Premium All-Metal Kitchen Shears, Heavy Duty Poultry Shears for Food, Food-Grade Stainless Steel Scissors, Gift f","1","amazon.ca","Amazon","Les Cedres","Quebec","J7T 1H","Combined TCS+MTC","25.73","3.85","2.44","0","0","0","0","0","-2.44","0","-3.85","-3.86","-7.65","0","0","14.22"
"Dec 3, 2025 2:06:27 a.m. PST","25070279451","Order","701-6447470-8781028","KF04-BBJ","Dream Reach Meat Bone Cleaver Knife for Meat Cutting Handmade Heavy Duty Butcher Axes Hand Forged Full Tang Chopper for Kitchen Outdoor BBQ Chef Gifts","1","amazon.ca","Amazon","Okotoks","Alberta","T1S 2K","Combined TCS+MTC","31.49","1.57","0","0","0","0","0","0","0","0","-1.57","-4.72","-8.74","0","0","18.03"
"Dec 3, 2025 2:07:49 a.m. PST","25070279451","Order","701-6814924-5193828","9B-5VGN-40SH","Dream Reach 2 Pack Kitchen Scissors, Premium All-Metal Kitchen Shears, Heavy Duty Poultry Shears for Food, Food-Grade Stainless Steel Scissors, Gift f","1","amazon.ca","Amazon","Brampton","Ontario","L7A 3L","Combined TCS+MTC","25.73","3.34","6.99","0","0","0","0","0","-6.99","0","-3.34","-3.86","-7.65","0","0","14.22"
"Dec 3, 2025 2:12:12 a.m. PST","25070279451","Order","701-8636018-4630636","9B-5VGN-40SH","Dream Reach 2 Pack Kitchen Scissors, Premium All-Metal Kitchen Shears, Heavy Duty Poultry Shears for Food, Food-Grade Stainless Steel Scissors, Gift f","1","amazon.ca","Amazon","sainte-adele","Quebec","J8B 0C","Combined TCS+MTC","25.73","3.85","0","0","0","0","0","0","0","0","-3.85","-3.86","-7.65","0","0","14.22"
"Dec 3, 2025 2:21:03 a.m. PST","25070279451","Order","702-4681497-6828212","9B-5VGN-40SH","Dream Reach 2 Pack Kitchen Scissors, Premium All-Metal Kitchen Shears, Heavy Duty Poultry Shears for Food, Food-Grade Stainless Steel Scissors, Gift f","1","amazon.ca","Amazon","Etobicoke","ON","M9A 5C","Combined TCS+MTC","25.73","3.34","0","0","0","0","0","0","0","0","-3.34","-3.86","-7.65","0","0","14.22"
"Dec 3, 2025 2:21:12 a.m. PST","25070279451","Order","701-2666195-3281833","9B-5VGN-40SH","Dream Reach 2 Pack Kitchen Scissors, Premium All-Metal Kitchen Shears, Heavy Duty Poultry Shears for Food, Food-Grade Stainless Steel Scissors, Gift f","1","amazon.ca","Amazon","Waterloo","Ontario","N2J 1R","Combined TCS+MTC","25.73","3.34","0","0","0","0","0","0","0","0","-3.34","-3.86","-7.65","0","0","14.22"
"Dec 3, 2025 2:40:47 a.m. PST","25070279451","Order","701-9464980-3704224","9B-5VGN-40SH","Dream Reach 2 Pack Kitchen Scissors, Premium All-Metal Kitchen Shears, Heavy Duty Poultry Shears for Food, Food-Grade Stainless Steel Scissors, Gift f","1","amazon.ca","Amazon","Surrey","British Columbia","V4N 6K","Combined TCS+MTC","25.73","3.09","3.92","0","0","0","0","0","-3.92","0","-3.09","-3.86","-8.19","0","0","13.68"
"Dec 3, 2025 2:41:40 a.m. PST","25070279451","Order","701-9916218-4825015","KF04-BBJ","Dream Reach Meat Bone Cleaver Knife for Meat Cutting Handmade Heavy Duty Butcher Axes Hand Forged Full Tang Chopper for Kitchen Outdoor BBQ Chef Gifts","1","amazon.ca","Amazon","New Westminster","British Columbia","V3M 3C","Combined TCS+MTC","31.49","3.78","0","0","0","0","0","0","0","0","-3.78","-4.72","-8.74","0","0","18.03"
"Dec 3, 2025 3:08:17 a.m. PST","25070279451","Order","701-4403120-7625829","9B-5VGN-40SH","Dream Reach 2 Pack Kitchen Scissors, Premium All-Metal Kitchen Shears, Heavy Duty Poultry Shears for Food, Food-Grade Stainless Steel Scissors, Gift f","1","amazon.ca","Amazon","Richmond","British Columbia","V7C 5P","Combined TCS+MTC","25.73","3.09","0","0","0","0","0","0","0","0","-3.09","-3.86","-8.19","0","0","13.68"
"Dec 3, 2025 4:03:20 a.m. PST","25070279451","Order","701-1802953-9754603","9B-5VGN-40SH","Dream Reach 2 Pack Kitchen Scissors, Premium All-Metal Kitchen Shears, Heavy Duty Poultry Shears for Food, Food-Grade Stainless Steel Scissors, Gift f","1","amazon.ca","Amazon","Calgary","Alberta","T2M 2E","Combined TCS+MTC","25.73","1.29","0","0","0","0","0","0","0","0","-1.29","-3.86","-7.65","0","0","14.22"
"Dec 3, 2025 4:29:45 a.m. PST","25070279451","Order","701-8423192-2851452","9B-5VGN-40SH","Dream Reach 2 Pack Kitchen Scissors, Premium All-Metal Kitchen Shears, Heavy Duty Poultry Shears for Food, Food-Grade Stainless Steel Scissors, Gift f","1","amazon.ca","Amazon","Ste-Sophie","Quebec","J5J 1K","Combined TCS+MTC","25.73","3.85","0","0","0","0","0","0","0","0","-3.85","-3.86","-7.65","0","0","14.22"
"Dec 3, 2025 4:49:06 a.m. PST","25070279451","Order","702-7678121-2041825","9B-5VGN-40SH","Dream Reach 2 Pack Kitchen Scissors, Premium All-Metal Kitchen Shears, Heavy Duty Poultry Shears for Food, Food-Grade Stainless Steel Scissors, Gift f","1","amazon.ca","Amazon","Grand Bay-Westfield","New Brunswick","E5K 2E","Combined TCS+MTC","25.73","3.86","0","0","0","0","0","0","0","0","-3.86","-3.86","-7.65","0","0","14.22"
"Dec 3, 2025 4:49:39 a.m. PST","25070279451","Order","701-4821408-4778655","9B-5VGN-40SH","Dream Reach 2 Pack Kitchen Scissors, Premium All-Metal Kitchen Shears, Heavy Duty Poultry Shears for Food, Food-Grade Stainless Steel Scissors, Gift f","1","amazon.ca","Amazon","Collingwood","Ontario","L9Y 2M","Combined TCS+MTC","25.73","3.34","0","0","0","0","0","0","0","0","-3.34","-3.86","-7.65","0","0","14.22"
"Dec 3, 2025 4:57:21 a.m. PST","25070279451","Order","701-8633394-7794643","KF05-BBJ","Dream Reach Meat Cleaver Knife Heavy Duty Bone Chopper High Carbon Steel Butcher Axe Bone Cutting Knife Hand Forged Butcher Knife for Kitchen Outdoor","1","amazon.ca","Amazon","Wainfleet","Ontario","L0S 1V","Combined TCS+MTC","35.09","4.56","14.10","1.83","0","0","0","0","0","0","-6.39","-5.26","-23.68","0","0","20.25"
"Dec 3, 2025 5:33:13 a.m. PST","25070279451","Order","701-2311260-3937034","KF02-BBJ","Dream Reach Chef Knife, Japanese Kitchen Knife, Sharp Stainless Steel Viking Style Meat Knife with Wooden Handle, Feather Design Cooking Knife with Sh","1","amazon.ca","Amazon","ottawa","Ontario","K1T3J","Combined TCS+MTC","28.49","3.70","6.99","0","0","0","0","0","-6.99","0","-3.70","-4.27","-7.13","0","0","17.09"
"Dec 3, 2025 5:39:11 a.m. PST","25070279451","Order","702-8802736-7026641","9B-5VGN-40SH","Dream Reach 2 Pack Kitchen Scissors, Premium All-Metal Kitchen Shears, Heavy Duty Poultry Shears for Food, Food-Grade Stainless Steel Scissors, Gift f","1","amazon.ca","Amazon","Saskatoon","SK","S7M 3M","Combined TCS+MTC","25.73","2.83","0","0","0","0","0","0","0","0","-2.83","-3.86","-7.65","0","0","14.22"
"Dec 3, 2025 6:03:36 a.m. PST","25070279451","Order","702-6517310-1149842","9B-5VGN-40SH","Dream Reach 2 Pack Kitchen Scissors, Premium All-Metal Kitchen Shears, Heavy Duty Poultry Shears for Food, Food-Grade Stainless Steel Scissors, Gift f","1","amazon.ca","Amazon","Saint Albert","Alberta","T8N 7P","Combined TCS+MTC","25.73","1.29","0","0","0","0","0","0","0","0","-1.29","-3.86","-7.65","0","0","14.22"
"Dec 3, 2025 6:04:15 a.m. PST","25070279451","Order","702-7387662-5617013","CWJ02-Purple7Set-BBJ","Dream Reach Dog Grooming Scissors - 7"" Professional 6 in 1 Pet Scissors Sharp and Durable Shears Set Thinning, Chunker, Straight, Curved Shears and Co","1","amazon.ca","Amazon","Alberton","Prince Edward Island","C0B 1B","Combined TCS+MTC","49.71","7.46","0","0","0","0","0","0","0","0","-7.46","-7.46","-6.74","0","0","35.51"
"Dec 3, 2025 6:12:11 a.m. PST","25070279451","Order","701-9388532-0665062","9B-5VGN-40SH","Dream Reach 2 Pack Kitchen Scissors, Premium All-Metal Kitchen Shears, Heavy Duty Poultry Shears for Food, Food-Grade Stainless Steel Scissors, Gift f","1","amazon.ca","Amazon","Calgary","AB","T2Z 3A","Combined TCS+MTC","25.73","1.29","0","0","0","0","0","0","0","0","-1.29","-3.86","-7.65","0","0","14.22"
"Dec 3, 2025 6:33:31 a.m. PST","25070279451","Order","702-0686880-6917860","KF02-BBJ","Dream Reach Chef Knife, Japanese Kitchen Knife, Sharp Stainless Steel Viking Style Meat Knife with Wooden Handle, Feather Design Cooking Knife with Sh","1","amazon.ca","Amazon","Saint-Jerome","Quebec","J7Z 6Z","Combined TCS+MTC","28.49","4.27","0","0","0","0","0","0","0","0","-4.27","-4.27","-7.13","0","0","17.09"
"Dec 3, 2025 6:43:31 a.m. PST","25070279451","Order","702-1663267-8660249","9B-5VGN-40SH","Dream Reach 2 Pack Kitchen Scissors, Premium All-Metal Kitchen Shears, Heavy Duty Poultry Shears for Food, Food-Grade Stainless Steel Scissors, Gift f","1","amazon.ca","Amazon","White Rock","BC","V4B 4K","Combined TCS+MTC","25.73","3.09","0","0","0","0","0","0","0","0","-3.09","-3.86","-8.19","0","0","13.68"
"Dec 3, 2025 6:44:35 a.m. PST","25070279451","Order","701-2328803-6464214","9B-5VGN-40SH","Dream Reach 2 Pack Kitchen Scissors, Premium All-Metal Kitchen Shears, Heavy Duty Poultry Shears for Food, Food-Grade Stainless Steel Scissors, Gift f","1","amazon.ca","Amazon","Regina","Saskatchewan","S4X 0B","Combined TCS+MTC","25.73","2.83","0","0","0","0","0","0","0","0","-2.83","-3.86","-7.65","0","0","14.22"
"Dec 3, 2025 6:50:22 a.m. PST","25070279451","Order","702-4919136-9667447","9B-5VGN-40SH","Dream Reach 2 Pack Kitchen Scissors, Premium All-Metal Kitchen Shears, Heavy Duty Poultry Shears for Food, Food-Grade Stainless Steel Scissors, Gift f","1","amazon.ca","Amazon","East Gwillimbury","Ontario","L9N 0R","Combined TCS+MTC","25.73","3.34","0","0","0","0","0","0","0","0","-3.34","-3.86","-7.65","0","0","14.22"
"Dec 3, 2025 6:57:01 a.m. PST","25070279451","Order","701-5483581-0598625","KF02-BBJ","Dream Reach Chef Knife, Japanese Kitchen Knife, Sharp Stainless Steel Viking Style Meat Knife with Wooden Handle, Feather Design Cooking Knife with Sh","1","amazon.ca","Amazon","Hanna","Alberta","T0J 1P","Combined TCS+MTC","28.49","1.42","0","0","0","0","0","0","0","0","-1.42","-4.27","-7.13","0","0","17.09"
"Dec 3, 2025 7:30:02 a.m. PST","25070279451","Order","702-9022210-9169837","9B-5VGN-40SH","Dream Reach 2 Pack Kitchen Scissors, Premium All-Metal Kitchen Shears, Heavy Duty Poultry Shears for Food, Food-Grade Stainless Steel Scissors, Gift f","1","amazon.ca","Amazon","Newmarket","Ontario","L3Y 8Y","Combined TCS+MTC","25.73","3.34","0","0","0","0","0","0","0","0","-3.34","-3.86","-7.65","0","0","14.22"
"Dec 3, 2025 7:34:50 a.m. PST","25070279451","Order","702-5573822-6931402","9B-5VGN-40SH","Dream Reach 2 Pack Kitchen Scissors, Premium All-Metal Kitchen Shears, Heavy Duty Poultry Shears for Food, Food-Grade Stainless Steel Scissors, Gift f","1","amazon.ca","Amazon","Collingwood","Ontario","L9Y 3Y","Combined TCS+MTC","25.73","3.34","0","0","0","0","0","0","0","0","-3.34","-3.86","-7.65","0","0","14.22"
"Dec 3, 2025 7:38:42 a.m. PST","25070279451","Order","701-8529359-0050612","Scissors04B8","Dream Reach 8"" Downward Curved Dog Grooming Scissors Shears for Grooming Face and Paws Safety Round Tips Shears Trimming Cutting Scissors for Dog Cat","1","amazon.ca","Amazon","Hanmer","ON","P3P 1E","Combined TCS+MTC","42.49","4.70","0","0","0","0","0","0","-6.37","0","-4.70","-5.42","-6.49","0","0","24.21"
"Dec 3, 2025 7:46:14 a.m. PST","25070279451","Order","701-5236227-9201005","HS1901","Dream Reach 6"" Professional Hair Cutting Scissors Japan 440C Steel Thinning Scissor for Men/Women Cutting for Salon/Barber/Home (Straight Scissors)","1","amazon.ca","Amazon","Barrhead","Alberta","T7N 1A","Combined TCS+MTC","43.99","1.14","0","0","0","0","0","0","-21.20","0","-1.14","-3.42","-6.49","0","0","12.88"
"Dec 3, 2025 9:04:32 a.m. PST","25070279451","Order","702-6654268-7220229","KF04-BBJ","Dream Reach Meat Bone Cleaver Knife for Meat Cutting Handmade Heavy Duty Butcher Axes Hand Forged Full Tang Chopper for Kitchen Outdoor BBQ Chef Gifts","1","amazon.ca","Amazon","Laval","Quebec","H7T 1M","Combined TCS+MTC","31.49","4.72","0","0","0","0","0","0","0","0","-4.72","-4.72","-8.74","0","0","18.03"
"Dec 3, 2025 9:29:38 a.m. PST","25070279451","Order","701-1523649-0924228","KF04-BBJ","Dream Reach Meat Bone Cleaver Knife for Meat Cutting Handmade Heavy Duty Butcher Axes Hand Forged Full Tang Chopper for Kitchen Outdoor BBQ Chef Gifts","1","amazon.ca","Amazon","Richmond","British Columbia","V6Y 1Z","Combined TCS+MTC","31.49","3.78","0","0","0","0","0","0","0","0","-3.78","-4.72","-8.74","0","0","18.03"
"Dec 3, 2025 11:37:44 a.m. PST","25070279451","Order","702-3873096-1002620","KF04-BBJ","Dream Reach Meat Bone Cleaver Knife for Meat Cutting Handmade Heavy Duty Butcher Axes Hand Forged Full Tang Chopper for Kitchen Outdoor BBQ Chef Gifts","1","amazon.ca","Amazon","Windsor","Ontario","N8W 3J","Combined TCS+MTC","31.49","4.09","0","0","0","0","0","0","0","0","-4.09","-4.72","-8.74","0","0","18.03"
"Dec 3, 2025 1:35:40 p.m. PST","25070279451","Order","702-7889510-2900231","9B-5VGN-40SH","Dream Reach 2 Pack Kitchen Scissors, Premium All-Metal Kitchen Shears, Heavy Duty Poultry Shears for Food, Food-Grade Stainless Steel Scissors, Gift f","1","amazon.ca","Amazon","Miller lake","Ontario","N0H 1Z","Combined TCS+MTC","25.73","3.34","0","0","0","0","0","0","0","0","-3.34","-3.86","-7.65","0","0","14.22"
"Dec 3, 2025 1:57:00 p.m. PST","25070279451","Service Fee","","","Subscription","","Amazon.ca","","","","","","0","0","0","0","0","0","0","0","0","0","0","0","0","0","-12.69","-12.69"
"Dec 3, 2025 4:18:08 p.m. PST","25070279451","Order","702-7421784-7962615","9B-5VGN-40SH","Dream Reach 2 Pack Kitchen Scissors, Premium All-Metal Kitchen Shears, Heavy Duty Poultry Shears for Food, Food-Grade Stainless Steel Scissors, Gift f","1","amazon.ca","Amazon","Hamilton","Ontario","L8L 2R","Combined TCS+MTC","25.73","3.34","0","0","0","0","0","0","0","0","-3.34","-3.86","-7.65","0","0","14.22"
"Dec 3, 2025 5:26:18 p.m. PST","25070279451","Order","701-9312544-1789812","9B-5VGN-40SH","Dream Reach 2 Pack Kitchen Scissors, Premium All-Metal Kitchen Shears, Heavy Duty Poultry Shears for Food, Food-Grade Stainless Steel Scissors, Gift f","1","amazon.ca","Amazon","Vancouver","BC","V6B 4M","Combined TCS+MTC","25.73","3.09","0","0","0","0","0","0","0","0","-3.09","-3.86","-7.65","0","0","14.22"
"Dec 3, 2025 7:02:54 p.m. PST","25070279451","Order","701-1024915-4604207","8FS03-BJ","Dream Reach Dog Chunker Scissors - 8 Inch Ergonomic Professional Pet Grooming Shears with Adjustable Screw, Thinning Scissors with Ergonomic Handle","1","amazon.ca","Amazon","Laval","Québec","H7C 2T","Combined TCS+MTC","39.99","5.09","0","0","0","0","0","0","-6.00","0","-5.09","-5.10","-6.49","0","0","22.40"
"Dec 3, 2025 7:32:49 p.m. PST","25070279451","Order","701-1093444-3267409","9B-5VGN-40SH","Dream Reach 2 Pack Kitchen Scissors, Premium All-Metal Kitchen Shears, Heavy Duty Poultry Shears for Food, Food-Grade Stainless Steel Scissors, Gift f","1","amazon.ca","Amazon","Calgary","Alberta","T2J 0E","Combined TCS+MTC","25.73","1.29","0","0","0","0","0","0","0","0","-1.29","-3.86","-8.19","0","0","13.68"
"Dec 3, 2025 8:10:41 p.m. PST","25070279451","Order","701-4094742-4784200","KF02-BBJ","Dream Reach Chef Knife, Japanese Kitchen Knife, Sharp Stainless Steel Viking Style Meat Knife with Wooden Handle, Feather Design Cooking Knife with Sh","1","amazon.ca","Amazon","Grand-Remous","Québec","J0W 1E","Combined TCS+MTC","28.49","4.27","0","0","0","0","0","0","0","0","-4.27","-4.27","-7.13","0","0","17.09"
"Dec 3, 2025 9:49:01 p.m. PST","25070279451","Order","701-2554450-8814619","9B-5VGN-40SH","Dream Reach 2 Pack Kitchen Scissors, Premium All-Metal Kitchen Shears, Heavy Duty Poultry Shears for Food, Food-Grade Stainless Steel Scissors, Gift f","1","amazon.ca","Amazon","Port Moody","British Columbia","V3H 0H","Combined TCS+MTC","25.73","3.09","0","0","0","0","0","0","0","0","-3.09","-3.86","-8.19","0","0","13.68"
"Dec 3, 2025 10:27:59 p.m. PST","25070279451","Order","702-4186255-5823463","9B-5VGN-40SH","Dream Reach 2 Pack Kitchen Scissors, Premium All-Metal Kitchen Shears, Heavy Duty Poultry Shears for Food, Food-Grade Stainless Steel Scissors, Gift f","1","amazon.ca","Amazon","Winnipeg","Manitoba","R2W 2V","Combined TCS+MTC","25.73","3.09","0","0","0","0","0","0","0","0","-3.09","-3.86","-7.65","0","0","14.22"
"Dec 3, 2025 10:43:59 p.m. PST","25070279451","Order","701-6688643-7091463","9B-5VGN-40SH","Dream Reach 2 Pack Kitchen Scissors, Premium All-Metal Kitchen Shears, Heavy Duty Poultry Shears for Food, Food-Grade Stainless Steel Scissors, Gift f","1","amazon.ca","Amazon","Prince George","British Columbia","V2M 4A","Combined TCS+MTC","25.73","3.09","0","0","0","0","0","0","0","0","-3.09","-3.86","-7.65","0","0","14.22"
"Dec 3, 2025 10:47:42 p.m. PST","25070279451","Order","701-2421285-1044209","KF02-BBJ","Dream Reach Chef Knife, Japanese Kitchen Knife, Sharp Stainless Steel Viking Style Meat Knife with Wooden Handle, Feather Design Cooking Knife with Sh","1","amazon.ca","Amazon","Kamloops","British Columbia","V2C 5J","Combined TCS+MTC","28.49","3.42","0","0","0","0","0","0","0","0","-3.42","-4.27","-7.13","0","0","17.09"
"Dec 3, 2025 10:52:29 p.m. PST","25070279451","Order","702-7836568-2757814","KF02-BBJ","Dream Reach Chef Knife, Japanese Kitchen Knife, Sharp Stainless Steel Viking Style Meat Knife with Wooden Handle, Feather Design Cooking Knife with Sh","1","amazon.ca","Amazon","Bright's Grove","Ontario","N0N 1C","Combined TCS+MTC","28.49","3.70","0","0","0","0","0","0","0","0","-3.70","-4.27","-7.13","0","0","17.09"
"Dec 3, 2025 10:52:35 p.m. PST","25070279451","Order","702-8744849-8338600","9B-5VGN-40SH","Dream Reach 2 Pack Kitchen Scissors, Premium All-Metal Kitchen Shears, Heavy Duty Poultry Shears for Food, Food-Grade Stainless Steel Scissors, Gift f","1","amazon.ca","Amazon","Erskine","Alberta","T0C 1G","Combined TCS+MTC","25.73","1.29","0","0","0","0","0","0","0","0","-1.29","-3.86","-7.65","0","0","14.22"
"Dec 3, 2025 10:54:46 p.m. PST","25070279451","Order","702-5850420-8411451","9B-5VGN-40SH","Dream Reach 2 Pack Kitchen Scissors, Premium All-Metal Kitchen Shears, Heavy Duty Poultry Shears for Food, Food-Grade Stainless Steel Scissors, Gift f","1","amazon.ca","Amazon","County Of Grande Prairie No.","Alberta","T8W 5C","Combined TCS+MTC","25.73","1.29","0","0","0","0","0","0","0","0","-1.29","-3.86","-7.65","0","0","14.22"
"Dec 3, 2025 10:57:28 p.m. PST","25070279451","Order","702-0742822-7833807","9B-5VGN-40SH","Dream Reach 2 Pack Kitchen Scissors, Premium All-Metal Kitchen Shears, Heavy Duty Poultry Shears for Food, Food-Grade Stainless Steel Scissors, Gift f","1","amazon.ca","Amazon","Trois-Rivieres","Quebec","G8Y 3R","Combined TCS+MTC","25.73","3.85","0","0","0","0","0","0","0","0","-3.85","-3.86","-7.65","0","0","14.22"
"Dec 3, 2025 11:04:13 p.m. PST","25070279451","Order","702-6584406-6977824","KF01-BBJ","Dream Reach Viking Cleaver Knife Butcher Meat Cutting Boning Knife High Carbon Steel Kitchen Axe with Sheath Home Outdoor BBQ Camping Birthday Christm","1","amazon.ca","Amazon","Repentigny","Quebec","J5Z 2H","Combined TCS+MTC","38.24","4.87","3.93","0","0","0","0","0","-9.67","0","-4.87","-4.88","-8.19","0","0","19.43"
"Dec 3, 2025 11:08:53 p.m. PST","25070279451","Order","701-3191305-5868208","HS1901","Dream Reach 6"" Professional Hair Cutting Scissors Japan 440C Steel Thinning Scissor for Men/Women Cutting for Salon/Barber/Home (Straight Scissors)","1","amazon.ca","Amazon","Coquitlam","British Columbia","V3C 6K","Combined TCS+MTC","43.99","2.73","0","0","0","0","0","0","-21.20","0","-2.73","-3.42","-6.49","0","0","12.88"
"Dec 4, 2025 12:19:30 a.m. PST","25070279451","Order","701-8182331-6380253","HS1901","Dream Reach 6"" Professional Hair Cutting Scissors Japan 440C Steel Thinning Scissor for Men/Women Cutting for Salon/Barber/Home (Straight Scissors)","1","amazon.ca","Amazon","Barrie","Ontario","L4N 8N","Combined TCS+MTC","43.99","5.72","0","0","0","0","0","0","0","0","-5.72","-6.60","-6.49","0","0","30.90"
"Dec 4, 2025 12:46:47 a.m. PST","25070279451","Order","701-0905812-4423429","9B-5VGN-40SH","Dream Reach 2 Pack Kitchen Scissors, Premium All-Metal Kitchen Shears, Heavy Duty Poultry Shears for Food, Food-Grade Stainless Steel Scissors, Gift f","1","amazon.ca","Amazon","Coquitlam","BRITISH COLUMBIA","V3J 4R","Combined TCS+MTC","25.73","3.09","0","0","0","0","0","0","0","0","-3.09","-3.86","-8.19","0","0","13.68"
"Dec 4, 2025 12:49:55 a.m. PST","25070279451","Order","S01-7030998-8051666","KF02-BBJ","Dream Reach Chef Knife, Japanese Kitchen Knife, Sharp Stainless Steel Viking Style Meat Knife with Wooden Handle, Feather Design Cooking Knife with Sheath & Gift Box, Gift for Men and Chefs","1","siprod.stores.amazon.ca","Amazon","LONDON","ON","N6J 1M","","0","0","0","0","0","0","0","0","0","0","0","0","-3.82","0","0","-3.82"
"Dec 4, 2025 12:49:55 a.m. PST","25070279451","Order","S01-7030998-8051666","","FBA transportation fee","","siprod.stores.amazon.ca","Amazon","LONDON","ON","N6J 1M","","0","0","0","0","0","0","0","0","0","0","0","0","0","0","-7.01","-7.01"
"Dec 4, 2025 1:34:40 a.m. PST","25070279451","Order","702-6769067-8891402","9B-5VGN-40SH","Dream Reach 2 Pack Kitchen Scissors, Premium All-Metal Kitchen Shears, Heavy Duty Poultry Shears for Food, Food-Grade Stainless Steel Scissors, Gift f","1","amazon.ca","Amazon","L'Assomption","Quebec","J5W 5G","Combined TCS+MTC","25.73","3.85","0","0","0","0","0","0","0","0","-3.85","-3.86","-7.65","0","0","14.22"
"Dec 4, 2025 2:00:59 a.m. PST","25070279451","Order","702-8891102-7296206","9B-5VGN-40SH","Dream Reach 2 Pack Kitchen Scissors, Premium All-Metal Kitchen Shears, Heavy Duty Poultry Shears for Food, Food-Grade Stainless Steel Scissors, Gift f","1","amazon.ca","Amazon","Calgary","Alberta","T3G 5C","Combined TCS+MTC","25.73","1.29","0","0","0","0","0","0","0","0","-1.29","-3.86","-7.65","0","0","14.22"
"Dec 4, 2025 2:30:16 a.m. PST","25070279451","Order","702-1436891-2919436","9B-5VGN-40SH","Dream Reach 2 Pack Kitchen Scissors, Premium All-Metal Kitchen Shears, Heavy Duty Poultry Shears for Food, Food-Grade Stainless Steel Scissors, Gift f","1","amazon.ca","Amazon","calgary","alberta","T3P 0L","Combined TCS+MTC","25.73","1.29","0","0","0","0","0","0","0","0","-1.29","-3.86","-7.65","0","0","14.22"
"Dec 4, 2025 2:42:33 a.m. PST","25070279451","Order","702-2509418-6071443","9B-5VGN-40SH","Dream Reach 2 Pack Kitchen Scissors, Premium All-Metal Kitchen Shears, Heavy Duty Poultry Shears for Food, Food-Grade Stainless Steel Scissors, Gift f","1","amazon.ca","Amazon","Winnipeg","Manitoba","R3R 0M","Combined TCS+MTC","25.73","3.09","0","0","0","0","0","0","0","0","-3.09","-3.86","-7.65","0","0","14.22"
"Dec 4, 2025 3:14:11 a.m. PST","25070279451","Order","701-5131573-7133007","9B-5VGN-40SH","Dream Reach 2 Pack Kitchen Scissors, Premium All-Metal Kitchen Shears, Heavy Duty Poultry Shears for Food, Food-Grade Stainless Steel Scissors, Gift f","1","amazon.ca","Amazon","Toronto","Ontario","M4S 0C","Combined TCS+MTC","25.73","3.34","0","0","0","0","0","0","0","0","-3.34","-3.86","-7.65","0","0","14.22"
"Dec 4, 2025 3:52:14 a.m. PST","25070279451","Order","702-6949516-7091464","9B-5VGN-40SH","Dream Reach 2 Pack Kitchen Scissors, Premium All-Metal Kitchen Shears, Heavy Duty Poultry Shears for Food, Food-Grade Stainless Steel Scissors, Gift f","1","amazon.ca","Amazon","Invermere","British Columbia","V0A 1K","Combined TCS+MTC","25.73","3.09","0","0","0","0","0","0","0","0","-3.09","-3.86","-7.65","0","0","14.22"
"Dec 4, 2025 4:07:08 a.m. PST","25070279451","Order","701-7700041-3133838","9B-5VGN-40SH","Dream Reach 2 Pack Kitchen Scissors, Premium All-Metal Kitchen Shears, Heavy Duty Poultry Shears for Food, Food-Grade Stainless Steel Scissors, Gift f","1","amazon.ca","Amazon","Calgary","Alberta","T2Z 2G","Combined TCS+MTC","25.73","1.29","0","0","0","0","0","0","0","0","-1.29","-3.86","-7.65","0","0","14.22"
"Dec 4, 2025 4:08:56 a.m. PST","25070279451","Order","702-1373976-3480236","KF02-BBJ","Dream Reach Chef Knife, Japanese Kitchen Knife, Sharp Stainless Steel Viking Style Meat Knife with Wooden Handle, Feather Design Cooking Knife with Sh","1","amazon.ca","Amazon","Dollard-Des-Ormeaux","Quebec","H9G 2M","Combined TCS+MTC","28.49","4.27","0","0","0","0","0","0","0","0","-4.27","-4.27","-7.13","0","0","17.09"
"Dec 4, 2025 4:10:51 a.m. PST","25070279451","Order","701-3946525-9612212","KF02-BBJ","Dream Reach Chef Knife, Japanese Kitchen Knife, Sharp Stainless Steel Viking Style Meat Knife with Wooden Handle, Feather Design Cooking Knife with Sh","1","amazon.ca","Amazon","Val-Des-Monts","Quebec","J8N 4C","Combined TCS+MTC","28.49","4.27","0","0","0","0","0","0","0","0","-8.54","-8.54","-7.13","0","0","8.55"
"Dec 4, 2025 4:10:51 a.m. PST","25070279451","Order","701-3946525-9612212","KF02-BBJ","Dream Reach Chef Knife, Japanese Kitchen Knife, Sharp Stainless Steel Viking Style Meat Knife with Wooden Handle, Feather Design Cooking Knife with Sh","1","amazon.ca","Amazon","Val-Des-Monts","Quebec","J8N 4C","","28.49","4.27","0","0","0","0","0","0","0","0","0","0","-7.13","0","0","25.63"
"Dec 4, 2025 4:15:42 a.m. PST","25070279451","Order","701-2378900-5142649","9B-5VGN-40SH","Dream Reach 2 Pack Kitchen Scissors, Premium All-Metal Kitchen Shears, Heavy Duty Poultry Shears for Food, Food-Grade Stainless Steel Scissors, Gift f","1","amazon.ca","Amazon","Toronto","Ontario","M1B 2Z","Combined TCS+MTC","25.73","3.34","0","0","0","0","0","0","0","0","-3.34","-3.86","-7.65","0","0","14.22"
"Dec 4, 2025 4:29:37 a.m. PST","25070279451","Order","702-6165117-3751468","9B-5VGN-40SH","Dream Reach 2 Pack Kitchen Scissors, Premium All-Metal Kitchen Shears, Heavy Duty Poultry Shears for Food, Food-Grade Stainless Steel Scissors, Gift f","1","amazon.ca","Amazon","Calgary","AB","T2K 1A","Combined TCS+MTC","25.73","1.29","0","0","0","0","0","0","0","0","-1.29","-3.86","-7.65","0","0","14.22"
"Dec 4, 2025 4:35:32 a.m. PST","25070279451","Order","702-3803398-7345016","9B-5VGN-40SH","Dream Reach 2 Pack Kitchen Scissors, Premium All-Metal Kitchen Shears, Heavy Duty Poultry Shears for Food, Food-Grade Stainless Steel Scissors, Gift f","1","amazon.ca","Amazon","Quebec","Quebec","G1P 4A","Combined TCS+MTC","25.73","3.85","0","0","0","0","0","0","0","0","-3.85","-3.86","-7.65","0","0","14.22"
"Dec 4, 2025 4:46:54 a.m. PST","25070279451","Order","701-4471742-7025063","9B-5VGN-40SH","Dream Reach 2 Pack Kitchen Scissors, Premium All-Metal Kitchen Shears, Heavy Duty Poultry Shears for Food, Food-Grade Stainless Steel Scissors, Gift f","1","amazon.ca","Amazon","Calgary","Alberta","T2Z 0R","Combined TCS+MTC","25.73","1.29","0","0","0","0","0","0","0","0","-1.29","-3.86","-7.65","0","0","14.22"
"Dec 4, 2025 5:04:00 a.m. PST","25070279451","Order","701-3444538-3812222","9B-5VGN-40SH","Dream Reach 2 Pack Kitchen Scissors, Premium All-Metal Kitchen Shears, Heavy Duty Poultry Shears for Food, Food-Grade Stainless Steel Scissors, Gift f","1","amazon.ca","Amazon","Leamington","Ontario","N8H 4B","Combined TCS+MTC","25.73","3.34","0","0","0","0","0","0","0","0","-3.34","-3.86","-7.65","0","0","14.22"
"Dec 4, 2025 5:06:38 a.m. PST","25070279451","Order","702-8968378-9161041","9B-5VGN-40SH","Dream Reach 2 Pack Kitchen Scissors, Premium All-Metal Kitchen Shears, Heavy Duty Poultry Shears for Food, Food-Grade Stainless Steel Scissors, Gift f","1","amazon.ca","Amazon","Bowmanville","Ontario","L1C 4T","Combined TCS+MTC","25.73","3.34","0","0","0","0","0","0","0","0","-3.34","-3.86","-7.65","0","0","14.22"
"Dec 4, 2025 5:09:10 a.m. PST","25070279451","Order","701-7516555-5975449","KF02-BBJ","Dream Reach Chef Knife, Japanese Kitchen Knife, Sharp Stainless Steel Viking Style Meat Knife with Wooden Handle, Feather Design Cooking Knife with Sh","1","amazon.ca","Amazon","Blainville","Quebec","J7C 5A","Combined TCS+MTC","28.49","4.27","0","0","0","0","0","0","0","0","-4.27","-4.27","-7.13","0","0","17.09"
"Dec 4, 2025 5:34:36 a.m. PST","25070279451","Order","702-5758913-4453815","9B-5VGN-40SH","Dream Reach 2 Pack Kitchen Scissors, Premium All-Metal Kitchen Shears, Heavy Duty Poultry Shears for Food, Food-Grade Stainless Steel Scissors, Gift f","1","amazon.ca","Amazon","Kitchener","Ontario","N2P 2K","Combined TCS+MTC","25.73","3.34","0","0","0","0","0","0","0","0","-3.34","-3.86","-7.65","0","0","14.22"
"Dec 4, 2025 5:35:56 a.m. PST","25070279451","Order","702-5402852-8442656","9B-5VGN-40SH","Dream Reach 2 Pack Kitchen Scissors, Premium All-Metal Kitchen Shears, Heavy Duty Poultry Shears for Food, Food-Grade Stainless Steel Scissors, Gift f","1","amazon.ca","Amazon","Embrun","Ontario","K0A 1W","Combined TCS+MTC","25.73","3.34","0","0","0","0","0","0","0","0","-3.34","-3.86","-7.65","0","0","14.22"
"Dec 4, 2025 5:53:18 a.m. PST","25070279451","Order","701-6928715-5967408","9B-5VGN-40SH","Dream Reach 2 Pack Kitchen Scissors, Premium All-Metal Kitchen Shears, Heavy Duty Poultry Shears for Food, Food-Grade Stainless Steel Scissors, Gift f","1","amazon.ca","Amazon","Dartmouth","Nova Scotia","B3A 2T","Combined TCS+MTC","25.73","3.60","0","0","0","0","0","0","0","0","-3.60","-3.86","-7.65","0","0","14.22"
"Dec 4, 2025 6:15:59 a.m. PST","25070279451","Order","702-9608214-5605058","9B-5VGN-40SH","Dream Reach 2 Pack Kitchen Scissors, Premium All-Metal Kitchen Shears, Heavy Duty Poultry Shears for Food, Food-Grade Stainless Steel Scissors, Gift f","1","amazon.ca","Amazon","Nanaimo","British Columbia","V9X 1M","Combined TCS+MTC","25.73","3.09","0","0","0","0","0","0","0","0","-3.09","-3.86","-7.65","0","0","14.22"
"Dec 4, 2025 6:52:27 a.m. PST","25070279451","Order","701-4989262-3684251","9B-5VGN-40SH","Dream Reach 2 Pack Kitchen Scissors, Premium All-Metal Kitchen Shears, Heavy Duty Poultry Shears for Food, Food-Grade Stainless Steel Scissors, Gift f","1","amazon.ca","Amazon","Woodstock","New Brunswick","E7M 4G","Combined TCS+MTC","25.73","3.86","0","0","0","0","0","0","0","0","-3.86","-3.86","-7.65","0","0","14.22"
"Dec 4, 2025 6:54:18 a.m. PST","25070279451","Order","701-9946122-6918667","HS1901","Dream Reach 6"" Professional Hair Cutting Scissors Japan 440C Steel Thinning Scissor for Men/Women Cutting for Salon/Barber/Home (Straight Scissors)","1","amazon.ca","Amazon","Bedford","Nova Scotia","B4B 0R","Combined TCS+MTC","43.99","5.23","0","0","0","0","0","0","-6.60","0","-5.23","-5.61","-6.49","0","0","25.29"
"Dec 4, 2025 6:56:43 a.m. PST","25070279451","Order","701-5859173-7407419","KF02-BBJ","Dream Reach Chef Knife, Japanese Kitchen Knife, Sharp Stainless Steel Viking Style Meat Knife with Wooden Handle, Feather Design Cooking Knife with Sh","1","amazon.ca","Amazon","Laval","Quebec","H7X 3Y","Combined TCS+MTC","28.49","4.27","0","0","0","0","0","0","0","0","-4.27","-4.27","-7.13","0","0","17.09"
"Dec 4, 2025 7:25:49 a.m. PST","25070279451","Order","702-7773903-9498667","9B-5VGN-40SH","Dream Reach 2 Pack Kitchen Scissors, Premium All-Metal Kitchen Shears, Heavy Duty Poultry Shears for Food, Food-Grade Stainless Steel Scissors, Gift f","1","amazon.ca","Amazon","Edmonton","Alberta","T6E 0L","Combined TCS+MTC","25.73","1.29","0","0","0","0","0","0","0","0","-1.29","-3.86","-7.65","0","0","14.22"
"Dec 4, 2025 7:41:28 a.m. PST","25070279451","Order","701-9301259-7518648","HS1901","Dream Reach 6"" Professional Hair Cutting Scissors Japan 440C Steel Thinning Scissor for Men/Women Cutting for Salon/Barber/Home (Straight Scissors)","1","amazon.ca","Amazon","Ottawa","Ontario","K2J 1P","Combined TCS+MTC","43.99","2.96","0","0","0","0","0","0","-21.20","0","-2.96","-3.42","-6.49","0","0","12.88"
"Dec 4, 2025 7:46:06 a.m. PST","25070279451","Order","701-5334693-2379407","9B-5VGN-40SH","Dream Reach 2 Pack Kitchen Scissors, Premium All-Metal Kitchen Shears, Heavy Duty Poultry Shears for Food, Food-Grade Stainless Steel Scissors, Gift f","1","amazon.ca","Amazon","Pitt Meadows","British Columbia","V3Y 0G","Combined TCS+MTC","25.73","3.09","0","0","0","0","0","0","0","0","-3.09","-3.86","-8.19","0","0","13.68"
"Dec 4, 2025 7:46:23 a.m. PST","25070279451","Order","701-2629379-0838603","KF02-BBJ","Dream Reach Chef Knife, Japanese Kitchen Knife, Sharp Stainless Steel Viking Style Meat Knife with Wooden Handle, Feather Design Cooking Knife with Sh","1","amazon.ca","Amazon","Listuguj","Quebec","G0C2R","Combined TCS+MTC","28.49","4.27","0","0","0","0","0","0","0","0","-4.27","-4.27","-7.13","0","0","17.09"
"Dec 4, 2025 11:59:06 a.m. PST","25070279451","Order","701-2521256-7875455","KF02-BBJ","Dream Reach Chef Knife, Japanese Kitchen Knife, Sharp Stainless Steel Viking Style Meat Knife with Wooden Handle, Feather Design Cooking Knife with Sh","1","amazon.ca","Amazon","North Vancouver","BC","V7L 2E","Combined TCS+MTC","28.49","3.42","0","0","0","0","0","0","0","0","-3.42","-4.27","-7.13","0","0","17.09"
"Dec 4, 2025 2:01:19 p.m. PST","25070279451","Order","S01-8072177-8929257","KF02-BBJ","Dream Reach Chef Knife, Japanese Kitchen Knife, Sharp Stainless Steel Viking Style Meat Knife with Wooden Handle, Feather Design Cooking Knife with Sheath & Gift Box, Gift for Men and Chefs","2","siprod.stores.amazon.ca","Amazon","MARYFIELD","SK","S0G 3K","","0","0","0","0","0","0","0","0","0","0","0","0","-8.17","0","0","-8.17"
"Dec 4, 2025 2:01:19 p.m. PST","25070279451","Order","S01-8072177-8929257","","FBA transportation fee","","siprod.stores.amazon.ca","Amazon","MARYFIELD","SK","S0G 3K","","0","0","0","0","0","0","0","0","0","0","0","0","0","0","-8.69","-8.69"
"Dec 4, 2025 3:05:09 p.m. PST","25070279451","Refund","701-4060241-6469042","KF02-BBJ","Dream Reach Chef Knife, Japanese Kitchen Knife, Sharp Stainless Steel Viking Style Meat Knife with Wooden Handle, Feather Design Cooking Knife with Sh","1","amazon.ca","Amazon","Les Cèdres","Quebec","J7T0C","Combined TCS+MTC","-36.99","-4.99","0","0","0","0","0","0","3.70","0","4.99","3.99","0","0","0","-29.30"
"Dec 4, 2025 3:12:09 p.m. PST","25070279451","Order","702-5849389-6808242","9B-5VGN-40SH","Dream Reach 2 Pack Kitchen Scissors, Premium All-Metal Kitchen Shears, Heavy Duty Poultry Shears for Food, Food-Grade Stainless Steel Scissors, Gift f","1","amazon.ca","Amazon","Dieppe","New Brunswick","E1A 0L","Combined TCS+MTC","25.73","3.86","0","0","0","0","0","0","0","0","-3.86","-3.86","-7.65","0","0","14.22"
"Dec 4, 2025 4:10:53 p.m. PST","25070279451","","89a1257a-d417-4220-9c1f-aa3a0db0c769","","秒杀-2025/10/14 1-43-6-198","","Amazon.ca","","","","","","0","0","0","0","0","0","0","0","0","0","0","0","0","-40.00","0","-40.00"
"Dec 4, 2025 5:20:58 p.m. PST","25070279451","Order","701-2344928-4979405","9B-5VGN-40SH","Dream Reach 2 Pack Kitchen Scissors, Premium All-Metal Kitchen Shears, Heavy Duty Poultry Shears for Food, Food-Grade Stainless Steel Scissors, Gift f","1","amazon.ca","Amazon","Vancouver","British Columbia","V6Z 1C","Combined TCS+MTC","25.73","3.09","0","0","0","0","0","0","0","0","-3.09","-3.86","-8.19","0","0","13.68"
"Dec 4, 2025 6:18:43 p.m. PST","25070279451","Order","S01-4824728-1858860","KF02-BBJ","Dream Reach Chef Knife, Japanese Kitchen Knife, Sharp Stainless Steel Viking Style Meat Knife with Wooden Handle, Feather Design Cooking Knife with Sheath & Gift Box, Gift for Men and Chefs","1","siprod.stores.amazon.ca","Amazon","SASKATOON","SK","S7H 1J","","0","0","0","0","0","0","0","0","0","0","0","0","-4.09","0","0","-4.09"
"Dec 4, 2025 6:18:43 p.m. PST","25070279451","Order","S01-4824728-1858860","","FBA transportation fee","","siprod.stores.amazon.ca","Amazon","SASKATOON","SK","S7H 1J","","0","0","0","0","0","0","0","0","0","0","0","0","0","0","-7.50","-7.50"
"Dec 4, 2025 6:23:03 p.m. PST","25070279451","Order","S01-0101081-0027640","KF02-BBJ","Dream Reach Chef Knife, Japanese Kitchen Knife, Sharp Stainless Steel Viking Style Meat Knife with Wooden Handle, Feather Design Cooking Knife with Sheath & Gift Box, Gift for Men and Chefs","1","siprod.stores.amazon.ca","Amazon","PRINCE ALBERT","SK","S6V 3C","","0","0","0","0","0","0","0","0","0","0","0","0","-4.09","0","0","-4.09"
"Dec 4, 2025 6:23:03 p.m. PST","25070279451","Order","S01-0101081-0027640","","FBA transportation fee","","siprod.stores.amazon.ca","Amazon","PRINCE ALBERT","SK","S6V 3C","","0","0","0","0","0","0","0","0","0","0","0","0","0","0","-7.50","-7.50"
"Dec 4, 2025 7:23:58 p.m. PST","25070279451","Order","701-6547058-1842617","9B-5VGN-40SH","Dream Reach 2 Pack Kitchen Scissors, Premium All-Metal Kitchen Shears, Heavy Duty Poultry Shears for Food, Food-Grade Stainless Steel Scissors, Gift f","1","amazon.ca","Amazon","Abbotsford","British Columbia","V3G 0E","Combined TCS+MTC","25.73","3.09","0","0","0","0","0","0","0","0","-3.09","-3.86","-7.65","0","0","14.22"
"Dec 4, 2025 8:22:17 p.m. PST","25070279451","Order","702-5649641-1727467","KF05-BBJ","Dream Reach Meat Cleaver Knife Heavy Duty Bone Chopper High Carbon Steel Butcher Axe Bone Cutting Knife Hand Forged Butcher Knife for Kitchen Outdoor","1","amazon.ca","Amazon","Edmonton","Alberta","T5M 4C","Combined TCS+MTC","35.09","1.75","5.90","0","0","0","0","0","-5.90","0","-1.75","-5.26","-9.58","0","0","20.25"
"Dec 4, 2025 9:10:57 p.m. PST","25070279451","Order","S01-9578374-0504453","KF04-BBJ","Dream Reach Meat Bone Cleaver Knife for Meat Cutting Handmade Heavy Duty Butcher Axes Hand Forged Full Tang Chopper for Kitchen Outdoor BBQ Chef Gifts Idea Men Black","1","siprod.stores.amazon.ca","Amazon","WATERLOO","ON","N2L 3X","","0","0","0","0","0","0","0","0","0","0","0","0","-3.82","0","0","-3.82"
"Dec 4, 2025 9:10:57 p.m. PST","25070279451","Order","S01-9578374-0504453","","FBA transportation fee","","siprod.stores.amazon.ca","Amazon","WATERLOO","ON","N2L 3X","","0","0","0","0","0","0","0","0","0","0","0","0","0","0","-8.27","-8.27"
"Dec 4, 2025 9:33:12 p.m. PST","25070279451","Order","702-5886605-0261822","9B-5VGN-40SH","Dream Reach 2 Pack Kitchen Scissors, Premium All-Metal Kitchen Shears, Heavy Duty Poultry Shears for Food, Food-Grade Stainless Steel Scissors, Gift f","1","amazon.ca","Amazon","Sackville","New Brunswick","E4L 3K","Combined TCS+MTC","25.73","3.86","0","0","0","0","0","0","0","0","-3.86","-3.86","-7.65","0","0","14.22"
"Dec 4, 2025 9:42:44 p.m. PST","25070279451","Adjustment","702-6467128-7943418","KF01-BBJ","FBA Inventory Reimbursement - Customer Return","1","","","","","","","0","0","0","0","0","0","0","0","0","0","0","0","0","0","22.94","22.94"
"Dec 4, 2025 10:23:29 p.m. PST","25070279451","Order","701-9156734-5903400","KF02-BBJ","Dream Reach Chef Knife, Japanese Kitchen Knife, Sharp Stainless Steel Viking Style Meat Knife with Wooden Handle, Feather Design Cooking Knife with Sh","1","amazon.ca","Amazon","Toronto","ON","M2M1N","Combined TCS+MTC","28.49","3.70","0","0","0","0","0","0","0","0","-3.70","-4.27","-7.13","0","0","17.09"
"Dec 4, 2025 10:25:39 p.m. PST","25070279451","Order","702-6821060-2251468","9B-5VGN-40SH","Dream Reach 2 Pack Kitchen Scissors, Premium All-Metal Kitchen Shears, Heavy Duty Poultry Shears for Food, Food-Grade Stainless Steel Scissors, Gift f","1","amazon.ca","Amazon","Sparwood","British Columbia","V0B 2G","Combined TCS+MTC","25.73","3.09","0","0","0","0","0","0","0","0","-3.09","-3.86","-7.65","0","0","14.22"
"Dec 4, 2025 10:26:39 p.m. PST","25070279451","Order","701-3652421-2273821","KF04-BBJ","Dream Reach Meat Bone Cleaver Knife for Meat Cutting Handmade Heavy Duty Butcher Axes Hand Forged Full Tang Chopper for Kitchen Outdoor BBQ Chef Gifts","1","amazon.ca","Amazon","Edmonton","Alberta","T6W 3Y","Combined TCS+MTC","31.49","1.57","0","0","0","0","0","0","0","0","-1.57","-4.72","-8.74","0","0","18.03"
"Dec 4, 2025 10:29:17 p.m. PST","25070279451","Order","701-2502980-9905854","9B-5VGN-40SH","Dream Reach 2 Pack Kitchen Scissors, Premium All-Metal Kitchen Shears, Heavy Duty Poultry Shears for Food, Food-Grade Stainless Steel Scissors, Gift f","1","amazon.ca","Amazon","South Bruce Peninsula","Ontario","N0H 2T","Combined TCS+MTC","25.73","3.34","0","0","0","0","0","0","0","0","-3.34","-3.86","-7.65","0","0","14.22"
"Dec 4, 2025 10:39:15 p.m. PST","25070279451","Order","701-3315001-9251418","HS1901","Dream Reach 6"" Professional Hair Cutting Scissors Japan 440C Steel Thinning Scissor for Men/Women Cutting for Salon/Barber/Home (Straight Scissors)","1","amazon.ca","Amazon","Toronto","Ontario","M9C 4V","Combined TCS+MTC","43.99","5.72","0","0","0","0","0","0","0","0","-5.72","-6.60","-6.49","0","0","30.90"
"Dec 4, 2025 10:39:36 p.m. PST","25070279451","Order","702-8424034-9411414","9B-5VGN-40SH","Dream Reach 2 Pack Kitchen Scissors, Premium All-Metal Kitchen Shears, Heavy Duty Poultry Shears for Food, Food-Grade Stainless Steel Scissors, Gift f","1","amazon.ca","Amazon","Qualicum Beach","British Columbia","V9K 1S","Combined TCS+MTC","25.73","3.09","0","0","0","0","0","0","0","0","-3.09","-3.86","-8.19","0","0","13.68"
"Dec 4, 2025 10:43:00 p.m. PST","25070279451","Order","701-9011449-1818660","9B-5VGN-40SH","Dream Reach 2 Pack Kitchen Scissors, Premium All-Metal Kitchen Shears, Heavy Duty Poultry Shears for Food, Food-Grade Stainless Steel Scissors, Gift f","1","amazon.ca","Amazon","Edmonton","Alberta","T5Y 3K","Combined TCS+MTC","25.73","1.29","0","0","0","0","0","0","0","0","-1.29","-3.86","-7.65","0","0","14.22"
"Dec 4, 2025 11:03:29 p.m. PST","25070279451","Order","702-8148436-0137843","9B-5VGN-40SH","Dream Reach 2 Pack Kitchen Scissors, Premium All-Metal Kitchen Shears, Heavy Duty Poultry Shears for Food, Food-Grade Stainless Steel Scissors, Gift f","1","amazon.ca","Amazon","Calgary","Alberta","T2N 3G","Combined TCS+MTC","25.73","1.29","0","0","0","0","0","0","0","0","-1.29","-3.86","-7.65","0","0","14.22"
"Dec 4, 2025 11:04:31 p.m. PST","25070279451","Order","702-4578718-1473824","9B-5VGN-40SH","Dream Reach 2 Pack Kitchen Scissors, Premium All-Metal Kitchen Shears, Heavy Duty Poultry Shears for Food, Food-Grade Stainless Steel Scissors, Gift f","1","amazon.ca","Amazon","Calgary","Alberta","T2J 6A","Combined TCS+MTC","25.73","1.29","0","0","0","0","0","0","0","0","-1.29","-3.86","-7.65","0","0","14.22"
"Dec 4, 2025 11:12:23 p.m. PST","25070279451","Order","701-9680320-0719437","9B-5VGN-40SH","Dream Reach 2 Pack Kitchen Scissors, Premium All-Metal Kitchen Shears, Heavy Duty Poultry Shears for Food, Food-Grade Stainless Steel Scissors, Gift f","4","amazon.ca","Amazon","Markham","Ontario","L3S2S","Combined TCS+MTC","102.92","13.36","0","0","0","0","0","0","0","0","-13.36","-15.44","-30.60","0","0","56.88"
"Dec 4, 2025 11:29:35 p.m. PST","25070279451","Order","702-6641443-0357838","KF04-BBJ","Dream Reach Meat Bone Cleaver Knife for Meat Cutting Handmade Heavy Duty Butcher Axes Hand Forged Full Tang Chopper for Kitchen Outdoor BBQ Chef Gifts","1","amazon.ca","Amazon","Calgary","Alberta","T2Y 5B","Combined TCS+MTC","31.49","1.57","6.99","0","0","0","0","0","-6.99","0","-1.57","-4.72","-8.74","0","0","18.03"
"Dec 4, 2025 11:41:10 p.m. PST","25070279451","Order","701-6169269-9677010","HS1901","Dream Reach 6"" Professional Hair Cutting Scissors Japan 440C Steel Thinning Scissor for Men/Women Cutting for Salon/Barber/Home (Straight Scissors)","1","amazon.ca","Amazon","Montreal","Quebec","H2E 1X","Combined TCS+MTC","43.99","3.41","0","0","0","0","0","0","-21.20","0","-3.41","-3.42","-6.49","0","0","12.88"
"Dec 4, 2025 11:59:56 p.m. PST","25070279451","Order","701-9532997-3833823","KF02-BBJ","Dream Reach Chef Knife, Japanese Kitchen Knife, Sharp Stainless Steel Viking Style Meat Knife with Wooden Handle, Feather Design Cooking Knife with Sh","1","amazon.ca","Amazon","Prince George","British Columbia","V2M 3Y","Combined TCS+MTC","28.49","3.42","0","0","0","0","0","0","0","0","-3.42","-4.27","-7.13","0","0","17.09"
"Dec 5, 2025 12:01:01 a.m. PST","25070279451","Order","701-7645710-7756261","9B-5VGN-40SH","Dream Reach 2 Pack Kitchen Scissors, Premium All-Metal Kitchen Shears, Heavy Duty Poultry Shears for Food, Food-Grade Stainless Steel Scissors, Gift f","1","amazon.ca","Amazon","Carleton Place","Ontario","K7C 0C","Combined TCS+MTC","25.73","3.34","0","0","0","0","0","0","0","0","-3.34","-3.86","-7.65","0","0","14.22"
"Dec 5, 2025 12:11:36 a.m. PST","25070279451","Order","701-0039731-9841059","9B-5VGN-40SH","Dream Reach 2 Pack Kitchen Scissors, Premium All-Metal Kitchen Shears, Heavy Duty Poultry Shears for Food, Food-Grade Stainless Steel Scissors, Gift f","1","amazon.ca","Amazon","Quebec","Quebec","G2B 2K","Combined TCS+MTC","25.73","3.85","0","0","0","0","0","0","0","0","-3.85","-3.86","-7.65","0","0","14.22"
"Dec 5, 2025 12:13:14 a.m. PST","25070279451","Order","701-2815966-1257824","KF02-BBJ","Dream Reach Chef Knife, Japanese Kitchen Knife, Sharp Stainless Steel Viking Style Meat Knife with Wooden Handle, Feather Design Cooking Knife with Sh","1","amazon.ca","Amazon","Port Coquitlam","British Columbia","V3C 4G","Combined TCS+MTC","28.49","3.42","6.99","0","0","0","0","0","-6.99","0","-3.42","-4.27","-7.63","0","0","16.59"
"Dec 5, 2025 12:29:32 a.m. PST","25070279451","Order","701-4951999-7029061","HS1901","Dream Reach 6"" Professional Hair Cutting Scissors Japan 440C Steel Thinning Scissor for Men/Women Cutting for Salon/Barber/Home (Straight Scissors)","1","amazon.ca","Amazon","Iqaluit","Nunavut","X0A 0H","Combined TCS+MTC","43.99","2.20","0","0","0","0","0","0","0","0","-2.20","-6.60","-6.49","0","0","30.90"
"Dec 5, 2025 12:34:37 a.m. PST","25070279451","Order","701-5878188-0954629","KF05-BBJ","Dream Reach Meat Cleaver Knife Heavy Duty Bone Chopper High Carbon Steel Butcher Axe Bone Cutting Knife Hand Forged Butcher Knife for Kitchen Outdoor","2","amazon.ca","Amazon","Salaberry-De-Valleyfield","Quebec","J6T 2J","Combined TCS+MTC","70.18","10.50","7.85","0","0","0","0","0","-7.85","0","-10.50","-10.52","-19.16","0","0","40.50"
"Dec 5, 2025 12:43:00 a.m. PST","25070279451","Order","702-4420070-0585024","HS1901","Dream Reach 6"" Professional Hair Cutting Scissors Japan 440C Steel Thinning Scissor for Men/Women Cutting for Salon/Barber/Home (Straight Scissors)","1","amazon.ca","Amazon","Winnipeg","Manitoba","R3R 0S","Combined TCS+MTC","43.99","5.28","0","0","0","0","0","0","0","0","-5.28","-6.60","-6.49","0","0","30.90"
"Dec 5, 2025 12:47:37 a.m. PST","25070279451","Order","702-8683757-6297023","KF05-BBJ","Dream Reach Meat Cleaver Knife Heavy Duty Bone Chopper High Carbon Steel Butcher Axe Bone Cutting Knife Hand Forged Butcher Knife for Kitchen Outdoor","1","amazon.ca","Amazon","Mississauga","Ontario","L5H 1M","Combined TCS+MTC","35.09","4.56","0","0","0","0","0","0","0","0","-4.56","-5.26","-9.58","0","0","20.25"
"Dec 5, 2025 2:12:25 a.m. PST","25070279451","Order","702-5861680-2650661","KF05-BBJ","Dream Reach Meat Cleaver Knife Heavy Duty Bone Chopper High Carbon Steel Butcher Axe Bone Cutting Knife Hand Forged Butcher Knife for Kitchen Outdoor","1","amazon.ca","Amazon","Surrey","British Columbia","V3R 2W","Combined TCS+MTC","35.09","4.21","0","0","0","0","0","0","0","0","-4.21","-5.26","-9.58","0","0","20.25"
"Dec 5, 2025 2:27:07 a.m. PST","25070279451","Order","701-7920602-2509858","HS1901","Dream Reach 6"" Professional Hair Cutting Scissors Japan 440C Steel Thinning Scissor for Men/Women Cutting for Salon/Barber/Home (Straight Scissors)","1","amazon.ca","Amazon","London","Ontario","N5W 5G","Combined TCS+MTC","43.99","3.82","0","0","0","0","0","0","-14.60","0","-3.82","-4.41","-6.49","0","0","18.49"
"Dec 5, 2025 2:32:36 a.m. PST","25070279451","Order","701-3586863-4232268","HS1901","Dream Reach 6"" Professional Hair Cutting Scissors Japan 440C Steel Thinning Scissor for Men/Women Cutting for Salon/Barber/Home (Straight Scissors)","1","amazon.ca","Amazon","Winnipeg","Manitoba","R3K 1J","Combined TCS+MTC","43.99","2.73","0","0","0","0","0","0","-21.20","0","-2.73","-3.42","-6.49","0","0","12.88"
"Dec 5, 2025 2:35:51 a.m. PST","25070279451","Order","701-5837355-7099464","KF05-BBJ","Dream Reach Meat Cleaver Knife Heavy Duty Bone Chopper High Carbon Steel Butcher Axe Bone Cutting Knife Hand Forged Butcher Knife for Kitchen Outdoor","1","amazon.ca","Amazon","St-Jean-Sur-Richelieu","Quebec","J3A 1G","Combined TCS+MTC","35.09","5.25","0","0","0","0","0","0","0","0","-5.25","-5.26","-9.58","0","0","20.25"
"Dec 5, 2025 2:40:13 a.m. PST","25070279451","Order","702-2919230-1517817","B07XR7N1CB-01","Hair Cutting Scissors Set, Professional Barber Thinning Haircut Scissors Kit","1","amazon.ca","Amazon","Scarborough","Ontario","M1T 3L","Combined TCS+MTC","42.99","5.59","0","0","0","0","0","0","0","0","-5.59","-6.45","-5.31","0","0","31.23"
"Dec 5, 2025 2:42:49 a.m. PST","25070279451","Order","702-8750984-2289808","KF04-BBJ","Dream Reach Meat Bone Cleaver Knife for Meat Cutting Handmade Heavy Duty Butcher Axes Hand Forged Full Tang Chopper for Kitchen Outdoor BBQ Chef Gifts","1","amazon.ca","Amazon","Alexandria","Ontario","K0C1A","Combined TCS+MTC","31.49","4.09","0","0","0","0","0","0","0","0","-4.09","-4.72","-8.74","0","0","18.03"
"Dec 5, 2025 2:48:50 a.m. PST","25070279451","Order","701-2655625-6291443","KF02-BBJ","Dream Reach Chef Knife, Japanese Kitchen Knife, Sharp Stainless Steel Viking Style Meat Knife with Wooden Handle, Feather Design Cooking Knife with Sh","1","amazon.ca","Amazon","QUEBEC","QC","G1C4L","Combined TCS+MTC","28.49","4.27","0","0","0","0","0","0","0","0","-4.27","-4.27","-7.13","0","0","17.09"
"Dec 5, 2025 3:35:10 a.m. PST","25070279451","Order","702-5145624-5355409","KF04-BBJ","Dream Reach Meat Bone Cleaver Knife for Meat Cutting Handmade Heavy Duty Butcher Axes Hand Forged Full Tang Chopper for Kitchen Outdoor BBQ Chef Gifts","1","amazon.ca","Amazon","Regina","Saskatchewan","S4P1V","Combined TCS+MTC","31.49","3.46","0","0","0","0","0","0","0","0","-3.46","-4.72","-8.74","0","0","18.03"
"Dec 5, 2025 4:00:16 a.m. PST","25070279451","Order","702-5205433-6607467","KF04-BBJ","Dream Reach Meat Bone Cleaver Knife for Meat Cutting Handmade Heavy Duty Butcher Axes Hand Forged Full Tang Chopper for Kitchen Outdoor BBQ Chef Gifts","1","amazon.ca","Amazon","Woodbridge","Ontario","L4H 1A","Combined TCS+MTC","31.49","4.09","0","0","0","0","0","0","0","0","-4.09","-4.72","-8.74","0","0","18.03"
"Dec 5, 2025 4:10:01 a.m. PST","25070279451","Order","702-6150249-1322663","9B-5VGN-40SH","Dream Reach 2 Pack Kitchen Scissors, Premium All-Metal Kitchen Shears, Heavy Duty Poultry Shears for Food, Food-Grade Stainless Steel Scissors, Gift f","1","amazon.ca","Amazon","Woodstock","New Brunswick","E7M 2W","Combined TCS+MTC","25.73","3.86","0","0","0","0","0","0","0","0","-3.86","-3.86","-7.65","0","0","14.22"
"Dec 5, 2025 4:19:06 a.m. PST","25070279451","Order","701-6883828-7297042","9B-5VGN-40SH","Dream Reach 2 Pack Kitchen Scissors, Premium All-Metal Kitchen Shears, Heavy Duty Poultry Shears for Food, Food-Grade Stainless Steel Scissors, Gift f","1","amazon.ca","Amazon","Mississauga","Ontario","L5R 3K","Combined TCS+MTC","25.73","3.34","0","0","0","0","0","0","0","0","-3.34","-3.86","-7.65","0","0","14.22"
"Dec 5, 2025 4:40:59 a.m. PST","25070279451","Order","701-4709844-6644253","9B-5VGN-40SH","Dream Reach 2 Pack Kitchen Scissors, Premium All-Metal Kitchen Shears, Heavy Duty Poultry Shears for Food, Food-Grade Stainless Steel Scissors, Gift f","1","amazon.ca","Amazon","Sherwood park","Alberta","T8A 0T","Combined TCS+MTC","25.73","1.29","0","0","0","0","0","0","0","0","-1.29","-3.86","-7.65","0","0","14.22"
"Dec 5, 2025 4:41:24 a.m. PST","25070279451","Order","701-0421098-1753032","KF02-BBJ","Dream Reach Chef Knife, Japanese Kitchen Knife, Sharp Stainless Steel Viking Style Meat Knife with Wooden Handle, Feather Design Cooking Knife with Sh","1","amazon.ca","Amazon","Orleans","Ontario","K1E 1Y","Combined TCS+MTC","28.49","3.70","6.99","0","0","0","0","0","-6.99","0","-3.70","-4.27","-7.13","0","0","17.09"
"Dec 5, 2025 5:09:05 a.m. PST","25070279451","Refund","702-5649641-1727467","KF05-BBJ","Dream Reach Meat Cleaver Knife Heavy Duty Bone Chopper High Carbon Steel Butcher Axe Bone Cutting Knife Hand Forged Butcher Knife for Kitchen Outdoor","1","amazon.ca","Amazon","Edmonton","Alberta","T5M 4C","Combined TCS+MTC","-35.09","-1.75","-5.90","0","0","0","0","0","5.90","0","1.75","4.21","0","0","0","-30.88"
"Dec 5, 2025 5:17:13 a.m. PST","25070279451","Order","S01-2654543-8090800","KF02-BBJ","Dream Reach Chef Knife, Japanese Kitchen Knife, Sharp Stainless Steel Viking Style Meat Knife with Wooden Handle, Feather Design Cooking Knife with Sheath & Gift Box, Gift for Men and Chefs","1","siprod.stores.amazon.ca","Amazon","LABRADOR CITY","NL","A2V 2M","","0","0","0","0","0","0","0","0","0","0","0","0","-3.82","0","0","-3.82"
"Dec 5, 2025 5:17:13 a.m. PST","25070279451","Order","S01-2654543-8090800","","FBA transportation fee","","siprod.stores.amazon.ca","Amazon","LABRADOR CITY","NL","A2V 2M","","0","0","0","0","0","0","0","0","0","0","0","0","0","0","-7.01","-7.01"
"Dec 5, 2025 5:18:34 a.m. PST","25070279451","Order","701-1263243-5849062","HS1901","Dream Reach 6"" Professional Hair Cutting Scissors Japan 440C Steel Thinning Scissor for Men/Women Cutting for Salon/Barber/Home (Straight Scissors)","1","amazon.ca","Amazon","Canmore","Alberta","T1W 1V","Combined TCS+MTC","43.99","1.87","3.92","0","0","0","0","0","-10.52","0","-1.87","-5.61","-6.49","0","0","25.29"
"Dec 5, 2025 5:23:00 a.m. PST","25070279451","Order","701-9731700-4493049","9B-5VGN-40SH","Dream Reach 2 Pack Kitchen Scissors, Premium All-Metal Kitchen Shears, Heavy Duty Poultry Shears for Food, Food-Grade Stainless Steel Scissors, Gift f","1","amazon.ca","Amazon","Barnwell","Alberta","T0K 0B","Combined TCS+MTC","25.73","1.29","0","0","0","0","0","0","0","0","-1.29","-3.86","-7.65","0","0","14.22"
"Dec 5, 2025 5:30:04 a.m. PST","25070279451","Order","701-0445296-0782655","KF05-BBJ","Dream Reach Meat Cleaver Knife Heavy Duty Bone Chopper High Carbon Steel Butcher Axe Bone Cutting Knife Hand Forged Butcher Knife for Kitchen Outdoor","1","amazon.ca","Amazon","Vaughan","Ontario","L4K 2L","Combined TCS+MTC","35.09","4.56","3.93","0","0","0","0","0","-3.93","0","-4.56","-5.26","-9.58","0","0","20.25"
"Dec 5, 2025 6:47:43 a.m. PST","25070279451","Order","701-5803680-0801837","KF05-BBJ","Dream Reach Meat Cleaver Knife Heavy Duty Bone Chopper High Carbon Steel Butcher Axe Bone Cutting Knife Hand Forged Butcher Knife for Kitchen Outdoor","1","amazon.ca","Amazon","Edmonton","Alberta","T6K2P","Combined TCS+MTC","35.09","1.75","3.93","0","0","0","0","0","-3.93","0","-1.75","-5.26","-9.58","0","0","20.25"
"Dec 5, 2025 6:49:31 a.m. PST","25070279451","Order","701-1945281-3889009","9B-5VGN-40SH","Dream Reach 2 Pack Kitchen Scissors, Premium All-Metal Kitchen Shears, Heavy Duty Poultry Shears for Food, Food-Grade Stainless Steel Scissors, Gift f","1","amazon.ca","Amazon","Pemberton","British Columbia","V0N 2L","Combined TCS+MTC","25.73","3.09","0","0","0","0","0","0","0","0","-3.09","-3.86","-8.19","0","0","13.68"
"Dec 5, 2025 6:52:51 a.m. PST","25070279451","Order","702-2529233-4401055","9B-5VGN-40SH","Dream Reach 2 Pack Kitchen Scissors, Premium All-Metal Kitchen Shears, Heavy Duty Poultry Shears for Food, Food-Grade Stainless Steel Scissors, Gift f","1","amazon.ca","Amazon","Gravenhurst","Ontario","P1P 0E","Combined TCS+MTC","25.73","3.34","0","0","0","0","0","0","0","0","-3.34","-3.86","-7.65","0","0","14.22"
"Dec 5, 2025 6:57:42 a.m. PST","25070279451","Order","702-6778460-5975421","9B-5VGN-40SH","Dream Reach 2 Pack Kitchen Scissors, Premium All-Metal Kitchen Shears, Heavy Duty Poultry Shears for Food, Food-Grade Stainless Steel Scissors, Gift f","1","amazon.ca","Amazon","Toronto","Ontario","M4E 3C","Combined TCS+MTC","25.73","3.34","0","0","0","0","0","0","0","0","-3.34","-3.86","-7.65","0","0","14.22"
"Dec 5, 2025 7:02:59 a.m. PST","25070279451","Order","701-0933989-9564219","KF02-BBJ","Dream Reach Chef Knife, Japanese Kitchen Knife, Sharp Stainless Steel Viking Style Meat Knife with Wooden Handle, Feather Design Cooking Knife with Sh","1","amazon.ca","Amazon","Tiny","Ontario","L0L 2J","Combined TCS+MTC","28.49","3.70","0","0","0","0","0","0","0","0","-3.70","-4.27","-7.13","0","0","17.09"
"Dec 5, 2025 7:05:22 a.m. PST","25070279451","Order","702-1623188-5878614","CWJ02-Purple7Set-BBJ","Dream Reach Dog Grooming Scissors - 7"" Professional 6 in 1 Pet Scissors Sharp and Durable Shears Set Thinning, Chunker, Straight, Curved Shears and Co","1","amazon.ca","Amazon","SUDBURY","ON","P3B3J","Combined TCS+MTC","49.71","6.46","0","0","0","0","0","0","0","0","-6.46","-7.46","-6.74","0","0","35.51"
"Dec 5, 2025 7:26:53 a.m. PST","25070279451","Order","701-8373536-2069814","9B-5VGN-40SH","Dream Reach 2 Pack Kitchen Scissors, Premium All-Metal Kitchen Shears, Heavy Duty Poultry Shears for Food, Food-Grade Stainless Steel Scissors, Gift f","1","amazon.ca","Amazon","cranbrook","British Columbia","V1C 2S","Combined TCS+MTC","25.73","3.09","0","0","0","0","0","0","0","0","-3.09","-3.86","-7.65","0","0","14.22"
"Dec 5, 2025 7:34:38 a.m. PST","25070279451","Order","701-7935781-1064232","9B-5VGN-40SH","Dream Reach 2 Pack Kitchen Scissors, Premium All-Metal Kitchen Shears, Heavy Duty Poultry Shears for Food, Food-Grade Stainless Steel Scissors, Gift f","1","amazon.ca","Amazon","Toronto","Ontario","M4P 2M","Combined TCS+MTC","25.73","3.34","0","0","0","0","0","0","0","0","-3.34","-3.86","-7.65","0","0","14.22"
"Dec 5, 2025 7:46:24 a.m. PST","25070279451","Order","702-2834350-4263446","9B-5VGN-40SH","Dream Reach 2 Pack Kitchen Scissors, Premium All-Metal Kitchen Shears, Heavy Duty Poultry Shears for Food, Food-Grade Stainless Steel Scissors, Gift f","1","amazon.ca","Amazon","Kingston","Ontario","K7P 2G","Combined TCS+MTC","25.73","3.34","0","0","0","0","0","0","0","0","-3.34","-3.86","-7.65","0","0","14.22"
"Dec 5, 2025 7:49:32 a.m. PST","25070279451","Order","701-2478250-3187421","KF02-BBJ","Dream Reach Chef Knife, Japanese Kitchen Knife, Sharp Stainless Steel Viking Style Meat Knife with Wooden Handle, Feather Design Cooking Knife with Sh","1","amazon.ca","Amazon","Baie-Comeau","Quebec","G4Z 2M","Combined TCS+MTC","28.49","4.27","0","0","0","0","0","0","0","0","-4.27","-4.27","-7.13","0","0","17.09"
"Dec 5, 2025 7:53:14 a.m. PST","25070279451","Order","701-6450199-6399442","9B-5VGN-40SH","Dream Reach 2 Pack Kitchen Scissors, Premium All-Metal Kitchen Shears, Heavy Duty Poultry Shears for Food, Food-Grade Stainless Steel Scissors, Gift f","1","amazon.ca","Amazon","Cambridge","Ontario","N1R 6W","Combined TCS+MTC","25.73","3.34","2.74","0","0","0","0","0","-2.74","0","-3.34","-3.86","-7.65","0","0","14.22"
"Dec 5, 2025 8:00:58 a.m. PST","25070279451","Order","702-5759698-6712237","9B-5VGN-40SH","Dream Reach 2 Pack Kitchen Scissors, Premium All-Metal Kitchen Shears, Heavy Duty Poultry Shears for Food, Food-Grade Stainless Steel Scissors, Gift f","1","amazon.ca","Amazon","Stittsville","Ontario","K2S 1L","Combined TCS+MTC","25.73","3.34","0","0","0","0","0","0","0","0","-3.34","-3.86","-7.65","0","0","14.22"
"Dec 5, 2025 8:42:55 a.m. PST","25070279451","Order","701-4488857-0358665","9B-5VGN-40SH","Dream Reach 2 Pack Kitchen Scissors, Premium All-Metal Kitchen Shears, Heavy Duty Poultry Shears for Food, Food-Grade Stainless Steel Scissors, Gift f","1","amazon.ca","Amazon","Saint-Hippolyte","Quebec","J8A 2C","Combined TCS+MTC","25.73","3.85","3.92","0","0","0","0","0","-3.92","0","-3.85","-3.86","-7.65","0","0","14.22"
"Dec 5, 2025 3:06:09 p.m. PST","25070279451","Order","S01-9042091-7528420","KF04-BBJ","Dream Reach Meat Bone Cleaver Knife for Meat Cutting Handmade Heavy Duty Butcher Axes Hand Forged Full Tang Chopper for Kitchen Outdoor BBQ Chef Gifts Idea Men Black","1","siprod.stores.amazon.ca","Amazon","DEVON","AB","T9G 2G","","0","0","0","0","0","0","0","0","0","0","0","0","-3.82","0","0","-3.82"
"Dec 5, 2025 3:06:09 p.m. PST","25070279451","Order","S01-9042091-7528420","","FBA transportation fee","","siprod.stores.amazon.ca","Amazon","DEVON","AB","T9G 2G","","0","0","0","0","0","0","0","0","0","0","0","0","0","0","-8.27","-8.27"
"Dec 5, 2025 3:16:00 p.m. PST","25070279451","Order","701-1594911-1141064","KF05-BBJ","Dream Reach Meat Cleaver Knife Heavy Duty Bone Chopper High Carbon Steel Butcher Axe Bone Cutting Knife Hand Forged Butcher Knife for Kitchen Outdoor","1","amazon.ca","Amazon","Calgary","Alberta","T3G 1H","Combined TCS+MTC","35.09","1.75","0","0","0","0","0","0","0","0","-1.75","-5.26","-9.58","0","0","20.25"
"Dec 5, 2025 3:43:21 p.m. PST","25070279451","Order","701-3103425-9793061","9B-5VGN-40SH","Dream Reach 2 Pack Kitchen Scissors, Premium All-Metal Kitchen Shears, Heavy Duty Poultry Shears for Food, Food-Grade Stainless Steel Scissors, Gift f","1","amazon.ca","Amazon","Edmonton","Alberta","T5Y 3K","Combined TCS+MTC","25.73","1.29","0","0","0","0","0","0","0","0","-1.29","-3.86","-7.65","0","0","14.22"
"Dec 5, 2025 3:45:40 p.m. PST","25070279451","Order","701-3172233-7296252","9B-5VGN-40SH","Dream Reach 2 Pack Kitchen Scissors, Premium All-Metal Kitchen Shears, Heavy Duty Poultry Shears for Food, Food-Grade Stainless Steel Scissors, Gift f","1","amazon.ca","Amazon","Verdun","Quebec","H4G 2P","Combined TCS+MTC","25.73","3.85","0","0","0","0","0","0","0","0","-3.85","-3.86","-7.65","0","0","14.22"
"Dec 5, 2025 3:46:09 p.m. PST","25070279451","Order","701-0299218-2062668","KF04-BBJ","Dream Reach Meat Bone Cleaver Knife for Meat Cutting Handmade Heavy Duty Butcher Axes Hand Forged Full Tang Chopper for Kitchen Outdoor BBQ Chef Gifts","1","amazon.ca","Amazon","Trois-Rivieres","QC","G9B 2C","Combined TCS+MTC","31.49","4.72","0","0","0","0","0","0","0","0","-4.72","-4.72","-8.74","0","0","18.03"
"Dec 5, 2025 4:34:39 p.m. PST","25070279451","Order","S01-0646872-0774850","KF02-BBJ","Dream Reach Chef Knife, Japanese Kitchen Knife, Sharp Stainless Steel Viking Style Meat Knife with Wooden Handle, Feather Design Cooking Knife with Sheath & Gift Box, Gift for Men and Chefs","1","siprod.stores.amazon.ca","Amazon","STURGEON COUNTY","AB","T8R 0K","","0","0","0","0","0","0","0","0","0","0","0","0","-4.09","0","0","-4.09"
"Dec 5, 2025 4:34:39 p.m. PST","25070279451","Order","S01-0646872-0774850","","FBA transportation fee","","siprod.stores.amazon.ca","Amazon","STURGEON COUNTY","AB","T8R 0K","","0","0","0","0","0","0","0","0","0","0","0","0","0","0","-7.50","-7.50"
"Dec 5, 2025 4:44:37 p.m. PST","25070279451","Order","S01-7509803-6656448","KF02-BBJ","Dream Reach Chef Knife, Japanese Kitchen Knife, Sharp Stainless Steel Viking Style Meat Knife with Wooden Handle, Feather Design Cooking Knife with Sheath & Gift Box, Gift for Men and Chefs","1","siprod.stores.amazon.ca","Amazon","ENDERBY","BC","V4Y 4B","","0","0","0","0","0","0","0","0","0","0","0","0","-4.09","0","0","-4.09"
"Dec 5, 2025 4:44:37 p.m. PST","25070279451","Order","S01-7509803-6656448","","FBA transportation fee","","siprod.stores.amazon.ca","Amazon","ENDERBY","BC","V4Y 4B","","0","0","0","0","0","0","0","0","0","0","0","0","0","0","-7.50","-7.50"
"Dec 5, 2025 5:07:08 p.m. PST","25070279451","Order","S01-1893936-6518049","Scissors04B6","Dream Reach 6"" Upward Curved Dog Grooming Scissors Shears for Grooming Face and Paws Safety Shears Trimming Cutting Scissors for Dog Cat Pet Black","1","siprod.stores.amazon.ca","Amazon","TORONTO","ON","M6P 1B","","0","0","0","0","0","0","0","0","0","0","0","0","-3.82","0","0","-3.82"
"Dec 5, 2025 5:07:08 p.m. PST","25070279451","Order","S01-1893936-6518049","","FBA transportation fee","","siprod.stores.amazon.ca","Amazon","TORONTO","ON","M6P 1B","","0","0","0","0","0","0","0","0","0","0","0","0","0","0","-5.60","-5.60"
"Dec 5, 2025 5:15:02 p.m. PST","25070279451","Order","S01-3513287-0517259","KF02-BBJ","Dream Reach Chef Knife, Japanese Kitchen Knife, Sharp Stainless Steel Viking Style Meat Knife with Wooden Handle, Feather Design Cooking Knife with Sheath & Gift Box, Gift for Men and Chefs","1","siprod.stores.amazon.ca","Amazon","CALGARY","AB","T3A 6B","","0","0","0","0","0","0","0","0","0","0","0","0","-4.09","0","0","-4.09"
"Dec 5, 2025 5:15:02 p.m. PST","25070279451","Order","S01-3513287-0517259","","FBA transportation fee","","siprod.stores.amazon.ca","Amazon","CALGARY","AB","T3A 6B","","0","0","0","0","0","0","0","0","0","0","0","0","0","0","-7.50","-7.50"
"Dec 5, 2025 6:22:48 p.m. PST","25070279451","Order","702-7885853-6506630","KF04-BBJ","Dream Reach Meat Bone Cleaver Knife for Meat Cutting Handmade Heavy Duty Butcher Axes Hand Forged Full Tang Chopper for Kitchen Outdoor BBQ Chef Gifts","1","amazon.ca","Amazon","Levis","Quebec","G6V 0R","Combined TCS+MTC","31.49","4.72","0","0","0","0","0","0","0","0","-4.72","-4.72","-8.74","0","0","18.03"
"Dec 5, 2025 7:10:52 p.m. PST","25070279451","Order","702-7151024-9640269","9B-5VGN-40SH","Dream Reach 2 Pack Kitchen Scissors, Premium All-Metal Kitchen Shears, Heavy Duty Poultry Shears for Food, Food-Grade Stainless Steel Scissors, Gift f","1","amazon.ca","Amazon","Langdon","Alberta","T0J 1X","Combined TCS+MTC","25.73","1.29","0","0","0","0","0","0","0","0","-1.29","-3.86","-7.65","0","0","14.22"
"Dec 5, 2025 10:09:20 p.m. PST","25070279451","Order","702-3846503-3393800","9B-5VGN-40SH","Dream Reach 2 Pack Kitchen Scissors, Premium All-Metal Kitchen Shears, Heavy Duty Poultry Shears for Food, Food-Grade Stainless Steel Scissors, Gift f","1","amazon.ca","Amazon","Lambton Shores","Ontario","N0N 1J","Combined TCS+MTC","25.73","3.34","0","0","0","0","0","0","0","0","-3.34","-3.86","-7.65","0","0","14.22"
"Dec 5, 2025 10:21:31 p.m. PST","25070279451","Order","702-3815407-6779468","BBJK06-Set3","Dream Reach 3PCS Kitchen Knife Set, Kitchen Knives, Butcher Knife Set, Chef Knife Set, Meat Cleaver Knife, High-Hardness Steel Knives with Ergonomic W","1","amazon.ca","Amazon","Port Severn","Ontario","L0K1S","Combined TCS+MTC","49.99","6.50","0","0","0","0","0","0","0","0","-6.50","-7.50","-9.58","0","0","32.91"
"Dec 5, 2025 10:27:27 p.m. PST","25070279451","Order","702-3514980-6565846","9B-5VGN-40SH","Dream Reach 2 Pack Kitchen Scissors, Premium All-Metal Kitchen Shears, Heavy Duty Poultry Shears for Food, Food-Grade Stainless Steel Scissors, Gift f","1","amazon.ca","Amazon","Mississauga","Ontario","L5H 2A","Combined TCS+MTC","25.73","3.34","0","0","0","0","0","0","0","0","-3.34","-3.86","-7.65","0","0","14.22"
"Dec 5, 2025 10:38:35 p.m. PST","25070279451","Order","701-7355397-1866611","8FS01-BJ","Dream Reach Dog Thinning Scissors - 8 Inch Professional Pet Grooming Shears with Adjustable Screw, Sharp Trimming Scissors for Dogs and Cats","1","amazon.ca","Amazon","St-Flavien","Quebec","G0S 2M","Combined TCS+MTC","39.99","5.99","0","0","0","0","0","0","0","0","-5.99","-6.00","-6.74","0","0","27.25"
"Dec 5, 2025 10:41:23 p.m. PST","25070279451","Order","702-2251731-7660218","9B-5VGN-40SH","Dream Reach 2 Pack Kitchen Scissors, Premium All-Metal Kitchen Shears, Heavy Duty Poultry Shears for Food, Food-Grade Stainless Steel Scissors, Gift f","1","amazon.ca","Amazon","Calgary","Alberta","T3H 0C","Combined TCS+MTC","25.73","1.29","0","0","0","0","0","0","0","0","-1.29","-3.86","-7.65","0","0","14.22"
"Dec 5, 2025 10:57:55 p.m. PST","25070279451","Order","S01-0248370-1722077","KF02-BBJ","Dream Reach Chef Knife, Japanese Kitchen Knife, Sharp Stainless Steel Viking Style Meat Knife with Wooden Handle, Feather Design Cooking Knife with Sheath & Gift Box, Gift for Men and Chefs","1","siprod.stores.amazon.ca","Amazon","KEMPTVILLE","ON","K0G 1J","","0","0","0","0","0","0","0","0","0","0","0","0","-3.82","0","0","-3.82"
"Dec 5, 2025 10:57:55 p.m. PST","25070279451","Order","S01-0248370-1722077","","FBA transportation fee","","siprod.stores.amazon.ca","Amazon","KEMPTVILLE","ON","K0G 1J","","0","0","0","0","0","0","0","0","0","0","0","0","0","0","-7.01","-7.01"
"Dec 5, 2025 11:15:08 p.m. PST","25070279451","Order","701-4343969-9866629","9B-5VGN-40SH","Dream Reach 2 Pack Kitchen Scissors, Premium All-Metal Kitchen Shears, Heavy Duty Poultry Shears for Food, Food-Grade Stainless Steel Scissors, Gift f","1","amazon.ca","Amazon","Shediac","New Brunswick","E4P 0L","Combined TCS+MTC","25.73","3.86","0","0","0","0","0","0","0","0","-3.86","-3.86","-7.65","0","0","14.22"
"Dec 5, 2025 11:24:20 p.m. PST","25070279451","Order","702-6456466-0598656","9B-5VGN-40SH","Dream Reach 2 Pack Kitchen Scissors, Premium All-Metal Kitchen Shears, Heavy Duty Poultry Shears for Food, Food-Grade Stainless Steel Scissors, Gift f","1","amazon.ca","Amazon","Richmond Hill","Ontario","L4S 2H","Combined TCS+MTC","25.73","3.34","0","0","0","0","0","0","0","0","-3.34","-3.86","-7.65","0","0","14.22"
"Dec 5, 2025 11:50:40 p.m. PST","25070279451","Order","701-8596714-2142653","9B-5VGN-40SH","Dream Reach 2 Pack Kitchen Scissors, Premium All-Metal Kitchen Shears, Heavy Duty Poultry Shears for Food, Food-Grade Stainless Steel Scissors, Gift f","1","amazon.ca","Amazon","Brampton","Ontario","L6R 1E","Combined TCS+MTC","25.73","3.34","0","0","0","0","0","0","0","0","-3.34","-3.86","-7.65","0","0","14.22"
"Dec 6, 2025 12:17:03 a.m. PST","25070279451","Order","701-2641330-0103468","9B-5VGN-40SH","Dream Reach 2 Pack Kitchen Scissors, Premium All-Metal Kitchen Shears, Heavy Duty Poultry Shears for Food, Food-Grade Stainless Steel Scissors, Gift f","1","amazon.ca","Amazon","Sainte-Marthe-sur-le-Lac","Quebec","J0N 1P","Combined TCS+MTC","25.73","3.85","0","0","0","0","0","0","0","0","-3.85","-3.86","-7.65","0","0","14.22"
"Dec 6, 2025 12:35:08 a.m. PST","25070279451","Order","701-2977567-6299404","9B-5VGN-40SH","Dream Reach 2 Pack Kitchen Scissors, Premium All-Metal Kitchen Shears, Heavy Duty Poultry Shears for Food, Food-Grade Stainless Steel Scissors, Gift f","2","amazon.ca","Amazon","Calgary","Alberta","T2Z 2G","Combined TCS+MTC","51.46","2.58","0","0","0","0","0","0","0","0","-2.58","-7.72","-15.30","0","0","28.44"
"Dec 6, 2025 1:28:05 a.m. PST","25070279451","Order","702-2045417-6522653","9B-5VGN-40SH","Dream Reach 2 Pack Kitchen Scissors, Premium All-Metal Kitchen Shears, Heavy Duty Poultry Shears for Food, Food-Grade Stainless Steel Scissors, Gift f","1","amazon.ca","Amazon","Calgary","Alberta","T3R 1Y","Combined TCS+MTC","25.73","1.29","0","0","0","0","0","0","0","0","-1.29","-3.86","-7.65","0","0","14.22"
"Dec 6, 2025 2:00:10 a.m. PST","25070279451","Order","702-3905724-6853052","KF02-BBJ","Dream Reach Chef Knife, Japanese Kitchen Knife, Sharp Stainless Steel Viking Style Meat Knife with Wooden Handle, Feather Design Cooking Knife with Sh","1","amazon.ca","Amazon","Mississauga","Ontario","L5L 2L","Combined TCS+MTC","28.49","3.70","6.99","0","0","0","0","0","-6.99","0","-3.70","-4.27","-7.13","0","0","17.09"
"Dec 6, 2025 2:05:32 a.m. PST","25070279451","Order","701-0306701-7997828","9B-5VGN-40SH","Dream Reach 2 Pack Kitchen Scissors, Premium All-Metal Kitchen Shears, Heavy Duty Poultry Shears for Food, Food-Grade Stainless Steel Scissors, Gift f","1","amazon.ca","Amazon","Calgary","Alberta","T2E 7R","Combined TCS+MTC","25.73","1.29","0","0","0","0","0","0","0","0","-1.29","-3.86","-8.19","0","0","13.68"
"Dec 6, 2025 2:12:01 a.m. PST","25070279451","Order","702-2811049-8633830","9B-5VGN-40SH","Dream Reach 2 Pack Kitchen Scissors, Premium All-Metal Kitchen Shears, Heavy Duty Poultry Shears for Food, Food-Grade Stainless Steel Scissors, Gift f","1","amazon.ca","Amazon","Kelowna","British Columbia","V1W 5K","Combined TCS+MTC","25.73","3.09","0","0","0","0","0","0","0","0","-3.09","-3.86","-8.19","0","0","13.68"
"Dec 6, 2025 2:19:47 a.m. PST","25070279451","Order","701-5964404-9965853","HS1901","Dream Reach 6"" Professional Hair Cutting Scissors Japan 440C Steel Thinning Scissor for Men/Women Cutting for Salon/Barber/Home (Straight Scissors)","1","amazon.ca","Amazon","Duncan","British Columbia","V9L 5V","Combined TCS+MTC","43.99","2.73","0","0","0","0","0","0","-21.20","0","-2.73","-3.42","-6.49","0","0","12.88"
"Dec 6, 2025 2:20:48 a.m. PST","25070279451","Order","702-8300182-2275421","9B-5VGN-40SH","Dream Reach 2 Pack Kitchen Scissors, Premium All-Metal Kitchen Shears, Heavy Duty Poultry Shears for Food, Food-Grade Stainless Steel Scissors, Gift f","1","amazon.ca","Amazon","Saskatoon","Saskatchewan","S7W 0G","Combined TCS+MTC","25.73","2.83","0","0","0","0","0","0","0","0","-2.83","-3.86","-7.65","0","0","14.22"
"Dec 6, 2025 2:55:46 a.m. PST","25070279451","Order","701-8306389-3177817","9B-5VGN-40SH","Dream Reach 2 Pack Kitchen Scissors, Premium All-Metal Kitchen Shears, Heavy Duty Poultry Shears for Food, Food-Grade Stainless Steel Scissors, Gift f","1","amazon.ca","Amazon","London","Ontario","N6K 5R","Combined TCS+MTC","25.73","3.34","0","0","0","0","0","0","0","0","-3.34","-3.86","-7.65","0","0","14.22"
"Dec 6, 2025 2:58:42 a.m. PST","25070279451","Order","702-7692764-6223416","KF04-BBJ","Dream Reach Meat Bone Cleaver Knife for Meat Cutting Handmade Heavy Duty Butcher Axes Hand Forged Full Tang Chopper for Kitchen Outdoor BBQ Chef Gifts","1","amazon.ca","Amazon","Paspebiac","Quebec","G0C 2K","Combined TCS+MTC","31.49","4.72","0","0","0","0","0","0","0","0","-4.72","-4.72","-8.74","0","0","18.03"
"Dec 6, 2025 3:08:47 a.m. PST","25070279451","Order","702-1545600-7265047","KF02-BBJ","Dream Reach Chef Knife, Japanese Kitchen Knife, Sharp Stainless Steel Viking Style Meat Knife with Wooden Handle, Feather Design Cooking Knife with Sh","1","amazon.ca","Amazon","Grimsby","Ontario","L3M 5B","Combined TCS+MTC","28.49","3.70","0","0","0","0","0","0","0","0","-3.70","-4.27","-7.13","0","0","17.09"
"Dec 6, 2025 3:12:15 a.m. PST","25070279451","Order","702-1427665-6394649","9B-5VGN-40SH","Dream Reach 2 Pack Kitchen Scissors, Premium All-Metal Kitchen Shears, Heavy Duty Poultry Shears for Food, Food-Grade Stainless Steel Scissors, Gift f","1","amazon.ca","Amazon","St julie","Quebec","J3E1L","Combined TCS+MTC","25.73","3.85","0","0","0","0","0","0","0","0","-3.85","-3.86","-7.65","0","0","14.22"
"Dec 6, 2025 3:15:53 a.m. PST","25070279451","Order","701-7252749-7970656","XX03","Dream Reach 7.0 Inches Professional Pet Cat Dog Grooming Shears Scissors, Straight and Curved Scissors, Thinning/Blending/Chunking Scissors Kit (Chunk","1","amazon.ca","Amazon","Brantford","Ontario","N3T 5L","Combined TCS+MTC","31.44","3.47","0","0","0","0","0","0","-4.72","0","-3.47","-4.01","-6.49","0","0","16.22"
"Dec 6, 2025 3:46:59 a.m. PST","25070279451","Order","701-5996601-3305855","9B-5VGN-40SH","Dream Reach 2 Pack Kitchen Scissors, Premium All-Metal Kitchen Shears, Heavy Duty Poultry Shears for Food, Food-Grade Stainless Steel Scissors, Gift f","1","amazon.ca","Amazon","Gloucester","Ontario","K1V 1L","Combined TCS+MTC","25.73","3.34","0.87","0","0","0","0","0","-0.87","0","-3.34","-3.86","-7.65","0","0","14.22"
"Dec 6, 2025 4:00:50 a.m. PST","25070279451","Order","701-0657755-6581053","9B-5VGN-40SH","Dream Reach 2 Pack Kitchen Scissors, Premium All-Metal Kitchen Shears, Heavy Duty Poultry Shears for Food, Food-Grade Stainless Steel Scissors, Gift f","1","amazon.ca","Amazon","Port Coquitlam","British Columbia","V3C 6M","Combined TCS+MTC","25.73","3.09","0","0","0","0","0","0","0","0","-3.09","-3.86","-8.19","0","0","13.68"
"Dec 6, 2025 4:04:14 a.m. PST","25070279451","Order","702-3268084-1544269","9B-5VGN-40SH","Dream Reach 2 Pack Kitchen Scissors, Premium All-Metal Kitchen Shears, Heavy Duty Poultry Shears for Food, Food-Grade Stainless Steel Scissors, Gift f","1","amazon.ca","Amazon","Fossambault sur le lac","Quebec","G3N 0N","Combined TCS+MTC","25.73","3.85","0","0","0","0","0","0","0","0","-3.85","-3.86","-7.65","0","0","14.22"
"Dec 6, 2025 4:17:20 a.m. PST","25070279451","Order","701-9837109-9143450","9B-5VGN-40SH","Dream Reach 2 Pack Kitchen Scissors, Premium All-Metal Kitchen Shears, Heavy Duty Poultry Shears for Food, Food-Grade Stainless Steel Scissors, Gift f","1","amazon.ca","Amazon","Ajax","Ontario","L1T 3L","Combined TCS+MTC","25.73","3.34","0","0","0","0","0","0","0","0","-3.34","-3.86","-7.65","0","0","14.22"
"Dec 6, 2025 4:24:09 a.m. PST","25070279451","Order","701-4164074-4153012","9B-5VGN-40SH","Dream Reach 2 Pack Kitchen Scissors, Premium All-Metal Kitchen Shears, Heavy Duty Poultry Shears for Food, Food-Grade Stainless Steel Scissors, Gift f","1","amazon.ca","Amazon","Williams lake","British Columbia","V2G1J","Combined TCS+MTC","29.99","3.60","0","0","0","0","0","0","0","0","-3.60","-4.50","-7.65","0","0","17.84"
"Dec 6, 2025 4:41:56 a.m. PST","25070279451","Order","702-1304291-9455466","KF02-BBJ","Dream Reach Chef Knife, Japanese Kitchen Knife, Sharp Stainless Steel Viking Style Meat Knife with Wooden Handle, Feather Design Cooking Knife with Sh","2","amazon.ca","Amazon","Newton Siding","Manitoba","R0H 0X","Combined TCS+MTC","56.98","6.84","7.85","0","0","0","0","0","-7.85","0","-6.84","-8.54","-14.26","0","0","34.18"
"Dec 6, 2025 4:47:41 a.m. PST","25070279451","Order","702-3492442-7965019","KF04-BBJ","Dream Reach Meat Bone Cleaver Knife for Meat Cutting Handmade Heavy Duty Butcher Axes Hand Forged Full Tang Chopper for Kitchen Outdoor BBQ Chef Gifts","1","amazon.ca","Amazon","FREDERICTON","NB","E3C1L","Combined TCS+MTC","31.49","4.72","0","0","0","0","0","0","0","0","-4.72","-4.72","-8.74","0","0","18.03"
"Dec 6, 2025 4:50:23 a.m. PST","25070279451","Order","701-2966005-7393039","KF05-BBJ","Dream Reach Meat Cleaver Knife Heavy Duty Bone Chopper High Carbon Steel Butcher Axe Bone Cutting Knife Hand Forged Butcher Knife for Kitchen Outdoor","1","amazon.ca","Amazon","CALGARY","AB","T2J1T","Combined TCS+MTC","35.09","1.75","0","0","0","0","0","0","0","0","-1.75","-5.26","-9.58","0","0","20.25"
"Dec 6, 2025 5:10:41 a.m. PST","25070279451","Order","701-4213821-2037069","KF04-BBJ","Dream Reach Meat Bone Cleaver Knife for Meat Cutting Handmade Heavy Duty Butcher Axes Hand Forged Full Tang Chopper for Kitchen Outdoor BBQ Chef Gifts","1","amazon.ca","Amazon","Brampton","Ontario","L6Y0P","Combined TCS+MTC","31.49","4.09","0","0","0","0","0","0","0","0","-4.09","-4.72","-8.74","0","0","18.03"
"Dec 6, 2025 5:21:47 a.m. PST","25070279451","Order","702-3082640-9781025","9B-5VGN-40SH","Dream Reach 2 Pack Kitchen Scissors, Premium All-Metal Kitchen Shears, Heavy Duty Poultry Shears for Food, Food-Grade Stainless Steel Scissors, Gift f","1","amazon.ca","Amazon","Coquitlam","British Columbia","V3B 0C","Combined TCS+MTC","25.73","3.09","0","0","0","0","0","0","0","0","-3.09","-3.86","-8.19","0","0","13.68"
"Dec 6, 2025 5:28:34 a.m. PST","25070279451","Order","702-4231178-7406643","9B-5VGN-40SH","Dream Reach 2 Pack Kitchen Scissors, Premium All-Metal Kitchen Shears, Heavy Duty Poultry Shears for Food, Food-Grade Stainless Steel Scissors, Gift f","1","amazon.ca","Amazon","Lorette","Manitoba","R5K 0Y","Combined TCS+MTC","25.73","3.09","0","0","0","0","0","0","0","0","-3.09","-3.86","-7.65","0","0","14.22"
"Dec 6, 2025 5:31:58 a.m. PST","25070279451","Order","701-3843223-7754605","9B-5VGN-40SH","Dream Reach 2 Pack Kitchen Scissors, Premium All-Metal Kitchen Shears, Heavy Duty Poultry Shears for Food, Food-Grade Stainless Steel Scissors, Gift f","1","amazon.ca","Amazon","Montreal-Ouest","Quebec","H4X 2B","Combined TCS+MTC","25.73","3.85","3.26","0","0","0","0","0","-3.26","0","-3.85","-3.86","-7.65","0","0","14.22"
"Dec 6, 2025 5:53:23 a.m. PST","25070279451","Order","702-7841353-4150664","9B-5VGN-40SH","Dream Reach 2 Pack Kitchen Scissors, Premium All-Metal Kitchen Shears, Heavy Duty Poultry Shears for Food, Food-Grade Stainless Steel Scissors, Gift f","1","amazon.ca","Amazon","St. Catharines","ON","L2N 4N","Combined TCS+MTC","25.73","3.34","0","0","0","0","0","0","0","0","-3.34","-3.86","-7.65","0","0","14.22"
"Dec 6, 2025 5:59:46 a.m. PST","25070279451","Order","702-1365003-8200207","9B-5VGN-40SH","Dream Reach 2 Pack Kitchen Scissors, Premium All-Metal Kitchen Shears, Heavy Duty Poultry Shears for Food, Food-Grade Stainless Steel Scissors, Gift f","1","amazon.ca","Amazon","Cambridge","ON","N1R3V","Combined TCS+MTC","25.73","3.34","0","0","0","0","0","0","0","0","-3.34","-3.86","-7.65","0","0","14.22"
"Dec 6, 2025 6:34:35 a.m. PST","25070279451","Order","701-5879794-5242629","9B-5VGN-40SH","Dream Reach 2 Pack Kitchen Scissors, Premium All-Metal Kitchen Shears, Heavy Duty Poultry Shears for Food, Food-Grade Stainless Steel Scissors, Gift f","1","amazon.ca","Amazon","Red Deer","Alberta","T4R 2J","Combined TCS+MTC","25.73","1.29","0","0","0","0","0","0","0","0","-1.29","-3.86","-7.65","0","0","14.22"
"Dec 6, 2025 6:44:18 a.m. PST","25070279451","Order","701-1827267-6144230","KF04-BBJ","Dream Reach Meat Bone Cleaver Knife for Meat Cutting Handmade Heavy Duty Butcher Axes Hand Forged Full Tang Chopper for Kitchen Outdoor BBQ Chef Gifts","1","amazon.ca","Amazon","Montreal","Quebec","H4B 1N","Combined TCS+MTC","31.49","4.72","3.93","0","0","0","0","0","-3.93","0","-4.72","-4.72","-8.74","0","0","18.03"
"Dec 6, 2025 7:00:19 a.m. PST","25070279451","Order","702-8034033-9617063","9B-5VGN-40SH","Dream Reach 2 Pack Kitchen Scissors, Premium All-Metal Kitchen Shears, Heavy Duty Poultry Shears for Food, Food-Grade Stainless Steel Scissors, Gift f","1","amazon.ca","Amazon","Stony plain","Alberta","T7Z 2X","Combined TCS+MTC","25.73","1.29","0","0","0","0","0","0","0","0","-1.29","-3.86","-7.65","0","0","14.22"
"Dec 6, 2025 7:08:18 a.m. PST","25070279451","Order","702-2146052-0403431","KF05-BBJ","Dream Reach Meat Cleaver Knife Heavy Duty Bone Chopper High Carbon Steel Butcher Axe Bone Cutting Knife Hand Forged Butcher Knife for Kitchen Outdoor","1","amazon.ca","Amazon","MCQUADE","NB","E1G5W","Combined TCS+MTC","35.09","5.26","0","0","0","0","0","0","0","0","-5.26","-5.26","-9.58","0","0","20.25"
"Dec 6, 2025 7:21:58 a.m. PST","25070279451","Order","702-7626335-3675430","9B-5VGN-40SH","Dream Reach 2 Pack Kitchen Scissors, Premium All-Metal Kitchen Shears, Heavy Duty Poultry Shears for Food, Food-Grade Stainless Steel Scissors, Gift f","1","amazon.ca","Amazon","Vancouver","British Columbia","V5P 4J","Combined TCS+MTC","25.73","3.09","0","0","0","0","0","0","0","0","-3.09","-3.86","-8.19","0","0","13.68"
"Dec 6, 2025 7:35:25 a.m. PST","25070279451","Order","701-4018315-0156266","9B-5VGN-40SH","Dream Reach 2 Pack Kitchen Scissors, Premium All-Metal Kitchen Shears, Heavy Duty Poultry Shears for Food, Food-Grade Stainless Steel Scissors, Gift f","1","amazon.ca","Amazon","Calgary","Alberta","T1Y 7G","Combined TCS+MTC","25.73","1.29","0","0","0","0","0","0","0","0","-1.29","-3.86","-8.19","0","0","13.68"
"Dec 6, 2025 7:38:49 a.m. PST","25070279451","Order","701-0852020-4670609","9B-5VGN-40SH","Dream Reach 2 Pack Kitchen Scissors, Premium All-Metal Kitchen Shears, Heavy Duty Poultry Shears for Food, Food-Grade Stainless Steel Scissors, Gift f","1","amazon.ca","Amazon","West Kelowna","British Columbia","V4T 1H","Combined TCS+MTC","25.73","3.09","0","0","0","0","0","0","0","0","-3.09","-3.86","-8.19","0","0","13.68"
"Dec 6, 2025 7:49:51 a.m. PST","25070279451","Order","701-6357681-0728207","Scissors04B6.5","Dream Reach 6.5"" Downward Curved Dog Grooming Scissors Shears for Grooming Face and Paws Safety Round Tips Shears Trimming Cutting Scissors for Dog Ca","1","amazon.ca","Amazon","Guelph","Ontario","N1E 1J","Combined TCS+MTC","39.09","4.32","0","0","0","0","0","0","-5.86","0","-4.32","-4.98","-6.49","0","0","21.76"
"Dec 6, 2025 7:53:14 a.m. PST","25070279451","Order","702-2421773-8589068","KF02-BBJ","Dream Reach Chef Knife, Japanese Kitchen Knife, Sharp Stainless Steel Viking Style Meat Knife with Wooden Handle, Feather Design Cooking Knife with Sh","4","amazon.ca","Amazon","Gravenhurst","Ontario","P1P 0A","Combined TCS+MTC","113.96","14.80","0","0","0","0","0","0","0","0","-14.80","-17.08","-28.52","0","0","68.36"
"Dec 6, 2025 7:55:41 a.m. PST","25070279451","Order","702-9493846-4656258","9B-5VGN-40SH","Dream Reach 2 Pack Kitchen Scissors, Premium All-Metal Kitchen Shears, Heavy Duty Poultry Shears for Food, Food-Grade Stainless Steel Scissors, Gift f","1","amazon.ca","Amazon","Perth","Ontario","K7H 3C","Combined TCS+MTC","25.73","3.34","0","0","0","0","0","0","0","0","-3.34","-3.86","-7.65","0","0","14.22"
"Dec 6, 2025 7:58:08 a.m. PST","25070279451","Order","701-9003135-7811402","9B-5VGN-40SH","Dream Reach 2 Pack Kitchen Scissors, Premium All-Metal Kitchen Shears, Heavy Duty Poultry Shears for Food, Food-Grade Stainless Steel Scissors, Gift f","1","amazon.ca","Amazon","Hamilton","ON","L8N 3Y","Combined TCS+MTC","25.73","3.34","0","0","0","0","0","0","0","0","-3.34","-3.86","-7.65","0","0","14.22"
"Dec 6, 2025 8:20:00 a.m. PST","25070279451","Order","701-5540428-8878624","HS1901","Dream Reach 6"" Professional Hair Cutting Scissors Japan 440C Steel Thinning Scissor for Men/Women Cutting for Salon/Barber/Home (Straight Scissors)","1","amazon.ca","Amazon","Queensville","Ontario","L0G 1R","Combined TCS+MTC","43.99","4.86","0","0","0","0","0","0","-6.60","0","-4.86","-5.61","-6.49","0","0","25.29"
"Dec 6, 2025 11:28:58 a.m. PST","25070279451","Order","701-6523094-8986664","9B-5VGN-40SH","Dream Reach 2 Pack Kitchen Scissors, Premium All-Metal Kitchen Shears, Heavy Duty Poultry Shears for Food, Food-Grade Stainless Steel Scissors, Gift f","1","amazon.ca","Amazon","Acton Vale","Quebec","J0H 1A","Combined TCS+MTC","25.73","3.85","0","0","0","0","0","0","0","0","-3.85","-3.86","-7.65","0","0","14.22"
"Dec 6, 2025 11:46:37 a.m. PST","25070279451","Order","701-5755204-9993851","KF04-BBJ","Dream Reach Meat Bone Cleaver Knife for Meat Cutting Handmade Heavy Duty Butcher Axes Hand Forged Full Tang Chopper for Kitchen Outdoor BBQ Chef Gifts","1","amazon.ca","Amazon","West St Paul","MB","R2V4T","Combined TCS+MTC","31.49","3.78","0","0","0","0","0","0","0","0","-3.78","-4.72","-8.74","0","0","18.03"
"Dec 6, 2025 12:21:25 p.m. PST","25070279451","Order","702-5282705-1908244","9B-5VGN-40SH","Dream Reach 2 Pack Kitchen Scissors, Premium All-Metal Kitchen Shears, Heavy Duty Poultry Shears for Food, Food-Grade Stainless Steel Scissors, Gift f","1","amazon.ca","Amazon","Sault Ste. Marie","Ontario","P6A 4A","Combined TCS+MTC","25.73","3.34","0","0","0","0","0","0","0","0","-3.34","-3.86","-7.65","0","0","14.22"
"Dec 6, 2025 1:00:16 p.m. PST","25070279451","Order","702-9286979-9343435","9B-5VGN-40SH","Dream Reach 2 Pack Kitchen Scissors, Premium All-Metal Kitchen Shears, Heavy Duty Poultry Shears for Food, Food-Grade Stainless Steel Scissors, Gift f","1","amazon.ca","Amazon","London","Ontario","N6G 4J","Combined TCS+MTC","25.73","3.34","3.49","0","0","0","0","0","-3.49","0","-3.34","-3.86","-7.65","0","0","14.22"
"Dec 6, 2025 1:39:07 p.m. PST","25070279451","Order","701-5725668-3589061","9B-5VGN-40SH","Dream Reach 2 Pack Kitchen Scissors, Premium All-Metal Kitchen Shears, Heavy Duty Poultry Shears for Food, Food-Grade Stainless Steel Scissors, Gift f","1","amazon.ca","Amazon","Carp","Ontario","K0A 1L","Combined TCS+MTC","25.73","3.34","0","0","0","0","0","0","0","0","-3.34","-3.86","-7.65","0","0","14.22"
"Dec 6, 2025 3:28:54 p.m. PST","25070279451","Order","701-0760034-5540231","9B-5VGN-40SH","Dream Reach 2 Pack Kitchen Scissors, Premium All-Metal Kitchen Shears, Heavy Duty Poultry Shears for Food, Food-Grade Stainless Steel Scissors, Gift f","1","amazon.ca","Amazon","Toronto","Ontario","M4Y 2J","Combined TCS+MTC","25.73","3.34","0","0","0","0","0","0","0","0","-3.34","-3.86","-7.65","0","0","14.22"
"Dec 6, 2025 4:18:42 p.m. PST","25070279451","Order","S01-9308331-5587649","KF02-BBJ","Dream Reach Chef Knife, Japanese Kitchen Knife, Sharp Stainless Steel Viking Style Meat Knife with Wooden Handle, Feather Design Cooking Knife with Sheath & Gift Box, Gift for Men and Chefs","1","siprod.stores.amazon.ca","Amazon","DAWSON CREEK","BC","V1G 3H","","0","0","0","0","0","0","0","0","0","0","0","0","-4.09","0","0","-4.09"
"Dec 6, 2025 4:18:42 p.m. PST","25070279451","Order","S01-9308331-5587649","","FBA transportation fee","","siprod.stores.amazon.ca","Amazon","DAWSON CREEK","BC","V1G 3H","","0","0","0","0","0","0","0","0","0","0","0","0","0","0","-7.50","-7.50"
"Dec 6, 2025 4:23:49 p.m. PST","25070279451","Order","S01-8657286-0766839","KF02-BBJ","Dream Reach Chef Knife, Japanese Kitchen Knife, Sharp Stainless Steel Viking Style Meat Knife with Wooden Handle, Feather Design Cooking Knife with Sheath & Gift Box, Gift for Men and Chefs","1","siprod.stores.amazon.ca","Amazon","SALMON ARM","BC","V1E 2Z","","0","0","0","0","0","0","0","0","0","0","0","0","-4.09","0","0","-4.09"
"Dec 6, 2025 4:23:49 p.m. PST","25070279451","Order","S01-8657286-0766839","","FBA transportation fee","","siprod.stores.amazon.ca","Amazon","SALMON ARM","BC","V1E 2Z","","0","0","0","0","0","0","0","0","0","0","0","0","0","0","-7.50","-7.50"
"Dec 6, 2025 4:43:51 p.m. PST","25070279451","Refund","701-1009284-1347453","KF04-BBJ","Dream Reach Meat Bone Cleaver Knife for Meat Cutting Handmade Heavy Duty Butcher Axes Hand Forged Full Tang Chopper for Kitchen Outdoor BBQ Chef Gifts","1","amazon.ca","Amazon","Oshawa","Ontario","L1L 0B","Combined TCS+MTC","-31.49","-4.09","-3.92","0","0","0","0","0","3.92","0","4.09","3.78","0","0","0","-27.71"
"Dec 6, 2025 6:40:47 p.m. PST","25070279451","Order","701-2778808-3566617","9B-5VGN-40SH","Dream Reach 2 Pack Kitchen Scissors, Premium All-Metal Kitchen Shears, Heavy Duty Poultry Shears for Food, Food-Grade Stainless Steel Scissors, Gift f","1","amazon.ca","Amazon","Scarborough","Ontario","M1N 3N","Combined TCS+MTC","25.73","3.34","0","0","0","0","0","0","0","0","-3.34","-3.86","-7.65","0","0","14.22"
"Dec 6, 2025 8:07:46 p.m. PST","25070279451","Service Fee","","","Cost of advertising","","","","","","","","0","0","0","0","0","0","0","0","0","0","0","0","0","-502.07","0","-502.07"
"Dec 6, 2025 8:34:36 p.m. PST","25070279451","Order","701-7499059-6515467","KF02-BBJ","Dream Reach Chef Knife, Japanese Kitchen Knife, Sharp Stainless Steel Viking Style Meat Knife with Wooden Handle, Feather Design Cooking Knife with Sh","1","amazon.ca","Amazon","Longueuil","Quebec","J4H 1R","Combined TCS+MTC","28.49","4.27","0","0","0","0","0","0","0","0","-4.27","-4.27","-7.13","0","0","17.09"
"Dec 6, 2025 8:54:06 p.m. PST","25070279451","Order","701-7244601-9754657","KF04-BBJ","Dream Reach Meat Bone Cleaver Knife for Meat Cutting Handmade Heavy Duty Butcher Axes Hand Forged Full Tang Chopper for Kitchen Outdoor BBQ Chef Gifts","1","amazon.ca","Amazon","Toronto","Ontario","M1G 2V","Combined TCS+MTC","31.49","4.09","0","0","0","0","0","0","0","0","-4.09","-4.72","-8.74","0","0","18.03"
"Dec 6, 2025 11:06:06 p.m. PST","25070279451","Order","701-2473743-4803449","9B-5VGN-40SH","Dream Reach 2 Pack Kitchen Scissors, Premium All-Metal Kitchen Shears, Heavy Duty Poultry Shears for Food, Food-Grade Stainless Steel Scissors, Gift f","1","amazon.ca","Amazon","Beloeil","Quebec","J3G 5R","Combined TCS+MTC","25.73","3.85","0","0","0","0","0","0","0","0","-3.85","-3.86","-7.65","0","0","14.22"
"Dec 6, 2025 11:55:42 p.m. PST","25070279451","Order","702-9912238-4964223","9B-5VGN-40SH","Dream Reach 2 Pack Kitchen Scissors, Premium All-Metal Kitchen Shears, Heavy Duty Poultry Shears for Food, Food-Grade Stainless Steel Scissors, Gift f","1","amazon.ca","Amazon","Toronto","Ontario","M5M 2B","Combined TCS+MTC","25.73","3.34","0","0","0","0","0","0","0","0","-3.34","-3.86","-7.65","0","0","14.22"
"Dec 7, 2025 12:02:55 a.m. PST","25070279451","Order","701-2009530-6247443","9B-5VGN-40SH","Dream Reach 2 Pack Kitchen Scissors, Premium All-Metal Kitchen Shears, Heavy Duty Poultry Shears for Food, Food-Grade Stainless Steel Scissors, Gift f","1","amazon.ca","Amazon","Vancouver","British Columbia","V5Y 0B","Combined TCS+MTC","25.73","3.09","6.99","0","0","0","0","0","-6.99","0","-3.09","-3.86","-8.19","0","0","13.68"
"Dec 7, 2025 12:33:09 a.m. PST","25070279451","Order","702-0160998-3596262","9B-5VGN-40SH","Dream Reach 2 Pack Kitchen Scissors, Premium All-Metal Kitchen Shears, Heavy Duty Poultry Shears for Food, Food-Grade Stainless Steel Scissors, Gift f","1","amazon.ca","Amazon","Sanford","Manitoba","R0G 2J","Combined TCS+MTC","25.73","3.09","0","0","0","0","0","0","0","0","-3.09","-3.86","-7.65","0","0","14.22"
"Dec 7, 2025 12:40:34 a.m. PST","25070279451","Order","701-7165285-7000222","KF02-BBJ","Dream Reach Chef Knife, Japanese Kitchen Knife, Sharp Stainless Steel Viking Style Meat Knife with Wooden Handle, Feather Design Cooking Knife with Sh","2","amazon.ca","Amazon","Lumby","British Columbia","V0E 2G","Combined TCS+MTC","56.98","6.84","0","0","0","0","0","0","0","0","-6.84","-8.54","-15.26","0","0","33.18"
"Dec 7, 2025 12:46:48 a.m. PST","25070279451","Order","701-8105081-0745022","CWJ02-Black7.5Set-BBJ","Dream Reach Dog Grooming Scissors - Professional 7.5 Inch Pet Scissors Sharp and Durable Shears Set Thinning, Chunker, Straight, Curved Shears and Com","1","amazon.ca","Amazon","Okotoks","Alberta","T1S 0P","Combined TCS+MTC","49.71","2.49","0","0","0","0","0","0","0","0","-2.49","-7.46","-7.65","0","0","34.60"
"Dec 7, 2025 1:14:47 a.m. PST","25070279451","Order","702-5611429-3387446","9B-5VGN-40SH","Dream Reach 2 Pack Kitchen Scissors, Premium All-Metal Kitchen Shears, Heavy Duty Poultry Shears for Food, Food-Grade Stainless Steel Scissors, Gift f","1","amazon.ca","Amazon","Severn","Ontario","L3V 0T","Combined TCS+MTC","25.73","3.34","0","0","0","0","0","0","0","0","-3.34","-3.86","-7.65","0","0","14.22"
"Dec 7, 2025 1:31:34 a.m. PST","25070279451","Order","702-1033436-6373819","KF02-BBJ","Dream Reach Chef Knife, Japanese Kitchen Knife, Sharp Stainless Steel Viking Style Meat Knife with Wooden Handle, Feather Design Cooking Knife with Sh","1","amazon.ca","Amazon","Edmonton","Alberta","T5P 1X","Combined TCS+MTC","28.49","1.42","0","0","0","0","0","0","0","0","-1.42","-4.27","-7.63","0","0","16.59"
"Dec 7, 2025 1:50:43 a.m. PST","25070279451","Order","702-4867020-5661059","9B-5VGN-40SH","Dream Reach 2 Pack Kitchen Scissors, Premium All-Metal Kitchen Shears, Heavy Duty Poultry Shears for Food, Food-Grade Stainless Steel Scissors, Gift f","1","amazon.ca","Amazon","Repentigny","Quebec","J6A 0A","Combined TCS+MTC","25.73","3.85","0","0","0","0","0","0","0","0","-3.85","-3.86","-7.65","0","0","14.22"
"Dec 7, 2025 1:55:59 a.m. PST","25070279451","Order","702-0327145-5915405","9B-5VGN-40SH","Dream Reach 2 Pack Kitchen Scissors, Premium All-Metal Kitchen Shears, Heavy Duty Poultry Shears for Food, Food-Grade Stainless Steel Scissors, Gift f","1","amazon.ca","Amazon","Saskatoon","Saskatchewan","S7J 1E","Combined TCS+MTC","25.73","2.83","0","0","0","0","0","0","0","0","-2.83","-3.86","-7.65","0","0","14.22"
"Dec 7, 2025 2:02:11 a.m. PST","25070279451","Order","702-8387904-1045826","KF05-BBJ","Dream Reach Meat Cleaver Knife Heavy Duty Bone Chopper High Carbon Steel Butcher Axe Bone Cutting Knife Hand Forged Butcher Knife for Kitchen Outdoor","1","amazon.ca","Amazon","Gloucester","On","K1V 2K","Combined TCS+MTC","35.09","4.56","3.50","0","0","0","0","0","-3.50","0","-4.56","-5.26","-9.58","0","0","20.25"
"Dec 7, 2025 2:09:16 a.m. PST","25070279451","Order","702-7349344-0703469","KF02-BBJ","Dream Reach Chef Knife, Japanese Kitchen Knife, Sharp Stainless Steel Viking Style Meat Knife with Wooden Handle, Feather Design Cooking Knife with Sh","2","amazon.ca","Amazon","Amqui","Quebec","G5J 2G","Combined TCS+MTC","56.98","8.54","0","0","0","0","0","0","0","0","-8.54","-8.54","-14.26","0","0","34.18"
"Dec 7, 2025 2:26:18 a.m. PST","25070279451","Order","701-3691931-0761003","Scissors04B6.5","Dream Reach 6.5"" Downward Curved Dog Grooming Scissors Shears for Grooming Face and Paws Safety Round Tips Shears Trimming Cutting Scissors for Dog Ca","1","amazon.ca","Amazon","Whitehorse","Yukon","Y1A 0T","Combined TCS+MTC","39.09","1.66","2.28","0","0","0","0","0","-8.14","0","-1.66","-4.98","-6.49","0","0","21.76"
"Dec 7, 2025 2:40:32 a.m. PST","25070279451","Order","702-9974430-5394623","BBJK06-Set6","Dream Reach Knife Set with Roll Bag, 6-Piece Professional Chef Knife Set, High Carbon Steel Black Kitchen Knives for Cooking, BBQ & Outdoor Use","1","amazon.ca","Amazon","Toronto","Ontario","M2R 3M","Combined TCS+MTC","73.94","9.61","0","0","0","0","0","0","0","0","-9.61","-11.09","-11.45","0","0","51.40"
"Dec 7, 2025 2:44:22 a.m. PST","25070279451","Order","701-7480699-1478658","9B-5VGN-40SH","Dream Reach 2 Pack Kitchen Scissors, Premium All-Metal Kitchen Shears, Heavy Duty Poultry Shears for Food, Food-Grade Stainless Steel Scissors, Gift f","1","amazon.ca","Amazon","Toronto","Ontario","M5C 0A","Combined TCS+MTC","25.73","3.34","0","0","0","0","0","0","0","0","-3.34","-3.86","-7.65","0","0","14.22"
"Dec 7, 2025 2:56:20 a.m. PST","25070279451","Order","S01-0074811-1352441","KF02-BBJ","Dream Reach Chef Knife, Japanese Kitchen Knife, Sharp Stainless Steel Viking Style Meat Knife with Wooden Handle, Feather Design Cooking Knife with Sheath & Gift Box, Gift for Men and Chefs","3","siprod.stores.amazon.ca","Amazon","RICHMOND HILL","ON","L4B 3G","","0","0","0","0","0","0","0","0","0","0","0","0","-12.26","0","0","-12.26"
"Dec 7, 2025 2:56:20 a.m. PST","25070279451","Order","S01-0074811-1352441","","FBA transportation fee","","siprod.stores.amazon.ca","Amazon","RICHMOND HILL","ON","L4B 3G","","0","0","0","0","0","0","0","0","0","0","0","0","0","0","-10.03","-10.03"
"Dec 7, 2025 3:23:48 a.m. PST","25070279451","Order","701-2962276-4420268","9B-5VGN-40SH","Dream Reach 2 Pack Kitchen Scissors, Premium All-Metal Kitchen Shears, Heavy Duty Poultry Shears for Food, Food-Grade Stainless Steel Scissors, Gift f","1","amazon.ca","Amazon","Warkworth","Ontario","K0K 3K","Combined TCS+MTC","25.73","3.34","0","0","0","0","0","0","0","0","-3.34","-3.86","-7.65","0","0","14.22"
"Dec 7, 2025 3:27:27 a.m. PST","25070279451","Order","701-3400342-9362643","9B-5VGN-40SH","Dream Reach 2 Pack Kitchen Scissors, Premium All-Metal Kitchen Shears, Heavy Duty Poultry Shears for Food, Food-Grade Stainless Steel Scissors, Gift f","1","amazon.ca","Amazon","Longueuil","Quebec","J4L 2S","Combined TCS+MTC","25.73","3.85","3.92","0","0","0","0","0","-3.92","0","-3.85","-3.86","-7.65","0","0","14.22"
"Dec 7, 2025 3:28:07 a.m. PST","25070279451","Order","702-1640424-8373858","9B-5VGN-40SH","Dream Reach 2 Pack Kitchen Scissors, Premium All-Metal Kitchen Shears, Heavy Duty Poultry Shears for Food, Food-Grade Stainless Steel Scissors, Gift f","1","amazon.ca","Amazon","STURGEON COUNTY","ALBERTA","T0A 1N","Combined TCS+MTC","25.73","1.29","0","0","0","0","0","0","0","0","-1.29","-3.86","-7.65","0","0","14.22"
"Dec 7, 2025 3:38:06 a.m. PST","25070279451","Order","702-4437210-1003426","9B-5VGN-40SH","Dream Reach 2 Pack Kitchen Scissors, Premium All-Metal Kitchen Shears, Heavy Duty Poultry Shears for Food, Food-Grade Stainless Steel Scissors, Gift f","1","amazon.ca","Amazon","Hamilton","Ontario","L8K 4E","Combined TCS+MTC","25.73","3.34","0","0","0","0","0","0","0","0","-3.34","-3.86","-7.65","0","0","14.22"
"Dec 7, 2025 3:44:29 a.m. PST","25070279451","Order","701-8395927-3710655","9B-5VGN-40SH","Dream Reach 2 Pack Kitchen Scissors, Premium All-Metal Kitchen Shears, Heavy Duty Poultry Shears for Food, Food-Grade Stainless Steel Scissors, Gift f","1","amazon.ca","Amazon","St Catharines","Ontario","L2R 6N","Combined TCS+MTC","25.73","3.34","0.99","0","0","0","0","0","-0.99","0","-3.34","-3.86","-7.65","0","0","14.22"
"Dec 7, 2025 5:29:50 a.m. PST","25070279451","Order","701-2375103-7564217","9B-5VGN-40SH","Dream Reach 2 Pack Kitchen Scissors, Premium All-Metal Kitchen Shears, Heavy Duty Poultry Shears for Food, Food-Grade Stainless Steel Scissors, Gift f","1","amazon.ca","Amazon","Georgetown","ON","L7G4S","Combined TCS+MTC","25.73","3.34","0","0","0","0","0","0","0","0","-3.34","-3.86","-7.65","0","0","14.22"
"Dec 7, 2025 5:40:55 a.m. PST","25070279451","Order","702-9308345-5841850","9B-5VGN-40SH","Dream Reach 2 Pack Kitchen Scissors, Premium All-Metal Kitchen Shears, Heavy Duty Poultry Shears for Food, Food-Grade Stainless Steel Scissors, Gift f","1","amazon.ca","Amazon","Lasalle","Ontario","N9J 3N","Combined TCS+MTC","25.73","3.34","6.99","0","0","0","0","0","-6.99","0","-3.34","-3.86","-7.65","0","0","14.22"
"Dec 7, 2025 5:59:16 a.m. PST","25070279451","Order","701-2659624-1465802","KF04-BBJ","Dream Reach Meat Bone Cleaver Knife for Meat Cutting Handmade Heavy Duty Butcher Axes Hand Forged Full Tang Chopper for Kitchen Outdoor BBQ Chef Gifts","1","amazon.ca","Amazon","Brampton","Ontario","L6Z 1W","Combined TCS+MTC","31.49","4.09","0","0","0","0","0","0","0","0","-4.09","-4.72","-8.74","0","0","18.03"
"Dec 7, 2025 6:36:24 a.m. PST","25070279451","Order","702-4552168-3905009","9B-5VGN-40SH","Dream Reach 2 Pack Kitchen Scissors, Premium All-Metal Kitchen Shears, Heavy Duty Poultry Shears for Food, Food-Grade Stainless Steel Scissors, Gift f","1","amazon.ca","Amazon","Saskatoon","Saskatchewan","S7H 5E","Combined TCS+MTC","25.73","2.83","0","0","0","0","0","0","0","0","-2.83","-3.86","-7.65","0","0","14.22"
"Dec 7, 2025 6:41:55 a.m. PST","25070279451","Order","701-5909807-8204247","KF04-BBJ","Dream Reach Meat Bone Cleaver Knife for Meat Cutting Handmade Heavy Duty Butcher Axes Hand Forged Full Tang Chopper for Kitchen Outdoor BBQ Chef Gifts","1","amazon.ca","Amazon","Fort McMurray","Alberta","T9H 3Z","Combined TCS+MTC","31.49","1.57","0","0","0","0","0","0","0","0","-1.57","-4.72","-8.74","0","0","18.03"
"Dec 7, 2025 6:42:12 a.m. PST","25070279451","Order","702-4627325-7565056","9B-5VGN-40SH","Dream Reach 2 Pack Kitchen Scissors, Premium All-Metal Kitchen Shears, Heavy Duty Poultry Shears for Food, Food-Grade Stainless Steel Scissors, Gift f","1","amazon.ca","Amazon","Winnipeg","Manitoba","R2H 1W","Combined TCS+MTC","25.73","3.09","3.93","0","0","0","0","0","-3.93","0","-3.09","-3.86","-7.65","0","0","14.22"
"Dec 7, 2025 6:45:07 a.m. PST","25070279451","Order","702-2443242-2601862","KF04-BBJ","Dream Reach Meat Bone Cleaver Knife for Meat Cutting Handmade Heavy Duty Butcher Axes Hand Forged Full Tang Chopper for Kitchen Outdoor BBQ Chef Gifts","1","amazon.ca","Amazon","Terrebonne","Quebec","J6V 0A","Combined TCS+MTC","31.49","4.72","0","0","0","0","0","0","0","0","-4.72","-4.72","-8.74","0","0","18.03"
"Dec 7, 2025 6:50:48 a.m. PST","25070279451","Order","701-8680763-1726607","KF02-BBJ","Dream Reach Chef Knife, Japanese Kitchen Knife, Sharp Stainless Steel Viking Style Meat Knife with Wooden Handle, Feather Design Cooking Knife with Sh","1","amazon.ca","Amazon","Parkland COunty","Alberta","T7Y 1H","Combined TCS+MTC","28.49","1.42","0","0","0","0","0","0","0","0","-1.42","-4.27","-7.13","0","0","17.09"
"Dec 7, 2025 6:52:36 a.m. PST","25070279451","Order","701-0714719-1746625","9B-5VGN-40SH","Dream Reach 2 Pack Kitchen Scissors, Premium All-Metal Kitchen Shears, Heavy Duty Poultry Shears for Food, Food-Grade Stainless Steel Scissors, Gift f","1","amazon.ca","Amazon","Mississauga","ON","L5M 7H","Combined TCS+MTC","25.73","3.34","0","0","0","0","0","0","0","0","-3.34","-3.86","-7.65","0","0","14.22"
"Dec 7, 2025 6:55:05 a.m. PST","25070279451","Order","701-5144600-4233007","KF04-BBJ","Dream Reach Meat Bone Cleaver Knife for Meat Cutting Handmade Heavy Duty Butcher Axes Hand Forged Full Tang Chopper for Kitchen Outdoor BBQ Chef Gifts","1","amazon.ca","Amazon","Woodstock","Ontario","N4S7V","Combined TCS+MTC","31.49","4.09","0","0","0","0","0","0","0","0","-4.09","-4.72","-8.74","0","0","18.03"
"Dec 7, 2025 7:14:35 a.m. PST","25070279451","Order","701-6964993-9267442","KF02-BBJ","Dream Reach Chef Knife, Japanese Kitchen Knife, Sharp Stainless Steel Viking Style Meat Knife with Wooden Handle, Feather Design Cooking Knife with Sh","1","amazon.ca","Amazon","Kamloops","British Columbia","V1S 1B","Combined TCS+MTC","28.49","3.42","0","0","0","0","0","0","0","0","-3.42","-4.27","-7.63","0","0","16.59"
"Dec 7, 2025 7:15:55 a.m. PST","25070279451","Order","701-0110619-0968253","KF02-BBJ","Dream Reach Chef Knife, Japanese Kitchen Knife, Sharp Stainless Steel Viking Style Meat Knife with Wooden Handle, Feather Design Cooking Knife with Sh","1","amazon.ca","Amazon","Ottawa","Ontario","K1B 4R","Combined TCS+MTC","28.49","3.70","0","0","0","0","0","0","0","0","-3.70","-4.27","-7.13","0","0","17.09"
"Dec 7, 2025 7:37:40 a.m. PST","25070279451","Order","701-5500732-0801809","9B-5VGN-40SH","Dream Reach 2 Pack Kitchen Scissors, Premium All-Metal Kitchen Shears, Heavy Duty Poultry Shears for Food, Food-Grade Stainless Steel Scissors, Gift f","1","amazon.ca","Amazon","Amqui","Québec","G5J 1X","Combined TCS+MTC","25.73","3.85","0","0","0","0","0","0","0","0","-3.85","-3.86","-7.65","0","0","14.22"
"Dec 7, 2025 7:52:38 a.m. PST","25070279451","Order","701-8443578-5841032","9B-5VGN-40SH","Dream Reach 2 Pack Kitchen Scissors, Premium All-Metal Kitchen Shears, Heavy Duty Poultry Shears for Food, Food-Grade Stainless Steel Scissors, Gift f","1","amazon.ca","Amazon","Sabrevois","Quebec","J0J2G","Combined TCS+MTC","25.73","3.85","0","0","0","0","0","0","0","0","-3.85","-3.86","-7.65","0","0","14.22"
"Dec 7, 2025 7:54:35 a.m. PST","25070279451","Order","702-8843899-0421838","KF02-BBJ","Dream Reach Chef Knife, Japanese Kitchen Knife, Sharp Stainless Steel Viking Style Meat Knife with Wooden Handle, Feather Design Cooking Knife with Sh","1","amazon.ca","Amazon","Inverary","Ontario","K0H 1X","Combined TCS+MTC","28.49","3.70","0","0","0","0","0","0","0","0","-3.70","-4.27","-7.13","0","0","17.09"
"Dec 7, 2025 7:57:36 a.m. PST","25070279451","Order","701-6406698-8567458","9B-5VGN-40SH","Dream Reach 2 Pack Kitchen Scissors, Premium All-Metal Kitchen Shears, Heavy Duty Poultry Shears for Food, Food-Grade Stainless Steel Scissors, Gift f","1","amazon.ca","Amazon","Quebec","Quebec","G2A3X","Combined TCS+MTC","25.73","3.85","0","0","0","0","0","0","0","0","-3.85","-3.86","-7.65","0","0","14.22"
"Dec 7, 2025 8:09:20 a.m. PST","25070279451","Order","701-5659845-4625035","KF02-BBJ","Dream Reach Chef Knife, Japanese Kitchen Knife, Sharp Stainless Steel Viking Style Meat Knife with Wooden Handle, Feather Design Cooking Knife with Sh","1","amazon.ca","Amazon","Laval","Quebec","H7X 3Y","Combined TCS+MTC","28.49","4.27","0","0","0","0","0","0","0","0","-4.27","-4.27","-7.13","0","0","17.09"
"Dec 7, 2025 11:20:57 a.m. PST","25070279451","Order","S01-8633977-4035603","KF02-BBJ","Dream Reach Chef Knife, Japanese Kitchen Knife, Sharp Stainless Steel Viking Style Meat Knife with Wooden Handle, Feather Design Cooking Knife with Sheath & Gift Box, Gift for Men and Chefs","1","siprod.stores.amazon.ca","Amazon","LONDON","ON","N5Z 4J","","0","0","0","0","0","0","0","0","0","0","0","0","-3.82","0","0","-3.82"
"Dec 7, 2025 11:20:57 a.m. PST","25070279451","Order","S01-8633977-4035603","","FBA transportation fee","","siprod.stores.amazon.ca","Amazon","LONDON","ON","N5Z 4J","","0","0","0","0","0","0","0","0","0","0","0","0","0","0","-7.01","-7.01"
"Dec 7, 2025 12:48:51 p.m. PST","25070279451","Order","701-3133302-3057057","9B-5VGN-40SH","Dream Reach 2 Pack Kitchen Scissors, Premium All-Metal Kitchen Shears, Heavy Duty Poultry Shears for Food, Food-Grade Stainless Steel Scissors, Gift f","1","amazon.ca","Amazon","Stouffville","Ontario","L4A 2M","Combined TCS+MTC","25.73","3.34","0","0","0","0","0","0","0","0","-3.34","-3.86","-7.65","0","0","14.22"
"Dec 7, 2025 5:49:38 p.m. PST","25070279451","Order","701-0636686-8046658","KF05-BBJ","Dream Reach Meat Cleaver Knife Heavy Duty Bone Chopper High Carbon Steel Butcher Axe Bone Cutting Knife Hand Forged Butcher Knife for Kitchen Outdoor","1","amazon.ca","Amazon","MARKHAM","ONTARIO","L3R3Y","Combined TCS+MTC","35.09","4.56","0","0","0","0","0","0","0","0","-4.56","-5.26","-9.58","0","0","20.25"
"Dec 7, 2025 9:08:10 p.m. PST","25070279451","Refund","702-2251731-7660218","9B-5VGN-40SH","Dream Reach 2 Pack Kitchen Scissors, Premium All-Metal Kitchen Shears, Heavy Duty Poultry Shears for Food, Food-Grade Stainless Steel Scissors, Gift f","1","amazon.ca","Amazon","Calgary","Alberta","T3H 0C","Combined TCS+MTC","-25.73","-1.29","0","0","0","0","0","0","0","0","1.29","3.09","0","0","0","-22.64"
"Dec 7, 2025 10:15:17 p.m. PST","25070279451","Order","701-2615637-1192221","9B-5VGN-40SH","Dream Reach 2 Pack Kitchen Scissors, Premium All-Metal Kitchen Shears, Heavy Duty Poultry Shears for Food, Food-Grade Stainless Steel Scissors, Gift f","1","amazon.ca","Amazon","Regina","Saskatchewan","S4T 4A","Combined TCS+MTC","25.73","2.83","0","0","0","0","0","0","0","0","-2.83","-3.86","-7.65","0","0","14.22"
"Dec 7, 2025 10:16:40 p.m. PST","25070279451","FBA Inventory Fee","","","FBA storage fee","","Amazon.ca","","","","","","0","0","0","0","0","0","0","0","0","0","0","0","0","0","-294.83","-294.83"
"Dec 7, 2025 10:53:37 p.m. PST","25070279451","Order","702-8389564-5656200","9B-5VGN-40SH","Dream Reach 2 Pack Kitchen Scissors, Premium All-Metal Kitchen Shears, Heavy Duty Poultry Shears for Food, Food-Grade Stainless Steel Scissors, Gift f","1","amazon.ca","Amazon","La Macaza","Quebec","J0T 1R","Combined TCS+MTC","25.73","3.85","0","0","0","0","0","0","0","0","-3.85","-3.86","-7.65","0","0","14.22"
"Dec 7, 2025 10:56:28 p.m. PST","25070279451","Order","701-0351142-8493016","9B-5VGN-40SH","Dream Reach 2 Pack Kitchen Scissors, Premium All-Metal Kitchen Shears, Heavy Duty Poultry Shears for Food, Food-Grade Stainless Steel Scissors, Gift f","1","amazon.ca","Amazon","Hamilton","Ontario","L9C 0E","Combined TCS+MTC","25.73","3.34","0","0","0","0","0","0","0","0","-3.34","-3.86","-7.65","0","0","14.22"
"Dec 7, 2025 11:06:24 p.m. PST","25070279451","Order","701-0573887-1593036","9B-5VGN-40SH","Dream Reach 2 Pack Kitchen Scissors, Premium All-Metal Kitchen Shears, Heavy Duty Poultry Shears for Food, Food-Grade Stainless Steel Scissors, Gift f","1","amazon.ca","Amazon","St Catharines","Ontario","L2M 1H","Combined TCS+MTC","25.73","3.34","0","0","0","0","0","0","0","0","-3.34","-3.86","-7.65","0","0","14.22"
"Dec 7, 2025 11:12:27 p.m. PST","25070279451","Order","702-0550071-8158664","9B-5VGN-40SH","Dream Reach 2 Pack Kitchen Scissors, Premium All-Metal Kitchen Shears, Heavy Duty Poultry Shears for Food, Food-Grade Stainless Steel Scissors, Gift f","1","amazon.ca","Amazon","Halifax","Nova Scotia","B3P 0H","Combined TCS+MTC","25.73","3.60","3.27","0","0","0","0","0","-3.27","0","-3.60","-3.86","-7.65","0","0","14.22"
"Dec 7, 2025 11:58:27 p.m. PST","25070279451","Order","701-8224795-0032233","9B-5VGN-40SH","Dream Reach 2 Pack Kitchen Scissors, Premium All-Metal Kitchen Shears, Heavy Duty Poultry Shears for Food, Food-Grade Stainless Steel Scissors, Gift f","1","amazon.ca","Amazon","Cowansville","Quebec","J2K 0J","Combined TCS+MTC","25.73","3.85","0","0","0","0","0","0","0","0","-3.85","-3.86","-7.65","0","0","14.22"
"Dec 8, 2025 12:23:28 a.m. PST","25070279451","Order","702-0785657-5143468","KF04-BBJ","Dream Reach Meat Bone Cleaver Knife for Meat Cutting Handmade Heavy Duty Butcher Axes Hand Forged Full Tang Chopper for Kitchen Outdoor BBQ Chef Gifts","1","amazon.ca","Amazon","Port McNicoll","Ontario","L0K 1R","Combined TCS+MTC","31.49","4.09","0","0","0","0","0","0","0","0","-4.09","-4.72","-8.74","0","0","18.03"
"Dec 8, 2025 12:39:51 a.m. PST","25070279451","Order","701-4855706-1655418","KF02-BBJ","Dream Reach Chef Knife, Japanese Kitchen Knife, Sharp Stainless Steel Viking Style Meat Knife with Wooden Handle, Feather Design Cooking Knife with Sh","1","amazon.ca","Amazon","Fort Saskatchewan","Alberta","T8L 1L","Combined TCS+MTC","28.49","1.42","0","0","0","0","0","0","0","0","-1.42","-4.27","-7.63","0","0","16.59"
"Dec 8, 2025 1:22:57 a.m. PST","25070279451","Order","702-0577517-2374627","9B-5VGN-40SH","Dream Reach 2 Pack Kitchen Scissors, Premium All-Metal Kitchen Shears, Heavy Duty Poultry Shears for Food, Food-Grade Stainless Steel Scissors, Gift f","1","amazon.ca","Amazon","South Bruce Peninsula","Ontario","N0H 2T","Combined TCS+MTC","25.73","3.34","0","0","0","0","0","0","0","0","-3.34","-3.86","-7.65","0","0","14.22"
"Dec 8, 2025 1:23:05 a.m. PST","25070279451","Order","701-7451052-4955430","KF02-BBJ","Dream Reach Chef Knife, Japanese Kitchen Knife, Sharp Stainless Steel Viking Style Meat Knife with Wooden Handle, Feather Design Cooking Knife with Sh","1","amazon.ca","Amazon","Prince George","British Columbia","V2M 3Y","Combined TCS+MTC","28.49","3.42","0","0","0","0","0","0","0","0","-3.42","-4.27","-7.63","0","0","16.59"
"Dec 8, 2025 2:12:22 a.m. PST","25070279451","Order","702-2946403-1368228","9B-5VGN-40SH","Dream Reach 2 Pack Kitchen Scissors, Premium All-Metal Kitchen Shears, Heavy Duty Poultry Shears for Food, Food-Grade Stainless Steel Scissors, Gift f","1","amazon.ca","Amazon","Scarborough","Ontario","M1C 5K","Combined TCS+MTC","25.73","3.34","0","0","0","0","0","0","0","0","-3.34","-3.86","-7.65","0","0","14.22"
"Dec 8, 2025 2:27:26 a.m. PST","25070279451","Order","702-1155959-1647424","9B-5VGN-40SH","Dream Reach 2 Pack Kitchen Scissors, Premium All-Metal Kitchen Shears, Heavy Duty Poultry Shears for Food, Food-Grade Stainless Steel Scissors, Gift f","1","amazon.ca","Amazon","Mississauga","Ontario","L5M 6Z","Combined TCS+MTC","25.73","3.34","6.99","0","0","0","0","0","-6.99","0","-3.34","-3.86","-7.65","0","0","14.22"
"Dec 8, 2025 2:43:51 a.m. PST","25070279451","Order","702-4239031-9033029","9B-5VGN-40SH","Dream Reach 2 Pack Kitchen Scissors, Premium All-Metal Kitchen Shears, Heavy Duty Poultry Shears for Food, Food-Grade Stainless Steel Scissors, Gift f","1","amazon.ca","Amazon","Oshawa","Ontario","L1J 1X","Combined TCS+MTC","25.73","3.34","6.24","0.81","0","0","0","0","0","0","-4.15","-3.86","-13.89","0","0","14.22"
"Dec 8, 2025 3:01:52 a.m. PST","25070279451","Order","702-8557510-5437814","KF02-BBJ","Dream Reach Chef Knife, Japanese Kitchen Knife, Sharp Stainless Steel Viking Style Meat Knife with Wooden Handle, Feather Design Cooking Knife with Sh","2","amazon.ca","Amazon","Camrose","Alberta","T4V 0Z","Combined TCS+MTC","56.98","2.84","0","0","0","0","0","0","0","0","-2.84","-8.54","-14.26","0","0","34.18"
"Dec 8, 2025 3:07:52 a.m. PST","25070279451","Order","702-4530995-0046634","9B-5VGN-40SH","Dream Reach 2 Pack Kitchen Scissors, Premium All-Metal Kitchen Shears, Heavy Duty Poultry Shears for Food, Food-Grade Stainless Steel Scissors, Gift f","1","amazon.ca","Amazon","Burlington","Ontario","L7M 1E","Combined TCS+MTC","25.73","3.34","0","0","0","0","0","0","0","0","-3.34","-3.86","-7.65","0","0","14.22"
"Dec 8, 2025 3:20:36 a.m. PST","25070279451","Order","S01-3690868-0085238","KF02-BBJ","Dream Reach Chef Knife, Japanese Kitchen Knife, Sharp Stainless Steel Viking Style Meat Knife with Wooden Handle, Feather Design Cooking Knife with Sheath & Gift Box, Gift for Men and Chefs","1","siprod.stores.amazon.ca","Amazon","KAHNAWAKE","QC","J0L 1B","","0","0","0","0","0","0","0","0","0","0","0","0","-4.09","0","0","-4.09"
"Dec 8, 2025 3:20:36 a.m. PST","25070279451","Order","S01-3690868-0085238","","FBA transportation fee","","siprod.stores.amazon.ca","Amazon","KAHNAWAKE","QC","J0L 1B","","0","0","0","0","0","0","0","0","0","0","0","0","0","0","-7.50","-7.50"
"Dec 8, 2025 3:20:41 a.m. PST","25070279451","Order","S01-7601531-9131668","KF02-BBJ","Dream Reach Chef Knife, Japanese Kitchen Knife, Sharp Stainless Steel Viking Style Meat Knife with Wooden Handle, Feather Design Cooking Knife with Sheath & Gift Box, Gift for Men and Chefs","1","siprod.stores.amazon.ca","Amazon","SCARBOROUGH","ON","M1M 3V","","0","0","0","0","0","0","0","0","0","0","0","0","-4.09","0","0","-4.09"
"Dec 8, 2025 3:20:41 a.m. PST","25070279451","Order","S01-7601531-9131668","","FBA transportation fee","","siprod.stores.amazon.ca","Amazon","SCARBOROUGH","ON","M1M 3V","","0","0","0","0","0","0","0","0","0","0","0","0","0","0","-7.50","-7.50"
"Dec 8, 2025 3:29:09 a.m. PST","25070279451","Order","702-7838281-4429807","9B-5VGN-40SH","Dream Reach 2 Pack Kitchen Scissors, Premium All-Metal Kitchen Shears, Heavy Duty Poultry Shears for Food, Food-Grade Stainless Steel Scissors, Gift f","1","amazon.ca","Amazon","St. Albert","Alberta","T8N 2V","Combined TCS+MTC","25.73","1.29","0","0","0","0","0","0","0","0","-1.29","-3.86","-7.65","0","0","14.22"
"Dec 8, 2025 3:29:26 a.m. PST","25070279451","Order","702-9783927-7107414","9B-5VGN-40SH","Dream Reach 2 Pack Kitchen Scissors, Premium All-Metal Kitchen Shears, Heavy Duty Poultry Shears for Food, Food-Grade Stainless Steel Scissors, Gift f","1","amazon.ca","Amazon","Quebec","Quebec","G2C 0H","Combined TCS+MTC","25.73","3.85","0","0","0","0","0","0","0","0","-3.85","-3.86","-7.65","0","0","14.22"
"Dec 8, 2025 3:33:29 a.m. PST","25070279451","Order","701-1048630-7130611","9B-5VGN-40SH","Dream Reach 2 Pack Kitchen Scissors, Premium All-Metal Kitchen Shears, Heavy Duty Poultry Shears for Food, Food-Grade Stainless Steel Scissors, Gift f","1","amazon.ca","Amazon","Edmonton","Alberta","T6E 1V","Combined TCS+MTC","25.73","1.29","0","0","0","0","0","0","0","0","-1.29","-3.86","-7.65","0","0","14.22"
"Dec 8, 2025 3:34:27 a.m. PST","25070279451","Order","701-2496773-5065850","KF02-BBJ","Dream Reach Chef Knife, Japanese Kitchen Knife, Sharp Stainless Steel Viking Style Meat Knife with Wooden Handle, Feather Design Cooking Knife with Sh","1","amazon.ca","Amazon","Coquitlam","British Columbia","V3J 3R","Combined TCS+MTC","28.49","3.42","0","0","0","0","0","0","0","0","-3.42","-4.27","-7.63","0","0","16.59"
"Dec 8, 2025 3:40:09 a.m. PST","25070279451","Order","701-8449294-8269068","9B-5VGN-40SH","Dream Reach 2 Pack Kitchen Scissors, Premium All-Metal Kitchen Shears, Heavy Duty Poultry Shears for Food, Food-Grade Stainless Steel Scissors, Gift f","1","amazon.ca","Amazon","North Vancouver","British Columbia","V7L 1P","Combined TCS+MTC","25.73","3.09","0","0","0","0","0","0","0","0","-3.09","-3.86","-8.19","0","0","13.68"
"Dec 8, 2025 3:42:40 a.m. PST","25070279451","Order","701-8573962-5529069","9B-5VGN-40SH","Dream Reach 2 Pack Kitchen Scissors, Premium All-Metal Kitchen Shears, Heavy Duty Poultry Shears for Food, Food-Grade Stainless Steel Scissors, Gift f","1","amazon.ca","Amazon","Pickering","Ontario","L1V 7G","Combined TCS+MTC","25.73","3.34","0","0","0","0","0","0","0","0","-3.34","-3.86","-7.65","0","0","14.22"
"Dec 8, 2025 3:57:51 a.m. PST","25070279451","Order","701-8581233-8983401","9B-5VGN-40SH","Dream Reach 2 Pack Kitchen Scissors, Premium All-Metal Kitchen Shears, Heavy Duty Poultry Shears for Food, Food-Grade Stainless Steel Scissors, Gift f","1","amazon.ca","Amazon","Simcoe","Ontario","N3Y4K","Combined TCS+MTC","25.73","3.34","0","0","0","0","0","0","0","0","-3.34","-3.86","-7.65","0","0","14.22"
"Dec 8, 2025 4:14:02 a.m. PST","25070279451","Order","701-0454998-1569814","9B-5VGN-40SH","Dream Reach 2 Pack Kitchen Scissors, Premium All-Metal Kitchen Shears, Heavy Duty Poultry Shears for Food, Food-Grade Stainless Steel Scissors, Gift f","1","amazon.ca","Amazon","Dunham","Quebec","J0E 1M","Combined TCS+MTC","25.73","3.85","0","0","0","0","0","0","0","0","-3.85","-3.86","-7.65","0","0","14.22"
"Dec 8, 2025 4:17:58 a.m. PST","25070279451","Order","702-4830251-9985811","9B-5VGN-40SH","Dream Reach 2 Pack Kitchen Scissors, Premium All-Metal Kitchen Shears, Heavy Duty Poultry Shears for Food, Food-Grade Stainless Steel Scissors, Gift f","1","amazon.ca","Amazon","Trenton","Ontario","K8V 0L","Combined TCS+MTC","25.73","3.34","0","0","0","0","0","0","0","0","-3.34","-3.86","-7.65","0","0","14.22"
"Dec 8, 2025 5:23:00 a.m. PST","25070279451","Order","702-1118537-9805808","9B-5VGN-40SH","Dream Reach 2 Pack Kitchen Scissors, Premium All-Metal Kitchen Shears, Heavy Duty Poultry Shears for Food, Food-Grade Stainless Steel Scissors, Gift f","1","amazon.ca","Amazon","Surrey","British Columbia","V4A 3C","Combined TCS+MTC","25.73","3.09","0","0","0","0","0","0","0","0","-3.09","-3.86","-7.65","0","0","14.22"
"Dec 8, 2025 5:27:55 a.m. PST","25070279451","Order","701-5505996-2637851","KF02-BBJ","Dream Reach Chef Knife, Japanese Kitchen Knife, Sharp Stainless Steel Viking Style Meat Knife with Wooden Handle, Feather Design Cooking Knife with Sh","1","amazon.ca","Amazon","Red Deer County","Alberta","T4E 1H","Combined TCS+MTC","28.49","1.42","0","0","0","0","0","0","0","0","-1.42","-4.27","-7.63","0","0","16.59"
"Dec 8, 2025 5:41:02 a.m. PST","25070279451","Order","701-2009892-5909857","9B-5VGN-40SH","Dream Reach 2 Pack Kitchen Scissors, Premium All-Metal Kitchen Shears, Heavy Duty Poultry Shears for Food, Food-Grade Stainless Steel Scissors, Gift f","1","amazon.ca","Amazon","Montreal","Quebec","H3L3G","Combined TCS+MTC","25.73","3.85","0","0","0","0","0","0","0","0","-3.85","-3.86","-7.65","0","0","14.22"
"Dec 8, 2025 6:04:06 a.m. PST","25070279451","Order","S01-1571088-4954055","KF02-BBJ","Dream Reach Chef Knife, Japanese Kitchen Knife, Sharp Stainless Steel Viking Style Meat Knife with Wooden Handle, Feather Design Cooking Knife with Sheath & Gift Box, Gift for Men and Chefs","1","siprod.stores.amazon.ca","Amazon","CHILLIWACK","BC","V2R 1T","","0","0","0","0","0","0","0","0","0","0","0","0","-4.09","0","0","-4.09"
"Dec 8, 2025 6:04:06 a.m. PST","25070279451","Order","S01-1571088-4954055","","FBA transportation fee","","siprod.stores.amazon.ca","Amazon","CHILLIWACK","BC","V2R 1T","","0","0","0","0","0","0","0","0","0","0","0","0","0","0","-7.50","-7.50"
"Dec 8, 2025 6:13:59 a.m. PST","25070279451","Order","701-3585177-8459464","9B-5VGN-40SH","Dream Reach 2 Pack Kitchen Scissors, Premium All-Metal Kitchen Shears, Heavy Duty Poultry Shears for Food, Food-Grade Stainless Steel Scissors, Gift f","1","amazon.ca","Amazon","Ottawa","Ontario","K1G 6L","Combined TCS+MTC","25.73","3.34","0","0","0","0","0","0","0","0","-3.34","-3.86","-7.65","0","0","14.22"
"Dec 8, 2025 6:17:44 a.m. PST","25070279451","Order","701-1865396-8249058","9B-5VGN-40SH","Dream Reach 2 Pack Kitchen Scissors, Premium All-Metal Kitchen Shears, Heavy Duty Poultry Shears for Food, Food-Grade Stainless Steel Scissors, Gift f","1","amazon.ca","Amazon","Burnaby","British Columbia","V5H 0G","Combined TCS+MTC","25.73","3.09","0","0","0","0","0","0","0","0","-3.09","-3.86","-7.65","0","0","14.22"
"Dec 8, 2025 7:05:17 a.m. PST","25070279451","Order","701-5051749-8309003","9B-5VGN-40SH","Dream Reach 2 Pack Kitchen Scissors, Premium All-Metal Kitchen Shears, Heavy Duty Poultry Shears for Food, Food-Grade Stainless Steel Scissors, Gift f","1","amazon.ca","Amazon","Plaster Rock","New Brunswick","E7G 1N","Combined TCS+MTC","25.73","3.86","0","0","0","0","0","0","0","0","-3.86","-3.86","-7.65","0","0","14.22"
"Dec 8, 2025 7:40:54 a.m. PST","25070279451","Order","701-9529086-7177005","9B-5VGN-40SH","Dream Reach 2 Pack Kitchen Scissors, Premium All-Metal Kitchen Shears, Heavy Duty Poultry Shears for Food, Food-Grade Stainless Steel Scissors, Gift f","1","amazon.ca","Amazon","Winnipeg","Manitoba","R3T 1R","Combined TCS+MTC","25.73","3.09","0","0","0","0","0","0","0","0","-3.09","-3.86","-7.65","0","0","14.22"
"Dec 8, 2025 7:51:43 a.m. PST","25070279451","Order","702-0053239-0853860","9B-5VGN-40SH","Dream Reach 2 Pack Kitchen Scissors, Premium All-Metal Kitchen Shears, Heavy Duty Poultry Shears for Food, Food-Grade Stainless Steel Scissors, Gift f","1","amazon.ca","Amazon","Saint-Eustache","Quebec","J7R 2M","Combined TCS+MTC","25.73","3.85","0","0","0","0","0","0","0","0","-3.85","-3.86","-7.65","0","0","14.22"
"Dec 8, 2025 8:00:04 a.m. PST","25070279451","Order","701-0769706-6117017","KF04-BBJ","Dream Reach Meat Bone Cleaver Knife for Meat Cutting Handmade Heavy Duty Butcher Axes Hand Forged Full Tang Chopper for Kitchen Outdoor BBQ Chef Gifts","1","amazon.ca","Amazon","Edmonton","Alberta","T6J 6Y","Combined TCS+MTC","31.49","1.57","2.28","0","0","0","0","0","-2.28","0","-1.57","-4.72","-8.74","0","0","18.03"
"Dec 8, 2025 8:03:52 a.m. PST","25070279451","Order","702-9424150-3689812","CWJ02-Purple7Set-BBJ","Dream Reach Dog Grooming Scissors - 7"" Professional 6 in 1 Pet Scissors Sharp and Durable Shears Set Thinning, Chunker, Straight, Curved Shears and Co","1","amazon.ca","Amazon","Woodbridge","Ontario","L4L 0J","Combined TCS+MTC","44.99","5.85","0","0","0","0","0","0","0","0","-5.85","-6.75","-6.74","0","0","31.50"
"Dec 8, 2025 10:35:01 a.m. PST","25070279451","Order","702-8186185-4568208","9B-5VGN-40SH","Dream Reach 2 Pack Kitchen Scissors, Premium All-Metal Kitchen Shears, Heavy Duty Poultry Shears for Food, Food-Grade Stainless Steel Scissors, Gift f","1","amazon.ca","Amazon","Fort St. John","British Columbia","V1J 2J","Combined TCS+MTC","25.73","3.09","0","0","0","0","0","0","0","0","-3.09","-3.86","-7.65","0","0","14.22"
"Dec 8, 2025 11:57:04 a.m. PST","25070279451","Order","S01-3867193-6385235","CWJ02-Purple7Set-BBJ","Dream Reach Dog Grooming Scissors - 7"" Professional 6 in 1 Pet Scissors Sharp and Durable Shears Set Thinning, Chunker, Straight, Curved Shears and Comb for Dog Cat Pets, Purple","1","siprod.stores.amazon.ca","Amazon","WILLOW GROVE","NB","E2S 1J","","0","0","0","0","0","0","0","0","0","0","0","0","-3.82","0","0","-3.82"
"Dec 8, 2025 11:57:04 a.m. PST","25070279451","Order","S01-3867193-6385235","","FBA transportation fee","","siprod.stores.amazon.ca","Amazon","WILLOW GROVE","NB","E2S 1J","","0","0","0","0","0","0","0","0","0","0","0","0","0","0","-7.88","-7.88"
"Dec 8, 2025 2:15:37 p.m. PST","25070279451","Order","702-2652735-3985807","9B-5VGN-40SH","Dream Reach 2 Pack Kitchen Scissors, Premium All-Metal Kitchen Shears, Heavy Duty Poultry Shears for Food, Food-Grade Stainless Steel Scissors, Gift f","1","amazon.ca","Amazon","Mascouche","Quebec","J7K 0M","Combined TCS+MTC","25.73","3.85","0","0","0","0","0","0","0","0","-3.85","-3.86","-7.65","0","0","14.22"
"Dec 8, 2025 2:17:16 p.m. PST","25070279451","Order","S01-7060088-3995622","KF02-BBJ","Dream Reach Chef Knife, Japanese Kitchen Knife, Sharp Stainless Steel Viking Style Meat Knife with Wooden Handle, Feather Design Cooking Knife with Sheath & Gift Box, Gift for Men and Chefs","1","siprod.stores.amazon.ca","Amazon","NAKUSP","BC","V0G 1R","","0","0","0","0","0","0","0","0","0","0","0","0","-4.09","0","0","-4.09"
"Dec 8, 2025 2:17:16 p.m. PST","25070279451","Order","S01-7060088-3995622","","FBA transportation fee","","siprod.stores.amazon.ca","Amazon","NAKUSP","BC","V0G 1R","","0","0","0","0","0","0","0","0","0","0","0","0","0","0","-7.50","-7.50"
"Dec 8, 2025 2:36:53 p.m. PST","25070279451","Order","S01-1116487-1146842","KF04-BBJ","Dream Reach Meat Bone Cleaver Knife for Meat Cutting Handmade Heavy Duty Butcher Axes Hand Forged Full Tang Chopper for Kitchen Outdoor BBQ Chef Gifts Idea Men Black","1","siprod.stores.amazon.ca","Amazon","LAX KW'ALAAMS","BC","V0V 1H","","0","0","0","0","0","0","0","0","0","0","0","0","-3.82","0","0","-3.82"
"Dec 8, 2025 2:36:53 p.m. PST","25070279451","Order","S01-1116487-1146842","","FBA transportation fee","","siprod.stores.amazon.ca","Amazon","LAX KW'ALAAMS","BC","V0V 1H","","0","0","0","0","0","0","0","0","0","0","0","0","0","0","-8.27","-8.27"
"Dec 8, 2025 2:58:12 p.m. PST","25070279451","Order","702-0581996-9157820","9B-5VGN-40SH","Dream Reach 2 Pack Kitchen Scissors, Premium All-Metal Kitchen Shears, Heavy Duty Poultry Shears for Food, Food-Grade Stainless Steel Scissors, Gift f","1","amazon.ca","Amazon","Edmonton","Alberta","T5Y 0T","Combined TCS+MTC","25.73","1.29","0","0","0","0","0","0","0","0","-1.29","-3.86","-7.65","0","0","14.22"
"Dec 8, 2025 3:44:40 p.m. PST","25070279451","Order","701-1245290-0707418","9B-5VGN-40SH","Dream Reach 2 Pack Kitchen Scissors, Premium All-Metal Kitchen Shears, Heavy Duty Poultry Shears for Food, Food-Grade Stainless Steel Scissors, Gift f","1","amazon.ca","Amazon","Embrun","Ontario","K0A 1W","Combined TCS+MTC","25.73","3.34","0","0","0","0","0","0","0","0","-3.34","-3.86","-7.65","0","0","14.22"
"Dec 8, 2025 3:55:26 p.m. PST","25070279451","Order","S01-9842848-6263603","KF02-BBJ","Dream Reach Chef Knife, Japanese Kitchen Knife, Sharp Stainless Steel Viking Style Meat Knife with Wooden Handle, Feather Design Cooking Knife with Sheath & Gift Box, Gift for Men and Chefs","1","siprod.stores.amazon.ca","Amazon","MOOSE JAW","SK","S6H 5P","","0","0","0","0","0","0","0","0","0","0","0","0","-4.09","0","0","-4.09"
"Dec 8, 2025 3:55:26 p.m. PST","25070279451","Order","S01-9842848-6263603","","FBA transportation fee","","siprod.stores.amazon.ca","Amazon","MOOSE JAW","SK","S6H 5P","","0","0","0","0","0","0","0","0","0","0","0","0","0","0","-7.50","-7.50"
"Dec 8, 2025 4:43:06 p.m. PST","25070279451","Order","702-2823360-1198612","9B-5VGN-40SH","Dream Reach 2 Pack Kitchen Scissors, Premium All-Metal Kitchen Shears, Heavy Duty Poultry Shears for Food, Food-Grade Stainless Steel Scissors, Gift f","1","amazon.ca","Amazon","Toronto","Ontario","M5R 1N","Combined TCS+MTC","25.73","3.34","0","0","0","0","0","0","0","0","-3.34","-3.86","-7.65","0","0","14.22"
"Dec 8, 2025 5:01:23 p.m. PST","25070279451","Order","702-6501469-1998642","9B-5VGN-40SH","Dream Reach 2 Pack Kitchen Scissors, Premium All-Metal Kitchen Shears, Heavy Duty Poultry Shears for Food, Food-Grade Stainless Steel Scissors, Gift f","1","amazon.ca","Amazon","Caledon","Ontario","L7C 4N","Combined TCS+MTC","25.73","3.34","0","0","0","0","0","0","0","0","-3.34","-3.86","-7.65","0","0","14.22"
"Dec 8, 2025 5:06:22 p.m. PST","25070279451","Order","702-6466684-6413063","9B-5VGN-40SH","Dream Reach 2 Pack Kitchen Scissors, Premium All-Metal Kitchen Shears, Heavy Duty Poultry Shears for Food, Food-Grade Stainless Steel Scissors, Gift f","1","amazon.ca","Amazon","Winkler","Manitoba","R6W 2R","Combined TCS+MTC","25.73","3.09","0","0","0","0","0","0","0","0","-3.09","-3.86","-7.65","0","0","14.22"
"Dec 8, 2025 5:18:38 p.m. PST","25070279451","Order","701-5485091-3863458","9B-5VGN-40SH","Dream Reach 2 Pack Kitchen Scissors, Premium All-Metal Kitchen Shears, Heavy Duty Poultry Shears for Food, Food-Grade Stainless Steel Scissors, Gift f","1","amazon.ca","Amazon","Agassiz","BC","V0M 1A","Combined TCS+MTC","25.73","3.09","0","0","0","0","0","0","0","0","-3.09","-3.86","-7.65","0","0","14.22"
"Dec 8, 2025 6:58:07 p.m. PST","25070279451","Order","701-1246830-6481004","9B-5VGN-40SH","Dream Reach 2 Pack Kitchen Scissors, Premium All-Metal Kitchen Shears, Heavy Duty Poultry Shears for Food, Food-Grade Stainless Steel Scissors, Gift f","1","amazon.ca","Amazon","Winnipeg","Manitoba","R2C 1X","Combined TCS+MTC","25.73","3.09","0","0","0","0","0","0","0","0","-3.09","-3.86","-7.65","0","0","14.22"
"Dec 8, 2025 7:00:31 p.m. PST","25070279451","Order","S01-8319993-6227626","Scissors04B7","Dream Reach 7"" Upward Curved Dog Grooming Scissors Dog Scissors Shears for Grooming Face and Paws Safety Shears Trimming Cutting Scissors for Dog Cat Pet Black","1","siprod.stores.amazon.ca","Amazon","WHITBY","ON","L1N 6L","","0","0","0","0","0","0","0","0","0","0","0","0","-3.82","0","0","-3.82"
"Dec 8, 2025 7:00:31 p.m. PST","25070279451","Order","S01-8319993-6227626","","FBA transportation fee","","siprod.stores.amazon.ca","Amazon","WHITBY","ON","L1N 6L","","0","0","0","0","0","0","0","0","0","0","0","0","0","0","-5.60","-5.60"
"Dec 8, 2025 8:12:22 p.m. PST","25070279451","Order","702-5578738-5413809","KF02-BBJ","Dream Reach Chef Knife, Japanese Kitchen Knife, Sharp Stainless Steel Viking Style Meat Knife with Wooden Handle, Feather Design Cooking Knife with Sh","1","amazon.ca","Amazon","Maple Ridge","Bc","V2X0Z","Combined TCS+MTC","28.49","3.42","0","0","0","0","0","0","0","0","-3.42","-4.27","-7.63","0","0","16.59"
"Dec 8, 2025 10:23:02 p.m. PST","25070279451","Order","702-9698528-2493825","9B-5VGN-40SH","Dream Reach 2 Pack Kitchen Scissors, Premium All-Metal Kitchen Shears, Heavy Duty Poultry Shears for Food, Food-Grade Stainless Steel Scissors, Gift f","1","amazon.ca","Amazon","North York","Ontario","M2K 3E","Combined TCS+MTC","25.73","3.34","3.27","0","0","0","0","0","-3.27","0","-3.34","-3.86","-7.65","0","0","14.22"
"Dec 8, 2025 10:34:22 p.m. PST","25070279451","Order","701-8019374-7885851","9B-5VGN-40SH","Dream Reach 2 Pack Kitchen Scissors, Premium All-Metal Kitchen Shears, Heavy Duty Poultry Shears for Food, Food-Grade Stainless Steel Scissors, Gift f","1","amazon.ca","Amazon","Vancouver","BC","V6B 2J","Combined TCS+MTC","25.73","3.09","0","0","0","0","0","0","0","0","-3.09","-3.86","-7.65","0","0","14.22"
"Dec 8, 2025 10:44:28 p.m. PST","25070279451","Order","702-7328669-2172243","HS1901","Dream Reach 6"" Professional Hair Cutting Scissors Japan 440C Steel Thinning Scissor for Men/Women Cutting for Salon/Barber/Home (Straight Scissors)","1","amazon.ca","Amazon","Chaplin","Saskatchewan","S0H 0V","Combined TCS+MTC","43.99","2.51","0","0","0","0","0","0","-21.20","0","-2.51","-3.42","-6.49","0","0","12.88"
"Dec 8, 2025 11:27:20 p.m. PST","25070279451","Order","702-1223260-9229839","9B-5VGN-40SH","Dream Reach 2 Pack Kitchen Scissors, Premium All-Metal Kitchen Shears, Heavy Duty Poultry Shears for Food, Food-Grade Stainless Steel Scissors, Gift f","1","amazon.ca","Amazon","Minden","Ontario","K0M 2K","Combined TCS+MTC","25.73","3.34","0","0","0","0","0","0","0","0","-3.34","-3.86","-7.65","0","0","14.22"
"Dec 8, 2025 11:27:22 p.m. PST","25070279451","Order","S01-9029809-4870003","KF02-BBJ","Dream Reach Chef Knife, Japanese Kitchen Knife, Sharp Stainless Steel Viking Style Meat Knife with Wooden Handle, Feather Design Cooking Knife with Sheath & Gift Box, Gift for Men and Chefs","1","siprod.stores.amazon.ca","Amazon","SAINT-GEORGES","QC","G5Y 6K","","0","0","0","0","0","0","0","0","0","0","0","0","-4.09","0","0","-4.09"
"Dec 8, 2025 11:27:22 p.m. PST","25070279451","Order","S01-9029809-4870003","","FBA transportation fee","","siprod.stores.amazon.ca","Amazon","SAINT-GEORGES","QC","G5Y 6K","","0","0","0","0","0","0","0","0","0","0","0","0","0","0","-7.50","-7.50"
"Dec 8, 2025 11:29:01 p.m. PST","25070279451","Order","S01-2814918-5404465","KF02-BBJ","Dream Reach Chef Knife, Japanese Kitchen Knife, Sharp Stainless Steel Viking Style Meat Knife with Wooden Handle, Feather Design Cooking Knife with Sheath & Gift Box, Gift for Men and Chefs","1","siprod.stores.amazon.ca","Amazon","ASBESTOS","QC","J1T 1X","","0","0","0","0","0","0","0","0","0","0","0","0","-4.09","0","0","-4.09"
"Dec 8, 2025 11:29:01 p.m. PST","25070279451","Order","S01-2814918-5404465","","FBA transportation fee","","siprod.stores.amazon.ca","Amazon","ASBESTOS","QC","J1T 1X","","0","0","0","0","0","0","0","0","0","0","0","0","0","0","-7.50","-7.50"
"Dec 8, 2025 11:29:12 p.m. PST","25070279451","Order","S01-0794385-6919610","KF02-BBJ","Dream Reach Chef Knife, Japanese Kitchen Knife, Sharp Stainless Steel Viking Style Meat Knife with Wooden Handle, Feather Design Cooking Knife with Sheath & Gift Box, Gift for Men and Chefs","1","siprod.stores.amazon.ca","Amazon","NORTH YORK","ON","M3H 0C","","0","0","0","0","0","0","0","0","0","0","0","0","-4.09","0","0","-4.09"
"Dec 8, 2025 11:29:12 p.m. PST","25070279451","Order","S01-0794385-6919610","","FBA transportation fee","","siprod.stores.amazon.ca","Amazon","NORTH YORK","ON","M3H 0C","","0","0","0","0","0","0","0","0","0","0","0","0","0","0","-7.50","-7.50"
"Dec 8, 2025 11:29:17 p.m. PST","25070279451","Order","S01-6622294-6071636","KF02-BBJ","Dream Reach Chef Knife, Japanese Kitchen Knife, Sharp Stainless Steel Viking Style Meat Knife with Wooden Handle, Feather Design Cooking Knife with Sheath & Gift Box, Gift for Men and Chefs","1","siprod.stores.amazon.ca","Amazon","ST GEORGE","ON","N0E 1N","","0","0","0","0","0","0","0","0","0","0","0","0","-4.09","0","0","-4.09"
"Dec 8, 2025 11:29:17 p.m. PST","25070279451","Order","S01-6622294-6071636","","FBA transportation fee","","siprod.stores.amazon.ca","Amazon","ST GEORGE","ON","N0E 1N","","0","0","0","0","0","0","0","0","0","0","0","0","0","0","-7.50","-7.50"
"Dec 8, 2025 11:44:24 p.m. PST","25070279451","Order","701-3385612-3587442","KF02-BBJ","Dream Reach Chef Knife, Japanese Kitchen Knife, Sharp Stainless Steel Viking Style Meat Knife with Wooden Handle, Feather Design Cooking Knife with Sh","1","amazon.ca","Amazon","Sherbrooke","Quebec","J1G 3R","Combined TCS+MTC","28.49","4.27","0","0","0","0","0","0","0","0","-4.27","-4.27","-7.13","0","0","17.09"
"Dec 8, 2025 11:56:39 p.m. PST","25070279451","Order","702-7604961-8397035","9B-5VGN-40SH","Dream Reach 2 Pack Kitchen Scissors, Premium All-Metal Kitchen Shears, Heavy Duty Poultry Shears for Food, Food-Grade Stainless Steel Scissors, Gift f","1","amazon.ca","Amazon","Quebec","Quebec","G1E 5M","Combined TCS+MTC","25.73","3.85","0","0","0","0","0","0","0","0","-3.85","-3.86","-7.65","0","0","14.22"
"Dec 9, 2025 12:02:04 a.m. PST","25070279451","Order","701-2525110-1594666","KF02-BBJ","Dream Reach Chef Knife, Japanese Kitchen Knife, Sharp Stainless Steel Viking Style Meat Knife with Wooden Handle, Feather Design Cooking Knife with Sh","1","amazon.ca","Amazon","New Richmond","Quebec","G0C 2B","Combined TCS+MTC","28.49","4.27","4.59","0.69","0","0","0","0","0","0","-9.92","-8.54","-16.31","0","0","3.27"
"Dec 9, 2025 12:02:04 a.m. PST","25070279451","Order","701-2525110-1594666","KF02-BBJ","Dream Reach Chef Knife, Japanese Kitchen Knife, Sharp Stainless Steel Viking Style Meat Knife with Wooden Handle, Feather Design Cooking Knife with Sh","1","amazon.ca","Amazon","New Richmond","Quebec","G0C 2B","","28.49","4.27","4.59","0.69","0","0","0","0","0","0","0","0","-7.13","0","0","30.91"
"Dec 9, 2025 12:06:26 a.m. PST","25070279451","Order","701-9867591-4121860","9B-5VGN-40SH","Dream Reach 2 Pack Kitchen Scissors, Premium All-Metal Kitchen Shears, Heavy Duty Poultry Shears for Food, Food-Grade Stainless Steel Scissors, Gift f","1","amazon.ca","Amazon","Caledonia","Ontario","N3W 1K","Combined TCS+MTC","25.73","3.34","0","0","0","0","0","0","0","0","-3.34","-3.86","-7.65","0","0","14.22"
"Dec 9, 2025 12:50:00 a.m. PST","25070279451","Order","702-5863096-8973061","9B-5VGN-40SH","Dream Reach 2 Pack Kitchen Scissors, Premium All-Metal Kitchen Shears, Heavy Duty Poultry Shears for Food, Food-Grade Stainless Steel Scissors, Gift f","1","amazon.ca","Amazon","St Catharines","Ontario","L2P 0E","Combined TCS+MTC","25.73","3.34","0","0","0","0","0","0","0","0","-3.34","-3.86","-7.65","0","0","14.22"
"Dec 9, 2025 1:12:32 a.m. PST","25070279451","Order","701-6655339-4317021","KF02-BBJ","Dream Reach Chef Knife, Japanese Kitchen Knife, Sharp Stainless Steel Viking Style Meat Knife with Wooden Handle, Feather Design Cooking Knife with Sh","1","amazon.ca","Amazon","Grand Forks","British Columbia","V0H 1H","Combined TCS+MTC","28.49","3.42","0","0","0","0","0","0","0","0","-3.42","-4.27","-7.13","0","0","17.09"
"Dec 9, 2025 1:17:56 a.m. PST","25070279451","Order","702-7527186-0295461","9B-5VGN-40SH","Dream Reach 2 Pack Kitchen Scissors, Premium All-Metal Kitchen Shears, Heavy Duty Poultry Shears for Food, Food-Grade Stainless Steel Scissors, Gift f","1","amazon.ca","Amazon","Saint-Jean-Sur-Richelieu","Quebec","J2X 2P","Combined TCS+MTC","25.73","3.85","0","0","0","0","0","0","0","0","-3.85","-3.86","-7.65","0","0","14.22"
"Dec 9, 2025 1:20:43 a.m. PST","25070279451","Order","S01-1534901-1136439","Scissors04B6","Dream Reach 6"" Upward Curved Dog Grooming Scissors Shears for Grooming Face and Paws Safety Shears Trimming Cutting Scissors for Dog Cat Pet Black","1","siprod.stores.amazon.ca","Amazon","QUEBEC","QC","G1V 5B","","0","0","0","0","0","0","0","0","0","0","0","0","-3.82","0","0","-3.82"
"Dec 9, 2025 1:20:43 a.m. PST","25070279451","Order","S01-1534901-1136439","","FBA transportation fee","","siprod.stores.amazon.ca","Amazon","QUEBEC","QC","G1V 5B","","0","0","0","0","0","0","0","0","0","0","0","0","0","0","-5.60","-5.60"
"Dec 9, 2025 1:27:29 a.m. PST","25070279451","Order","701-2305182-1013008","9B-5VGN-40SH","Dream Reach 2 Pack Kitchen Scissors, Premium All-Metal Kitchen Shears, Heavy Duty Poultry Shears for Food, Food-Grade Stainless Steel Scissors, Gift f","1","amazon.ca","Amazon","Barrie","On","L4N5V","Combined TCS+MTC","25.73","3.34","0","0","0","0","0","0","0","0","-3.34","-3.86","-7.65","0","0","14.22"
"Dec 9, 2025 2:49:33 a.m. PST","25070279451","Order","701-5524188-9089829","9B-5VGN-40SH","Dream Reach 2 Pack Kitchen Scissors, Premium All-Metal Kitchen Shears, Heavy Duty Poultry Shears for Food, Food-Grade Stainless Steel Scissors, Gift f","1","amazon.ca","Amazon","Montreal","Quebec","H4A 3N","Combined TCS+MTC","25.73","3.85","0","0","0","0","0","0","0","0","-3.85","-3.86","-7.65","0","0","14.22"
"Dec 9, 2025 2:58:01 a.m. PST","25070279451","Order","701-0520034-8718637","9B-5VGN-40SH","Dream Reach 2 Pack Kitchen Scissors, Premium All-Metal Kitchen Shears, Heavy Duty Poultry Shears for Food, Food-Grade Stainless Steel Scissors, Gift f","1","amazon.ca","Amazon","Quebec","Quebec","G1W 0C","Combined TCS+MTC","25.73","3.85","0","0","0","0","0","0","0","0","-3.85","-3.86","-7.65","0","0","14.22"
"Dec 9, 2025 3:05:27 a.m. PST","25070279451","Order","702-4175794-0171415","9B-5VGN-40SH","Dream Reach 2 Pack Kitchen Scissors, Premium All-Metal Kitchen Shears, Heavy Duty Poultry Shears for Food, Food-Grade Stainless Steel Scissors, Gift f","1","amazon.ca","Amazon","Vancouver","British Columbia","V5R 5J","Combined TCS+MTC","25.73","3.09","0","0","0","0","0","0","0","0","-3.09","-3.86","-7.65","0","0","14.22"
"Dec 9, 2025 3:05:45 a.m. PST","25070279451","Order","702-5844764-5928269","9B-5VGN-40SH","Dream Reach 2 Pack Kitchen Scissors, Premium All-Metal Kitchen Shears, Heavy Duty Poultry Shears for Food, Food-Grade Stainless Steel Scissors, Gift f","1","amazon.ca","Amazon","Newcastle","Ontario","L1B 0W","Combined TCS+MTC","25.73","3.34","0","0","0","0","0","0","0","0","-3.34","-3.86","-7.65","0","0","14.22"
"Dec 9, 2025 3:52:05 a.m. PST","25070279451","Order","702-3069237-7971414","BBJK06-Set6","Dream Reach Knife Set with Roll Bag, 6-Piece Professional Chef Knife Set, High Carbon Steel Black Kitchen Knives for Cooking, BBQ & Outdoor Use","1","amazon.ca","Amazon","Ottawa","Ontario","K2J 5H","Combined TCS+MTC","59.99","7.80","1.74","0","0","0","0","0","-1.74","0","-7.80","-9.00","-11.45","0","0","39.54"
"Dec 9, 2025 4:14:54 a.m. PST","25070279451","Order","701-8051352-2913021","9B-5VGN-40SH","Dream Reach 2 Pack Kitchen Scissors, Premium All-Metal Kitchen Shears, Heavy Duty Poultry Shears for Food, Food-Grade Stainless Steel Scissors, Gift f","1","amazon.ca","Amazon","Ottawa","Ontario","K1G 1J","Combined TCS+MTC","25.73","3.34","0","0","0","0","0","0","0","0","-3.34","-3.86","-7.65","0","0","14.22"
"Dec 9, 2025 4:15:15 a.m. PST","25070279451","Order","702-6696778-0256248","KF02-BBJ","Dream Reach Chef Knife, Japanese Kitchen Knife, Sharp Stainless Steel Viking Style Meat Knife with Wooden Handle, Feather Design Cooking Knife with Sh","1","amazon.ca","Amazon","Okotoks","Alberta","T1S 1T","Combined TCS+MTC","28.49","1.42","0","0","0","0","0","0","0","0","-1.42","-4.27","-7.13","0","0","17.09"
"Dec 9, 2025 4:30:15 a.m. PST","25070279451","Order","701-8326303-7961831","9B-5VGN-40SH","Dream Reach 2 Pack Kitchen Scissors, Premium All-Metal Kitchen Shears, Heavy Duty Poultry Shears for Food, Food-Grade Stainless Steel Scissors, Gift f","1","amazon.ca","Amazon","Calgary","Alberta","T2A 5Y","Combined TCS+MTC","25.73","1.29","0","0","0","0","0","0","0","0","-1.29","-3.86","-7.65","0","0","14.22"
"Dec 9, 2025 4:31:28 a.m. PST","25070279451","Order","701-4987288-8505017","9B-5VGN-40SH","Dream Reach 2 Pack Kitchen Scissors, Premium All-Metal Kitchen Shears, Heavy Duty Poultry Shears for Food, Food-Grade Stainless Steel Scissors, Gift f","1","amazon.ca","Amazon","AURORA","ONTARIO","L4G 0E","Combined TCS+MTC","25.73","3.34","0","0","0","0","0","0","0","0","-3.34","-3.86","-7.65","0","0","14.22"
"Dec 9, 2025 4:33:26 a.m. PST","25070279451","Order","702-8359506-9441808","9B-5VGN-40SH","Dream Reach 2 Pack Kitchen Scissors, Premium All-Metal Kitchen Shears, Heavy Duty Poultry Shears for Food, Food-Grade Stainless Steel Scissors, Gift f","1","amazon.ca","Amazon","St. Albert","Alberta","T8N 7T","Combined TCS+MTC","25.73","1.29","0","0","0","0","0","0","0","0","-1.29","-3.86","-7.65","0","0","14.22"
"Dec 9, 2025 6:22:07 a.m. PST","25070279451","Order","702-6159105-4223454","KF02-BBJ","Dream Reach Chef Knife, Japanese Kitchen Knife, Sharp Stainless Steel Viking Style Meat Knife with Wooden Handle, Feather Design Cooking Knife with Sh","1","amazon.ca","Amazon","Calgary","Alberta","T2Z1M","Combined TCS+MTC","28.49","1.42","0","0","0","0","0","0","0","0","-1.42","-4.27","-7.63","0","0","16.59"
"Dec 9, 2025 6:27:41 a.m. PST","25070279451","Order","702-5177216-9036269","9B-5VGN-40SH","Dream Reach 2 Pack Kitchen Scissors, Premium All-Metal Kitchen Shears, Heavy Duty Poultry Shears for Food, Food-Grade Stainless Steel Scissors, Gift f","1","amazon.ca","Amazon","Ajax","Ontario","L1T 3L","Combined TCS+MTC","25.73","3.34","0","0","0","0","0","0","0","0","-3.34","-3.86","-7.65","0","0","14.22"
"Dec 9, 2025 6:41:16 a.m. PST","25070279451","Order","702-5409364-4116228","KF02-BBJ","Dream Reach Chef Knife, Japanese Kitchen Knife, Sharp Stainless Steel Viking Style Meat Knife with Wooden Handle, Feather Design Cooking Knife with Sh","1","amazon.ca","Amazon","Port Hardy","British Columbia","V0N 2P","Combined TCS+MTC","28.49","3.42","5.96","0.72","0","0","0","0","0","0","-4.14","-4.27","-14.01","0","0","16.17"
"Dec 9, 2025 6:45:32 a.m. PST","25070279451","Order","701-3966915-8187418","9B-5VGN-40SH","Dream Reach 2 Pack Kitchen Scissors, Premium All-Metal Kitchen Shears, Heavy Duty Poultry Shears for Food, Food-Grade Stainless Steel Scissors, Gift f","1","amazon.ca","Amazon","Toronto","ON","M4S 2W","Combined TCS+MTC","25.73","3.34","0","0","0","0","0","0","0","0","-3.34","-3.86","-7.65","0","0","14.22"
"Dec 9, 2025 6:47:12 a.m. PST","25070279451","Order","702-4474268-4513067","9B-5VGN-40SH","Dream Reach 2 Pack Kitchen Scissors, Premium All-Metal Kitchen Shears, Heavy Duty Poultry Shears for Food, Food-Grade Stainless Steel Scissors, Gift f","1","amazon.ca","Amazon","Edmonton","Alberta","T5J 4B","Combined TCS+MTC","25.73","1.29","0","0","0","0","0","0","0","0","-1.29","-3.86","-7.65","0","0","14.22"
"Dec 9, 2025 7:17:29 a.m. PST","25070279451","Order","702-3759708-5261015","8FS01-BJ","Dream Reach Dog Thinning Scissors - 8 Inch Professional Pet Grooming Shears with Adjustable Screw, Sharp Trimming Scissors for Dogs and Cats","1","amazon.ca","Amazon","Edmonton","Alberta","T5C 0C","Combined TCS+MTC","39.99","1.70","0","0","0","0","0","0","-6.00","0","-1.70","-5.10","-6.74","0","0","22.15"
"Dec 9, 2025 7:21:49 a.m. PST","25070279451","Order","702-3137570-3786666","9B-5VGN-40SH","Dream Reach 2 Pack Kitchen Scissors, Premium All-Metal Kitchen Shears, Heavy Duty Poultry Shears for Food, Food-Grade Stainless Steel Scissors, Gift f","1","amazon.ca","Amazon","Richmond Hill","Ontario","L4C 3Z","Combined TCS+MTC","25.73","3.34","0","0","0","0","0","0","0","0","-3.34","-3.86","-7.65","0","0","14.22"
"Dec 9, 2025 7:40:47 a.m. PST","25070279451","Order","S01-2284990-2397243","KF04-BBJ","Dream Reach Meat Bone Cleaver Knife for Meat Cutting Handmade Heavy Duty Butcher Axes Hand Forged Full Tang Chopper for Kitchen Outdoor BBQ Chef Gifts Idea Men Black","1","siprod.stores.amazon.ca","Amazon","STEPHENVILLE CROSSING","NL","A0N 2C","","0","0","0","0","0","0","0","0","0","0","0","0","-3.82","0","0","-3.82"
"Dec 9, 2025 7:40:47 a.m. PST","25070279451","Order","S01-2284990-2397243","","FBA transportation fee","","siprod.stores.amazon.ca","Amazon","STEPHENVILLE CROSSING","NL","A0N 2C","","0","0","0","0","0","0","0","0","0","0","0","0","0","0","-8.27","-8.27"
"Dec 9, 2025 8:05:43 a.m. PST","25070279451","FBA Inventory Fee","701-4060241-6469042","","Fulfilment by Amazon removal order: disposal fee","","Amazon.ca","","","","","","0","0","0","0","0","0","0","0","0","0","0","0","0","0","-0.82","-0.82"
"Dec 9, 2025 8:06:13 a.m. PST","25070279451","Order","701-6503410-1288248","KF05-BBJ","Dream Reach Meat Cleaver Knife Heavy Duty Bone Chopper High Carbon Steel Butcher Axe Bone Cutting Knife Hand Forged Butcher Knife for Kitchen Outdoor","1","amazon.ca","Amazon","WHITEHORSE","Yukon","Y1A 0T","Combined TCS+MTC","35.69","1.52","5.90","0","0","0","0","0","-11.25","0","-1.52","-4.55","-9.58","0","0","16.21"
"Dec 9, 2025 9:45:07 a.m. PST","25070279451","Order","701-7138968-8237043","9B-5VGN-40SH","Dream Reach 2 Pack Kitchen Scissors, Premium All-Metal Kitchen Shears, Heavy Duty Poultry Shears for Food, Food-Grade Stainless Steel Scissors, Gift f","1","amazon.ca","Amazon","Georgetown","Ontario","L7G 5K","Combined TCS+MTC","25.73","3.34","0","0","0","0","0","0","0","0","-3.34","-3.86","-7.65","0","0","14.22"
"Dec 9, 2025 10:08:05 a.m. PST","25070279451","Order","702-5343678-3370660","9B-5VGN-40SH","Dream Reach 2 Pack Kitchen Scissors, Premium All-Metal Kitchen Shears, Heavy Duty Poultry Shears for Food, Food-Grade Stainless Steel Scissors, Gift f","1","amazon.ca","Amazon","Toronto","Ontario","M4J3W","Combined TCS+MTC","25.73","3.34","0","0","0","0","0","0","0","0","-3.34","-3.86","-7.65","0","0","14.22"
"Dec 9, 2025 11:24:06 a.m. PST","25070279451","Order","701-5909017-0329807","9B-5VGN-40SH","Dream Reach 2 Pack Kitchen Scissors, Premium All-Metal Kitchen Shears, Heavy Duty Poultry Shears for Food, Food-Grade Stainless Steel Scissors, Gift f","1","amazon.ca","Amazon","Sutton West","Ontario","L0E 1R","Combined TCS+MTC","25.73","3.34","0","0","0","0","0","0","0","0","-3.34","-3.86","-7.65","0","0","14.22"
"Dec 9, 2025 12:23:05 p.m. PST","25070279451","Order","701-6008342-5729027","9B-5VGN-40SH","Dream Reach 2 Pack Kitchen Scissors, Premium All-Metal Kitchen Shears, Heavy Duty Poultry Shears for Food, Food-Grade Stainless Steel Scissors, Gift f","2","amazon.ca","Amazon","Georgetown","Ontario","L7G 0G","Combined TCS+MTC","51.46","6.68","0","0","0","0","0","0","0","0","-6.68","-7.72","-15.30","0","0","28.44"
"Dec 9, 2025 12:59:21 p.m. PST","25070279451","Order","701-8708287-1773057","9B-5VGN-40SH","Dream Reach 2 Pack Kitchen Scissors, Premium All-Metal Kitchen Shears, Heavy Duty Poultry Shears for Food, Food-Grade Stainless Steel Scissors, Gift f","1","amazon.ca","Amazon","Gatineau","Quebec","J8Y 1W","Combined TCS+MTC","25.73","3.85","0","0","0","0","0","0","0","0","-3.85","-3.86","-7.65","0","0","14.22"
"Dec 9, 2025 1:21:27 p.m. PST","25070279451","Order","702-6697797-5592234","WG-F1EH-Y6QO","Grooming Pet Shear, 6.5 Inch Downword Curved Scissors, Curved Shears for Cat Shears and Small Dog Shears Or Any Breed Trimming Cuts, Design for Profes","1","amazon.ca","Amazon","Terrebonne","Quebec","J6Y 1K","Combined TCS+MTC","39.99","5.99","0","0","0","0","0","0","0","0","-5.99","-6.00","-6.49","0","0","27.50"
"Dec 9, 2025 2:07:33 p.m. PST","25070279451","Order","702-3871239-3640206","9B-5VGN-40SH","Dream Reach 2 Pack Kitchen Scissors, Premium All-Metal Kitchen Shears, Heavy Duty Poultry Shears for Food, Food-Grade Stainless Steel Scissors, Gift f","1","amazon.ca","Amazon","Pierrefonds","Quebec","H8Y 3J","Combined TCS+MTC","25.73","3.85","0","0","0","0","0","0","0","0","-3.85","-3.86","-7.65","0","0","14.22"
"Dec 9, 2025 2:07:41 p.m. PST","25070279451","Order","702-8530248-5195429","9B-5VGN-40SH","Dream Reach 2 Pack Kitchen Scissors, Premium All-Metal Kitchen Shears, Heavy Duty Poultry Shears for Food, Food-Grade Stainless Steel Scissors, Gift f","2","amazon.ca","Amazon","Paradise","Newfoundland","A1L 2S","Combined TCS+MTC","51.46","7.72","0","0","0","0","0","0","0","0","-7.72","-7.72","-15.30","0","0","28.44"
"Dec 9, 2025 4:14:52 p.m. PST","25070279451","Order","701-7491270-6307443","KF02-BBJ","Dream Reach Chef Knife, Japanese Kitchen Knife, Sharp Stainless Steel Viking Style Meat Knife with Wooden Handle, Feather Design Cooking Knife with Sh","1","amazon.ca","Amazon","Amherstburg","Ontario","N9V 4C","Combined TCS+MTC","28.49","3.70","0","0","0","0","0","0","0","0","-3.70","-4.27","-7.13","0","0","17.09"
"Dec 9, 2025 7:04:29 p.m. PST","25070279451","Order","701-2756413-0461062","KF04-BBJ","Dream Reach Meat Bone Cleaver Knife for Meat Cutting Handmade Heavy Duty Butcher Axes Hand Forged Full Tang Chopper for Kitchen Outdoor BBQ Chef Gifts","1","amazon.ca","Amazon","Cobourg","Ontario","K9A 4P","Combined TCS+MTC","31.49","4.09","0","0","0","0","0","0","0","0","-4.09","-4.72","-8.74","0","0","18.03"
"Dec 9, 2025 8:34:05 p.m. PST","25070279451","Order","702-9034608-3324230","9B-5VGN-40SH","Dream Reach 2 Pack Kitchen Scissors, Premium All-Metal Kitchen Shears, Heavy Duty Poultry Shears for Food, Food-Grade Stainless Steel Scissors, Gift f","1","amazon.ca","Amazon","Trail","British Columbia","V1R 3E","Combined TCS+MTC","25.73","3.09","0","0","0","0","0","0","0","0","-3.09","-3.86","-7.65","0","0","14.22"
"Dec 9, 2025 9:20:54 p.m. PST","25070279451","Order","702-2548722-5639462","Scissors04B8","Dream Reach 8"" Downward Curved Dog Grooming Scissors Shears for Grooming Face and Paws Safety Round Tips Shears Trimming Cutting Scissors for Dog Cat","1","amazon.ca","Amazon","Nominingue","Quebec","J0W 1R","Combined TCS+MTC","42.49","5.41","0","0","0","0","0","0","-6.37","0","-5.41","-5.42","-6.49","0","0","24.21"
"Dec 9, 2025 10:14:20 p.m. PST","25070279451","Order","702-1994949-0789014","9B-5VGN-40SH","Dream Reach 2 Pack Kitchen Scissors, Premium All-Metal Kitchen Shears, Heavy Duty Poultry Shears for Food, Food-Grade Stainless Steel Scissors, Gift f","1","amazon.ca","Amazon","Kitchener","Ontario","N2P 2B","Combined TCS+MTC","25.73","3.34","0","0","0","0","0","0","0","0","-3.34","-3.86","-7.65","0","0","14.22"
"Dec 9, 2025 11:31:54 p.m. PST","25070279451","Order","701-4240358-3713006","Scissors04B8","Dream Reach 8"" Downward Curved Dog Grooming Scissors Shears for Grooming Face and Paws Safety Round Tips Shears Trimming Cutting Scissors for Dog Cat","1","amazon.ca","Amazon","Burnaby","British Columbia","V5B 0B","Combined TCS+MTC","42.49","4.33","0","0","0","0","0","0","-6.37","0","-4.33","-5.42","-6.49","0","0","24.21"
"Dec 10, 2025 12:12:28 a.m. PST","25070279451","Order","702-7655032-2293065","9B-5VGN-40SH","Dream Reach 2 Pack Kitchen Scissors, Premium All-Metal Kitchen Shears, Heavy Duty Poultry Shears for Food, Food-Grade Stainless Steel Scissors, Gift f","1","amazon.ca","Amazon","Lanoraie","Quebec","J0K 1E","Combined TCS+MTC","25.73","3.85","0","0","0","0","0","0","0","0","-3.85","-3.86","-7.65","0","0","14.22"
"Dec 10, 2025 12:29:56 a.m. PST","25070279451","Order","702-4308840-3644238","KF02-BBJ","Dream Reach Chef Knife, Japanese Kitchen Knife, Sharp Stainless Steel Viking Style Meat Knife with Wooden Handle, Feather Design Cooking Knife with Sh","1","amazon.ca","Amazon","Deroche","British Columbia","V0M 1G","Combined TCS+MTC","28.49","3.42","0","0","0","0","0","0","0","0","-3.42","-4.27","-7.63","0","0","16.59"
"Dec 10, 2025 12:52:16 a.m. PST","25070279451","Service Fee","","","Cost of advertising","","","","","","","","0","0","0","0","0","0","0","0","0","0","0","0","0","-501.70","0","-501.70"
"Dec 10, 2025 12:53:40 a.m. PST","25070279451","Order","702-3094511-8858638","KF04-BBJ","Dream Reach Meat Bone Cleaver Knife for Meat Cutting Handmade Heavy Duty Butcher Axes Hand Forged Full Tang Chopper for Kitchen Outdoor BBQ Chef Gifts","1","amazon.ca","Amazon","Calgary","Alberta","T3G 5C","Combined TCS+MTC","31.49","1.57","0","0","0","0","0","0","0","0","-1.57","-4.72","-8.74","0","0","18.03"
"Dec 10, 2025 1:03:30 a.m. PST","25070279451","Order","S01-2133004-6191609","KF02-BBJ","Dream Reach Chef Knife, Japanese Kitchen Knife, Sharp Stainless Steel Viking Style Meat Knife with Wooden Handle, Feather Design Cooking Knife with Sheath & Gift Box, Gift for Men and Chefs","1","siprod.stores.amazon.ca","Amazon","SAULT STE MARIE","ON","P6A 5K","","0","0","0","0","0","0","0","0","0","0","0","0","-3.82","0","0","-3.82"
"Dec 10, 2025 1:03:30 a.m. PST","25070279451","Order","S01-2133004-6191609","","FBA transportation fee","","siprod.stores.amazon.ca","Amazon","SAULT STE MARIE","ON","P6A 5K","","0","0","0","0","0","0","0","0","0","0","0","0","0","0","-7.01","-7.01"
"Dec 10, 2025 1:42:28 a.m. PST","25070279451","Order","701-2902654-7840206","9B-5VGN-40SH","Dream Reach 2 Pack Kitchen Scissors, Premium All-Metal Kitchen Shears, Heavy Duty Poultry Shears for Food, Food-Grade Stainless Steel Scissors, Gift f","1","amazon.ca","Amazon","Trois-Rivieres","Quebec","G9B 6T","Combined TCS+MTC","25.73","3.85","0","0","0","0","0","0","0","0","-3.85","-3.86","-7.65","0","0","14.22"
"Dec 10, 2025 2:03:46 a.m. PST","25070279451","Order","702-3216314-0898620","9B-5VGN-40SH","Dream Reach 2 Pack Kitchen Scissors, Premium All-Metal Kitchen Shears, Heavy Duty Poultry Shears for Food, Food-Grade Stainless Steel Scissors, Gift f","1","amazon.ca","Amazon","Laval","Quebec","H7P 2C","Combined TCS+MTC","25.73","3.85","0","0","0","0","0","0","0","0","-3.85","-3.86","-7.65","0","0","14.22"
"Dec 10, 2025 2:18:06 a.m. PST","25070279451","Order","701-9557998-3150617","9B-5VGN-40SH","Dream Reach 2 Pack Kitchen Scissors, Premium All-Metal Kitchen Shears, Heavy Duty Poultry Shears for Food, Food-Grade Stainless Steel Scissors, Gift f","1","amazon.ca","Amazon","Saint-Hubert","Quebec","J3Y 3K","Combined TCS+MTC","25.73","3.85","0","0","0","0","0","0","0","0","-3.85","-3.86","-7.65","0","0","14.22"
"Dec 10, 2025 2:27:52 a.m. PST","25070279451","Service Fee","","","Refund for advertiser","","","","","","","","0","0","0","0","0","0","0","0","0","0","0","0","0","1.16","0","1.16"
"Dec 10, 2025 2:34:47 a.m. PST","25070279451","Order","701-3772347-5449805","9B-5VGN-40SH","Dream Reach 2 Pack Kitchen Scissors, Premium All-Metal Kitchen Shears, Heavy Duty Poultry Shears for Food, Food-Grade Stainless Steel Scissors, Gift f","1","amazon.ca","Amazon","Oshawa","Ontario","L1J 5B","Combined TCS+MTC","25.73","3.34","0","0","0","0","0","0","0","0","-3.34","-3.86","-7.65","0","0","14.22"
"Dec 10, 2025 2:56:50 a.m. PST","25070279451","Order","701-4144428-0246641","9B-5VGN-40SH","Dream Reach 2 Pack Kitchen Scissors, Premium All-Metal Kitchen Shears, Heavy Duty Poultry Shears for Food, Food-Grade Stainless Steel Scissors, Gift f","1","amazon.ca","Amazon","Toronto","Ontario","M5V2Y","Combined TCS+MTC","25.73","3.34","0","0","0","0","0","0","0","0","-3.34","-3.86","-7.65","0","0","14.22"
"Dec 10, 2025 3:12:12 a.m. PST","25070279451","Order","701-2817449-9197061","9B-5VGN-40SH","Dream Reach 2 Pack Kitchen Scissors, Premium All-Metal Kitchen Shears, Heavy Duty Poultry Shears for Food, Food-Grade Stainless Steel Scissors, Gift f","1","amazon.ca","Amazon","Victoria","British Columbia","V8T 0A","Combined TCS+MTC","25.73","3.09","0","0","0","0","0","0","0","0","-3.09","-3.86","-7.65","0","0","14.22"
"Dec 10, 2025 3:47:23 a.m. PST","25070279451","Order","701-7999301-1520203","9B-5VGN-40SH","Dream Reach 2 Pack Kitchen Scissors, Premium All-Metal Kitchen Shears, Heavy Duty Poultry Shears for Food, Food-Grade Stainless Steel Scissors, Gift f","1","amazon.ca","Amazon","Kanata","Ontario","K2T 1E","Combined TCS+MTC","25.73","3.34","0","0","0","0","0","0","0","0","-3.34","-3.86","-7.65","0","0","14.22"
"Dec 10, 2025 3:47:41 a.m. PST","25070279451","Order","702-7982877-4329057","9B-5VGN-40SH","Dream Reach 2 Pack Kitchen Scissors, Premium All-Metal Kitchen Shears, Heavy Duty Poultry Shears for Food, Food-Grade Stainless Steel Scissors, Gift f","1","amazon.ca","Amazon","Toronto","Ontario","M5A 0M","Combined TCS+MTC","25.73","3.34","0","0","0","0","0","0","0","0","-3.34","-3.86","-7.65","0","0","14.22"
"Dec 10, 2025 3:50:44 a.m. PST","25070279451","Order","702-5720177-8821862","KF04-BBJ","Dream Reach Meat Bone Cleaver Knife for Meat Cutting Handmade Heavy Duty Butcher Axes Hand Forged Full Tang Chopper for Kitchen Outdoor BBQ Chef Gifts","1","amazon.ca","Amazon","Yorkton","Saskatchewan","S3N 1W","Combined TCS+MTC","31.49","3.46","0","0","0","0","0","0","0","0","-3.46","-4.72","-8.74","0","0","18.03"
"Dec 10, 2025 4:11:51 a.m. PST","25070279451","Order","702-7215379-0885869","KF02-BBJ","Dream Reach Chef Knife, Japanese Kitchen Knife, Sharp Stainless Steel Viking Style Meat Knife with Wooden Handle, Feather Design Cooking Knife with Sh","1","amazon.ca","Amazon","Montreal","Quebec","H2J 2L","Combined TCS+MTC","28.49","4.27","0","0","0","0","0","0","0","0","-4.27","-4.27","-7.13","0","0","17.09"
"Dec 10, 2025 4:39:13 a.m. PST","25070279451","Order","702-3150821-0380215","KF02-BBJ","Dream Reach Chef Knife, Japanese Kitchen Knife, Sharp Stainless Steel Viking Style Meat Knife with Wooden Handle, Feather Design Cooking Knife with Sh","1","amazon.ca","Amazon","Ste-Catherine-De-La-J-Cartie","Quebec","G3N 1R","Combined TCS+MTC","28.49","4.27","0","0","0","0","0","0","0","0","-4.27","-4.27","-7.13","0","0","17.09"
"Dec 10, 2025 5:08:54 a.m. PST","25070279451","Order","702-3647686-1778633","HS1901","Dream Reach 6"" Professional Hair Cutting Scissors Japan 440C Steel Thinning Scissor for Men/Women Cutting for Salon/Barber/Home (Straight Scissors)","2","amazon.ca","Amazon","Cochrane","Alberta","T4C 1N","Combined TCS+MTC","87.98","4.40","0","0","0","0","0","0","0","0","-4.40","-13.20","-12.98","0","0","61.80"
"Dec 10, 2025 5:09:50 a.m. PST","25070279451","Order","701-8279731-9625025","9B-5VGN-40SH","Dream Reach 2 Pack Kitchen Scissors, Premium All-Metal Kitchen Shears, Heavy Duty Poultry Shears for Food, Food-Grade Stainless Steel Scissors, Gift f","1","amazon.ca","Amazon","Oro Medonte","Ontario","L0L 2E","Combined TCS+MTC","25.73","3.34","0","0","0","0","0","0","0","0","-3.34","-3.86","-7.65","0","0","14.22"
"Dec 10, 2025 5:29:29 a.m. PST","25070279451","Order","701-5317941-4021043","9B-5VGN-40SH","Dream Reach 2 Pack Kitchen Scissors, Premium All-Metal Kitchen Shears, Heavy Duty Poultry Shears for Food, Food-Grade Stainless Steel Scissors, Gift f","1","amazon.ca","Amazon","Mississauga","Ontario","L5N4W","Combined TCS+MTC","25.73","3.34","0","0","0","0","0","0","0","0","-3.34","-3.86","-7.65","0","0","14.22"
"Dec 10, 2025 5:35:11 a.m. PST","25070279451","Order","701-0199071-6674604","9B-5VGN-40SH","Dream Reach 2 Pack Kitchen Scissors, Premium All-Metal Kitchen Shears, Heavy Duty Poultry Shears for Food, Food-Grade Stainless Steel Scissors, Gift f","1","amazon.ca","Amazon","London","Ontario","N5V 4E","Combined TCS+MTC","25.73","3.34","0","0","0","0","0","0","0","0","-3.34","-3.86","-7.65","0","0","14.22"
"Dec 10, 2025 5:44:27 a.m. PST","25070279451","Order","702-5404866-9853055","CD-5RZQ-GSIY","Dream Reach 8.0 Inch Twin Tailed Rainbow Curved Blade Pet Grooming Scissors Dog Hair Cutting Shears with Case (Curved Scissors)","2","amazon.ca","Amazon","Belle River","Ontario","N0R 1A","Combined TCS+MTC","67.98","7.52","0","0","0","0","0","0","-10.20","0","-7.52","-8.66","-12.98","0","0","36.14"
"Dec 10, 2025 5:45:59 a.m. PST","25070279451","Order","701-9691388-8377012","9B-5VGN-40SH","Dream Reach 2 Pack Kitchen Scissors, Premium All-Metal Kitchen Shears, Heavy Duty Poultry Shears for Food, Food-Grade Stainless Steel Scissors, Gift f","1","amazon.ca","Amazon","Saint-Augustin-De-Desmaures","Quebec","G3A 0N","Combined TCS+MTC","25.73","3.85","0","0","0","0","0","0","0","0","-3.85","-3.86","-7.65","0","0","14.22"
"Dec 10, 2025 5:46:27 a.m. PST","25070279451","Order","701-6908446-8850664","KF04-BBJ","Dream Reach Meat Bone Cleaver Knife for Meat Cutting Handmade Heavy Duty Butcher Axes Hand Forged Full Tang Chopper for Kitchen Outdoor BBQ Chef Gifts","1","amazon.ca","Amazon","Calgary","Alberta","T1Y 1W","Combined TCS+MTC","31.49","1.57","0","0","0","0","0","0","0","0","-1.57","-4.72","-8.74","0","0","18.03"
"Dec 10, 2025 6:34:21 a.m. PST","25070279451","Order","701-0445392-0181038","KF05-BBJ","Dream Reach Meat Cleaver Knife Heavy Duty Bone Chopper High Carbon Steel Butcher Axe Bone Cutting Knife Hand Forged Butcher Knife for Kitchen Outdoor","1","amazon.ca","Amazon","Thunder Bay","Ontario","P7B 6A","Combined TCS+MTC","35.09","4.56","3.26","0","0","0","0","0","-3.26","0","-4.56","-5.26","-9.58","0","0","20.25"
"Dec 10, 2025 6:39:42 a.m. PST","25070279451","Order","701-8648707-4839422","9B-5VGN-40SH","Dream Reach 2 Pack Kitchen Scissors, Premium All-Metal Kitchen Shears, Heavy Duty Poultry Shears for Food, Food-Grade Stainless Steel Scissors, Gift f","1","amazon.ca","Amazon","Warman","Saskatchewan","S0K 4S","Combined TCS+MTC","25.73","2.83","0","0","0","0","0","0","0","0","-2.83","-3.86","-7.65","0","0","14.22"
"Dec 10, 2025 6:50:14 a.m. PST","25070279451","Order","702-2846145-4448253","8FS01-BJ","Dream Reach Dog Thinning Scissors - 8 Inch Professional Pet Grooming Shears with Adjustable Screw, Sharp Trimming Scissors for Dogs and Cats","1","amazon.ca","Amazon","WHITBY","Ontario","L1R 3R","Combined TCS+MTC","39.99","4.42","0","0","0","0","0","0","-6.00","0","-4.42","-5.10","-6.74","0","0","22.15"
"Dec 10, 2025 7:06:05 a.m. PST","25070279451","Order","701-4613794-2856250","9B-5VGN-40SH","Dream Reach 2 Pack Kitchen Scissors, Premium All-Metal Kitchen Shears, Heavy Duty Poultry Shears for Food, Food-Grade Stainless Steel Scissors, Gift f","1","amazon.ca","Amazon","Collingwood","Ontario","L9Y 4J","Combined TCS+MTC","25.73","3.34","0","0","0","0","0","0","0","0","-3.34","-3.86","-7.65","0","0","14.22"
"Dec 10, 2025 7:12:21 a.m. PST","25070279451","Order","702-2505905-7937043","9B-5VGN-40SH","Dream Reach 2 Pack Kitchen Scissors, Premium All-Metal Kitchen Shears, Heavy Duty Poultry Shears for Food, Food-Grade Stainless Steel Scissors, Gift f","1","amazon.ca","Amazon","Edmonton","AB","T5X 5X","Combined TCS+MTC","25.73","1.29","0","0","0","0","0","0","0","0","-1.29","-3.86","-7.65","0","0","14.22"
"Dec 10, 2025 11:34:18 a.m. PST","25070279451","Order","S01-5648954-1322832","KF02-BBJ","Dream Reach Chef Knife, Japanese Kitchen Knife, Sharp Stainless Steel Viking Style Meat Knife with Wooden Handle, Feather Design Cooking Knife with Sheath & Gift Box, Gift for Men and Chefs","1","siprod.stores.amazon.ca","Amazon","KAMLOOPS","BC","V2B 1T","","0","0","0","0","0","0","0","0","0","0","0","0","-3.82","0","0","-3.82"
"Dec 10, 2025 11:34:18 a.m. PST","25070279451","Order","S01-5648954-1322832","","FBA transportation fee","","siprod.stores.amazon.ca","Amazon","KAMLOOPS","BC","V2B 1T","","0","0","0","0","0","0","0","0","0","0","0","0","0","0","-7.01","-7.01"
"Dec 10, 2025 12:40:47 p.m. PST","25070279451","Order","701-0696505-3002611","9B-5VGN-40SH","Dream Reach 2 Pack Kitchen Scissors, Premium All-Metal Kitchen Shears, Heavy Duty Poultry Shears for Food, Food-Grade Stainless Steel Scissors, Gift f","1","amazon.ca","Amazon","Guelph","Ontario","N1G 2V","Combined TCS+MTC","25.73","3.34","0","0","0","0","0","0","0","0","-3.34","-3.86","-7.65","0","0","14.22"
"Dec 10, 2025 2:34:10 p.m. PST","25070279451","Order","S01-5192505-0801247","KF02-BBJ","Dream Reach Chef Knife, Japanese Kitchen Knife, Sharp Stainless Steel Viking Style Meat Knife with Wooden Handle, Feather Design Cooking Knife with Sheath & Gift Box, Gift for Men and Chefs","1","siprod.stores.amazon.ca","Amazon","FRONTENAC","QC","G6B 2S","","0","0","0","0","0","0","0","0","0","0","0","0","-3.82","0","0","-3.82"
"Dec 10, 2025 2:34:10 p.m. PST","25070279451","Order","S01-5192505-0801247","","FBA transportation fee","","siprod.stores.amazon.ca","Amazon","FRONTENAC","QC","G6B 2S","","0","0","0","0","0","0","0","0","0","0","0","0","0","0","-7.01","-7.01"
"Dec 10, 2025 6:13:12 p.m. PST","25070279451","Order","701-9469213-5932241","9B-5VGN-40SH","Dream Reach 2 Pack Kitchen Scissors, Premium All-Metal Kitchen Shears, Heavy Duty Poultry Shears for Food, Food-Grade Stainless Steel Scissors, Gift f","1","amazon.ca","Amazon","North Vancouver","British Columbia","V7R4K","Combined TCS+MTC","25.73","3.09","0","0","0","0","0","0","0","0","-3.09","-3.86","-8.19","0","0","13.68"
"Dec 10, 2025 7:03:25 p.m. PST","25070279451","Order","701-6349380-7888249","KF05-BBJ","Dream Reach Meat Cleaver Knife Heavy Duty Bone Chopper High Carbon Steel Butcher Axe Bone Cutting Knife Hand Forged Butcher Knife for Kitchen Outdoor","1","amazon.ca","Amazon","Gatineau","Quebec","J9J 4K","Combined TCS+MTC","35.69","5.34","0","0","0","0","0","0","0","0","-5.34","-5.35","-9.58","0","0","20.76"
"Dec 10, 2025 7:15:28 p.m. PST","25070279451","Order","702-5224087-8890601","9B-5VGN-40SH","Dream Reach 2 Pack Kitchen Scissors, Premium All-Metal Kitchen Shears, Heavy Duty Poultry Shears for Food, Food-Grade Stainless Steel Scissors, Gift f","1","amazon.ca","Amazon","Richmond","British Columbia","V7E 4G","Combined TCS+MTC","25.73","3.09","3.92","0","0","0","0","0","-3.92","0","-3.09","-3.86","-7.65","0","0","14.22"
"Dec 10, 2025 8:29:35 p.m. PST","25070279451","Order","701-3245541-9976251","9B-5VGN-40SH","Dream Reach 2 Pack Kitchen Scissors, Premium All-Metal Kitchen Shears, Heavy Duty Poultry Shears for Food, Food-Grade Stainless Steel Scissors, Gift f","1","amazon.ca","Amazon","New Westminster","British Columbia","V3M 0B","Combined TCS+MTC","25.73","3.09","0","0","4.49","0.54","0","0","0","0","-3.63","-3.86","-12.99","0","0","13.37"
"Dec 10, 2025 9:36:33 p.m. PST","25070279451","Order","S01-5110997-4046835","CWJ02-Purple7Set-BBJ","Dream Reach Dog Grooming Scissors - 7"" Professional 6 in 1 Pet Scissors Sharp and Durable Shears Set Thinning, Chunker, Straight, Curved Shears and Comb for Dog Cat Pets, Purple","1","siprod.stores.amazon.ca","Amazon","AURORA","ON","L4G 6N","","0","0","0","0","0","0","0","0","0","0","0","0","-3.82","0","0","-3.82"
"Dec 10, 2025 9:36:33 p.m. PST","25070279451","Order","S01-5110997-4046835","","FBA transportation fee","","siprod.stores.amazon.ca","Amazon","AURORA","ON","L4G 6N","","0","0","0","0","0","0","0","0","0","0","0","0","0","0","-6.12","-6.12"
"Dec 10, 2025 10:55:50 p.m. PST","25070279451","Order","701-5741373-8265047","KF02-BBJ","Dream Reach Chef Knife, Japanese Kitchen Knife, Sharp Stainless Steel Viking Style Meat Knife with Wooden Handle, Feather Design Cooking Knife with Sh","1","amazon.ca","Amazon","Huntsville","Ontario","P1H 2J","Combined TCS+MTC","28.49","3.70","0","0","0","0","0","0","0","0","-3.70","-4.27","-7.13","0","0","17.09"
"Dec 10, 2025 11:54:49 p.m. PST","25070279451","Order","702-7519764-5935416","HS1901","Dream Reach 6"" Professional Hair Cutting Scissors Japan 440C Steel Thinning Scissor for Men/Women Cutting for Salon/Barber/Home (Straight Scissors)","1","amazon.ca","Amazon","Blainville","Quebec","J7C 5M","Combined TCS+MTC","43.99","5.60","0","0","0","0","0","0","-6.60","0","-5.60","-5.61","-6.49","0","0","25.29"
"Dec 11, 2025 12:32:22 a.m. PST","25070279451","Order","702-3515269-1948227","9B-5VGN-40SH","Dream Reach 2 Pack Kitchen Scissors, Premium All-Metal Kitchen Shears, Heavy Duty Poultry Shears for Food, Food-Grade Stainless Steel Scissors, Gift f","1","amazon.ca","Amazon","Athabasca","Alberta","T9S 1B","Combined TCS+MTC","25.73","1.29","0","0","0","0","0","0","0","0","-1.29","-3.86","-7.65","0","0","14.22"
"Dec 11, 2025 1:29:23 a.m. PST","25070279451","Order","S01-7592372-0913224","KF02-BBJ","Dream Reach Chef Knife, Japanese Kitchen Knife, Sharp Stainless Steel Viking Style Meat Knife with Wooden Handle, Feather Design Cooking Knife with Sheath & Gift Box, Gift for Men and Chefs","1","siprod.stores.amazon.ca","Amazon","RED DEER","AB","T4P 2A","","0","0","0","0","0","0","0","0","0","0","0","0","-3.82","0","0","-3.82"
"Dec 11, 2025 1:29:23 a.m. PST","25070279451","Order","S01-7592372-0913224","","FBA transportation fee","","siprod.stores.amazon.ca","Amazon","RED DEER","AB","T4P 2A","","0","0","0","0","0","0","0","0","0","0","0","0","0","0","-7.01","-7.01"
"Dec 11, 2025 1:37:56 a.m. PST","25070279451","Order","701-5973041-3135423","9B-5VGN-40SH","Dream Reach 2 Pack Kitchen Scissors, Premium All-Metal Kitchen Shears, Heavy Duty Poultry Shears for Food, Food-Grade Stainless Steel Scissors, Gift f","1","amazon.ca","Amazon","Saint-Marc-Des-Carrieres","Quebec","G0A 4B","Combined TCS+MTC","25.73","3.85","0","0","0","0","0","0","0","0","-3.85","-3.86","-7.65","0","0","14.22"
"Dec 11, 2025 2:06:55 a.m. PST","25070279451","Order","702-0872943-2817804","KF02-BBJ","Dream Reach Chef Knife, Japanese Kitchen Knife, Sharp Stainless Steel Viking Style Meat Knife with Wooden Handle, Feather Design Cooking Knife with Sh","1","amazon.ca","Amazon","Alberta Beach","Alberta","T0E 0A","Combined TCS+MTC","28.49","1.42","0","0","0","0","0","0","0","0","-1.42","-4.27","-7.13","0","0","17.09"
"Dec 11, 2025 2:24:44 a.m. PST","25070279451","Order","702-4364569-5054615","CWJ02-Black7.5Set-BBJ","Dream Reach Dog Grooming Scissors - Professional 7.5 Inch Pet Scissors Sharp and Durable Shears Set Thinning, Chunker, Straight, Curved Shears and Com","1","amazon.ca","Amazon","Shaunavon","Saskatchewan","S0N 2M","Combined TCS+MTC","49.71","5.47","0","0","0","0","0","0","0","0","-5.47","-7.46","-7.65","0","0","34.60"
"Dec 11, 2025 2:33:13 a.m. PST","25070279451","Order","702-3111766-1635419","9B-5VGN-40SH","Dream Reach 2 Pack Kitchen Scissors, Premium All-Metal Kitchen Shears, Heavy Duty Poultry Shears for Food, Food-Grade Stainless Steel Scissors, Gift f","1","amazon.ca","Amazon","Boyle","Alberta","T0A 0M","Combined TCS+MTC","25.73","1.29","0","0","0","0","0","0","0","0","-1.29","-3.86","-7.65","0","0","14.22"
"Dec 11, 2025 2:57:11 a.m. PST","25070279451","Order","702-1466920-0524200","9B-5VGN-40SH","Dream Reach 2 Pack Kitchen Scissors, Premium All-Metal Kitchen Shears, Heavy Duty Poultry Shears for Food, Food-Grade Stainless Steel Scissors, Gift f","1","amazon.ca","Amazon","Varennes","Quebec","J3X 2C","Combined TCS+MTC","25.73","3.85","0","0","0","0","0","0","0","0","-3.85","-3.86","-7.65","0","0","14.22"
"Dec 11, 2025 3:05:43 a.m. PST","25070279451","Order","701-7796333-9071460","BBJK06-Set3","Dream Reach 3PCS Kitchen Knife Set, Kitchen Knives, Butcher Knife Set, Chef Knife Set, Meat Cleaver Knife, High-Hardness Steel Knives with Ergonomic W","1","amazon.ca","Amazon","Guelph","Ontario","N1L 1J","Combined TCS+MTC","39.99","5.20","0","0","0","0","0","0","0","0","-5.20","-6.00","-9.58","0","0","24.41"
"Dec 11, 2025 3:21:19 a.m. PST","25070279451","Order","701-6368549-4289843","9B-5VGN-40SH","Dream Reach 2 Pack Kitchen Scissors, Premium All-Metal Kitchen Shears, Heavy Duty Poultry Shears for Food, Food-Grade Stainless Steel Scissors, Gift f","1","amazon.ca","Amazon","Georgetown","Ontario","L7G 4S","Combined TCS+MTC","29.99","3.90","6.99","0","0","0","0","0","-6.99","0","-3.90","-4.50","-7.65","0","0","17.84"
"Dec 11, 2025 4:03:54 a.m. PST","25070279451","Order","702-2514253-4625849","9B-5VGN-40SH","Dream Reach 2 Pack Kitchen Scissors, Premium All-Metal Kitchen Shears, Heavy Duty Poultry Shears for Food, Food-Grade Stainless Steel Scissors, Gift f","1","amazon.ca","Amazon","Johnstown","Ontario","K0E 1T","Combined TCS+MTC","25.73","3.34","0","0","0","0","0","0","0","0","-3.34","-3.86","-7.65","0","0","14.22"
"Dec 11, 2025 4:21:23 a.m. PST","25070279451","Order","702-6036609-8472239","9B-5VGN-40SH","Dream Reach 2 Pack Kitchen Scissors, Premium All-Metal Kitchen Shears, Heavy Duty Poultry Shears for Food, Food-Grade Stainless Steel Scissors, Gift f","1","amazon.ca","Amazon","Belnan","Nova Scotia","B2S 2N","Combined TCS+MTC","25.73","3.60","0","0","0","0","0","0","0","0","-3.60","-3.86","-7.65","0","0","14.22"
"Dec 11, 2025 4:38:40 a.m. PST","25070279451","Order","701-9898656-0333031","9B-5VGN-40SH","Dream Reach 2 Pack Kitchen Scissors, Premium All-Metal Kitchen Shears, Heavy Duty Poultry Shears for Food, Food-Grade Stainless Steel Scissors, Gift f","1","amazon.ca","Amazon","Aurora","Ontario","L4G 7X","Combined TCS+MTC","29.99","3.90","3.49","0","0","0","0","0","-3.49","0","-3.90","-4.50","-7.65","0","0","17.84"
"Dec 11, 2025 4:46:33 a.m. PST","25070279451","Order","701-0117553-3353009","KF01-BBJ","Dream Reach Viking Cleaver Knife Butcher Meat Cutting Boning Knife High Carbon Steel Kitchen Axe with Sheath Home Outdoor BBQ Camping Birthday Christm","1","amazon.ca","Amazon","Lasalle","Qc","H8P3E","Combined TCS+MTC","35.99","5.39","0","0","0","0","0","0","0","0","-5.39","-5.40","-7.65","0","0","22.94"
"Dec 11, 2025 5:39:26 a.m. PST","25070279451","Order","702-9106848-7147447","KF02-BBJ","Dream Reach Chef Knife, Japanese Kitchen Knife, Sharp Stainless Steel Viking Style Meat Knife with Wooden Handle, Feather Design Cooking Knife with Sh","1","amazon.ca","Amazon","Vanderhoof","British Columbia","V0J3A","Combined TCS+MTC","28.49","3.42","0","0","0","0","0","0","0","0","-3.42","-4.27","-7.13","0","0","17.09"
"Dec 11, 2025 5:49:50 a.m. PST","25070279451","Order","701-4321620-5829011","9B-5VGN-40SH","Dream Reach 2 Pack Kitchen Scissors, Premium All-Metal Kitchen Shears, Heavy Duty Poultry Shears for Food, Food-Grade Stainless Steel Scissors, Gift f","1","amazon.ca","Amazon","Abbotsford","British Columbia","V2S 8C","Combined TCS+MTC","25.73","3.09","0","0","0","0","0","0","0","0","-3.09","-3.86","-7.65","0","0","14.22"
"Dec 11, 2025 6:02:06 a.m. PST","25070279451","Order","702-2152902-7127435","9B-5VGN-40SH","Dream Reach 2 Pack Kitchen Scissors, Premium All-Metal Kitchen Shears, Heavy Duty Poultry Shears for Food, Food-Grade Stainless Steel Scissors, Gift f","1","amazon.ca","Amazon","Coleman","Alberta","T0K 0M","Combined TCS+MTC","25.73","1.29","0","0","0","0","0","0","0","0","-1.29","-3.86","-7.65","0","0","14.22"
"Dec 11, 2025 6:17:13 a.m. PST","25070279451","Order","702-7413212-6891408","9B-5VGN-40SH","Dream Reach 2 Pack Kitchen Scissors, Premium All-Metal Kitchen Shears, Heavy Duty Poultry Shears for Food, Food-Grade Stainless Steel Scissors, Gift f","1","amazon.ca","Amazon","Waterloo","Québec","J0E 2N","Combined TCS+MTC","29.99","4.49","0","0","0","0","0","0","0","0","-4.49","-4.50","-7.65","0","0","17.84"
"Dec 11, 2025 6:39:30 a.m. PST","25070279451","Order","702-6465534-4567414","9B-5VGN-40SH","Dream Reach 2 Pack Kitchen Scissors, Premium All-Metal Kitchen Shears, Heavy Duty Poultry Shears for Food, Food-Grade Stainless Steel Scissors, Gift f","1","amazon.ca","Amazon","Markham","Ontario","L3S 2S","Combined TCS+MTC","25.73","3.34","0","0","0","0","0","0","0","0","-3.34","-3.86","-7.65","0","0","14.22"
"Dec 11, 2025 6:49:21 a.m. PST","25070279451","Order","702-1830990-2685829","KF04-BBJ","Dream Reach Meat Bone Cleaver Knife for Meat Cutting Handmade Heavy Duty Butcher Axes Hand Forged Full Tang Chopper for Kitchen Outdoor BBQ Chef Gifts","1","amazon.ca","Amazon","Calgary","Alberta","T3G 4T","Combined TCS+MTC","34.99","1.75","6.99","0","0","0","0","0","-6.99","0","-1.75","-5.25","-8.74","0","0","21.00"
"Dec 11, 2025 8:08:21 a.m. PST","25070279451","Order","702-6580189-4826618","9B-5VGN-40SH","Dream Reach 2 Pack Kitchen Scissors, Premium All-Metal Kitchen Shears, Heavy Duty Poultry Shears for Food, Food-Grade Stainless Steel Scissors, Gift f","1","amazon.ca","Amazon","Amherst","Nova Scotia","B4H 3X","Combined TCS+MTC","25.73","3.60","0","0","0","0","0","0","0","0","-3.60","-3.86","-7.65","0","0","14.22"
"Dec 11, 2025 8:21:25 a.m. PST","25070279451","Adjustment","","CWJ02-Pink7Set-BBJ","FBA Inventory Reimbursement - Damaged:Warehouse","1","","","","","","","0","0","0","0","0","0","0","0","0","0","0","0","0","0","13.60","13.60"
"Dec 11, 2025 8:28:47 a.m. PST","25070279451","Order","701-3538616-8745028","KF04-BBJ","Dream Reach Meat Bone Cleaver Knife for Meat Cutting Handmade Heavy Duty Butcher Axes Hand Forged Full Tang Chopper for Kitchen Outdoor BBQ Chef Gifts","1","amazon.ca","Amazon","Innisfail","Alberta","T4G 0A","Combined TCS+MTC","31.49","1.57","0","0","0","0","0","0","0","0","-1.57","-4.72","-8.74","0","0","18.03"
"Dec 11, 2025 1:30:03 p.m. PST","25070279451","Order","702-1012275-7085845","9B-5VGN-40SH","Dream Reach 2 Pack Kitchen Scissors, Premium All-Metal Kitchen Shears, Heavy Duty Poultry Shears for Food, Food-Grade Stainless Steel Scissors, Gift f","1","amazon.ca","Amazon","Delta","BC","V4E 2A","Combined TCS+MTC","25.73","3.09","0","0","0","0","0","0","0","0","-3.09","-3.86","-7.65","0","0","14.22"
"Dec 11, 2025 1:30:11 p.m. PST","25070279451","Order","S01-5475568-1403600","KF02-BBJ","Dream Reach Chef Knife, Japanese Kitchen Knife, Sharp Stainless Steel Viking Style Meat Knife with Wooden Handle, Feather Design Cooking Knife with Sheath & Gift Box, Gift for Men and Chefs","1","siprod.stores.amazon.ca","Amazon","TUMBLER RIDGE","BC","V0C 2W","","0","0","0","0","0","0","0","0","0","0","0","0","-3.82","0","0","-3.82"
"Dec 11, 2025 1:30:11 p.m. PST","25070279451","Order","S01-5475568-1403600","","FBA transportation fee","","siprod.stores.amazon.ca","Amazon","TUMBLER RIDGE","BC","V0C 2W","","0","0","0","0","0","0","0","0","0","0","0","0","0","0","-7.01","-7.01"
"Dec 11, 2025 2:30:22 p.m. PST","25070279451","Refund","701-8090950-7155468","9B-5VGN-40SH","Dream Reach 2 Pack Kitchen Scissors, Premium All-Metal Kitchen Shears, Heavy Duty Poultry Shears for Food, Food-Grade Stainless Steel Scissors, Gift f","1","amazon.ca","Amazon","Ennismore","ON","K0L1T","Combined TCS+MTC","0","0","-3.19","-0.41","0","0","0","0","0","0","0.41","0","3.19","0","0","0"
"Dec 11, 2025 4:49:27 p.m. PST","25070279451","Order","702-3180883-9048226","9B-5VGN-40SH","Dream Reach 2 Pack Kitchen Scissors, Premium All-Metal Kitchen Shears, Heavy Duty Poultry Shears for Food, Food-Grade Stainless Steel Scissors, Gift f","1","amazon.ca","Amazon","Cambridge","ON","N1R 1X","Combined TCS+MTC","29.99","3.90","0","0","0","0","0","0","0","0","-3.90","-4.50","-7.65","0","0","17.84"
"Dec 11, 2025 4:49:50 p.m. PST","25070279451","Order","702-6905990-8864263","KF04-BBJ","Dream Reach Meat Bone Cleaver Knife for Meat Cutting Handmade Heavy Duty Butcher Axes Hand Forged Full Tang Chopper for Kitchen Outdoor BBQ Chef Gifts","1","amazon.ca","Amazon","East York","Ontario","M4K 2H","Combined TCS+MTC","31.49","4.09","3.92","0","0","0","0","0","-3.92","0","-4.09","-4.72","-8.74","0","0","18.03"
"Dec 11, 2025 6:21:02 p.m. PST","25070279451","Order","702-1997948-8929056","CWJ02-Purple7Set-BBJ","Dream Reach Dog Grooming Scissors - 7"" Professional 6 in 1 Pet Scissors Sharp and Durable Shears Set Thinning, Chunker, Straight, Curved Shears and Co","1","amazon.ca","Amazon","Waterloo","Ontario","N2J 4G","Combined TCS+MTC","46.99","6.11","6.99","0","0","0","0","0","-6.99","0","-6.11","-7.05","-6.74","0","0","33.20"
"Dec 11, 2025 10:29:34 p.m. PST","25070279451","Order","701-9154713-5225836","9B-5VGN-40SH","Dream Reach 2 Pack Kitchen Scissors, Premium All-Metal Kitchen Shears, Heavy Duty Poultry Shears for Food, Food-Grade Stainless Steel Scissors, Gift f","1","amazon.ca","Amazon","Toronto","ON","M5P 1C","Combined TCS+MTC","29.99","3.90","0","0","0","0","0","0","0","0","-3.90","-4.50","-7.65","0","0","17.84"
"Dec 11, 2025 11:05:18 p.m. PST","25070279451","Order","701-5688591-9279415","KF04-BBJ","Dream Reach Meat Bone Cleaver Knife for Meat Cutting Handmade Heavy Duty Butcher Axes Hand Forged Full Tang Chopper for Kitchen Outdoor BBQ Chef Gifts","1","amazon.ca","Amazon","Pickering","Ontario","L1V 5P","Combined TCS+MTC","31.49","4.09","0","0","0","0","0","0","0","0","-4.09","-4.72","-8.74","0","0","18.03"
"Dec 11, 2025 11:37:58 p.m. PST","25070279451","Order","701-3829643-7862629","KF02-BBJ","Dream Reach Chef Knife, Japanese Kitchen Knife, Sharp Stainless Steel Viking Style Meat Knife with Wooden Handle, Feather Design Cooking Knife with Sh","1","amazon.ca","Amazon","Val-d'Or","Quebec","J9P 1E","Combined TCS+MTC","28.49","4.27","0","0","0","0","0","0","0","0","-4.27","-4.27","-7.13","0","0","17.09"
"Dec 12, 2025 12:30:00 a.m. PST","25070279451","Order","702-9742257-9873044","9B-5VGN-40SH","Dream Reach 2 Pack Kitchen Scissors, Premium All-Metal Kitchen Shears, Heavy Duty Poultry Shears for Food, Food-Grade Stainless Steel Scissors, Gift f","1","amazon.ca","Amazon","Kelowna","British Columbia","V1W 5H","Combined TCS+MTC","29.99","3.60","0","0","0","0","0","0","0","0","-3.60","-4.50","-8.19","0","0","17.30"
"Dec 12, 2025 1:19:17 a.m. PST","25070279451","Order","702-6328437-0579452","9B-5VGN-40SH","Dream Reach 2 Pack Kitchen Scissors, Premium All-Metal Kitchen Shears, Heavy Duty Poultry Shears for Food, Food-Grade Stainless Steel Scissors, Gift f","1","amazon.ca","Amazon","Ottawa","ON","K1T 3J","Combined TCS+MTC","25.73","3.34","0","0","0","0","0","0","0","0","-3.34","-3.86","-7.65","0","0","14.22"
"Dec 12, 2025 1:45:08 a.m. PST","25070279451","Order","701-2877032-8132220","9B-5VGN-40SH","Dream Reach 2 Pack Kitchen Scissors, Premium All-Metal Kitchen Shears, Heavy Duty Poultry Shears for Food, Food-Grade Stainless Steel Scissors, Gift f","1","amazon.ca","Amazon","Edmonton","Alberta","T6T 1N","Combined TCS+MTC","29.99","1.50","0","0","0","0","0","0","0","0","-1.50","-4.50","-7.65","0","0","17.84"
"Dec 12, 2025 1:46:37 a.m. PST","25070279451","Order","701-2591370-4307420","9B-5VGN-40SH","Dream Reach 2 Pack Kitchen Scissors, Premium All-Metal Kitchen Shears, Heavy Duty Poultry Shears for Food, Food-Grade Stainless Steel Scissors, Gift f","1","amazon.ca","Amazon","East Lawrencetown","Nova Scotia","B2Z 1N","Combined TCS+MTC","25.73","3.60","8.24","1.15","0","0","0","0","0","0","-4.75","-3.86","-15.89","0","0","14.22"
"Dec 12, 2025 1:57:51 a.m. PST","25070279451","Order","701-4250569-3686660","9B-5VGN-40SH","Dream Reach 2 Pack Kitchen Scissors, Premium All-Metal Kitchen Shears, Heavy Duty Poultry Shears for Food, Food-Grade Stainless Steel Scissors, Gift f","1","amazon.ca","Amazon","Chilliwack","British Columbia","V2P 5H","Combined TCS+MTC","29.99","3.60","2.33","0","0","0","0","0","-2.33","0","-3.60","-4.50","-8.19","0","0","17.30"
"Dec 12, 2025 1:58:45 a.m. PST","25070279451","Order","702-3456098-0238654","9B-5VGN-40SH","Dream Reach 2 Pack Kitchen Scissors, Premium All-Metal Kitchen Shears, Heavy Duty Poultry Shears for Food, Food-Grade Stainless Steel Scissors, Gift f","1","amazon.ca","Amazon","Cavan","Ontario","L0A 1C","Combined TCS+MTC","25.73","3.34","0","0","0","0","0","0","0","0","-3.34","-3.86","-7.65","0","0","14.22"
"Dec 12, 2025 3:01:14 a.m. PST","25070279451","Order","702-6439638-1440245","9B-5VGN-40SH","Dream Reach 2 Pack Kitchen Scissors, Premium All-Metal Kitchen Shears, Heavy Duty Poultry Shears for Food, Food-Grade Stainless Steel Scissors, Gift f","1","amazon.ca","Amazon","Richmond","BC","V6X0L","Combined TCS+MTC","25.73","3.09","0","0","0","0","0","0","0","0","-3.09","-3.86","-8.19","0","0","13.68"
"Dec 12, 2025 3:10:30 a.m. PST","25070279451","Order","701-1606882-3705063","8FS02-BJ","Dream Reach Dog Curved Scissors - 8 Inch Professional Pet Grooming Shears with Adjustable Screw for Trimming Face and Paws","1","amazon.ca","Amazon","Georgetown","Ontario","L7G 6N","Combined TCS+MTC","39.99","4.42","0","0","0","0","0","0","-6.00","0","-4.42","-5.10","-6.49","0","0","22.40"
"Dec 12, 2025 3:10:40 a.m. PST","25070279451","Order","701-3788863-0803440","9B-5VGN-40SH","Dream Reach 2 Pack Kitchen Scissors, Premium All-Metal Kitchen Shears, Heavy Duty Poultry Shears for Food, Food-Grade Stainless Steel Scissors, Gift f","1","amazon.ca","Amazon","Ottawa","Ontario","K0A1T","Combined TCS+MTC","25.73","3.34","0","0","0","0","0","0","0","0","-3.34","-3.86","-7.65","0","0","14.22"
"Dec 12, 2025 4:11:00 a.m. PST","25070279451","Order","701-2499554-1992209","9B-5VGN-40SH","Dream Reach 2 Pack Kitchen Scissors, Premium All-Metal Kitchen Shears, Heavy Duty Poultry Shears for Food, Food-Grade Stainless Steel Scissors, Gift f","1","amazon.ca","Amazon","Saint-Samuel","Quebec","G0Z 1G","Combined TCS+MTC","25.73","3.85","0","0","0","0","0","0","0","0","-3.85","-3.86","-7.65","0","0","14.22"
"Dec 12, 2025 4:11:17 a.m. PST","25070279451","Order","702-3336437-2039426","9B-5VGN-40SH","Dream Reach 2 Pack Kitchen Scissors, Premium All-Metal Kitchen Shears, Heavy Duty Poultry Shears for Food, Food-Grade Stainless Steel Scissors, Gift f","1","amazon.ca","Amazon","Oshawa","Ontario","L1J 3Z","Combined TCS+MTC","25.73","3.34","0","0","0","0","0","0","0","0","-3.34","-3.86","-7.65","0","0","14.22"
"Dec 12, 2025 4:11:59 a.m. PST","25070279451","Order","702-4604746-9461022","9B-5VGN-40SH","Dream Reach 2 Pack Kitchen Scissors, Premium All-Metal Kitchen Shears, Heavy Duty Poultry Shears for Food, Food-Grade Stainless Steel Scissors, Gift f","1","amazon.ca","Amazon","Vancouver","British Columbia","V5T 4B","Combined TCS+MTC","29.99","3.60","6.99","0","0","0","0","0","-6.99","0","-3.60","-4.50","-8.19","0","0","17.30"
"Dec 12, 2025 4:34:36 a.m. PST","25070279451","Order","702-6897436-1766634","KF02-BBJ","Dream Reach Chef Knife, Japanese Kitchen Knife, Sharp Stainless Steel Viking Style Meat Knife with Wooden Handle, Feather Design Cooking Knife with Sh","1","amazon.ca","Amazon","L'Assomption","Quebec","J5W 0B","Combined TCS+MTC","28.49","4.27","0","0","0","0","0","0","0","0","-4.27","-4.27","-7.13","0","0","17.09"
"Dec 12, 2025 4:55:43 a.m. PST","25070279451","Order","701-3236866-4032220","KF04-BBJ","Dream Reach Meat Bone Cleaver Knife for Meat Cutting Handmade Heavy Duty Butcher Axes Hand Forged Full Tang Chopper for Kitchen Outdoor BBQ Chef Gifts","1","amazon.ca","Amazon","Richmond","British Columbia","V6Y 4J","Combined TCS+MTC","31.49","3.78","0","0","0","0","0","0","0","0","-3.78","-4.72","-8.74","0","0","18.03"
"Dec 12, 2025 5:10:33 a.m. PST","25070279451","Order","702-4266208-6276237","KF02-BBJ","Dream Reach Chef Knife, Japanese Kitchen Knife, Sharp Stainless Steel Viking Style Meat Knife with Wooden Handle, Feather Design Cooking Knife with Sh","1","amazon.ca","Amazon","Burnaby","British Columbia","V5A 4G","Combined TCS+MTC","28.49","3.42","0","0","0","0","0","0","0","0","-3.42","-4.27","-7.13","0","0","17.09"
"Dec 12, 2025 5:39:55 a.m. PST","25070279451","Order","702-3509729-6065804","9B-5VGN-40SH","Dream Reach 2 Pack Kitchen Scissors, Premium All-Metal Kitchen Shears, Heavy Duty Poultry Shears for Food, Food-Grade Stainless Steel Scissors, Gift f","1","amazon.ca","Amazon","Mississauga","Ontario","L5L 2B","Combined TCS+MTC","25.73","3.34","3.92","0","0","0","0","0","-3.92","0","-3.34","-3.86","-7.65","0","0","14.22"
"Dec 12, 2025 5:59:12 a.m. PST","25070279451","Order","702-4276733-8746665","9B-5VGN-40SH","Dream Reach 2 Pack Kitchen Scissors, Premium All-Metal Kitchen Shears, Heavy Duty Poultry Shears for Food, Food-Grade Stainless Steel Scissors, Gift f","1","amazon.ca","Amazon","Mississauga","Ontario","L5A 3N","Combined TCS+MTC","29.99","3.90","0","0","0","0","0","0","0","0","-3.90","-4.50","-7.65","0","0","17.84"
"Dec 12, 2025 6:19:32 a.m. PST","25070279451","Order","702-7366590-6477838","9B-5VGN-40SH","Dream Reach 2 Pack Kitchen Scissors, Premium All-Metal Kitchen Shears, Heavy Duty Poultry Shears for Food, Food-Grade Stainless Steel Scissors, Gift f","1","amazon.ca","Amazon","Lakeshore","Ontario","N0R1A","Combined TCS+MTC","25.73","3.34","0","0","0","0","0","0","0","0","-3.34","-3.86","-7.65","0","0","14.22"
"Dec 12, 2025 6:20:51 a.m. PST","25070279451","Order","701-0888563-5841000","9B-5VGN-40SH","Dream Reach 2 Pack Kitchen Scissors, Premium All-Metal Kitchen Shears, Heavy Duty Poultry Shears for Food, Food-Grade Stainless Steel Scissors, Gift f","1","amazon.ca","Amazon","Barrie","Ontario","L4N 9R","Combined TCS+MTC","25.73","3.34","0","0","0","0","0","0","0","0","-3.34","-3.86","-7.65","0","0","14.22"
"Dec 12, 2025 6:34:50 a.m. PST","25070279451","Order","701-0178987-8487451","9B-5VGN-40SH","Dream Reach 2 Pack Kitchen Scissors, Premium All-Metal Kitchen Shears, Heavy Duty Poultry Shears for Food, Food-Grade Stainless Steel Scissors, Gift f","1","amazon.ca","Amazon","Grande Prairie","AB","T8W2G","Combined TCS+MTC","25.73","1.29","0","0","0","0","0","0","0","0","-1.29","-3.86","-7.65","0","0","14.22"
"Dec 12, 2025 6:39:51 a.m. PST","25070279451","Order","702-4469577-8776243","9B-5VGN-40SH","Dream Reach 2 Pack Kitchen Scissors, Premium All-Metal Kitchen Shears, Heavy Duty Poultry Shears for Food, Food-Grade Stainless Steel Scissors, Gift f","1","amazon.ca","Amazon","Winnipeg","Manitoba","R2N 0K","Combined TCS+MTC","25.73","3.09","0","0","0","0","0","0","0","0","-3.09","-3.86","-7.65","0","0","14.22"
"Dec 12, 2025 7:06:42 a.m. PST","25070279451","Order","701-5560380-5717826","9B-5VGN-40SH","Dream Reach 2 Pack Kitchen Scissors, Premium All-Metal Kitchen Shears, Heavy Duty Poultry Shears for Food, Food-Grade Stainless Steel Scissors, Gift f","1","amazon.ca","Amazon","St. John's","Newfoundland","A1A 0T","Combined TCS+MTC","29.99","4.50","0","0","0","0","0","0","0","0","-4.50","-4.50","-7.65","0","0","17.84"
"Dec 12, 2025 7:15:25 a.m. PST","25070279451","Order","702-5428099-4161015","KF04-BBJ","Dream Reach Meat Bone Cleaver Knife for Meat Cutting Handmade Heavy Duty Butcher Axes Hand Forged Full Tang Chopper for Kitchen Outdoor BBQ Chef Gifts","1","amazon.ca","Amazon","Fort St. John","British Columbia","V1J 5Y","Combined TCS+MTC","31.49","3.78","0","0","0","0","0","0","0","0","-3.78","-4.72","-8.74","0","0","18.03"
"Dec 12, 2025 7:16:40 a.m. PST","25070279451","Order","702-5042368-4281030","9B-5VGN-40SH","Dream Reach 2 Pack Kitchen Scissors, Premium All-Metal Kitchen Shears, Heavy Duty Poultry Shears for Food, Food-Grade Stainless Steel Scissors, Gift f","1","amazon.ca","Amazon","Vancouver","British Columbia","V5T 3K","Combined TCS+MTC","25.73","3.09","0","0","0","0","0","0","0","0","-3.09","-3.86","-8.19","0","0","13.68"
"Dec 12, 2025 7:19:26 a.m. PST","25070279451","","0b71415d-2cfd-4f27-9681-7da16937d41e","","促销-2025/10/14 1-39-11-942","","Amazon.ca","","","","","","0","0","0","0","0","0","0","0","0","0","0","0","0","-80.00","0","-80.00"
"Dec 12, 2025 7:23:49 a.m. PST","25070279451","Order","701-0399766-5113838","9B-5VGN-40SH","Dream Reach 2 Pack Kitchen Scissors, Premium All-Metal Kitchen Shears, Heavy Duty Poultry Shears for Food, Food-Grade Stainless Steel Scissors, Gift f","1","amazon.ca","Amazon","Pierrefonds","Quebec","H9H 1P","Combined TCS+MTC","25.73","3.85","0","0","0","0","0","0","0","0","-3.85","-3.86","-7.65","0","0","14.22"
"Dec 12, 2025 7:34:51 a.m. PST","25070279451","","703d4c76-644c-499c-bba5-01951ba18825","","促销-2025/10/14 1-36-44-81","","Amazon.ca","","","","","","0","0","0","0","0","0","0","0","0","0","0","0","0","-80.00","0","-80.00"
"Dec 12, 2025 7:36:44 a.m. PST","25070279451","Order","S01-2331947-2360413","KF02-BBJ","Dream Reach Chef Knife, Japanese Kitchen Knife, Sharp Stainless Steel Viking Style Meat Knife with Wooden Handle, Feather Design Cooking Knife with Sheath & Gift Box, Gift for Men and Chefs","2","siprod.stores.amazon.ca","Amazon","PORT MOUTON","NS","B0T 1T","","0","0","0","0","0","0","0","0","0","0","0","0","-7.64","0","0","-7.64"
"Dec 12, 2025 7:36:44 a.m. PST","25070279451","Order","S01-2331947-2360413","","FBA transportation fee","","siprod.stores.amazon.ca","Amazon","PORT MOUTON","NS","B0T 1T","","0","0","0","0","0","0","0","0","0","0","0","0","0","0","-8.12","-8.12"
"Dec 12, 2025 7:43:27 a.m. PST","25070279451","Order","701-7727145-6232211","KF02-BBJ","Dream Reach Chef Knife, Japanese Kitchen Knife, Sharp Stainless Steel Viking Style Meat Knife with Wooden Handle, Feather Design Cooking Knife with Sh","1","amazon.ca","Amazon","Ottawa","Ontario","K1K 0R","Combined TCS+MTC","37.40","4.86","0","0","0","0","0","0","0","0","-4.86","-5.61","-7.13","0","0","24.66"
"Dec 12, 2025 7:48:36 a.m. PST","25070279451","Order","702-3407390-3011430","9B-5VGN-40SH","Dream Reach 2 Pack Kitchen Scissors, Premium All-Metal Kitchen Shears, Heavy Duty Poultry Shears for Food, Food-Grade Stainless Steel Scissors, Gift f","1","amazon.ca","Amazon","Oshawa","Ontario","L1K 1A","Combined TCS+MTC","29.99","3.90","0","0","0","0","0","0","0","0","-3.90","-4.50","-7.65","0","0","17.84"
"Dec 12, 2025 7:59:03 a.m. PST","25070279451","Order","701-2503415-9545863","9B-5VGN-40SH","Dream Reach 2 Pack Kitchen Scissors, Premium All-Metal Kitchen Shears, Heavy Duty Poultry Shears for Food, Food-Grade Stainless Steel Scissors, Gift f","1","amazon.ca","Amazon","Calgary","Alberta","T2E 5M","Combined TCS+MTC","29.99","1.50","0","0","0","0","0","0","0","0","-1.50","-4.50","-8.19","0","0","17.30"
"Dec 12, 2025 7:59:04 a.m. PST","25070279451","Order","702-2525322-2217804","9B-5VGN-40SH","Dream Reach 2 Pack Kitchen Scissors, Premium All-Metal Kitchen Shears, Heavy Duty Poultry Shears for Food, Food-Grade Stainless Steel Scissors, Gift f","1","amazon.ca","Amazon","Lloydminster","Saskatchewan","S9V 1J","Combined TCS+MTC","25.73","1.29","0","0","0","0","0","0","0","0","-1.29","-3.86","-7.65","0","0","14.22"
"Dec 12, 2025 8:02:45 a.m. PST","25070279451","Order","S01-4822691-1171602","KF02-BBJ","Dream Reach Chef Knife, Japanese Kitchen Knife, Sharp Stainless Steel Viking Style Meat Knife with Wooden Handle, Feather Design Cooking Knife with Sheath & Gift Box, Gift for Men and Chefs","1","siprod.stores.amazon.ca","Amazon","HANMER","ON","P3P 1E","","0","0","0","0","0","0","0","0","0","0","0","0","-3.82","0","0","-3.82"
"Dec 12, 2025 8:02:45 a.m. PST","25070279451","Order","S01-4822691-1171602","","FBA transportation fee","","siprod.stores.amazon.ca","Amazon","HANMER","ON","P3P 1E","","0","0","0","0","0","0","0","0","0","0","0","0","0","0","-7.01","-7.01"
"Dec 12, 2025 8:32:47 a.m. PST","25070279451","Order","702-5303657-6446666","9B-5VGN-40SH","Dream Reach 2 Pack Kitchen Scissors, Premium All-Metal Kitchen Shears, Heavy Duty Poultry Shears for Food, Food-Grade Stainless Steel Scissors, Gift f","1","amazon.ca","Amazon","KINGSTON","ON","K7M8G","Combined TCS+MTC","29.99","3.90","0","0","0","0","0","0","0","0","-3.90","-4.50","-7.65","0","0","17.84"
"Dec 12, 2025 9:01:12 a.m. PST","25070279451","FBA Inventory Fee","u6tCK6FmKe","","Fulfilment by Amazon removal order: disposal fee","","Amazon.ca","","","","","","0","0","0","0","0","0","0","0","0","0","0","0","0","0","-3.85","-3.85"
"Dec 12, 2025 9:15:22 a.m. PST","25070279451","Order","701-7096014-4373039","KF04-BBJ","Dream Reach Meat Bone Cleaver Knife for Meat Cutting Handmade Heavy Duty Butcher Axes Hand Forged Full Tang Chopper for Kitchen Outdoor BBQ Chef Gifts","1","amazon.ca","Amazon","Airdrie","Alberta","T4A 1R","Combined TCS+MTC","31.49","1.57","6.82","0.34","0","0","0","0","0","0","-1.91","-4.72","-15.56","0","0","18.03"
"Dec 12, 2025 10:01:44 a.m. PST","25070279451","Order","701-7510615-7344219","KF05-BBJ","Dream Reach Meat Cleaver Knife Heavy Duty Bone Chopper High Carbon Steel Butcher Axe Bone Cutting Knife Hand Forged Butcher Knife for Kitchen Outdoor","1","amazon.ca","Amazon","Kakabeka Falls","Ontario","P7K 0J","Combined TCS+MTC","35.09","4.56","0","0","0","0","0","0","0","0","-4.56","-5.26","-9.58","0","0","20.25"
"Dec 12, 2025 11:55:07 a.m. PST","25070279451","Order","701-1137741-7550618","B07XR7N1CB-01","Hair Cutting Scissors Set, Professional Barber Thinning Haircut Scissors Kit","1","amazon.ca","Amazon","Surrey","British Columbia","V3S 2T","Combined TCS+MTC","42.99","4.38","0","0","0","0","0","0","-6.45","0","-4.38","-5.48","-5.31","0","0","25.75"
"Dec 12, 2025 12:20:42 p.m. PST","25070279451","Order","701-8397829-2361806","KF05-BBJ","Dream Reach Meat Cleaver Knife Heavy Duty Bone Chopper High Carbon Steel Butcher Axe Bone Cutting Knife Hand Forged Butcher Knife for Kitchen Outdoor","1","amazon.ca","Amazon","Toronto","Ontario","M3C 1L","Combined TCS+MTC","35.69","4.64","0","0","0","0","0","0","0","0","-4.64","-5.35","-9.58","0","0","20.76"
"Dec 12, 2025 1:58:48 p.m. PST","25070279451","Order","702-0408655-4157003","9B-5VGN-40SH","Dream Reach 2 Pack Kitchen Scissors, Premium All-Metal Kitchen Shears, Heavy Duty Poultry Shears for Food, Food-Grade Stainless Steel Scissors, Gift f","1","amazon.ca","Amazon","Charlie lake","British Columbia","V1J 8K","Combined TCS+MTC","25.73","3.09","0","0","0","0","0","0","0","0","-3.09","-3.86","-7.65","0","0","14.22"
"Dec 12, 2025 2:16:07 p.m. PST","25070279451","Order","701-0602970-0581838","8FS03-BJ","Dream Reach Dog Chunker Scissors - 8 Inch Ergonomic Professional Pet Grooming Shears with Adjustable Screw, Thinning Scissors with Ergonomic Handle","1","amazon.ca","Amazon","Saskatoon","SK","S7K 2L","Combined TCS+MTC","39.99","3.74","0","0","0","0","0","0","-6.00","0","-3.74","-5.10","-6.49","0","0","22.40"
"Dec 12, 2025 2:32:25 p.m. PST","25070279451","Order","702-3798479-0881039","9B-5VGN-40SH","Dream Reach 2 Pack Kitchen Scissors, Premium All-Metal Kitchen Shears, Heavy Duty Poultry Shears for Food, Food-Grade Stainless Steel Scissors, Gift f","1","amazon.ca","Amazon","Vancouver","British Columbia","V6A 0H","Combined TCS+MTC","25.73","3.09","0","0","0","0","0","0","0","0","-3.09","-3.86","-8.19","0","0","13.68"
"Dec 12, 2025 2:59:35 p.m. PST","25070279451","Refund","702-4830251-9985811","9B-5VGN-40SH","Dream Reach 2 Pack Kitchen Scissors, Premium All-Metal Kitchen Shears, Heavy Duty Poultry Shears for Food, Food-Grade Stainless Steel Scissors, Gift f","1","amazon.ca","Amazon","Trenton","Ontario","K8V 0L","Combined TCS+MTC","-25.73","-3.34","0","0","0","0","0","0","0","0","3.34","3.09","0","0","0","-22.64"
"Dec 12, 2025 3:15:17 p.m. PST","25070279451","Order","702-3062347-2266640","9B-5VGN-40SH","Dream Reach 2 Pack Kitchen Scissors, Premium All-Metal Kitchen Shears, Heavy Duty Poultry Shears for Food, Food-Grade Stainless Steel Scissors, Gift f","1","amazon.ca","Amazon","Sainte-Agathe-Des-Monts","Quebec","J8C 3R","Combined TCS+MTC","25.73","3.85","2.61","0","0","0","0","0","-2.61","0","-3.85","-3.86","-7.65","0","0","14.22"
"Dec 12, 2025 4:09:01 p.m. PST","25070279451","Order","702-7845160-1589053","9B-5VGN-40SH","Dream Reach 2 Pack Kitchen Scissors, Premium All-Metal Kitchen Shears, Heavy Duty Poultry Shears for Food, Food-Grade Stainless Steel Scissors, Gift f","1","amazon.ca","Amazon","NANAIMO","BC","V9R0J","Combined TCS+MTC","25.73","3.09","0","0","0","0","0","0","0","0","-3.09","-3.86","-7.65","0","0","14.22"
"Dec 12, 2025 5:06:43 p.m. PST","25070279451","Order","701-3470227-6728249","9B-5VGN-40SH","Dream Reach 2 Pack Kitchen Scissors, Premium All-Metal Kitchen Shears, Heavy Duty Poultry Shears for Food, Food-Grade Stainless Steel Scissors, Gift f","1","amazon.ca","Amazon","Sparwood","British Columbia","V0B 2G","Combined TCS+MTC","25.73","3.09","0","0","0","0","0","0","0","0","-3.09","-3.86","-8.19","0","0","13.68"
"Dec 12, 2025 5:07:03 p.m. PST","25070279451","Order","701-1066118-9201815","9B-5VGN-40SH","Dream Reach 2 Pack Kitchen Scissors, Premium All-Metal Kitchen Shears, Heavy Duty Poultry Shears for Food, Food-Grade Stainless Steel Scissors, Gift f","1","amazon.ca","Amazon","Thornhill","Ontario","L4J 7P","Combined TCS+MTC","29.99","3.90","0","0","0","0","0","0","0","0","-3.90","-4.50","-7.65","0","0","17.84"
"Dec 12, 2025 5:41:18 p.m. PST","25070279451","Service Fee","","","Cost of advertising","","","","","","","","0","0","0","0","0","0","0","0","0","0","0","0","0","-501.19","0","-501.19"
"Dec 12, 2025 6:15:16 p.m. PST","25070279451","Order","S01-5703686-6691601","KF02-BBJ","Dream Reach Chef Knife, Japanese Kitchen Knife, Sharp Stainless Steel Viking Style Meat Knife with Wooden Handle, Feather Design Cooking Knife with Sheath & Gift Box, Gift for Men and Chefs","1","siprod.stores.amazon.ca","Amazon","YORK","ON","M6S 4L","","0","0","0","0","0","0","0","0","0","0","0","0","-3.82","0","0","-3.82"
"Dec 12, 2025 6:15:16 p.m. PST","25070279451","Order","S01-5703686-6691601","","FBA transportation fee","","siprod.stores.amazon.ca","Amazon","YORK","ON","M6S 4L","","0","0","0","0","0","0","0","0","0","0","0","0","0","0","-7.01","-7.01"
"Dec 12, 2025 9:24:22 p.m. PST","25070279451","Order","702-0299186-5817871","HS1901","Dream Reach 6"" Professional Hair Cutting Scissors Japan 440C Steel Thinning Scissor for Men/Women Cutting for Salon/Barber/Home (Straight Scissors)","1","amazon.ca","Amazon","Innisfil","Ontario","L9S 0C","Combined TCS+MTC","43.99","4.86","0","0","0","0","0","0","-6.60","0","-4.86","-5.61","-6.49","0","0","25.29"
"Dec 12, 2025 10:03:27 p.m. PST","25070279451","Order","701-0193044-5836217","9B-5VGN-40SH","Dream Reach 2 Pack Kitchen Scissors, Premium All-Metal Kitchen Shears, Heavy Duty Poultry Shears for Food, Food-Grade Stainless Steel Scissors, Gift f","1","amazon.ca","Amazon","Duchess","AB","T0J 0Z","Combined TCS+MTC","25.73","1.29","0","0","0","0","0","0","0","0","-1.29","-3.86","-7.65","0","0","14.22"
"Dec 12, 2025 10:30:47 p.m. PST","25070279451","Order","701-6193167-4151449","9B-5VGN-40SH","Dream Reach 2 Pack Kitchen Scissors, Premium All-Metal Kitchen Shears, Heavy Duty Poultry Shears for Food, Food-Grade Stainless Steel Scissors, Gift f","1","amazon.ca","Amazon","Uxbridge","Ontario","L9P 1M","Combined TCS+MTC","29.99","3.90","0","0","0","0","0","0","0","0","-3.90","-4.50","-7.65","0","0","17.84"
"Dec 12, 2025 11:08:24 p.m. PST","25070279451","Order","701-1908966-5069018","9B-5VGN-40SH","Dream Reach 2 Pack Kitchen Scissors, Premium All-Metal Kitchen Shears, Heavy Duty Poultry Shears for Food, Food-Grade Stainless Steel Scissors, Gift f","1","amazon.ca","Amazon","Brossard","Quebec","J4X2H","Combined TCS+MTC","29.99","4.49","0","0","0","0","0","0","0","0","-4.49","-4.50","-7.65","0","0","17.84"
"Dec 13, 2025 12:17:07 a.m. PST","25070279451","Refund","702-8095875-5804240","HS1901","Dream Reach 6"" Professional Hair Cutting Scissors Japan 440C Steel Thinning Scissor for Men/Women Cutting for Salon/Barber/Home (Straight Scissors)","1","amazon.ca","Amazon","Laval","Québec","H7T 3B","Combined TCS+MTC","-43.99","-5.60","0","0","0","0","0","0","6.60","0","5.60","4.49","0","0","0","-32.90"
"Dec 13, 2025 12:19:20 a.m. PST","25070279451","Order","702-7233360-3337865","9B-5VGN-40SH","Dream Reach 2 Pack Kitchen Scissors, Premium All-Metal Kitchen Shears, Heavy Duty Poultry Shears for Food, Food-Grade Stainless Steel Scissors, Gift f","1","amazon.ca","Amazon","Trois-Rivieres","Quebec","G8V 0G","Combined TCS+MTC","29.99","4.49","0","0","0","0","0","0","0","0","-4.49","-4.50","-7.65","0","0","17.84"
"Dec 13, 2025 12:37:02 a.m. PST","25070279451","Order","701-6563649-1029866","9B-5VGN-40SH","Dream Reach 2 Pack Kitchen Scissors, Premium All-Metal Kitchen Shears, Heavy Duty Poultry Shears for Food, Food-Grade Stainless Steel Scissors, Gift f","1","amazon.ca","Amazon","Blind Bay","British Columbia","V0E 1H","Combined TCS+MTC","25.73","3.09","0","0","0","0","0","0","0","0","-3.09","-3.86","-8.19","0","0","13.68"
"Dec 13, 2025 12:48:27 a.m. PST","25070279451","Order","701-0629221-6003435","37-EQUL-C5MA","Dream Reach HIGH-END Series Japanese 440C Stainless 6.0"" 360° Swivel Thumb Ring Professional Barber Razor Edge Hairdressing Straight Cutting Scissors","1","amazon.ca","Amazon","Terrasse-Vaudreuil","Quebec","J7V 5L","Combined TCS+MTC","43.99","5.60","2.94","0","0","0","0","0","-9.54","0","-5.60","-5.61","-4.99","0","0","26.79"
"Dec 13, 2025 1:04:41 a.m. PST","25070279451","Order","701-4477632-8713806","KF02-BBJ","Dream Reach Chef Knife, Japanese Kitchen Knife, Sharp Stainless Steel Viking Style Meat Knife with Wooden Handle, Feather Design Cooking Knife with Sh","1","amazon.ca","Amazon","Geraldton","Ontario","P0T1M","Combined TCS+MTC","28.49","3.70","1.82","0.24","0","0","0","0","0","0","-3.94","-4.27","-8.95","0","0","17.09"
"Dec 13, 2025 1:06:30 a.m. PST","25070279451","Refund","702-3798479-0881039","9B-5VGN-40SH","Dream Reach 2 Pack Kitchen Scissors, Premium All-Metal Kitchen Shears, Heavy Duty Poultry Shears for Food, Food-Grade Stainless Steel Scissors, Gift f","1","amazon.ca","Amazon","Vancouver","British Columbia","V6A 0H","Combined TCS+MTC","-25.73","-3.09","0","0","0","0","0","0","0","0","3.09","3.09","0","0","0","-22.64"
"Dec 13, 2025 1:07:43 a.m. PST","25070279451","Order","702-9194239-0265865","9B-5VGN-40SH","Dream Reach 2 Pack Kitchen Scissors, Premium All-Metal Kitchen Shears, Heavy Duty Poultry Shears for Food, Food-Grade Stainless Steel Scissors, Gift f","1","amazon.ca","Amazon","Strathroy","Ontario","N7G 4G","Combined TCS+MTC","25.73","3.34","0","0","0","0","0","0","0","0","-3.34","-3.86","-7.65","0","0","14.22"
"Dec 13, 2025 1:11:30 a.m. PST","25070279451","Order","702-8933461-9466615","9B-5VGN-40SH","Dream Reach 2 Pack Kitchen Scissors, Premium All-Metal Kitchen Shears, Heavy Duty Poultry Shears for Food, Food-Grade Stainless Steel Scissors, Gift f","1","amazon.ca","Amazon","Ottawa","Ontario","K2J 1P","Combined TCS+MTC","29.99","3.90","0","0","0","0","0","0","0","0","-3.90","-4.50","-7.65","0","0","17.84"
"Dec 13, 2025 1:23:08 a.m. PST","25176693041","Order","702-7353092-4049845","KF02-BBJ","Dream Reach Chef Knife, Japanese Kitchen Knife, Sharp Stainless Steel Viking Style Meat Knife with Wooden Handle, Feather Design Cooking Knife with Sh","1","amazon.ca","Amazon","Peace River","Alberta","T8S 1A","Combined TCS+MTC","28.49","1.42","0","0","0","0","0","0","0","0","-1.42","-4.27","-7.63","0","0","16.59"
"Dec 13, 2025 1:51:11 a.m. PST","25176693041","Order","701-9729481-2884245","9B-5VGN-40SH","Dream Reach 2 Pack Kitchen Scissors, Premium All-Metal Kitchen Shears, Heavy Duty Poultry Shears for Food, Food-Grade Stainless Steel Scissors, Gift f","1","amazon.ca","Amazon","Grimsby","Ontario","L3M 4H","Combined TCS+MTC","29.99","3.90","0","0","0","0","0","0","0","0","-3.90","-4.50","-7.65","0","0","17.84"
"Dec 13, 2025 2:25:15 a.m. PST","25176693041","Order","701-4291883-4545855","9B-5VGN-40SH","Dream Reach 2 Pack Kitchen Scissors, Premium All-Metal Kitchen Shears, Heavy Duty Poultry Shears for Food, Food-Grade Stainless Steel Scissors, Gift f","1","amazon.ca","Amazon","Portland","Ontario","K0G 1V","Combined TCS+MTC","25.73","3.34","0","0","0","0","0","0","0","0","-3.34","-3.86","-7.65","0","0","14.22"
"Dec 13, 2025 2:38:15 a.m. PST","25176693041","Order","701-0022124-3310617","XX03","Dream Reach 7.0 Inches Professional Pet Cat Dog Grooming Shears Scissors, Straight and Curved Scissors, Thinning/Blending/Chunking Scissors Kit (Chunk","1","amazon.ca","Amazon","Sussex","New Brunswick","E4E 1J","Combined TCS+MTC","31.44","4.01","3.27","0","0","0","0","0","-7.99","0","-4.01","-4.01","-6.49","0","0","16.22"
"Dec 13, 2025 2:38:51 a.m. PST","25176693041","Order","701-9915823-3903453","9B-5VGN-40SH","Dream Reach 2 Pack Kitchen Scissors, Premium All-Metal Kitchen Shears, Heavy Duty Poultry Shears for Food, Food-Grade Stainless Steel Scissors, Gift f","1","amazon.ca","Amazon","Vancouver","British Columbia","V5Y 4B","Combined TCS+MTC","29.99","3.60","0","0","0","0","0","0","0","0","-3.60","-4.50","-8.19","0","0","17.30"
"Dec 13, 2025 2:42:03 a.m. PST","25176693041","Order","701-6086916-6541034","9B-5VGN-40SH","Dream Reach 2 Pack Kitchen Scissors, Premium All-Metal Kitchen Shears, Heavy Duty Poultry Shears for Food, Food-Grade Stainless Steel Scissors, Gift f","1","amazon.ca","Amazon","Scarborough","Ontario","M1B 1W","Combined TCS+MTC","29.99","3.90","0","0","0","0","0","0","0","0","-3.90","-4.50","-7.65","0","0","17.84"
"Dec 13, 2025 2:58:20 a.m. PST","25176693041","Order","702-9609239-7569830","9B-5VGN-40SH","Dream Reach 2 Pack Kitchen Scissors, Premium All-Metal Kitchen Shears, Heavy Duty Poultry Shears for Food, Food-Grade Stainless Steel Scissors, Gift f","1","amazon.ca","Amazon","Sussex","New Brunswick","E4E 1Z","Combined TCS+MTC","25.73","3.86","0","0","0","0","0","0","0","0","-3.86","-3.86","-7.65","0","0","14.22"
"Dec 13, 2025 3:21:04 a.m. PST","25176693041","Order","702-2512895-5822648","9B-5VGN-40SH","Dream Reach 2 Pack Kitchen Scissors, Premium All-Metal Kitchen Shears, Heavy Duty Poultry Shears for Food, Food-Grade Stainless Steel Scissors, Gift f","1","amazon.ca","Amazon","Sudbury","Ontario","P3E 1J","Combined TCS+MTC","29.99","3.90","0","0","0","0","0","0","0","0","-3.90","-4.50","-7.65","0","0","17.84"
"Dec 13, 2025 3:48:10 a.m. PST","25176693041","Order","S01-9921248-3772426","CWJ02-Purple7Set-BBJ","Dream Reach Dog Grooming Scissors - 7"" Professional 6 in 1 Pet Scissors Sharp and Durable Shears Set Thinning, Chunker, Straight, Curved Shears and Comb for Dog Cat Pets, Purple","1","siprod.stores.amazon.ca","Amazon","FORT MCMURRAY","AB","T9K 0P","","0","0","0","0","0","0","0","0","0","0","0","0","-3.82","0","0","-3.82"
"Dec 13, 2025 3:48:10 a.m. PST","25176693041","Order","S01-9921248-3772426","","FBA transportation fee","","siprod.stores.amazon.ca","Amazon","FORT MCMURRAY","AB","T9K 0P","","0","0","0","0","0","0","0","0","0","0","0","0","0","0","-6.12","-6.12"
"Dec 13, 2025 3:53:50 a.m. PST","25176693041","Order","701-2695795-5221038","9B-5VGN-40SH","Dream Reach 2 Pack Kitchen Scissors, Premium All-Metal Kitchen Shears, Heavy Duty Poultry Shears for Food, Food-Grade Stainless Steel Scissors, Gift f","1","amazon.ca","Amazon","Madoc","Ontario","K0K 2K","Combined TCS+MTC","29.99","3.90","0","0","0","0","0","0","0","0","-3.90","-4.50","-7.65","0","0","17.84"
"Dec 13, 2025 4:12:31 a.m. PST","25176693041","Order","702-9594999-7177836","KF02-BBJ","Dream Reach Chef Knife, Japanese Kitchen Knife, Sharp Stainless Steel Viking Style Meat Knife with Wooden Handle, Feather Design Cooking Knife with Sh","1","amazon.ca","Amazon","St. John's","Newfoundland","A1G 1S","Combined TCS+MTC","37.40","5.61","0","0","0","0","0","0","0","0","-5.61","-5.61","-7.13","0","0","24.66"
"Dec 13, 2025 4:16:02 a.m. PST","25176693041","Order","702-2032522-6978655","9B-5VGN-40SH","Dream Reach 2 Pack Kitchen Scissors, Premium All-Metal Kitchen Shears, Heavy Duty Poultry Shears for Food, Food-Grade Stainless Steel Scissors, Gift f","1","amazon.ca","Amazon","Langley","British Columbia","V2Z 1X","Combined TCS+MTC","29.99","3.60","0","0","0","0","0","0","0","0","-3.60","-4.50","-8.19","0","0","17.30"
"Dec 13, 2025 4:37:49 a.m. PST","25176693041","Order","701-1167887-4888244","KF02-BBJ","Dream Reach Chef Knife, Japanese Kitchen Knife, Sharp Stainless Steel Viking Style Meat Knife with Wooden Handle, Feather Design Cooking Knife with Sh","1","amazon.ca","Amazon","Windsor","Ontario","N8X 4A","Combined TCS+MTC","37.40","4.86","0","0","0","0","0","0","0","0","-4.86","-5.61","-7.13","0","0","24.66"
"Dec 13, 2025 4:50:08 a.m. PST","25176693041","Order","702-8095875-5804240","HS1901","Dream Reach 6"" Professional Hair Cutting Scissors Japan 440C Steel Thinning Scissor for Men/Women Cutting for Salon/Barber/Home (Straight Scissors)","1","amazon.ca","Amazon","Laval","Québec","H7T 3B","Combined TCS+MTC","43.99","5.60","0","0","0","0","0","0","-6.60","0","-5.60","-5.61","-6.49","0","0","25.29"
"Dec 13, 2025 4:50:43 a.m. PST","25176693041","Order","701-1205386-4296247","KF02-BBJ","Dream Reach Chef Knife, Japanese Kitchen Knife, Sharp Stainless Steel Viking Style Meat Knife with Wooden Handle, Feather Design Cooking Knife with Sh","1","amazon.ca","Amazon","Dalmeny","SK","S0K1E","Combined TCS+MTC","28.49","3.13","0","0","0","0","0","0","0","0","-3.13","-4.27","-7.13","0","0","17.09"
"Dec 13, 2025 5:51:07 a.m. PST","25176693041","Order","701-4026840-3031421","9B-5VGN-40SH","Dream Reach 2 Pack Kitchen Scissors, Premium All-Metal Kitchen Shears, Heavy Duty Poultry Shears for Food, Food-Grade Stainless Steel Scissors, Gift f","1","amazon.ca","Amazon","Hamilton","Ontario","L8P 1H","Combined TCS+MTC","25.73","3.34","3.27","0","0","0","0","0","-3.27","0","-3.34","-3.86","-7.65","0","0","14.22"
"Dec 13, 2025 6:21:11 a.m. PST","25176693041","Order","701-0272946-6484220","9B-5VGN-40SH","Dream Reach 2 Pack Kitchen Scissors, Premium All-Metal Kitchen Shears, Heavy Duty Poultry Shears for Food, Food-Grade Stainless Steel Scissors, Gift f","1","amazon.ca","Amazon","Milton","Ontario","L9E 1H","Combined TCS+MTC","29.99","3.90","0","0","0","0","0","0","0","0","-3.90","-4.50","-7.65","0","0","17.84"
"Dec 13, 2025 6:35:14 a.m. PST","25176693041","Order","702-0086075-4775461","9B-5VGN-40SH","Dream Reach 2 Pack Kitchen Scissors, Premium All-Metal Kitchen Shears, Heavy Duty Poultry Shears for Food, Food-Grade Stainless Steel Scissors, Gift f","1","amazon.ca","Amazon","Toronto","Ontario","M4S 1G","Combined TCS+MTC","25.73","3.34","2.31","0","0","0","0","0","-2.31","0","-3.34","-3.86","-7.65","0","0","14.22"
"Dec 13, 2025 7:01:17 a.m. PST","25176693041","Order","702-2910722-4292249","9B-5VGN-40SH","Dream Reach 2 Pack Kitchen Scissors, Premium All-Metal Kitchen Shears, Heavy Duty Poultry Shears for Food, Food-Grade Stainless Steel Scissors, Gift f","1","amazon.ca","Amazon","Edmonton","Alberta","T6V 0N","Combined TCS+MTC","25.73","1.29","0","0","0","0","0","0","0","0","-1.29","-3.86","-7.65","0","0","14.22"
"Dec 13, 2025 7:16:10 a.m. PST","25176693041","Order","701-7986277-5833069","9B-5VGN-40SH","Dream Reach 2 Pack Kitchen Scissors, Premium All-Metal Kitchen Shears, Heavy Duty Poultry Shears for Food, Food-Grade Stainless Steel Scissors, Gift f","1","amazon.ca","Amazon","Saint-Laurent","Quebec","H4K 1P","Combined TCS+MTC","29.99","4.49","0","0","0","0","0","0","0","0","-4.49","-4.50","-7.65","0","0","17.84"
"Dec 13, 2025 7:34:27 a.m. PST","25176693041","Order","701-9092645-3502633","9B-5VGN-40SH","Dream Reach 2 Pack Kitchen Scissors, Premium All-Metal Kitchen Shears, Heavy Duty Poultry Shears for Food, Food-Grade Stainless Steel Scissors, Gift f","1","amazon.ca","Amazon","Laval","Quebec","H7E 5H","Combined TCS+MTC","25.73","3.85","0","0","0","0","0","0","0","0","-3.85","-3.86","-7.65","0","0","14.22"
"Dec 13, 2025 7:46:56 a.m. PST","25176693041","Order","702-2579437-1085869","KF05-BBJ","Dream Reach Meat Cleaver Knife Heavy Duty Bone Chopper High Carbon Steel Butcher Axe Bone Cutting Knife Hand Forged Butcher Knife for Kitchen Outdoor","1","amazon.ca","Amazon","Quebec","QC","G1R 1C","Combined TCS+MTC","35.69","5.34","0","0","0","0","0","0","0","0","-5.34","-5.35","-9.58","0","0","20.76"
"Dec 13, 2025 7:53:36 a.m. PST","25176693041","Order","701-8405561-4952241","KF05-BBJ","Dream Reach Meat Cleaver Knife Heavy Duty Bone Chopper High Carbon Steel Butcher Axe Bone Cutting Knife Hand Forged Butcher Knife for Kitchen Outdoor","1","amazon.ca","Amazon","Markham","Ontario","L6B 1B","Combined TCS+MTC","35.69","4.64","0","0","0","0","0","0","0","0","-4.64","-5.35","-9.58","0","0","20.76"
"Dec 13, 2025 11:24:39 a.m. PST","25176693041","Order","702-3732326-3626610","9B-5VGN-40SH","Dream Reach 2 Pack Kitchen Scissors, Premium All-Metal Kitchen Shears, Heavy Duty Poultry Shears for Food, Food-Grade Stainless Steel Scissors, Gift f","1","amazon.ca","Amazon","Timberlea","Nova Scotia","B3T 1B","Combined TCS+MTC","29.99","4.20","0","0","0","0","0","0","0","0","-4.20","-4.50","-7.65","0","0","17.84"
"Dec 13, 2025 11:50:32 a.m. PST","25176693041","Order","S01-4808974-8850853","KF02-BBJ","Dream Reach Chef Knife, Japanese Kitchen Knife, Sharp Stainless Steel Viking Style Meat Knife with Wooden Handle, Feather Design Cooking Knife with Sheath & Gift Box, Gift for Men and Chefs","1","siprod.stores.amazon.ca","Amazon","BURFORD","ON","N0E 1A","","0","0","0","0","0","0","0","0","0","0","0","0","-3.82","0","0","-3.82"
"Dec 13, 2025 11:50:32 a.m. PST","25176693041","Order","S01-4808974-8850853","","FBA transportation fee","","siprod.stores.amazon.ca","Amazon","BURFORD","ON","N0E 1A","","0","0","0","0","0","0","0","0","0","0","0","0","0","0","-7.01","-7.01"
"Dec 13, 2025 11:53:49 a.m. PST","25176693041","Order","701-8702050-4581847","8FS01-BJ","Dream Reach Dog Thinning Scissors - 8 Inch Professional Pet Grooming Shears with Adjustable Screw, Sharp Trimming Scissors for Dogs and Cats","1","amazon.ca","Amazon","Cold Lake","Alberta","T9M 0E","Combined TCS+MTC","39.99","1.70","0","0","0","0","0","0","-6.00","0","-1.70","-5.10","-6.74","0","0","22.15"
"Dec 13, 2025 11:54:25 a.m. PST","25176693041","Order","702-9488824-6405801","KF02-BBJ","Dream Reach Chef Knife, Japanese Kitchen Knife, Sharp Stainless Steel Viking Style Meat Knife with Wooden Handle, Feather Design Cooking Knife with Sh","1","amazon.ca","Amazon","Kapuskasing","ON","P5N 2S","Combined TCS+MTC","28.49","3.70","0","0","0","0","0","0","0","0","-3.70","-4.27","-7.13","0","0","17.09"
"Dec 13, 2025 12:05:41 p.m. PST","25176693041","Refund","702-5758913-4453815","9B-5VGN-40SH","Dream Reach 2 Pack Kitchen Scissors, Premium All-Metal Kitchen Shears, Heavy Duty Poultry Shears for Food, Food-Grade Stainless Steel Scissors, Gift f","1","amazon.ca","Amazon","Kitchener","Ontario","N2P 2K","Combined TCS+MTC","-25.73","-3.34","0","0","0","0","0","0","0","0","3.34","3.09","0","0","0","-22.64"
"Dec 13, 2025 12:09:35 p.m. PST","25176693041","Refund","701-1024915-4604207","8FS03-BJ","Dream Reach Dog Chunker Scissors - 8 Inch Ergonomic Professional Pet Grooming Shears with Adjustable Screw, Thinning Scissors with Ergonomic Handle","1","amazon.ca","Amazon","Laval","Québec","H7C 2T","Combined TCS+MTC","-39.99","-5.09","0","0","0","0","0","0","6.00","0","5.09","4.08","0","0","0","-29.91"
"Dec 13, 2025 1:15:15 p.m. PST","25176693041","Adjustment","","KF05-BBJ","FBA Inventory Reimbursement - Damaged:Warehouse","1","","","","","","","0","0","0","0","0","0","0","0","0","0","0","0","0","0","12.24","12.24"
"Dec 13, 2025 1:46:47 p.m. PST","25176693041","Order","702-3593182-5222642","9B-5VGN-40SH","Dream Reach 2 Pack Kitchen Scissors, Premium All-Metal Kitchen Shears, Heavy Duty Poultry Shears for Food, Food-Grade Stainless Steel Scissors, Gift f","1","amazon.ca","Amazon","Vernon","British Columbia","V1B 3L","Combined TCS+MTC","25.73","3.09","6.24","0.75","0","0","0","0","0","0","-3.84","-3.86","-14.87","0","0","13.24"
"Dec 13, 2025 6:47:35 p.m. PST","25176693041","Order","702-2130733-8401822","9B-5VGN-40SH","Dream Reach 2 Pack Kitchen Scissors, Premium All-Metal Kitchen Shears, Heavy Duty Poultry Shears for Food, Food-Grade Stainless Steel Scissors, Gift f","1","amazon.ca","Amazon","Chesley","Ontario","N0G 1L","Combined TCS+MTC","25.73","3.34","0","0","0","0","0","0","0","0","-3.34","-3.86","-7.65","0","0","14.22"
"Dec 13, 2025 7:24:05 p.m. PST","25176693041","Order","701-4023788-5085854","KF02-BBJ","Dream Reach Chef Knife, Japanese Kitchen Knife, Sharp Stainless Steel Viking Style Meat Knife with Wooden Handle, Feather Design Cooking Knife with Sh","1","amazon.ca","Amazon","Whitehorse","Yukon","Y1A 6A","Combined TCS+MTC","28.49","1.42","0","0","0","0","0","0","0","0","-1.42","-4.27","-7.63","0","0","16.59"
"Dec 13, 2025 8:27:23 p.m. PST","25176693041","Order","702-6031197-6609839","CWJ02-Purple7Set-BBJ","Dream Reach Dog Grooming Scissors - 7"" Professional 6 in 1 Pet Scissors Sharp and Durable Shears Set Thinning, Chunker, Straight, Curved Shears and Co","1","amazon.ca","Amazon","Frontenac","Quebec","G6B 2S","Combined TCS+MTC","46.99","7.04","3.26","0","0","0","0","0","-3.26","0","-7.04","-7.05","-6.74","0","0","33.20"
"Dec 13, 2025 10:29:41 p.m. PST","25176693041","Order","702-3615011-4577836","9B-5VGN-40SH","Dream Reach 2 Pack Kitchen Scissors, Premium All-Metal Kitchen Shears, Heavy Duty Poultry Shears for Food, Food-Grade Stainless Steel Scissors, Gift f","1","amazon.ca","Amazon","Surrey","British Columbia","V3V 3P","Combined TCS+MTC","29.99","3.60","5.49","0.66","0","0","0","0","0","0","-4.26","-4.50","-14.06","0","0","16.92"
"Dec 13, 2025 10:39:58 p.m. PST","25176693041","Order","701-9901191-5845832","9B-5VGN-40SH","Dream Reach 2 Pack Kitchen Scissors, Premium All-Metal Kitchen Shears, Heavy Duty Poultry Shears for Food, Food-Grade Stainless Steel Scissors, Gift f","1","amazon.ca","Amazon","Camrose","Alberta","T4V 3R","Combined TCS+MTC","25.73","1.29","0","0","0","0","0","0","0","0","-1.29","-3.86","-7.65","0","0","14.22"
"Dec 13, 2025 11:10:17 p.m. PST","25176693041","Order","702-8114690-6903447","KF02-BBJ","Dream Reach Chef Knife, Japanese Kitchen Knife, Sharp Stainless Steel Viking Style Meat Knife with Wooden Handle, Feather Design Cooking Knife with Sh","1","amazon.ca","Amazon","Lac La Biche","Alberta","T0A 2C","Combined TCS+MTC","28.49","1.42","0","0","0","0","0","0","0","0","-1.42","-4.27","-7.63","0","0","16.59"
"Dec 13, 2025 11:11:58 p.m. PST","25176693041","Order","702-2375288-8214644","9B-5VGN-40SH","Dream Reach 2 Pack Kitchen Scissors, Premium All-Metal Kitchen Shears, Heavy Duty Poultry Shears for Food, Food-Grade Stainless Steel Scissors, Gift f","1","amazon.ca","Amazon","Calgary","Alberta","T2W 4P","Combined TCS+MTC","29.99","1.50","0","0","0","0","0","0","0","0","-1.50","-4.50","-7.65","0","0","17.84"
"Dec 14, 2025 12:00:52 a.m. PST","25176693041","Order","701-1886131-1949063","9B-5VGN-40SH","Dream Reach 2 Pack Kitchen Scissors, Premium All-Metal Kitchen Shears, Heavy Duty Poultry Shears for Food, Food-Grade Stainless Steel Scissors, Gift f","1","amazon.ca","Amazon","Winnipeg","Manitoba","R2V 2R","Combined TCS+MTC","25.73","3.09","0","0","0","0","0","0","0","0","-3.09","-3.86","-8.19","0","0","13.68"
"Dec 14, 2025 12:06:17 a.m. PST","25176693041","Order","701-9880582-6673811","9B-5VGN-40SH","Dream Reach 2 Pack Kitchen Scissors, Premium All-Metal Kitchen Shears, Heavy Duty Poultry Shears for Food, Food-Grade Stainless Steel Scissors, Gift f","1","amazon.ca","Amazon","Fort McMurray","Alberta","T9K 0E","Combined TCS+MTC","25.73","1.29","0","0","0","0","0","0","0","0","-1.29","-3.86","-8.19","0","0","13.68"
"Dec 14, 2025 1:23:43 a.m. PST","25176693041","Order","701-9884503-4816235","KS-POS-GKS-3.54in-YYI","Dream Reach Kitchen Scissors All Purpose - Stainless Steel Kitchen Shear, Sharp Silver Meat Scissors Dishwasher Safe, Heavy Duty Poultry Shears, Japan","1","amazon.ca","Amazon","Breslau","Ontario","N0B 1M","Combined TCS+MTC","16.99","2.21","5.53","0.72","0","0","0","0","0","0","-2.93","-2.55","-12.27","0","0","7.70"
"Dec 14, 2025 1:29:40 a.m. PST","25176693041","Order","701-2903074-2650645","9B-5VGN-40SH","Dream Reach 2 Pack Kitchen Scissors, Premium All-Metal Kitchen Shears, Heavy Duty Poultry Shears for Food, Food-Grade Stainless Steel Scissors, Gift f","1","amazon.ca","Amazon","Surrey","British Columbia","V3S 7A","Combined TCS+MTC","25.73","3.09","0","0","0","0","0","0","0","0","-3.09","-3.86","-7.65","0","0","14.22"
"Dec 14, 2025 2:24:18 a.m. PST","25176693041","Order","701-1444860-5904238","9B-5VGN-40SH","Dream Reach 2 Pack Kitchen Scissors, Premium All-Metal Kitchen Shears, Heavy Duty Poultry Shears for Food, Food-Grade Stainless Steel Scissors, Gift f","1","amazon.ca","Amazon","Fernie","British Columbia","V0B 1M","Combined TCS+MTC","25.73","3.09","0","0","0","0","0","0","0","0","-3.09","-3.86","-8.19","0","0","13.68"
"Dec 14, 2025 2:39:16 a.m. PST","25176693041","Order","702-7685164-0244210","BBJK06-Set6","Dream Reach Knife Set with Roll Bag, 6-Piece Professional Chef Knife Set, High Carbon Steel Black Kitchen Knives for Cooking, BBQ & Outdoor Use","1","amazon.ca","Amazon","Port Alberni","British Columbia","V9Y 2K","Combined TCS+MTC","59.99","7.20","0","0","0","0","0","0","0","0","-7.20","-9.00","-11.45","0","0","39.54"
"Dec 14, 2025 2:48:14 a.m. PST","25176693041","Order","702-8036588-6273858","9B-5VGN-40SH","Dream Reach 2 Pack Kitchen Scissors, Premium All-Metal Kitchen Shears, Heavy Duty Poultry Shears for Food, Food-Grade Stainless Steel Scissors, Gift f","2","amazon.ca","Amazon","London","ON","N6G 2R","Combined TCS+MTC","59.98","7.80","6.99","0","0","0","0","0","-6.99","0","-7.80","-9.00","-15.30","0","0","35.68"
"Dec 14, 2025 2:51:57 a.m. PST","25176693041","Order","702-3828036-4901017","KF05-BBJ","Dream Reach Meat Cleaver Knife Heavy Duty Bone Chopper High Carbon Steel Butcher Axe Bone Cutting Knife Hand Forged Butcher Knife for Kitchen Outdoor","1","amazon.ca","Amazon","markham","on","L3R 0R","Combined TCS+MTC","35.69","4.64","0","0","0","0","0","0","0","0","-4.64","-5.35","-9.58","0","0","20.76"
"Dec 14, 2025 3:48:26 a.m. PST","25176693041","Order","701-7339253-8272260","9B-5VGN-40SH","Dream Reach 2 Pack Kitchen Scissors, Premium All-Metal Kitchen Shears, Heavy Duty Poultry Shears for Food, Food-Grade Stainless Steel Scissors, Gift f","1","amazon.ca","Amazon","Whitehorse","Yukon","Y1A 0G","Combined TCS+MTC","29.99","1.50","0","0","0","0","0","0","0","0","-1.50","-4.50","-8.19","0","0","17.30"
"Dec 14, 2025 4:29:24 a.m. PST","25176693041","Order","701-8217527-9749048","9B-5VGN-40SH","Dream Reach 2 Pack Kitchen Scissors, Premium All-Metal Kitchen Shears, Heavy Duty Poultry Shears for Food, Food-Grade Stainless Steel Scissors, Gift f","1","amazon.ca","Amazon","TORONTO","Ontario","M1L 3X","Combined TCS+MTC","29.99","3.90","0","0","0","0","0","0","0","0","-3.90","-4.50","-7.65","0","0","17.84"
"Dec 14, 2025 4:55:54 a.m. PST","25176693041","Order","701-9036032-0003466","8FS03-BJ","Dream Reach Dog Chunker Scissors - 8 Inch Ergonomic Professional Pet Grooming Shears with Adjustable Screw, Thinning Scissors with Ergonomic Handle","1","amazon.ca","Amazon","Carleton Place","Ontario","K7C 1A","Combined TCS+MTC","39.99","4.42","0","0","0","0","0","0","-6.00","0","-4.42","-5.10","-6.49","0","0","22.40"
"Dec 14, 2025 5:23:52 a.m. PST","25176693041","Order","701-3446816-2249050","9B-5VGN-40SH","Dream Reach 2 Pack Kitchen Scissors, Premium All-Metal Kitchen Shears, Heavy Duty Poultry Shears for Food, Food-Grade Stainless Steel Scissors, Gift f","1","amazon.ca","Amazon","Kitchener","Ontario","N2H 2W","Combined TCS+MTC","29.99","3.90","0","0","0","0","0","0","0","0","-3.90","-4.50","-7.65","0","0","17.84"
"Dec 14, 2025 5:45:56 a.m. PST","25176693041","Order","701-3734376-4769042","9B-5VGN-40SH","Dream Reach 2 Pack Kitchen Scissors, Premium All-Metal Kitchen Shears, Heavy Duty Poultry Shears for Food, Food-Grade Stainless Steel Scissors, Gift f","1","amazon.ca","Amazon","Wetaskiwin","Alberta","T9A2X","Combined TCS+MTC","25.73","1.29","0","0","0","0","0","0","0","0","-1.29","-3.86","-7.65","0","0","14.22"
"Dec 14, 2025 6:10:59 a.m. PST","25176693041","Order","702-2251710-8585822","9B-5VGN-40SH","Dream Reach 2 Pack Kitchen Scissors, Premium All-Metal Kitchen Shears, Heavy Duty Poultry Shears for Food, Food-Grade Stainless Steel Scissors, Gift f","1","amazon.ca","Amazon","Winnipeg","Manitoba","R3Y0P","Combined TCS+MTC","25.73","3.09","0","0","0","0","0","0","0","0","-3.09","-3.86","-7.65","0","0","14.22"
"Dec 14, 2025 6:22:25 a.m. PST","25176693041","Order","701-5143857-6172266","9B-5VGN-40SH","Dream Reach 2 Pack Kitchen Scissors, Premium All-Metal Kitchen Shears, Heavy Duty Poultry Shears for Food, Food-Grade Stainless Steel Scissors, Gift f","1","amazon.ca","Amazon","Oakville","Ontario","L6H 6L","Combined TCS+MTC","29.99","3.90","0","0","0","0","0","0","0","0","-3.90","-4.50","-7.65","0","0","17.84"
"Dec 14, 2025 6:27:19 a.m. PST","25176693041","Order","702-3985029-1920200","9B-5VGN-40SH","Dream Reach 2 Pack Kitchen Scissors, Premium All-Metal Kitchen Shears, Heavy Duty Poultry Shears for Food, Food-Grade Stainless Steel Scissors, Gift f","1","amazon.ca","Amazon","Laval","Quebec","H7P 2W","Combined TCS+MTC","29.99","4.49","0","0","0","0","0","0","0","0","-4.49","-4.50","-7.65","0","0","17.84"
"Dec 14, 2025 7:27:18 a.m. PST","25176693041","Order","702-3670559-4917825","9B-5VGN-40SH","Dream Reach 2 Pack Kitchen Scissors, Premium All-Metal Kitchen Shears, Heavy Duty Poultry Shears for Food, Food-Grade Stainless Steel Scissors, Gift f","1","amazon.ca","Amazon","Nepean","ON","K2R1C","Combined TCS+MTC","29.99","3.90","0","0","0","0","0","0","0","0","-3.90","-4.50","-7.65","0","0","17.84"
"Dec 14, 2025 7:36:41 a.m. PST","25176693041","Transfer","","","To account ending with: 895","","","","","","","","0","0","0","0","0","0","0","0","0","0","0","0","0","0","-6,633.70","-6,633.70"
"Dec 14, 2025 7:42:29 a.m. PST","25176693041","Order","701-2842576-1256261","9B-5VGN-40SH","Dream Reach 2 Pack Kitchen Scissors, Premium All-Metal Kitchen Shears, Heavy Duty Poultry Shears for Food, Food-Grade Stainless Steel Scissors, Gift f","1","amazon.ca","Amazon","Airdrie","Alberta","T4A 0V","Combined TCS+MTC","29.99","1.50","0","0","0","0","0","0","0","0","-1.50","-4.50","-7.65","0","0","17.84"
"Dec 14, 2025 7:56:24 a.m. PST","25176693041","Order","702-4901624-7076235","9B-5VGN-40SH","Dream Reach 2 Pack Kitchen Scissors, Premium All-Metal Kitchen Shears, Heavy Duty Poultry Shears for Food, Food-Grade Stainless Steel Scissors, Gift f","1","amazon.ca","Amazon","Saskatoon","SK","S7V 0G","Combined TCS+MTC","29.99","3.30","0","0","0","0","0","0","0","0","-3.30","-4.50","-7.65","0","0","17.84"
"Dec 14, 2025 11:13:16 a.m. PST","25176693041","Order","702-4053946-5382648","9B-5VGN-40SH","Dream Reach 2 Pack Kitchen Scissors, Premium All-Metal Kitchen Shears, Heavy Duty Poultry Shears for Food, Food-Grade Stainless Steel Scissors, Gift f","2","amazon.ca","Amazon","Lac-Etchemin","Quebec","G0R 1S","Combined TCS+MTC","59.98","8.98","0","0","0","0","0","0","0","0","-8.98","-9.00","-15.30","0","0","35.68"
"Dec 14, 2025 2:34:36 p.m. PST","25176693041","FBA Inventory Fee","701-9123904-2146665","","Fulfilment by Amazon removal order: disposal fee","","Amazon.ca","","","","","","0","0","0","0","0","0","0","0","0","0","0","0","0","0","-0.82","-0.82"
"Dec 14, 2025 4:30:05 p.m. PST","25176693041","Order","702-6790722-1978629","9B-5VGN-40SH","Dream Reach 2 Pack Kitchen Scissors, Premium All-Metal Kitchen Shears, Heavy Duty Poultry Shears for Food, Food-Grade Stainless Steel Scissors, Gift f","1","amazon.ca","Amazon","Chilliwack","BC","V2P 5Z","Combined TCS+MTC","29.99","3.60","0","0","0","0","0","0","0","0","-3.60","-4.50","-8.19","0","0","17.30"
"Dec 14, 2025 5:09:06 p.m. PST","25176693041","Adjustment","702-9890958-1465822","KF02-BBJ","FBA Inventory Reimbursement - Customer Return","1","","","","","","","0","0","0","0","0","0","0","0","0","0","0","0","0","0","20.91","20.91"
"Dec 14, 2025 6:19:16 p.m. PST","25176693041","Order","702-6779837-9531450","9B-5VGN-40SH","Dream Reach 2 Pack Kitchen Scissors, Premium All-Metal Kitchen Shears, Heavy Duty Poultry Shears for Food, Food-Grade Stainless Steel Scissors, Gift f","1","amazon.ca","Amazon","Cochrane","Alberta","T4C 2G","Combined TCS+MTC","29.99","1.50","0","0","0","0","0","0","0","0","-1.50","-4.50","-7.65","0","0","17.84"
"Dec 14, 2025 7:09:00 p.m. PST","25176693041","Adjustment","702-6972028-7303423","9B-5VGN-40SH","FBA Inventory Reimbursement - Customer Return","1","","","","","","","0","0","0","0","0","0","0","0","0","0","0","0","0","0","24.64","24.64"
"Dec 14, 2025 7:09:43 p.m. PST","25176693041","Service Fee","","","Cost of advertising","","","","","","","","0","0","0","0","0","0","0","0","0","0","0","0","0","-504.99","0","-504.99"
"Dec 14, 2025 7:44:30 p.m. PST","25176693041","Order","702-9866721-2689018","9B-5VGN-40SH","Dream Reach 2 Pack Kitchen Scissors, Premium All-Metal Kitchen Shears, Heavy Duty Poultry Shears for Food, Food-Grade Stainless Steel Scissors, Gift f","1","amazon.ca","Amazon","Frankford","Ontario","K0K 2C","Combined TCS+MTC","29.99","3.90","0","0","0","0","0","0","0","0","-3.90","-4.50","-7.65","0","0","17.84"
"Dec 14, 2025 9:04:12 p.m. PST","25176693041","Order","701-7594082-8608213","KS-POS-GKS-3.54in-YYI","Dream Reach Kitchen Scissors All Purpose - Stainless Steel Kitchen Shear, Sharp Silver Meat Scissors Dishwasher Safe, Heavy Duty Poultry Shears, Japan","1","amazon.ca","Amazon","Burlington","Ontario","L7R 1J","Combined TCS+MTC","16.99","2.21","0","0","0","0","0","0","0","0","-2.21","-2.55","-6.74","0","0","7.70"
"Dec 14, 2025 9:05:24 p.m. PST","25176693041","Order","701-6344942-2197806","KS-POS-GKS-3.54in-YYI","Dream Reach Kitchen Scissors All Purpose - Stainless Steel Kitchen Shear, Sharp Silver Meat Scissors Dishwasher Safe, Heavy Duty Poultry Shears, Japan","1","amazon.ca","Amazon","Campbellford","Ontario","K0L 1L","Combined TCS+MTC","16.99","2.21","0","0","0","0","0","0","0","0","-2.21","-2.55","-6.74","0","0","7.70"
"Dec 14, 2025 10:18:14 p.m. PST","25176693041","Order","702-0619688-5201058","KF05-BBJ","Dream Reach Meat Cleaver Knife Heavy Duty Bone Chopper High Carbon Steel Butcher Axe Bone Cutting Knife Hand Forged Butcher Knife for Kitchen Outdoor","1","amazon.ca","Amazon","Toronto","Ontario","M9M 0B","Combined TCS+MTC","35.69","4.64","0","0","0","0","0","0","0","0","-4.64","-5.35","-9.58","0","0","20.76"
"Dec 14, 2025 10:32:34 p.m. PST","25176693041","Order","702-3535432-7577802","KF04-BBJ","Dream Reach Meat Bone Cleaver Knife for Meat Cutting Handmade Heavy Duty Butcher Axes Hand Forged Full Tang Chopper for Kitchen Outdoor BBQ Chef Gifts","1","amazon.ca","Amazon","Headingley","Manitoba","R4J 1B","Combined TCS+MTC","31.49","3.78","0","0","0","0","0","0","0","0","-3.78","-4.72","-8.74","0","0","18.03"
"Dec 14, 2025 11:40:13 p.m. PST","25176693041","Refund","701-8263658-0375430","BBJK06-Set6","Dream Reach Knife Set with Roll Bag, 6-Piece Professional Chef Knife Set, High Carbon Steel Black Kitchen Knives for Cooking, BBQ & Outdoor Use","1","amazon.ca","Amazon","Cornwall","Ontario","K6J 3Y","Combined TCS+MTC","-59.99","-7.80","0","0","0","0","0","0","0","0","7.80","7.20","0","0","0","-52.79"
"Dec 14, 2025 11:58:31 p.m. PST","25176693041","Order","702-7598488-6760239","KF05-BBJ","Dream Reach Meat Cleaver Knife Heavy Duty Bone Chopper High Carbon Steel Butcher Axe Bone Cutting Knife Hand Forged Butcher Knife for Kitchen Outdoor","1","amazon.ca","Amazon","Edmonton","Alberta","T5T 7J","Combined TCS+MTC","35.69","1.78","0","0","0","0","0","0","0","0","-1.78","-5.35","-9.58","0","0","20.76"
"Dec 15, 2025 12:10:14 a.m. PST","25176693041","Order","701-4817332-4176246","KF05-BBJ","Dream Reach Meat Cleaver Knife Heavy Duty Bone Chopper High Carbon Steel Butcher Axe Bone Cutting Knife Hand Forged Butcher Knife for Kitchen Outdoor","1","amazon.ca","Amazon","Boisbriand","Quebec","J7G 2E","Combined TCS+MTC","35.69","5.34","0","0","0","0","0","0","0","0","-5.34","-5.35","-9.58","0","0","20.76"
"Dec 15, 2025 12:28:24 a.m. PST","25176693041","Order","702-7239914-7682667","KS-POSSET2-GKS-ZW-YHE","Dream Reach Kitchen Scissors Set Black - Stainless Steel Kitchen Shears, Sharp Meat Scissors Dishwasher Safe, Heavy Duty Poultry Shears All Purpose, J","1","amazon.ca","Amazon","London","Ontario","N6G 4X","Combined TCS+MTC","42.99","5.59","4.30","0.56","0","0","0","0","0","0","-6.15","-6.45","-11.95","0","0","28.89"
"Dec 15, 2025 12:40:11 a.m. PST","25176693041","Order","702-5533948-7121062","9B-5VGN-40SH","Dream Reach 2 Pack Kitchen Scissors, Premium All-Metal Kitchen Shears, Heavy Duty Poultry Shears for Food, Food-Grade Stainless Steel Scissors, Gift f","1","amazon.ca","Amazon","Utopia","Ontario","L0M 1T","Combined TCS+MTC","29.99","3.90","0","0","0","0","0","0","0","0","-3.90","-4.50","-7.65","0","0","17.84"
"Dec 15, 2025 12:45:03 a.m. PST","25176693041","Order","701-4789532-7916231","KF04-BBJ","Dream Reach Meat Bone Cleaver Knife for Meat Cutting Handmade Heavy Duty Butcher Axes Hand Forged Full Tang Chopper for Kitchen Outdoor BBQ Chef Gifts","1","amazon.ca","Amazon","St claude","Quebec","J0B2N","Combined TCS+MTC","31.49","4.72","0","0","0","0","0","0","0","0","-4.72","-4.72","-8.74","0","0","18.03"
"Dec 15, 2025 12:58:02 a.m. PST","25176693041","Refund","701-4789532-7916231","KF04-BBJ","Dream Reach Meat Bone Cleaver Knife for Meat Cutting Handmade Heavy Duty Butcher Axes Hand Forged Full Tang Chopper for Kitchen Outdoor BBQ Chef Gifts","1","amazon.ca","Amazon","St claude","Quebec","J0B2N","Combined TCS+MTC","-31.49","-4.72","0","0","0","0","0","0","0","0","4.72","3.78","0","0","0","-27.71"
"Dec 15, 2025 12:59:14 a.m. PST","25176693041","Order","702-9507736-8537018","KF02-BBJ","Dream Reach Chef Knife, Japanese Kitchen Knife, Sharp Stainless Steel Viking Style Meat Knife with Wooden Handle, Feather Design Cooking Knife with Sh","1","amazon.ca","Amazon","Yellowknife","Northwest Territories","X1A 3L","Combined TCS+MTC","28.49","1.42","2.72","0.14","0","0","0","0","0","0","-1.56","-4.27","-10.54","0","0","16.40"
"Dec 15, 2025 1:09:14 a.m. PST","25176693041","Order","702-1597631-2189825","9B-5VGN-40SH","Dream Reach 2 Pack Kitchen Scissors, Premium All-Metal Kitchen Shears, Heavy Duty Poultry Shears for Food, Food-Grade Stainless Steel Scissors, Gift f","1","amazon.ca","Amazon","Gatineau","Quebec","J8R 2S","Combined TCS+MTC","29.99","4.49","0","0","0","0","0","0","0","0","-4.49","-4.50","-7.65","0","0","17.84"
"Dec 15, 2025 1:42:51 a.m. PST","25176693041","Order","702-3880570-7498642","KF05-BBJ","Dream Reach Meat Cleaver Knife Heavy Duty Bone Chopper High Carbon Steel Butcher Axe Bone Cutting Knife Hand Forged Butcher Knife for Kitchen Outdoor","1","amazon.ca","Amazon","Vancouver","British Columbia","V5S 0G","Combined TCS+MTC","35.09","4.21","0","0","0","0","0","0","0","0","-4.21","-5.26","-9.58","0","0","20.25"
"Dec 15, 2025 1:43:19 a.m. PST","25176693041","Order","702-9411522-5622666","9B-5VGN-40SH","Dream Reach 2 Pack Kitchen Scissors, Premium All-Metal Kitchen Shears, Heavy Duty Poultry Shears for Food, Food-Grade Stainless Steel Scissors, Gift f","1","amazon.ca","Amazon","Laval","Quebec","H7T 2R","Combined TCS+MTC","29.99","4.49","0","0","0","0","0","0","0","0","-4.49","-4.50","-7.65","0","0","17.84"
"Dec 15, 2025 2:45:52 a.m. PST","25176693041","Order","701-9123904-2146665","9B-5VGN-40SH","Dream Reach 2 Pack Kitchen Scissors, Premium All-Metal Kitchen Shears, Heavy Duty Poultry Shears for Food, Food-Grade Stainless Steel Scissors, Gift f","1","amazon.ca","Amazon","Saint-Jean-Sur-Richelieu","Quebec","J3B 8P","Combined TCS+MTC","29.99","4.49","0","0","0","0","0","0","0","0","-4.49","-4.50","-7.65","0","0","17.84"
"Dec 15, 2025 2:50:34 a.m. PST","25176693041","Order","702-0730315-8293053","KF04-BBJ","Dream Reach Meat Bone Cleaver Knife for Meat Cutting Handmade Heavy Duty Butcher Axes Hand Forged Full Tang Chopper for Kitchen Outdoor BBQ Chef Gifts","1","amazon.ca","Amazon","Minto","New Brunswick","E4B 3N","Combined TCS+MTC","31.49","4.72","0","0","0","0","0","0","0","0","-4.72","-4.72","-8.74","0","0","18.03"
"Dec 15, 2025 3:26:54 a.m. PST","25176693041","Order","702-1523481-9461855","9B-5VGN-40SH","Dream Reach 2 Pack Kitchen Scissors, Premium All-Metal Kitchen Shears, Heavy Duty Poultry Shears for Food, Food-Grade Stainless Steel Scissors, Gift f","1","amazon.ca","Amazon","Pointe-Aux-Trembles","Quebec","H1A 3Z","Combined TCS+MTC","29.99","4.49","0","0","0","0","0","0","0","0","-4.49","-4.50","-7.65","0","0","17.84"
"Dec 15, 2025 3:39:26 a.m. PST","25176693041","Order","701-8263658-0375430","BBJK06-Set6","Dream Reach Knife Set with Roll Bag, 6-Piece Professional Chef Knife Set, High Carbon Steel Black Kitchen Knives for Cooking, BBQ & Outdoor Use","1","amazon.ca","Amazon","Cornwall","Ontario","K6J 3Y","Combined TCS+MTC","59.99","7.80","0","0","0","0","0","0","0","0","-7.80","-9.00","-11.45","0","0","39.54"
"Dec 15, 2025 3:44:12 a.m. PST","25176693041","Order","702-9355929-3350637","9B-5VGN-40SH","Dream Reach 2 Pack Kitchen Scissors, Premium All-Metal Kitchen Shears, Heavy Duty Poultry Shears for Food, Food-Grade Stainless Steel Scissors, Gift f","1","amazon.ca","Amazon","Calgary","Alberta","T1Y 3R","Combined TCS+MTC","29.99","1.50","0","0","0","0","0","0","0","0","-1.50","-4.50","-7.65","0","0","17.84"
"Dec 15, 2025 4:00:39 a.m. PST","25176693041","Order","701-8852763-1572209","9B-5VGN-40SH","Dream Reach 2 Pack Kitchen Scissors, Premium All-Metal Kitchen Shears, Heavy Duty Poultry Shears for Food, Food-Grade Stainless Steel Scissors, Gift f","1","amazon.ca","Amazon","Quebec","Quebec","G1Y 2V","Combined TCS+MTC","25.73","3.85","2.61","0","0","0","0","0","-2.61","0","-3.85","-3.86","-7.65","0","0","14.22"
"Dec 15, 2025 4:01:41 a.m. PST","25176693041","Order","701-1534401-9641865","9B-5VGN-40SH","Dream Reach 2 Pack Kitchen Scissors, Premium All-Metal Kitchen Shears, Heavy Duty Poultry Shears for Food, Food-Grade Stainless Steel Scissors, Gift f","1","amazon.ca","Amazon","Unionville","Ontario","L3R 1X","Combined TCS+MTC","29.99","3.90","2.33","0","0","0","0","0","-2.33","0","-3.90","-4.50","-7.65","0","0","17.84"
"Dec 15, 2025 4:28:31 a.m. PST","25176693041","Order","701-7853458-7338653","9B-5VGN-40SH","Dream Reach 2 Pack Kitchen Scissors, Premium All-Metal Kitchen Shears, Heavy Duty Poultry Shears for Food, Food-Grade Stainless Steel Scissors, Gift f","1","amazon.ca","Amazon","Cochrane","Alberta","T4C 1M","Combined TCS+MTC","25.73","1.29","0","0","0","0","0","0","0","0","-1.29","-3.86","-7.65","0","0","14.22"
"Dec 15, 2025 4:39:13 a.m. PST","25176693041","Refund","701-9123904-2146665","9B-5VGN-40SH","Dream Reach 2 Pack Kitchen Scissors, Premium All-Metal Kitchen Shears, Heavy Duty Poultry Shears for Food, Food-Grade Stainless Steel Scissors, Gift f","1","amazon.ca","Amazon","Saint-Jean-Sur-Richelieu","Quebec","J3B 8P","Combined TCS+MTC","-29.99","-4.49","0","0","0","0","0","0","0","0","4.49","3.60","0","0","0","-26.39"
"Dec 15, 2025 5:02:24 a.m. PST","25176693041","Order","702-0943653-7939454","HS1901","Dream Reach 6"" Professional Hair Cutting Scissors Japan 440C Steel Thinning Scissor for Men/Women Cutting for Salon/Barber/Home (Straight Scissors)","2","amazon.ca","Amazon","Ottawa","Ontario","K1V 1Y","Combined TCS+MTC","87.98","9.72","0","0","0","0","0","0","-13.20","0","-9.72","-11.22","-12.98","0","0","50.58"
"Dec 15, 2025 6:00:08 a.m. PST","25176693041","Order","701-6417130-1327425","9B-5VGN-40SH","Dream Reach 2 Pack Kitchen Scissors, Premium All-Metal Kitchen Shears, Heavy Duty Poultry Shears for Food, Food-Grade Stainless Steel Scissors, Gift f","1","amazon.ca","Amazon","quesnel","British Columbia","V2J 3X","Combined TCS+MTC","25.73","3.09","0","0","0","0","0","0","0","0","-3.09","-3.86","-8.19","0","0","13.68"
"Dec 15, 2025 6:05:26 a.m. PST","25176693041","Order","702-4021208-1687442","9B-5VGN-40SH","Dream Reach 2 Pack Kitchen Scissors, Premium All-Metal Kitchen Shears, Heavy Duty Poultry Shears for Food, Food-Grade Stainless Steel Scissors, Gift f","1","amazon.ca","Amazon","Taber","Alberta","T1G 1N","Combined TCS+MTC","29.99","1.50","0","0","0","0","0","0","0","0","-1.50","-4.50","-7.65","0","0","17.84"
"Dec 15, 2025 6:36:36 a.m. PST","25176693041","Order","701-7147093-1413834","37-EQUL-C5MA","Dream Reach HIGH-END Series Japanese 440C Stainless 6.0"" 360° Swivel Thumb Ring Professional Barber Razor Edge Hairdressing Straight Cutting Scissors","1","amazon.ca","Amazon","Calgary","AB","T3P 1E","Combined TCS+MTC","43.99","1.87","1.39","0","0","0","0","0","-7.99","0","-1.87","-5.61","-4.99","0","0","26.79"
"Dec 15, 2025 6:39:52 a.m. PST","25176693041","Order","702-0927931-6899434","HS1901","Dream Reach 6"" Professional Hair Cutting Scissors Japan 440C Steel Thinning Scissor for Men/Women Cutting for Salon/Barber/Home (Straight Scissors)","1","amazon.ca","Amazon","Tottenham","Ontario","L0G 1W","Combined TCS+MTC","43.99","4.86","0","0","0","0","0","0","-6.60","0","-4.86","-5.61","-6.49","0","0","25.29"
"Dec 15, 2025 6:43:53 a.m. PST","25176693041","Order","702-9741393-8512261","XX03","Dream Reach 7.0 Inches Professional Pet Cat Dog Grooming Shears Scissors, Straight and Curved Scissors, Thinning/Blending/Chunking Scissors Kit (Chunk","1","amazon.ca","Amazon","London","Ontario","N5Y 4T","Combined TCS+MTC","31.44","3.47","0","0","0","0","0","0","-4.72","0","-3.47","-4.01","-6.49","0","0","16.22"
"Dec 15, 2025 7:24:55 a.m. PST","25176693041","Order","701-7287759-9282602","KF05-BBJ","Dream Reach Meat Cleaver Knife Heavy Duty Bone Chopper High Carbon Steel Butcher Axe Bone Cutting Knife Hand Forged Butcher Knife for Kitchen Outdoor","1","amazon.ca","Amazon","Terrace","British Columbia","V8G 1Y","Combined TCS+MTC","35.09","4.21","0","0","0","0","0","0","0","0","-4.21","-5.26","-9.58","0","0","20.25"
"Dec 15, 2025 7:38:16 a.m. PST","25176693041","Order","702-0812433-7843454","9B-5VGN-40SH","Dream Reach 2 Pack Kitchen Scissors, Premium All-Metal Kitchen Shears, Heavy Duty Poultry Shears for Food, Food-Grade Stainless Steel Scissors, Gift f","1","amazon.ca","Amazon","Blenheim","Ontario","N0P 1A","Combined TCS+MTC","29.99","3.90","0","0","0","0","0","0","0","0","-3.90","-4.50","-7.65","0","0","17.84"
"Dec 15, 2025 7:39:07 a.m. PST","25176693041","Order","701-6625313-5313059","9B-5VGN-40SH","Dream Reach 2 Pack Kitchen Scissors, Premium All-Metal Kitchen Shears, Heavy Duty Poultry Shears for Food, Food-Grade Stainless Steel Scissors, Gift f","1","amazon.ca","Amazon","Calgary","Alberta","T3B 4G","Combined TCS+MTC","29.99","1.50","0","0","0","0","0","0","0","0","-1.50","-4.50","-7.65","0","0","17.84"
"Dec 15, 2025 7:41:42 a.m. PST","25176693041","Order","702-9795375-1587430","KF05-BBJ","Dream Reach Meat Cleaver Knife Heavy Duty Bone Chopper High Carbon Steel Butcher Axe Bone Cutting Knife Hand Forged Butcher Knife for Kitchen Outdoor","1","amazon.ca","Amazon","Val-Des-Monts","Quebec","J8N 5A","Combined TCS+MTC","35.69","5.34","0","0","0","0","0","0","0","0","-5.34","-5.35","-9.58","0","0","20.76"
"Dec 15, 2025 7:46:10 a.m. PST","25176693041","Order","702-4926399-3888234","9B-5VGN-40SH","Dream Reach 2 Pack Kitchen Scissors, Premium All-Metal Kitchen Shears, Heavy Duty Poultry Shears for Food, Food-Grade Stainless Steel Scissors, Gift f","1","amazon.ca","Amazon","Edmonton","Alberta","T6W 2N","Combined TCS+MTC","29.99","1.50","6.99","0","0","0","0","0","-6.99","0","-1.50","-4.50","-7.65","0","0","17.84"
"Dec 15, 2025 7:48:39 a.m. PST","25176693041","Order","702-8773298-6199466","KF05-BBJ","Dream Reach Meat Cleaver Knife Heavy Duty Bone Chopper High Carbon Steel Butcher Axe Bone Cutting Knife Hand Forged Butcher Knife for Kitchen Outdoor","1","amazon.ca","Amazon","Saint-Calixte","Quebec","J0K 1Z","Combined TCS+MTC","35.69","5.34","0","0","0","0","0","0","0","0","-5.34","-5.35","-9.58","0","0","20.76"
"Dec 15, 2025 8:17:44 a.m. PST","25176693041","Order","701-1648662-8564235","9B-5VGN-40SH","Dream Reach 2 Pack Kitchen Scissors, Premium All-Metal Kitchen Shears, Heavy Duty Poultry Shears for Food, Food-Grade Stainless Steel Scissors, Gift f","1","amazon.ca","Amazon","Calgary","Alberta","T3P 1T","Combined TCS+MTC","29.99","1.50","0","0","0","0","0","0","0","0","-1.50","-4.50","-7.65","0","0","17.84"
"Dec 15, 2025 8:54:04 a.m. PST","25176693041","Refund","701-1024915-4604207","8FS03-BJ","Dream Reach Dog Chunker Scissors - 8 Inch Ergonomic Professional Pet Grooming Shears with Adjustable Screw, Thinning Scissors with Ergonomic Handle","1","amazon.ca","Amazon","Laval","Québec","H7C 2T","","0","0","0","0","0","0","0","0","0","0","0","0","0","0","-16.15","-16.15"
"Dec 15, 2025 9:52:10 a.m. PST","25176693041","Order","S01-1598166-9731607","KF04-BBJ","Dream Reach Meat Bone Cleaver Knife for Meat Cutting Handmade Heavy Duty Butcher Axes Hand Forged Full Tang Chopper for Kitchen Outdoor BBQ Chef Gifts Idea Men Black","1","siprod.stores.amazon.ca","Amazon","KING CITY","ON","L7B 1B","","0","0","0","0","0","0","0","0","0","0","0","0","-3.82","0","0","-3.82"
"Dec 15, 2025 9:52:10 a.m. PST","25176693041","Order","S01-1598166-9731607","","FBA transportation fee","","siprod.stores.amazon.ca","Amazon","KING CITY","ON","L7B 1B","","0","0","0","0","0","0","0","0","0","0","0","0","0","0","-8.27","-8.27"
"Dec 15, 2025 12:06:56 p.m. PST","25176693041","Order","702-2783385-7005040","HS1901","Dream Reach 6"" Professional Hair Cutting Scissors Japan 440C Steel Thinning Scissor for Men/Women Cutting for Salon/Barber/Home (Straight Scissors)","1","amazon.ca","Amazon","Mirabel","Quebec","J7J 0A","Combined TCS+MTC","43.99","5.60","0","0","0","0","0","0","-6.60","0","-5.60","-5.61","-6.49","0","0","25.29"
"Dec 15, 2025 12:15:57 p.m. PST","25176693041","Order","702-1037091-7044249","KF04-BBJ","Dream Reach Meat Bone Cleaver Knife for Meat Cutting Handmade Heavy Duty Butcher Axes Hand Forged Full Tang Chopper for Kitchen Outdoor BBQ Chef Gifts","1","amazon.ca","Amazon","Edmonton","Alberta","T5M 4C","Combined TCS+MTC","34.99","1.75","3.93","0","0","0","0","0","-3.93","0","-1.75","-5.25","-8.74","0","0","21.00"
"Dec 15, 2025 12:24:45 p.m. PST","25176693041","Order","S01-0423411-9678055","KF02-BBJ","Dream Reach Chef Knife, Japanese Kitchen Knife, Sharp Stainless Steel Viking Style Meat Knife with Wooden Handle, Feather Design Cooking Knife with Sheath & Gift Box, Gift for Men and Chefs","1","siprod.stores.amazon.ca","Amazon","TRAIL","BC","V1R 3R","","0","0","0","0","0","0","0","0","0","0","0","0","-3.82","0","0","-3.82"
"Dec 15, 2025 12:24:45 p.m. PST","25176693041","Order","S01-0423411-9678055","","FBA transportation fee","","siprod.stores.amazon.ca","Amazon","TRAIL","BC","V1R 3R","","0","0","0","0","0","0","0","0","0","0","0","0","0","0","-7.01","-7.01"
"Dec 15, 2025 1:31:42 p.m. PST","25176693041","Refund","701-2659624-1465802","KF04-BBJ","Dream Reach Meat Bone Cleaver Knife for Meat Cutting Handmade Heavy Duty Butcher Axes Hand Forged Full Tang Chopper for Kitchen Outdoor BBQ Chef Gifts","1","amazon.ca","Amazon","Brampton","Ontario","L6Z 1W","Combined TCS+MTC","-31.49","-4.09","0","0","0","0","0","0","0","0","4.09","3.78","0","0","0","-27.71"
"Dec 15, 2025 2:23:56 p.m. PST","25176693041","Order","S01-7776982-8726012","KF02-BBJ","Dream Reach Chef Knife, Japanese Kitchen Knife, Sharp Stainless Steel Viking Style Meat Knife with Wooden Handle, Feather Design Cooking Knife with Sheath & Gift Box, Gift for Men and Chefs","1","siprod.stores.amazon.ca","Amazon","WIKWEMIKONG","ON","P0P 2J","","0","0","0","0","0","0","0","0","0","0","0","0","-3.82","0","0","-3.82"
"Dec 15, 2025 2:23:56 p.m. PST","25176693041","Order","S01-7776982-8726012","","FBA transportation fee","","siprod.stores.amazon.ca","Amazon","WIKWEMIKONG","ON","P0P 2J","","0","0","0","0","0","0","0","0","0","0","0","0","0","0","-7.01","-7.01"
"Dec 15, 2025 3:33:28 p.m. PST","25176693041","Order","702-5103301-1717037","9B-5VGN-40SH","Dream Reach 2 Pack Kitchen Scissors, Premium All-Metal Kitchen Shears, Heavy Duty Poultry Shears for Food, Food-Grade Stainless Steel Scissors, Gift f","1","amazon.ca","Amazon","Brantford","Ontario","N3T 5L","Combined TCS+MTC","29.99","3.90","0","0","0","0","0","0","0","0","-3.90","-4.50","-7.65","0","0","17.84"
"Dec 15, 2025 3:42:08 p.m. PST","25176693041","Order","702-5050426-8357065","KF05-BBJ","Dream Reach Meat Cleaver Knife Heavy Duty Bone Chopper High Carbon Steel Butcher Axe Bone Cutting Knife Hand Forged Butcher Knife for Kitchen Outdoor","1","amazon.ca","Amazon","Red Deer","Alberta","T4N 5P","Combined TCS+MTC","35.09","1.75","5.90","0","0","0","0","0","-5.90","0","-1.75","-5.26","-9.58","0","0","20.25"
"Dec 15, 2025 3:58:03 p.m. PST","25176693041","Order","702-8328612-9681046","KF04-BBJ","Dream Reach Meat Bone Cleaver Knife for Meat Cutting Handmade Heavy Duty Butcher Axes Hand Forged Full Tang Chopper for Kitchen Outdoor BBQ Chef Gifts","1","amazon.ca","Amazon","Thunder Bay","Ontario","P7A5X","Combined TCS+MTC","31.49","4.09","0","0","0","0","0","0","0","0","-4.09","-4.72","-8.74","0","0","18.03"
"Dec 15, 2025 5:07:28 p.m. PST","25176693041","Order","702-7059725-8355432","KF02-BBJ","Dream Reach Chef Knife, Japanese Kitchen Knife, Sharp Stainless Steel Viking Style Meat Knife with Wooden Handle, Feather Design Cooking Knife with Sh","1","amazon.ca","Amazon","Montmagny","Quebec","G5V 1Z","Combined TCS+MTC","37.40","5.60","0","0","0","0","0","0","0","0","-5.60","-5.61","-7.13","0","0","24.66"
"Dec 15, 2025 10:24:35 p.m. PST","25176693041","Order","701-3681753-7853837","CD-5RZQ-GSIY","Dream Reach 8.0 Inch Twin Tailed Rainbow Curved Blade Pet Grooming Scissors Dog Hair Cutting Shears with Case (Curved Scissors)","1","amazon.ca","Amazon","Langley","British Columbia","V3A 4N","Combined TCS+MTC","33.99","3.47","0","0","0","0","0","0","-5.10","0","-3.47","-4.33","-6.49","0","0","18.07"
"Dec 15, 2025 10:34:21 p.m. PST","25176693041","Order","702-3357280-2390635","9B-5VGN-40SH","Dream Reach 2 Pack Kitchen Scissors, Premium All-Metal Kitchen Shears, Heavy Duty Poultry Shears for Food, Food-Grade Stainless Steel Scissors, Gift f","1","amazon.ca","Amazon","Saskatoon","Saskatchewan","S7V 0P","Combined TCS+MTC","29.99","3.30","0","0","0","0","0","0","0","0","-3.30","-4.50","-7.65","0","0","17.84"
"Dec 15, 2025 10:34:41 p.m. PST","25176693041","Order","701-3496096-6949850","9B-5VGN-40SH","Dream Reach 2 Pack Kitchen Scissors, Premium All-Metal Kitchen Shears, Heavy Duty Poultry Shears for Food, Food-Grade Stainless Steel Scissors, Gift f","1","amazon.ca","Amazon","Prince Albert","Saskatchewan","S6V 8C","Combined TCS+MTC","29.99","3.30","0","0","0","0","0","0","0","0","-3.30","-4.50","-8.19","0","0","17.30"
"Dec 15, 2025 10:43:48 p.m. PST","25176693041","Order","702-3723757-7581812","9B-5VGN-40SH","Dream Reach 2 Pack Kitchen Scissors, Premium All-Metal Kitchen Shears, Heavy Duty Poultry Shears for Food, Food-Grade Stainless Steel Scissors, Gift f","1","amazon.ca","Amazon","Mississauga","Ontario","L5L3B","Combined TCS+MTC","29.99","3.90","0","0","0","0","0","0","0","0","-3.90","-4.50","-7.65","0","0","17.84"
"Dec 15, 2025 10:51:09 p.m. PST","25176693041","Order","702-7760314-9789842","9B-5VGN-40SH","Dream Reach 2 Pack Kitchen Scissors, Premium All-Metal Kitchen Shears, Heavy Duty Poultry Shears for Food, Food-Grade Stainless Steel Scissors, Gift f","1","amazon.ca","Amazon","Saint John","New Brunswick","E2J 2V","Combined TCS+MTC","25.73","3.86","0","0","0","0","0","0","0","0","-3.86","-3.86","-7.65","0","0","14.22"
"Dec 15, 2025 11:02:15 p.m. PST","25176693041","Order","702-8328602-7808217","9B-5VGN-40SH","Dream Reach 2 Pack Kitchen Scissors, Premium All-Metal Kitchen Shears, Heavy Duty Poultry Shears for Food, Food-Grade Stainless Steel Scissors, Gift f","1","amazon.ca","Amazon","St Albert","Alberta","T8N7H","Combined TCS+MTC","29.99","1.50","2.33","0","0","0","0","0","-2.33","0","-1.50","-4.50","-7.65","0","0","17.84"
"Dec 15, 2025 11:44:32 p.m. PST","25176693041","Order","702-0189631-7480202","9B-5VGN-40SH","Dream Reach 2 Pack Kitchen Scissors, Premium All-Metal Kitchen Shears, Heavy Duty Poultry Shears for Food, Food-Grade Stainless Steel Scissors, Gift f","1","amazon.ca","Amazon","Bois-Des-Filion","Quebec","J6Z 1Y","Combined TCS+MTC","29.99","4.49","0","0","0","0","0","0","0","0","-4.49","-4.50","-7.65","0","0","17.84"
"Dec 15, 2025 11:50:07 p.m. PST","25176693041","Order","701-3321458-6017851","9B-5VGN-40SH","Dream Reach 2 Pack Kitchen Scissors, Premium All-Metal Kitchen Shears, Heavy Duty Poultry Shears for Food, Food-Grade Stainless Steel Scissors, Gift f","1","amazon.ca","Amazon","Kingston","New Brunswick","E5N 1W","Combined TCS+MTC","25.73","3.86","2.44","0","0","0","0","0","-2.44","0","-3.86","-3.86","-7.65","0","0","14.22"
"Dec 16, 2025 12:17:08 a.m. PST","25176693041","Order","702-4068314-8725013","9B-5VGN-40SH","Dream Reach 2 Pack Kitchen Scissors, Premium All-Metal Kitchen Shears, Heavy Duty Poultry Shears for Food, Food-Grade Stainless Steel Scissors, Gift f","1","amazon.ca","Amazon","Kingston","Ontario","K7M 8H","Combined TCS+MTC","29.99","3.90","0","0","0","0","0","0","0","0","-3.90","-4.50","-7.65","0","0","17.84"
"Dec 16, 2025 12:32:24 a.m. PST","25176693041","Order","701-2134436-6369827","9B-5VGN-40SH","Dream Reach 2 Pack Kitchen Scissors, Premium All-Metal Kitchen Shears, Heavy Duty Poultry Shears for Food, Food-Grade Stainless Steel Scissors, Gift f","1","amazon.ca","Amazon","Kanata","Ontario","K2W 1A","Combined TCS+MTC","29.99","3.90","0","0","0","0","0","0","0","0","-3.90","-4.50","-7.65","0","0","17.84"
"Dec 16, 2025 1:34:02 a.m. PST","25176693041","Order","701-4145133-5811417","9B-5VGN-40SH","Dream Reach 2 Pack Kitchen Scissors, Premium All-Metal Kitchen Shears, Heavy Duty Poultry Shears for Food, Food-Grade Stainless Steel Scissors, Gift f","1","amazon.ca","Amazon","Sorel-Tracy","Quebec","J3P 5L","Combined TCS+MTC","29.99","4.49","0","0","0","0","0","0","0","0","-4.49","-4.50","-7.65","0","0","17.84"
"Dec 16, 2025 1:37:14 a.m. PST","25176693041","Refund","702-9396203-3325826","9B-5VGN-40SH","Dream Reach Kitchen Shears Set, Heavy Duty Poultry Shears, Japanese Kitchen Scissors for Meat, Chicken Bones","1","amazon.ca","Amazon","Niagara Falls","Ontario","L2E 3E","Combined TCS+MTC","-32.99","-3.51","0","0","0","0","0","0","6.00","0","3.51","3.24","0","0.08","0","-23.67"
"Dec 16, 2025 1:43:03 a.m. PST","25176693041","Order","701-9817782-1076254","9B-5VGN-40SH","Dream Reach 2 Pack Kitchen Scissors, Premium All-Metal Kitchen Shears, Heavy Duty Poultry Shears for Food, Food-Grade Stainless Steel Scissors, Gift f","1","amazon.ca","Amazon","Edmonton","Alberta","T6C 1M","Combined TCS+MTC","29.99","1.50","0","0","0","0","0","0","0","0","-1.50","-4.50","-7.65","0","0","17.84"
"Dec 16, 2025 1:54:28 a.m. PST","25176693041","Order","702-3304269-3747424","9B-5VGN-40SH","Dream Reach 2 Pack Kitchen Scissors, Premium All-Metal Kitchen Shears, Heavy Duty Poultry Shears for Food, Food-Grade Stainless Steel Scissors, Gift f","1","amazon.ca","Amazon","Sudbury","Ontario","P3E 2B","Combined TCS+MTC","25.73","3.34","2.35","0","0","0","0","0","-2.35","0","-3.34","-3.86","-7.65","0","0","14.22"
"Dec 16, 2025 1:57:21 a.m. PST","25176693041","Order","702-8128946-0453017","9B-5VGN-40SH","Dream Reach 2 Pack Kitchen Scissors, Premium All-Metal Kitchen Shears, Heavy Duty Poultry Shears for Food, Food-Grade Stainless Steel Scissors, Gift f","1","amazon.ca","Amazon","Marieville","Quebec","J3M 1N","Combined TCS+MTC","29.99","4.49","0","0","0","0","0","0","0","0","-4.49","-4.50","-7.65","0","0","17.84"
"Dec 16, 2025 2:08:13 a.m. PST","25176693041","Order","702-3523375-1653061","KS-POS-GKS-3.54in-YYI","Dream Reach Kitchen Scissors All Purpose - Stainless Steel Kitchen Shear, Sharp Silver Meat Scissors Dishwasher Safe, Heavy Duty Poultry Shears, Japan","1","amazon.ca","Amazon","Mount hope","Ontario","L0R 1W","Combined TCS+MTC","16.99","2.21","0","0","0","0","0","0","0","0","-2.21","-2.55","-6.74","0","0","7.70"
"Dec 16, 2025 3:01:06 a.m. PST","25176693041","Order","701-5156416-9572260","9B-5VGN-40SH","Dream Reach 2 Pack Kitchen Scissors, Premium All-Metal Kitchen Shears, Heavy Duty Poultry Shears for Food, Food-Grade Stainless Steel Scissors, Gift f","1","amazon.ca","Amazon","Edmonton","Alberta","T5T 1Y","Combined TCS+MTC","29.99","1.50","3.03","0.15","0","0","0","0","0","0","-1.65","-4.50","-10.68","0","0","17.84"
"Dec 16, 2025 3:39:15 a.m. PST","25176693041","Refund","701-3133302-3057057","9B-5VGN-40SH","Dream Reach 2 Pack Kitchen Scissors, Premium All-Metal Kitchen Shears, Heavy Duty Poultry Shears for Food, Food-Grade Stainless Steel Scissors, Gift f","1","amazon.ca","Amazon","Stouffville","Ontario","L4A 2M","Combined TCS+MTC","-25.73","-3.34","0","0","0","0","0","0","0","0","3.34","3.09","0","0","0","-22.64"
"Dec 16, 2025 4:18:11 a.m. PST","25176693041","Order","701-9731620-0903400","KS-POS-GKS-3.54in-YYI","Dream Reach Kitchen Scissors All Purpose - Stainless Steel Kitchen Shear, Sharp Silver Meat Scissors Dishwasher Safe, Heavy Duty Poultry Shears, Japan","1","amazon.ca","Amazon","St Agatha","Ontario","N0B 2L","Combined TCS+MTC","16.99","2.21","0","0","0","0","0","0","0","0","-2.21","-2.55","-6.74","0","0","7.70"
"Dec 16, 2025 4:52:53 a.m. PST","25176693041","Refund","701-6696404-4980217","BBJK06-Set3","Dream Reach 3PCS Kitchen Knife Set, Kitchen Knives, Butcher Knife Set, Chef Knife Set, Meat Cleaver Knife, High-Hardness Steel Knives with Ergonomic W","1","amazon.ca","Amazon","Surrey","British Columbia","V3R 3B","Combined TCS+MTC","-39.99","-4.80","0","0","0","0","0","0","0","0","4.80","4.80","0","0","0","-35.19"
"Dec 16, 2025 4:57:16 a.m. PST","25176693041","Order","702-8240889-4807418","9B-5VGN-40SH","Dream Reach 2 Pack Kitchen Scissors, Premium All-Metal Kitchen Shears, Heavy Duty Poultry Shears for Food, Food-Grade Stainless Steel Scissors, Gift f","1","amazon.ca","Amazon","Montreal","Quebec","H2M 1Y","Combined TCS+MTC","29.99","4.49","0","0","0","0","0","0","0","0","-4.49","-4.50","-7.65","0","0","17.84"
"Dec 16, 2025 5:03:07 a.m. PST","25176693041","Order","701-1506752-7598613","9B-5VGN-40SH","Dream Reach 2 Pack Kitchen Scissors, Premium All-Metal Kitchen Shears, Heavy Duty Poultry Shears for Food, Food-Grade Stainless Steel Scissors, Gift f","1","amazon.ca","Amazon","Ashcroft","BC","V0K 1A","Combined TCS+MTC","29.99","3.60","0","0","0","0","0","0","0","0","-3.60","-4.50","-8.19","0","0","17.30"
"Dec 16, 2025 5:08:01 a.m. PST","25176693041","Order","702-4712006-1913838","9B-5VGN-40SH","Dream Reach 2 Pack Kitchen Scissors, Premium All-Metal Kitchen Shears, Heavy Duty Poultry Shears for Food, Food-Grade Stainless Steel Scissors, Gift f","1","amazon.ca","Amazon","Essex","Ontario","N8M 2K","Combined TCS+MTC","29.99","3.90","2.33","0","0","0","0","0","-2.33","0","-3.90","-4.50","-7.65","0","0","17.84"
"Dec 16, 2025 5:42:45 a.m. PST","25176693041","Order","701-8028003-8433061","KF05-BBJ","Dream Reach Meat Cleaver Knife Heavy Duty Bone Chopper High Carbon Steel Butcher Axe Bone Cutting Knife Hand Forged Butcher Knife for Kitchen Outdoor","1","amazon.ca","Amazon","Orleans","Ontario","K1C 3E","Combined TCS+MTC","35.69","4.64","6.99","0","0","0","0","0","-6.99","0","-4.64","-5.35","-9.58","0","0","20.76"
"Dec 16, 2025 6:04:16 a.m. PST","25176693041","Order","701-6696404-4980217","BBJK06-Set3","Dream Reach 3PCS Kitchen Knife Set, Kitchen Knives, Butcher Knife Set, Chef Knife Set, Meat Cleaver Knife, High-Hardness Steel Knives with Ergonomic W","1","amazon.ca","Amazon","Surrey","British Columbia","V3R 3B","Combined TCS+MTC","39.99","4.80","0","0","0","0","0","0","0","0","-4.80","-6.00","-10.25","0","0","23.74"
"Dec 16, 2025 6:12:10 a.m. PST","25176693041","Order","702-5885430-7713845","9B-5VGN-40SH","Dream Reach 2 Pack Kitchen Scissors, Premium All-Metal Kitchen Shears, Heavy Duty Poultry Shears for Food, Food-Grade Stainless Steel Scissors, Gift f","1","amazon.ca","Amazon","Paris","ON","N3L3E","Combined TCS+MTC","29.99","3.90","0","0","0","0","0","0","0","0","-3.90","-4.50","-7.65","0","0","17.84"
"Dec 16, 2025 6:25:52 a.m. PST","25176693041","Adjustment","701-1024915-4604207","8FS03-BJ","FBA Inventory Reimbursement - Customer Return","1","","","","","","","0","0","0","0","0","0","0","0","0","0","0","0","0","0","16.15","16.15"
"Dec 16, 2025 6:26:54 a.m. PST","25176693041","Order","701-4097953-8268233","9B-5VGN-40SH","Dream Reach 2 Pack Kitchen Scissors, Premium All-Metal Kitchen Shears, Heavy Duty Poultry Shears for Food, Food-Grade Stainless Steel Scissors, Gift f","1","amazon.ca","Amazon","St. John's","Newfoundland","A1E 2N","Combined TCS+MTC","25.73","3.86","0","0","0","0","0","0","0","0","-3.86","-3.86","-7.65","0","0","14.22"
"Dec 16, 2025 6:27:30 a.m. PST","25176693041","Adjustment","702-2799224-1961010","KF02-BBJ","FBA Inventory Reimbursement - Customer Return","1","","","","","","","0","0","0","0","0","0","0","0","0","0","0","0","0","0","17.09","17.09"
"Dec 16, 2025 6:47:41 a.m. PST","25176693041","Order","701-5506477-8357025","9B-5VGN-40SH","Dream Reach 2 Pack Kitchen Scissors, Premium All-Metal Kitchen Shears, Heavy Duty Poultry Shears for Food, Food-Grade Stainless Steel Scissors, Gift f","1","amazon.ca","Amazon","Baie-St-Paul","Quebec","G3Z 1G","Combined TCS+MTC","25.73","3.85","2.39","0","0","0","0","0","-2.39","0","-3.85","-3.86","-7.65","0","0","14.22"
"Dec 16, 2025 6:56:31 a.m. PST","25176693041","Order","701-7681515-7870667","KS-POS-GKS-3.54in-YYI","Dream Reach Kitchen Scissors All Purpose - Stainless Steel Kitchen Shear, Sharp Silver Meat Scissors Dishwasher Safe, Heavy Duty Poultry Shears, Japan","1","amazon.ca","Amazon","Aurora","Ontario","L4G 5P","Combined TCS+MTC","16.99","2.21","0","0","0","0","0","0","0","0","-2.21","-2.55","-6.74","0","0","7.70"
"Dec 16, 2025 7:07:11 a.m. PST","25176693041","Order","702-6500653-2507402","9B-5VGN-40SH","Dream Reach 2 Pack Kitchen Scissors, Premium All-Metal Kitchen Shears, Heavy Duty Poultry Shears for Food, Food-Grade Stainless Steel Scissors, Gift f","1","amazon.ca","Amazon","Lac-Saint-Paul","Quebec","J0W 1K","Combined TCS+MTC","29.99","4.49","0","0","0","0","0","0","0","0","-4.49","-4.50","-7.65","0","0","17.84"
"Dec 16, 2025 7:21:08 a.m. PST","25176693041","Order","701-5719054-1941821","9B-5VGN-40SH","Dream Reach 2 Pack Kitchen Scissors, Premium All-Metal Kitchen Shears, Heavy Duty Poultry Shears for Food, Food-Grade Stainless Steel Scissors, Gift f","1","amazon.ca","Amazon","Pickering","ON","L1V 6L","Combined TCS+MTC","29.99","3.90","0","0","0","0","0","0","0","0","-3.90","-4.50","-7.65","0","0","17.84"
"Dec 16, 2025 7:24:37 a.m. PST","25176693041","Order","702-3100999-0926632","KF02-BBJ","Dream Reach Chef Knife, Japanese Kitchen Knife, Sharp Stainless Steel Viking Style Meat Knife with Wooden Handle, Feather Design Cooking Knife with Sh","1","amazon.ca","Amazon","Azilda","Ontario","P0M 1B","Combined TCS+MTC","37.40","4.86","0","0","0","0","0","0","0","0","-4.86","-5.61","-7.13","0","0","24.66"
"Dec 16, 2025 7:31:50 a.m. PST","25176693041","Order","701-0414756-1755449","9B-5VGN-40SH","Dream Reach 2 Pack Kitchen Scissors, Premium All-Metal Kitchen Shears, Heavy Duty Poultry Shears for Food, Food-Grade Stainless Steel Scissors, Gift f","1","amazon.ca","Amazon","Brandon","Manitoba","R7B 4K","Combined TCS+MTC","25.73","3.09","0","0","0","0","0","0","0","0","-3.09","-3.86","-8.19","0","0","13.68"
"Dec 16, 2025 7:32:33 a.m. PST","25176693041","Order","702-5283252-4183461","KF02-BBJ","Dream Reach Chef Knife, Japanese Kitchen Knife, Sharp Stainless Steel Viking Style Meat Knife with Wooden Handle, Feather Design Cooking Knife with Sh","1","amazon.ca","Amazon","Shawnigan Lake","British Columbia","V8A 1B","Combined TCS+MTC","28.49","3.42","0","0","0","0","0","0","0","0","-3.42","-4.27","-7.63","0","0","16.59"
"Dec 16, 2025 7:43:36 a.m. PST","25176693041","Order","701-9607991-2099449","KS-POS-GKS-3.54in-YYI","Dream Reach Kitchen Scissors All Purpose - Stainless Steel Kitchen Shear, Sharp Silver Meat Scissors Dishwasher Safe, Heavy Duty Poultry Shears, Japan","1","amazon.ca","Amazon","Kitchener","Ontario","N2B 2P","Combined TCS+MTC","16.99","2.21","0","0","0","0","0","0","0","0","-2.21","-2.55","-6.74","0","0","7.70"
"Dec 16, 2025 12:06:34 p.m. PST","25176693041","Order","702-4403168-9500239","BBJK06-Set6","Dream Reach Knife Set with Roll Bag, 6-Piece Professional Chef Knife Set, High Carbon Steel Black Kitchen Knives for Cooking, BBQ & Outdoor Use","1","amazon.ca","Amazon","Bras d'Or","Nova Scotia","B1Y 2M","Combined TCS+MTC","59.99","8.40","0","0","0","0","0","0","0","0","-8.40","-9.00","-11.45","0","0","39.54"
"Dec 16, 2025 1:04:38 p.m. PST","25176693041","Order","702-3890548-8371448","9B-5VGN-40SH","Dream Reach 2 Pack Kitchen Scissors, Premium All-Metal Kitchen Shears, Heavy Duty Poultry Shears for Food, Food-Grade Stainless Steel Scissors, Gift f","1","amazon.ca","Amazon","Kitchener","Ontario","N2P 2B","Combined TCS+MTC","29.99","3.90","0","0","0","0","0","0","0","0","-3.90","-4.50","-7.65","0","0","17.84"
"Dec 16, 2025 1:37:00 p.m. PST","25176693041","Order","702-8039794-0201844","9B-5VGN-40SH","Dream Reach 2 Pack Kitchen Scissors, Premium All-Metal Kitchen Shears, Heavy Duty Poultry Shears for Food, Food-Grade Stainless Steel Scissors, Gift f","1","amazon.ca","Amazon","Courtenay","British Columbia","V9N 0G","Combined TCS+MTC","29.99","3.60","0","0","0","0","0","0","0","0","-3.60","-4.50","-8.19","0","0","17.30"
"Dec 16, 2025 3:14:05 p.m. PST","25176693041","Order","702-2090360-5156236","9B-5VGN-40SH","Dream Reach 2 Pack Kitchen Scissors, Premium All-Metal Kitchen Shears, Heavy Duty Poultry Shears for Food, Food-Grade Stainless Steel Scissors, Gift f","1","amazon.ca","Amazon","Hardisty","Alberta","T0B 1V","Combined TCS+MTC","25.73","1.29","0","0","0","0","0","0","0","0","-1.29","-3.86","-7.65","0","0","14.22"
"Dec 16, 2025 3:56:53 p.m. PST","25176693041","Order","702-2624607-6579443","9B-5VGN-40SH","Dream Reach 2 Pack Kitchen Scissors, Premium All-Metal Kitchen Shears, Heavy Duty Poultry Shears for Food, Food-Grade Stainless Steel Scissors, Gift f","1","amazon.ca","Amazon","London","Ontario","N6G 0W","Combined TCS+MTC","29.99","3.90","0","0","0","0","0","0","0","0","-3.90","-4.50","-7.65","0","0","17.84"
"Dec 16, 2025 6:10:32 p.m. PST","25176693041","Order","702-8723241-8129851","9B-5VGN-40SH","Dream Reach 2 Pack Kitchen Scissors, Premium All-Metal Kitchen Shears, Heavy Duty Poultry Shears for Food, Food-Grade Stainless Steel Scissors, Gift f","2","amazon.ca","Amazon","West Kelowna","British Columbia","V4T 4C","Combined TCS+MTC","59.98","6.84","0","0","0","0","0","0","-3.00","0","-6.84","-8.54","-16.37","0","0","32.07"
"Dec 16, 2025 10:17:50 p.m. PST","25176693041","Order","702-2037915-1389019","KS-POS-GKS-3.54in-YYI","Dream Reach Kitchen Scissors All Purpose - Stainless Steel Kitchen Shear, Sharp Silver Meat Scissors Dishwasher Safe, Heavy Duty Poultry Shears, Japan","1","amazon.ca","Amazon","Mississauga","Ontario","L5N 2W","Combined TCS+MTC","16.99","2.21","0","0","0","0","0","0","0","0","-2.21","-2.55","-6.74","0","0","7.70"
"Dec 16, 2025 11:22:39 p.m. PST","25176693041","Order","702-4830563-4890637","9B-5VGN-40SH","Dream Reach 2 Pack Kitchen Scissors, Premium All-Metal Kitchen Shears, Heavy Duty Poultry Shears for Food, Food-Grade Stainless Steel Scissors, Gift f","2","amazon.ca","Amazon","Saint-Leonard","Quebec","H1S 2B","Combined TCS+MTC","59.98","8.54","0","0","0","0","0","0","-3.00","0","-8.54","-8.54","-15.30","0","0","33.14"
"Dec 16, 2025 11:27:14 p.m. PST","25176693041","Order","702-5758007-1084253","9B-5VGN-40SH","Dream Reach 2 Pack Kitchen Scissors, Premium All-Metal Kitchen Shears, Heavy Duty Poultry Shears for Food, Food-Grade Stainless Steel Scissors, Gift f","1","amazon.ca","Amazon","Richmond","British Columbia","V6V 2Z","Combined TCS+MTC","29.99","3.60","0","0","0","0","0","0","0","0","-3.60","-4.50","-8.19","0","0","17.30"
"Dec 16, 2025 11:42:32 p.m. PST","25176693041","Order","701-7251055-8973853","9B-5VGN-40SH","Dream Reach 2 Pack Kitchen Scissors, Premium All-Metal Kitchen Shears, Heavy Duty Poultry Shears for Food, Food-Grade Stainless Steel Scissors, Gift f","1","amazon.ca","Amazon","Wheatland County","Alberta","T1P 2G","Combined TCS+MTC","25.73","1.29","0","0","0","0","0","0","0","0","-1.29","-3.86","-7.65","0","0","14.22"
"Dec 16, 2025 11:49:44 p.m. PST","25176693041","Service Fee","","","Cost of advertising","","","","","","","","0","0","0","0","0","0","0","0","0","0","0","0","0","-501.20","0","-501.20"
"Dec 17, 2025 12:09:57 a.m. PST","25176693041","Order","701-2925076-5831429","9B-5VGN-40SH","Dream Reach 2 Pack Kitchen Scissors, Premium All-Metal Kitchen Shears, Heavy Duty Poultry Shears for Food, Food-Grade Stainless Steel Scissors, Gift f","1","amazon.ca","Amazon","Welland","Ontario","L3C 5R","Combined TCS+MTC","29.99","3.90","0","0","0","0","0","0","0","0","-3.90","-4.50","-7.65","0","0","17.84"
"Dec 17, 2025 12:50:10 a.m. PST","25176693041","Order","702-5938364-1490601","9B-5VGN-40SH","Dream Reach 2 Pack Kitchen Scissors, Premium All-Metal Kitchen Shears, Heavy Duty Poultry Shears for Food, Food-Grade Stainless Steel Scissors, Gift f","1","amazon.ca","Amazon","Cantley","Quebec","J8V 2Y","Combined TCS+MTC","29.99","4.49","0","0","0","0","0","0","0","0","-4.49","-4.50","-7.65","0","0","17.84"
"Dec 17, 2025 1:11:05 a.m. PST","25176693041","Order","701-4922564-5822604","9B-5VGN-40SH","Dream Reach 2 Pack Kitchen Scissors, Premium All-Metal Kitchen Shears, Heavy Duty Poultry Shears for Food, Food-Grade Stainless Steel Scissors, Gift f","1","amazon.ca","Amazon","Collingwood","Ontario","L9Y5N","Combined TCS+MTC","29.99","3.90","0","0","0","0","0","0","0","0","-3.90","-4.50","-7.65","0","0","17.84"
"Dec 17, 2025 1:13:53 a.m. PST","25176693041","Order","701-6123942-1429865","KS-POSSET2-GKS-ZW-YHE","Dream Reach Kitchen Scissors Set Black - Stainless Steel Kitchen Shears, Sharp Meat Scissors Dishwasher Safe, Heavy Duty Poultry Shears All Purpose, J","1","amazon.ca","Amazon","Barrie","Ontario","L4M 2V","Combined TCS+MTC","42.99","5.59","3.27","0","0","0","0","0","-3.27","0","-5.59","-6.45","-7.65","0","0","28.89"
"Dec 17, 2025 1:24:29 a.m. PST","25176693041","Order","701-1547349-3558635","9B-5VGN-40SH","Dream Reach 2 Pack Kitchen Scissors, Premium All-Metal Kitchen Shears, Heavy Duty Poultry Shears for Food, Food-Grade Stainless Steel Scissors, Gift f","1","amazon.ca","Amazon","Calgary","AB","T3H 0B","Combined TCS+MTC","29.99","1.50","0","0","0","0","0","0","0","0","-1.50","-4.50","-7.65","0","0","17.84"
"Dec 17, 2025 1:29:15 a.m. PST","25176693041","Order","702-4902566-5021011","9B-5VGN-40SH","Dream Reach 2 Pack Kitchen Scissors, Premium All-Metal Kitchen Shears, Heavy Duty Poultry Shears for Food, Food-Grade Stainless Steel Scissors, Gift f","1","amazon.ca","Amazon","Vancouver","British Columbia","V6E 1J","Combined TCS+MTC","29.99","3.60","0","0","0","0","0","0","0","0","-3.60","-4.50","-8.19","0","0","17.30"
"Dec 17, 2025 1:46:56 a.m. PST","25176693041","Order","701-0158485-3429864","9B-5VGN-40SH","Dream Reach 2 Pack Kitchen Scissors, Premium All-Metal Kitchen Shears, Heavy Duty Poultry Shears for Food, Food-Grade Stainless Steel Scissors, Gift f","1","amazon.ca","Amazon","Saint-Jean-Sur-Richelieu","Quebec","J3B 8P","Combined TCS+MTC","29.99","4.49","0","0","0","0","0","0","0","0","-4.49","-4.50","-7.65","0","0","17.84"
"Dec 17, 2025 3:11:51 a.m. PST","25176693041","Order","702-3763900-5678659","9B-5VGN-40SH","Dream Reach 2 Pack Kitchen Scissors, Premium All-Metal Kitchen Shears, Heavy Duty Poultry Shears for Food, Food-Grade Stainless Steel Scissors, Gift f","1","amazon.ca","Amazon","Toronto","Ontario","M1S 5B","Combined TCS+MTC","29.99","3.90","0","0","0","0","0","0","0","0","-3.90","-4.50","-7.65","0","0","17.84"
"Dec 17, 2025 3:31:12 a.m. PST","25176693041","Order","702-0884081-9137029","9B-5VGN-40SH","Dream Reach 2 Pack Kitchen Scissors, Premium All-Metal Kitchen Shears, Heavy Duty Poultry Shears for Food, Food-Grade Stainless Steel Scissors, Gift f","1","amazon.ca","Amazon","Maple Creek","Saskatchewan","S0N 1N","Combined TCS+MTC","29.99","3.30","0","0","0","0","0","0","0","0","-3.30","-4.50","-7.65","0","0","17.84"
"Dec 17, 2025 3:36:20 a.m. PST","25176693041","Order","701-2586213-7727412","KF02-BBJ","Dream Reach Chef Knife, Japanese Kitchen Knife, Sharp Stainless Steel Viking Style Meat Knife with Wooden Handle, Feather Design Cooking Knife with Sh","1","amazon.ca","Amazon","BARRIE","Ontario","L4N 7K","Combined TCS+MTC","37.40","4.86","0","0","0","0","0","0","0","0","-4.86","-5.61","-7.13","0","0","24.66"
"Dec 17, 2025 3:56:06 a.m. PST","25176693041","Order","701-6110376-6445020","KF02-BBJ","Dream Reach Chef Knife, Japanese Kitchen Knife, Sharp Stainless Steel Viking Style Meat Knife with Wooden Handle, Feather Design Cooking Knife with Sh","1","amazon.ca","Amazon","Prince Rupert","British Columbia","V8J 2W","Combined TCS+MTC","37.40","4.49","0","0","0","0","0","0","0","0","-4.49","-5.61","-7.63","0","0","24.16"
"Dec 17, 2025 4:29:25 a.m. PST","25176693041","Order","702-9248336-3052222","KF02-BBJ","Dream Reach Chef Knife, Japanese Kitchen Knife, Sharp Stainless Steel Viking Style Meat Knife with Wooden Handle, Feather Design Cooking Knife with Sh","1","amazon.ca","Amazon","Powell River","British Columbia","V8A 4S","Combined TCS+MTC","37.40","4.49","0","0","0","0","0","0","0","0","-4.49","-5.61","-7.63","0","0","24.16"
"Dec 17, 2025 4:57:08 a.m. PST","25176693041","Order","702-9157842-9548224","9B-5VGN-40SH","Dream Reach 2 Pack Kitchen Scissors, Premium All-Metal Kitchen Shears, Heavy Duty Poultry Shears for Food, Food-Grade Stainless Steel Scissors, Gift f","1","amazon.ca","Amazon","Oshawa","Ontario","L1J 4V","Combined TCS+MTC","29.99","3.90","3.50","0","0","0","0","0","-3.50","0","-3.90","-4.50","-7.65","0","0","17.84"
"Dec 17, 2025 5:19:51 a.m. PST","25176693041","Order","702-3298676-2033847","KS-POS-GKS-3.54in-YYI","Dream Reach Kitchen Scissors All Purpose - Stainless Steel Kitchen Shear, Sharp Silver Meat Scissors Dishwasher Safe, Heavy Duty Poultry Shears, Japan","1","amazon.ca","Amazon","Edmonton","Alberta","T6R 3G","Combined TCS+MTC","16.99","0.85","0","0","0","0","0","0","0","0","-0.85","-2.55","-6.74","0","0","7.70"
"Dec 17, 2025 5:22:33 a.m. PST","25176693041","Order","702-3806065-0740204","9B-5VGN-40SH","Dream Reach 2 Pack Kitchen Scissors, Premium All-Metal Kitchen Shears, Heavy Duty Poultry Shears for Food, Food-Grade Stainless Steel Scissors, Gift f","1","amazon.ca","Amazon","Surrey","British Columbia","V3R 6A","Combined TCS+MTC","29.99","3.60","1.74","0","0","0","0","0","-1.74","0","-3.60","-4.50","-8.19","0","0","17.30"
"Dec 17, 2025 5:34:53 a.m. PST","25176693041","Order","701-1666581-4195428","9B-5VGN-40SH","Dream Reach 2 Pack Kitchen Scissors, Premium All-Metal Kitchen Shears, Heavy Duty Poultry Shears for Food, Food-Grade Stainless Steel Scissors, Gift f","1","amazon.ca","Amazon","Newmarket","Ontario","L3Y 1N","Combined TCS+MTC","29.99","3.90","0","0","0","0","0","0","0","0","-3.90","-4.50","-7.65","0","0","17.84"
"Dec 17, 2025 6:15:34 a.m. PST","25176693041","Order","701-3463524-0275402","9B-5VGN-40SH","Dream Reach 2 Pack Kitchen Scissors, Premium All-Metal Kitchen Shears, Heavy Duty Poultry Shears for Food, Food-Grade Stainless Steel Scissors, Gift f","1","amazon.ca","Amazon","Medicine Hat","Alberta","T1A 1V","Combined TCS+MTC","25.73","1.29","6.24","0.31","0","0","0","0","0","0","-1.60","-3.86","-13.89","0","0","14.22"
"Dec 17, 2025 6:16:53 a.m. PST","25176693041","Order","702-5031789-9049847","KS-POSSET2-GKS-ZW-YYI","Dream Reach Kitchen Scissors Set Silver - Stainless Steel Kitchen Shear, Sharp Meat Scissors Dishwasher Safe, Heavy Duty Poultry Shears, Japanese Cook","1","amazon.ca","Amazon","Maple","Ontario","L6A 0B","Combined TCS+MTC","42.99","5.59","0","0","0","0","0","0","0","0","-5.59","-6.45","-7.13","0","0","29.41"
"Dec 17, 2025 6:20:53 a.m. PST","25176693041","Order","702-7165586-4915402","9B-5VGN-40SH","Dream Reach 2 Pack Kitchen Scissors, Premium All-Metal Kitchen Shears, Heavy Duty Poultry Shears for Food, Food-Grade Stainless Steel Scissors, Gift f","1","amazon.ca","Amazon","Saskatoon","Saskatchewan","S7K 1S","Combined TCS+MTC","29.99","3.30","0","0","0","0","0","0","0","0","-3.30","-4.50","-7.65","0","0","17.84"
"Dec 17, 2025 6:33:32 a.m. PST","25176693041","Order","S01-2943914-4769257","KF04-BBJ","Dream Reach Meat Bone Cleaver Knife for Meat Cutting Handmade Heavy Duty Butcher Axes Hand Forged Full Tang Chopper for Kitchen Outdoor BBQ Chef Gifts Idea Men Black","1","siprod.stores.amazon.ca","Amazon","LONDON","ON","N6G 0L","","0","0","0","0","0","0","0","0","0","0","0","0","-3.82","0","0","-3.82"
"Dec 17, 2025 6:33:32 a.m. PST","25176693041","Order","S01-2943914-4769257","","FBA transportation fee","","siprod.stores.amazon.ca","Amazon","LONDON","ON","N6G 0L","","0","0","0","0","0","0","0","0","0","0","0","0","0","0","-8.27","-8.27"
"Dec 17, 2025 6:36:18 a.m. PST","25176693041","Order","702-6841526-3623401","KS-POS-GKS-3.54in-YYI","Dream Reach Kitchen Scissors All Purpose - Stainless Steel Kitchen Shear, Sharp Silver Meat Scissors Dishwasher Safe, Heavy Duty Poultry Shears, Japan","1","amazon.ca","Amazon","St. John's","Newfoundland","A1A 4H","Combined TCS+MTC","16.99","2.55","0","0","0","0","0","0","0","0","-2.55","-2.55","-6.74","0","0","7.70"
"Dec 17, 2025 7:03:25 a.m. PST","25176693041","Order","701-5033174-5568235","9B-5VGN-40SH","Dream Reach 2 Pack Kitchen Scissors, Premium All-Metal Kitchen Shears, Heavy Duty Poultry Shears for Food, Food-Grade Stainless Steel Scissors, Gift f","1","amazon.ca","Amazon","Barrys Bay","Ontario","K0J 1B","Combined TCS+MTC","29.99","3.90","0","0","0","0","0","0","0","0","-3.90","-4.50","-7.65","0","0","17.84"
"Dec 17, 2025 7:05:41 a.m. PST","25176693041","Order","702-3564365-0125031","KF04-BBJ","Dream Reach Meat Bone Cleaver Knife for Meat Cutting Handmade Heavy Duty Butcher Axes Hand Forged Full Tang Chopper for Kitchen Outdoor BBQ Chef Gifts","1","amazon.ca","Amazon","Sault Ste. Marie","Ontario","P6A 5J","Combined TCS+MTC","34.99","4.55","0","0","0","0","0","0","0","0","-4.55","-5.25","-8.74","0","0","21.00"
"Dec 17, 2025 7:12:23 a.m. PST","25176693041","Order","701-3382196-2951457","9B-5VGN-40SH","Dream Reach 2 Pack Kitchen Scissors, Premium All-Metal Kitchen Shears, Heavy Duty Poultry Shears for Food, Food-Grade Stainless Steel Scissors, Gift f","1","amazon.ca","Amazon","Toronto","Ontario","M4M 0A","Combined TCS+MTC","29.99","3.90","0","0","0","0","0","0","0","0","-3.90","-4.50","-7.65","0","0","17.84"
"Dec 17, 2025 7:36:10 a.m. PST","25176693041","Order","702-1708947-6128214","9B-5VGN-40SH","Dream Reach 2 Pack Kitchen Scissors, Premium All-Metal Kitchen Shears, Heavy Duty Poultry Shears for Food, Food-Grade Stainless Steel Scissors, Gift f","1","amazon.ca","Amazon","Maple Ridge","British Columbia","V4R 0H","Combined TCS+MTC","29.99","3.60","0","0","0","0","0","0","0","0","-3.60","-4.50","-8.19","0","0","17.30"
"Dec 17, 2025 8:07:17 a.m. PST","25176693041","Order","701-1531639-0170668","9B-5VGN-40SH","Dream Reach 2 Pack Kitchen Scissors, Premium All-Metal Kitchen Shears, Heavy Duty Poultry Shears for Food, Food-Grade Stainless Steel Scissors, Gift f","1","amazon.ca","Amazon","Montreal-Nord","Quebec","H1G 4W","Combined TCS+MTC","29.99","4.49","0","0","0","0","0","0","0","0","-4.49","-4.50","-7.65","0","0","17.84"
"Dec 17, 2025 12:32:22 p.m. PST","25176693041","Order","702-3437866-2676254","KF05-BBJ","Dream Reach Meat Cleaver Knife Heavy Duty Bone Chopper High Carbon Steel Butcher Axe Bone Cutting Knife Hand Forged Butcher Knife for Kitchen Outdoor","1","amazon.ca","Amazon","Guelph","Ontario","N1L 0N","Combined TCS+MTC","35.69","4.64","0","0","0","0","0","0","0","0","-4.64","-5.35","-9.58","0","0","20.76"
"Dec 17, 2025 1:00:18 p.m. PST","25176693041","Order","702-2647504-3237808","KS-POSSET2-GKS-ZW-YHE","Dream Reach Kitchen Scissors Set Black - Stainless Steel Kitchen Shears, Sharp Meat Scissors Dishwasher Safe, Heavy Duty Poultry Shears All Purpose, J","1","amazon.ca","Amazon","Belleville","Ontario","K8P 5K","Combined TCS+MTC","37.99","4.94","0","0","0","0","0","0","0","0","-4.94","-5.70","-7.65","0","0","24.64"
"Dec 17, 2025 2:35:40 p.m. PST","25176693041","FBA Inventory Fee","702-5758913-4453815","","Fulfilment by Amazon removal order: disposal fee","","Amazon.ca","","","","","","0","0","0","0","0","0","0","0","0","0","0","0","0","0","-0.82","-0.82"
"Dec 17, 2025 2:37:58 p.m. PST","25176693041","FBA Inventory Fee","701-2659624-1465802","","Fulfilment by Amazon removal order: disposal fee","","Amazon.ca","","","","","","0","0","0","0","0","0","0","0","0","0","0","0","0","0","-1.62","-1.62"
"Dec 17, 2025 3:35:51 p.m. PST","25176693041","Order","702-8706436-7984262","KF02-BBJ","Dream Reach Chef Knife, Japanese Kitchen Knife, Sharp Stainless Steel Viking Style Meat Knife with Wooden Handle, Feather Design Cooking Knife with Sh","1","amazon.ca","Amazon","Waterville-Sunbury","New Brunswick","E2V 3V","Combined TCS+MTC","37.40","5.61","0","0","0","0","0","0","0","0","-5.61","-5.61","-7.13","0","0","24.66"
"Dec 17, 2025 4:12:57 p.m. PST","25176693041","Order","701-4039000-0079414","9B-5VGN-40SH","Dream Reach 2 Pack Kitchen Scissors, Premium All-Metal Kitchen Shears, Heavy Duty Poultry Shears for Food, Food-Grade Stainless Steel Scissors, Gift f","1","amazon.ca","Amazon","Fort Saskatchewan","Alberta","T8L 0H","Combined TCS+MTC","25.73","1.29","0","0","0","0","0","0","0","0","-1.29","-3.86","-7.65","0","0","14.22"
"Dec 17, 2025 4:25:38 p.m. PST","25176693041","Order","701-1954418-9081015","9B-5VGN-40SH","Dream Reach 2 Pack Kitchen Scissors, Premium All-Metal Kitchen Shears, Heavy Duty Poultry Shears for Food, Food-Grade Stainless Steel Scissors, Gift f","1","amazon.ca","Amazon","Calgary","Alberta","T3Z 3T","Combined TCS+MTC","29.99","1.50","0","0","0","0","0","0","0","0","-1.50","-4.50","-7.65","0","0","17.84"
"Dec 17, 2025 10:10:45 p.m. PST","25176693041","Order","701-4260660-1287420","9B-5VGN-40SH","Dream Reach 2 Pack Kitchen Scissors, Premium All-Metal Kitchen Shears, Heavy Duty Poultry Shears for Food, Food-Grade Stainless Steel Scissors, Gift f","1","amazon.ca","Amazon","Mississauga","Ontario","L5J 3R","Combined TCS+MTC","29.99","3.90","0","0","0","0","0","0","0","0","-3.90","-4.50","-7.65","0","0","17.84"
"Dec 17, 2025 10:27:44 p.m. PST","25176693041","Order","701-1865120-7422647","CWJ02-Black7.5Set-BBJ","Dream Reach Dog Grooming Scissors - Professional 7.5 Inch Pet Scissors Sharp and Durable Shears Set Thinning, Chunker, Straight, Curved Shears and Com","1","amazon.ca","Amazon","Chilliwack","British Columbia","V2R 6G","Combined TCS+MTC","49.71","5.97","0","0","0","0","0","0","0","0","-5.97","-7.46","-7.65","0","0","34.60"
"Dec 17, 2025 10:38:06 p.m. PST","25176693041","Order","701-3546835-7789863","CWJ02-Black7Set-BBJ","Dream Reach Dog Grooming Scissors - Professional 6 in 1 Pet Grooming Kit Sharp and Durable Shears Set Thinning, Chunker, Straight, Curved Shears and C","1","amazon.ca","Amazon","Winnipeg","Manitoba","R3R 1E","Combined TCS+MTC","44.99","5.40","0","0","0","0","0","0","0","0","-5.40","-6.75","-7.65","0","0","30.59"
"Dec 17, 2025 11:15:28 p.m. PST","25176693041","Order","701-9028472-1699414","9B-5VGN-40SH","Dream Reach 2 Pack Kitchen Scissors, Premium All-Metal Kitchen Shears, Heavy Duty Poultry Shears for Food, Food-Grade Stainless Steel Scissors, Gift f","1","amazon.ca","Amazon","Gatineau","Québec","J9J 4C","Combined TCS+MTC","29.99","4.49","0","0","0","0","0","0","0","0","-4.49","-4.50","-7.65","0","0","17.84"
"Dec 17, 2025 11:48:11 p.m. PST","25176693041","Order","701-9262254-4165823","KS-POS-GKS-3.54in-YYI","Dream Reach Kitchen Scissors All Purpose - Stainless Steel Kitchen Shear, Sharp Silver Meat Scissors Dishwasher Safe, Heavy Duty Poultry Shears, Japan","1","amazon.ca","Amazon","Toronto","Ontario","M4B 2K","Combined TCS+MTC","16.99","2.21","0","0","0","0","0","0","0","0","-2.21","-2.55","-6.74","0","0","7.70"
"Dec 18, 2025 12:03:24 a.m. PST","25176693041","Order","702-7037605-6561838","KF05-BBJ","Dream Reach Meat Cleaver Knife Heavy Duty Bone Chopper High Carbon Steel Butcher Axe Bone Cutting Knife Hand Forged Butcher Knife for Kitchen Outdoor","1","amazon.ca","Amazon","Melbourne","Québec","J0B 2B","Combined TCS+MTC","35.69","5.34","0","0","0","0","0","0","0","0","-5.34","-5.35","-9.58","0","0","20.76"
"Dec 18, 2025 12:28:16 a.m. PST","25176693041","Order","701-1792411-3021834","9B-5VGN-40SH","Dream Reach 2 Pack Kitchen Scissors, Premium All-Metal Kitchen Shears, Heavy Duty Poultry Shears for Food, Food-Grade Stainless Steel Scissors, Gift f","1","amazon.ca","Amazon","Shoe cove","Newfoundland","A0K 5G","Combined TCS+MTC","25.73","3.86","0","0","0","0","0","0","0","0","-3.86","-3.86","-7.65","0","0","14.22"
"Dec 18, 2025 1:05:34 a.m. PST","25176693041","Order","702-0405338-9607410","KF02-BBJ","Dream Reach Chef Knife, Japanese Kitchen Knife, Sharp Stainless Steel Viking Style Meat Knife with Wooden Handle, Feather Design Cooking Knife with Sh","1","amazon.ca","Amazon","Laval","Quebec","H7G 4S","Combined TCS+MTC","37.40","5.60","5.90","0","0","0","0","0","-5.90","0","-5.60","-5.61","-7.13","0","0","24.66"
"Dec 18, 2025 1:06:04 a.m. PST","25176693041","Order","702-1891292-3165025","9B-5VGN-40SH","Dream Reach 2 Pack Kitchen Scissors, Premium All-Metal Kitchen Shears, Heavy Duty Poultry Shears for Food, Food-Grade Stainless Steel Scissors, Gift f","1","amazon.ca","Amazon","Abbotsford","British Columbia","V4X 2B","Combined TCS+MTC","29.99","3.60","0","0","0","0","0","0","0","0","-3.60","-4.50","-7.65","0","0","17.84"
"Dec 18, 2025 1:27:38 a.m. PST","25176693041","Order","702-8905798-9381854","KF05-BBJ","Dream Reach Meat Cleaver Knife Heavy Duty Bone Chopper High Carbon Steel Butcher Axe Bone Cutting Knife Hand Forged Butcher Knife for Kitchen Outdoor","1","amazon.ca","Amazon","Bolton","Ontario","L7E 2E","Combined TCS+MTC","35.69","4.64","0","0","0","0","0","0","0","0","-4.64","-5.35","-9.58","0","0","20.76"
"Dec 18, 2025 1:49:02 a.m. PST","25176693041","Order","702-6213779-9370630","KS-POSSET2-GKS-ZW-YYI","Dream Reach Kitchen Scissors Set Silver - Stainless Steel Kitchen Shear, Sharp Meat Scissors Dishwasher Safe, Heavy Duty Poultry Shears, Japanese Cook","1","amazon.ca","Amazon","Edmonton","Alberta","T5L 4L","Combined TCS+MTC","42.99","2.15","0","0","0","0","0","0","0","0","-2.15","-6.45","-7.13","0","0","29.41"
"Dec 18, 2025 1:52:57 a.m. PST","25176693041","Order","701-2444480-8941026","9B-5VGN-40SH","Dream Reach 2 Pack Kitchen Scissors, Premium All-Metal Kitchen Shears, Heavy Duty Poultry Shears for Food, Food-Grade Stainless Steel Scissors, Gift f","1","amazon.ca","Amazon","Lower Sackville","Nova Scotia","B4C 3S","Combined TCS+MTC","29.99","4.20","0","0","0","0","0","0","0","0","-4.20","-4.50","-7.65","0","0","17.84"
"Dec 18, 2025 2:22:31 a.m. PST","25176693041","Order","701-2590703-2652201","9B-5VGN-40SH","Dream Reach 2 Pack Kitchen Scissors, Premium All-Metal Kitchen Shears, Heavy Duty Poultry Shears for Food, Food-Grade Stainless Steel Scissors, Gift f","1","amazon.ca","Amazon","Lethbridge","Alberta","T1K 4S","Combined TCS+MTC","29.99","1.50","0","0","0","0","0","0","0","0","-1.50","-4.50","-7.65","0","0","17.84"
"Dec 18, 2025 3:14:48 a.m. PST","25176693041","Order","S01-9480117-4036402","KF02-BBJ","Dream Reach Chef Knife, Japanese Kitchen Knife, Sharp Stainless Steel Viking Style Meat Knife with Wooden Handle, Feather Design Cooking Knife with Sheath & Gift Box, Gift for Men and Chefs","1","siprod.stores.amazon.ca","Amazon","ESPANOLA","ON","P5E 1P","","0","0","0","0","0","0","0","0","0","0","0","0","-4.09","0","0","-4.09"
"Dec 18, 2025 3:14:48 a.m. PST","25176693041","Order","S01-9480117-4036402","","FBA transportation fee","","siprod.stores.amazon.ca","Amazon","ESPANOLA","ON","P5E 1P","","0","0","0","0","0","0","0","0","0","0","0","0","0","0","-7.50","-7.50"
"Dec 18, 2025 3:51:15 a.m. PST","25176693041","Order","702-9918447-1148206","KS-POSSET2-GKS-ZW-YYI","Dream Reach Kitchen Scissors Set Silver - Stainless Steel Kitchen Shear, Sharp Meat Scissors Dishwasher Safe, Heavy Duty Poultry Shears, Japanese Cook","1","amazon.ca","Amazon","Toronto","Ontario","M3C 1A","Combined TCS+MTC","37.99","4.94","0","0","0","0","0","0","0","0","-4.94","-5.70","-7.13","0","0","25.16"
"Dec 18, 2025 3:53:22 a.m. PST","25176693041","Order","701-7815891-2352208","9B-5VGN-40SH","Dream Reach 2 Pack Kitchen Scissors, Premium All-Metal Kitchen Shears, Heavy Duty Poultry Shears for Food, Food-Grade Stainless Steel Scissors, Gift f","1","amazon.ca","Amazon","Saint-Laurent","Quebec","H4K 1R","Combined TCS+MTC","29.99","4.49","0","0","0","0","0","0","0","0","-4.49","-4.50","-7.65","0","0","17.84"
"Dec 18, 2025 4:11:46 a.m. PST","25176693041","Order","702-1607514-3731447","HS1901","Dream Reach 6"" Professional Hair Cutting Scissors Japan 440C Steel Thinning Scissor for Men/Women Cutting for Salon/Barber/Home (Straight Scissors)","1","amazon.ca","Amazon","Port alberni","British Columbia","V9Y 0E","Combined TCS+MTC","43.99","4.49","3.27","0","0","0","0","0","-9.87","0","-4.49","-5.61","-6.49","0","0","25.29"
"Dec 18, 2025 4:15:34 a.m. PST","25176693041","Order","701-8729797-7759403","KF02-BBJ","Dream Reach Chef Knife, Japanese Kitchen Knife, Sharp Stainless Steel Viking Style Meat Knife with Wooden Handle, Feather Design Cooking Knife with Sh","1","amazon.ca","Amazon","London","Ontario","N6E 2K","Combined TCS+MTC","37.40","4.86","0","0","0","0","0","0","0","0","-4.86","-5.61","-7.13","0","0","24.66"
"Dec 18, 2025 5:12:31 a.m. PST","25176693041","Order","702-3361840-4536268","9B-5VGN-40SH","Dream Reach 2 Pack Kitchen Scissors, Premium All-Metal Kitchen Shears, Heavy Duty Poultry Shears for Food, Food-Grade Stainless Steel Scissors, Gift f","1","amazon.ca","Amazon","Plantagenet","Ontario","K0B1L","Combined TCS+MTC","29.99","3.90","0","0","0","0","0","0","0","0","-3.90","-4.50","-7.65","0","0","17.84"
"Dec 18, 2025 5:17:32 a.m. PST","25176693041","Order","702-4389385-2205852","9B-5VGN-40SH","Dream Reach 2 Pack Kitchen Scissors, Premium All-Metal Kitchen Shears, Heavy Duty Poultry Shears for Food, Food-Grade Stainless Steel Scissors, Gift f","1","amazon.ca","Amazon","London","ON","N6C 2L","Combined TCS+MTC","29.99","3.90","0","0","0","0","0","0","0","0","-3.90","-4.50","-7.65","0","0","17.84"
"Dec 18, 2025 5:19:00 a.m. PST","25176693041","Order","702-8627361-9141844","KS-POS-GKS-3.54in-YYI","Dream Reach Kitchen Scissors All Purpose - Stainless Steel Kitchen Shear, Sharp Silver Meat Scissors Dishwasher Safe, Heavy Duty Poultry Shears, Japan","1","amazon.ca","Amazon","Vancouver","BC","V6J 2E","Combined TCS+MTC","16.99","2.04","0","0","0","0","0","0","0","0","-2.04","-2.55","-6.74","0","0","7.70"
"Dec 18, 2025 5:23:13 a.m. PST","25176693041","Order","702-2797097-9439410","9B-5VGN-40SH","Dream Reach 2 Pack Kitchen Scissors, Premium All-Metal Kitchen Shears, Heavy Duty Poultry Shears for Food, Food-Grade Stainless Steel Scissors, Gift f","1","amazon.ca","Amazon","Hamilton","Ontario","L8R 0A","Combined TCS+MTC","29.99","3.90","0","0","0","0","0","0","0","0","-3.90","-4.50","-7.65","0","0","17.84"
"Dec 18, 2025 5:50:01 a.m. PST","25176693041","Order","S01-7244180-9287664","KF04-BBJ","Dream Reach Meat Bone Cleaver Knife for Meat Cutting Handmade Heavy Duty Butcher Axes Hand Forged Full Tang Chopper for Kitchen Outdoor BBQ Chef Gifts Idea Men Black","1","siprod.stores.amazon.ca","Amazon","GRANISLE","BC","V0J 1W","","0","0","0","0","0","0","0","0","0","0","0","0","-3.82","0","0","-3.82"
"Dec 18, 2025 5:50:01 a.m. PST","25176693041","Order","S01-7244180-9287664","","FBA transportation fee","","siprod.stores.amazon.ca","Amazon","GRANISLE","BC","V0J 1W","","0","0","0","0","0","0","0","0","0","0","0","0","0","0","-8.27","-8.27"
"Dec 18, 2025 5:50:38 a.m. PST","25176693041","Order","S01-2237141-4213214","KF04-BBJ","Dream Reach Meat Bone Cleaver Knife for Meat Cutting Handmade Heavy Duty Butcher Axes Hand Forged Full Tang Chopper for Kitchen Outdoor BBQ Chef Gifts Idea Men Black","1","siprod.stores.amazon.ca","Amazon","INVERMERE","BC","V0A 1K","","0","0","0","0","0","0","0","0","0","0","0","0","-3.82","0","0","-3.82"
"Dec 18, 2025 5:50:38 a.m. PST","25176693041","Order","S01-2237141-4213214","","FBA transportation fee","","siprod.stores.amazon.ca","Amazon","INVERMERE","BC","V0A 1K","","0","0","0","0","0","0","0","0","0","0","0","0","0","0","-8.27","-8.27"
"Dec 18, 2025 6:18:43 a.m. PST","25176693041","Order","702-2004950-0390623","HS1901","Dream Reach 6"" Professional Hair Cutting Scissors Japan 440C Steel Thinning Scissor for Men/Women Cutting for Salon/Barber/Home (Straight Scissors)","1","amazon.ca","Amazon","Stittsville","Ontario","K2S 1R","Combined TCS+MTC","43.99","5.72","6.42","0.83","0","0","0","0","0","0","-6.55","-6.60","-12.91","0","0","30.90"
"Dec 18, 2025 6:26:00 a.m. PST","25176693041","Order","702-1863693-5341005","KF04-BBJ","Dream Reach Meat Bone Cleaver Knife for Meat Cutting Handmade Heavy Duty Butcher Axes Hand Forged Full Tang Chopper for Kitchen Outdoor BBQ Chef Gifts","1","amazon.ca","Amazon","Souris","Manitoba","R0K 2C","Combined TCS+MTC","42.99","5.16","0","0","0","0","0","0","0","0","-5.16","-6.45","-8.74","0","0","27.80"
"Dec 18, 2025 6:31:04 a.m. PST","25176693041","Order","702-4745272-9514666","9B-5VGN-40SH","Dream Reach 2 Pack Kitchen Scissors, Premium All-Metal Kitchen Shears, Heavy Duty Poultry Shears for Food, Food-Grade Stainless Steel Scissors, Gift f","2","amazon.ca","Amazon","Winnipeg","Manitoba","R2M 1G","Combined TCS+MTC","59.98","7.20","4.43","0","0","0","0","0","-4.43","0","-7.20","-9.00","-15.30","0","0","35.68"
"Dec 18, 2025 6:41:54 a.m. PST","25176693041","Order","701-5997272-7249839","9B-5VGN-40SH","Dream Reach 2 Pack Kitchen Scissors, Premium All-Metal Kitchen Shears, Heavy Duty Poultry Shears for Food, Food-Grade Stainless Steel Scissors, Gift f","2","amazon.ca","Amazon","St. Thomas","Ontario","N5R 1L","Combined TCS+MTC","59.98","7.40","0","0","0","0","0","0","-3.00","0","-7.40","-8.54","-15.30","0","0","33.14"
"Dec 18, 2025 7:08:54 a.m. PST","25176693041","Order","702-5671317-0041804","CWJ02-Black7Set-BBJ","Dream Reach Dog Grooming Scissors - Professional 6 in 1 Pet Grooming Kit Sharp and Durable Shears Set Thinning, Chunker, Straight, Curved Shears and C","1","amazon.ca","Amazon","Edmonton","Alberta","T5X 4R","Combined TCS+MTC","44.99","2.25","0","0","0","0","0","0","0","0","-2.25","-6.75","-7.65","0","0","30.59"
"Dec 18, 2025 7:41:48 a.m. PST","25176693041","Order","702-0509569-1728257","9B-5VGN-40SH","Dream Reach 2 Pack Kitchen Scissors, Premium All-Metal Kitchen Shears, Heavy Duty Poultry Shears for Food, Food-Grade Stainless Steel Scissors, Gift f","1","amazon.ca","Amazon","Orillia","Ontario","L3V 6H","Combined TCS+MTC","25.73","3.34","0","0","0","0","0","0","0","0","-3.34","-3.86","-7.65","0","0","14.22"
"Dec 18, 2025 7:46:43 a.m. PST","25176693041","Order","701-4994569-0819418","9B-5VGN-40SH","Dream Reach 2 Pack Kitchen Scissors, Premium All-Metal Kitchen Shears, Heavy Duty Poultry Shears for Food, Food-Grade Stainless Steel Scissors, Gift f","1","amazon.ca","Amazon","Labrador City","Newfoundland","A2V 1P","Combined TCS+MTC","25.73","3.86","0","0","0","0","0","0","0","0","-3.86","-3.86","-7.65","0","0","14.22"
"Dec 18, 2025 8:00:58 a.m. PST","25176693041","Order","701-2193411-9957000","BBJK06-Set6","Dream Reach Knife Set with Roll Bag, 6-Piece Professional Chef Knife Set, High Carbon Steel Black Kitchen Knives for Cooking, BBQ & Outdoor Use","1","amazon.ca","Amazon","St. John's","Newfoundland","A1C 1N","Combined TCS+MTC","53.99","8.10","0","0","0","0","0","0","0","0","-8.10","-8.10","-11.45","0","0","34.44"
"Dec 18, 2025 3:30:57 p.m. PST","25176693041","Order","702-5276650-4666668","9B-5VGN-40SH","Dream Reach 2 Pack Kitchen Scissors, Premium All-Metal Kitchen Shears, Heavy Duty Poultry Shears for Food, Food-Grade Stainless Steel Scissors, Gift f","1","amazon.ca","Amazon","Stony Plain","Alberta","T7Z 2Z","Combined TCS+MTC","29.99","1.50","0","0","0","0","0","0","0","0","-1.50","-4.50","-7.65","0","0","17.84"
"Dec 18, 2025 3:38:05 p.m. PST","25176693041","Order","701-9312255-4880247","KF02-BBJ","Dream Reach Chef Knife, Japanese Kitchen Knife, Sharp Stainless Steel Viking Style Meat Knife with Wooden Handle, Feather Design Cooking Knife with Sh","1","amazon.ca","Amazon","Toronto","Ontario","M6C 3L","Combined TCS+MTC","37.40","4.86","0","0","0","0","0","0","0","0","-4.86","-5.61","-7.13","0","0","24.66"
"Dec 18, 2025 5:39:07 p.m. PST","25176693041","Order","701-5669935-5018649","KS-POSSET2-GKS-ZW-YYI","Dream Reach Kitchen Scissors Set Silver - Stainless Steel Kitchen Shear, Sharp Meat Scissors Dishwasher Safe, Heavy Duty Poultry Shears, Japanese Cook","1","amazon.ca","Amazon","North York","Ontario","M2J 1K","Combined TCS+MTC","37.99","4.94","0","0","0","0","0","0","0","0","-4.94","-5.70","-7.13","0","0","25.16"
"Dec 18, 2025 6:52:56 p.m. PST","25176693041","Order","701-1970281-4609843","KS-POSSET2-GKS-ZW-YYI","Dream Reach Kitchen Scissors Set Silver - Stainless Steel Kitchen Shear, Sharp Meat Scissors Dishwasher Safe, Heavy Duty Poultry Shears, Japanese Cook","1","amazon.ca","Amazon","Chilliwack","British Columbia","V2R 3H","Combined TCS+MTC","42.99","5.16","0","0","0","0","0","0","0","0","-5.16","-6.45","-7.13","0","0","29.41"
"Dec 18, 2025 9:13:24 p.m. PST","25176693041","Order","701-3424742-1052214","KS-POSSET2-GKS-ZW-YYI","Dream Reach Kitchen Scissors Set Silver - Stainless Steel Kitchen Shear, Sharp Meat Scissors Dishwasher Safe, Heavy Duty Poultry Shears, Japanese Cook","1","amazon.ca","Amazon","Collingwood","Ontario","L9Y 0H","Combined TCS+MTC","37.99","4.94","0","0","0","0","0","0","0","0","-4.94","-5.70","-7.13","0","0","25.16"
"Dec 18, 2025 10:28:15 p.m. PST","25176693041","Refund","701-8941736-6753801","9B-5VGN-40SH","Dream Reach 2 Pack Kitchen Scissors, Premium All-Metal Kitchen Shears, Heavy Duty Poultry Shears for Food, Food-Grade Stainless Steel Scissors, Gift f","1","amazon.ca","Amazon","Montreal","Quebec","H4E 1H","Combined TCS+MTC","-29.99","-4.49","0","0","0","0","0","0","0","0","4.49","3.60","0","0","0","-26.39"
"Dec 18, 2025 10:45:59 p.m. PST","25176693041","Order","702-3144310-2644268","9B-5VGN-40SH","Dream Reach 2 Pack Kitchen Scissors, Premium All-Metal Kitchen Shears, Heavy Duty Poultry Shears for Food, Food-Grade Stainless Steel Scissors, Gift f","1","amazon.ca","Amazon","Beloeil","Quebec","J3G 6A","Combined TCS+MTC","29.99","4.49","2.50","0.37","0","0","0","0","0","0","-4.86","-4.50","-10.15","0","0","17.84"
"Dec 18, 2025 11:13:27 p.m. PST","25176693041","Order","701-6841795-8586646","9B-5VGN-40SH","Dream Reach 2 Pack Kitchen Scissors, Premium All-Metal Kitchen Shears, Heavy Duty Poultry Shears for Food, Food-Grade Stainless Steel Scissors, Gift f","1","amazon.ca","Amazon","Thornhill","Ontario","L4J 3W","Combined TCS+MTC","29.99","3.90","0","0","0","0","0","0","0","0","-3.90","-4.50","-7.65","0","0","17.84"
"Dec 19, 2025 12:04:02 a.m. PST","25176693041","Order","701-8941736-6753801","9B-5VGN-40SH","Dream Reach 2 Pack Kitchen Scissors, Premium All-Metal Kitchen Shears, Heavy Duty Poultry Shears for Food, Food-Grade Stainless Steel Scissors, Gift f","1","amazon.ca","Amazon","Montreal","Quebec","H4E 1H","Combined TCS+MTC","29.99","4.49","0","0","0","0","0","0","0","0","-4.49","-4.50","-7.65","0","0","17.84"
"Dec 19, 2025 12:25:34 a.m. PST","25176693041","Order","701-1716223-0184224","9B-5VGN-40SH","Dream Reach 2 Pack Kitchen Scissors, Premium All-Metal Kitchen Shears, Heavy Duty Poultry Shears for Food, Food-Grade Stainless Steel Scissors, Gift f","1","amazon.ca","Amazon","Radium Hot Springs","British Columbia","V0A 1M","Combined TCS+MTC","29.99","3.60","0","0","0","0","0","0","0","0","-3.60","-4.50","-8.19","0","0","17.30"
"Dec 19, 2025 12:55:02 a.m. PST","25176693041","Order","701-9823411-2205066","HS1901","Dream Reach 6"" Professional Hair Cutting Scissors Japan 440C Steel Thinning Scissor for Men/Women Cutting for Salon/Barber/Home (Straight Scissors)","1","amazon.ca","Amazon","Halifax","Nova Scotia","B3J 0C","Combined TCS+MTC","43.99","5.23","0","0","0","0","0","0","-6.60","0","-5.23","-5.61","-6.49","0","0","25.29"
"Dec 19, 2025 1:21:04 a.m. PST","25176693041","Order","701-5699025-3136213","9B-5VGN-40SH","Dream Reach 2 Pack Kitchen Scissors, Premium All-Metal Kitchen Shears, Heavy Duty Poultry Shears for Food, Food-Grade Stainless Steel Scissors, Gift f","1","amazon.ca","Amazon","Chicoutimi","Quebec","G7G 2X","Combined TCS+MTC","29.99","4.49","0","0","0","0","0","0","0","0","-4.49","-4.50","-7.65","0","0","17.84"
"Dec 19, 2025 1:59:15 a.m. PST","25176693041","Order","702-8390897-2004237","9B-5VGN-40SH","Dream Reach 2 Pack Kitchen Scissors, Premium All-Metal Kitchen Shears, Heavy Duty Poultry Shears for Food, Food-Grade Stainless Steel Scissors, Gift f","1","amazon.ca","Amazon","South Hazelton","British Columbia","V0J 2J","Combined TCS+MTC","25.73","3.09","0","0","0","0","0","0","0","0","-3.09","-3.86","-7.65","0","0","14.22"
"Dec 19, 2025 2:25:31 a.m. PST","25176693041","Order","701-7913605-2255412","9B-5VGN-40SH","Dream Reach 2 Pack Kitchen Scissors, Premium All-Metal Kitchen Shears, Heavy Duty Poultry Shears for Food, Food-Grade Stainless Steel Scissors, Gift f","1","amazon.ca","Amazon","Waterloo","Ontario","N2K2S","Combined TCS+MTC","29.99","3.90","6.99","0","0","0","0","0","-6.99","0","-3.90","-4.50","-7.65","0","0","17.84"
"Dec 19, 2025 3:14:44 a.m. PST","25176693041","Service Fee","","","Cost of advertising","","","","","","","","0","0","0","0","0","0","0","0","0","0","0","0","0","-500.51","0","-500.51"
"Dec 19, 2025 3:58:57 a.m. PST","25176693041","Order","702-9532731-9282613","BBJK06-Set6","Dream Reach Knife Set with Roll Bag, 6-Piece Professional Chef Knife Set, High Carbon Steel Black Kitchen Knives for Cooking, BBQ & Outdoor Use","1","amazon.ca","Amazon","St. Albert","Alberta","T8N 2G","Combined TCS+MTC","53.99","2.70","0","0","0","0","0","0","0","0","-2.70","-8.10","-11.45","0","0","34.44"
"Dec 19, 2025 4:09:54 a.m. PST","25176693041","FBA Inventory Fee","","","FBA Long-Term Storage Fee","","Amazon.ca","","","","","","0","0","0","0","0","0","0","0","0","0","0","0","0","0","-110.31","-110.31"
"Dec 19, 2025 4:16:13 a.m. PST","25176693041","Order","702-9661877-1125810","KF02-BBJ","Dream Reach Chef Knife, Japanese Kitchen Knife, Sharp Stainless Steel Viking Style Meat Knife with Wooden Handle, Feather Design Cooking Knife with Sh","1","amazon.ca","Amazon","Hamilton","Ontario","L8V 4J","Combined TCS+MTC","37.40","4.86","0","0","0","0","0","0","0","0","-4.86","-5.61","-7.13","0","0","24.66"
"Dec 19, 2025 4:53:41 a.m. PST","25176693041","Order","702-5933565-2979415","9B-5VGN-40SH","Dream Reach 2 Pack Kitchen Scissors, Premium All-Metal Kitchen Shears, Heavy Duty Poultry Shears for Food, Food-Grade Stainless Steel Scissors, Gift f","1","amazon.ca","Amazon","Barry's Bay","Ontario","K0J1B","Combined TCS+MTC","29.99","3.90","3.93","0","0","0","0","0","-3.93","0","-3.90","-4.50","-7.65","0","0","17.84"
"Dec 19, 2025 4:54:47 a.m. PST","25176693041","Order","702-2601170-4524254","KS-POS-GKS-3.54in-YYI","Dream Reach Kitchen Scissors All Purpose - Stainless Steel Kitchen Shear, Sharp Silver Meat Scissors Dishwasher Safe, Heavy Duty Poultry Shears, Japan","1","amazon.ca","Amazon","Sutton","Quebec","J0E 2K","Combined TCS+MTC","16.99","2.54","0","0","0","0","0","0","0","0","-2.54","-2.55","-6.74","0","0","7.70"
"Dec 19, 2025 5:20:25 a.m. PST","25176693041","Order","702-3874378-4517051","37-EQUL-C5MA","Dream Reach HIGH-END Series Japanese 440C Stainless 6.0"" 360° Swivel Thumb Ring Professional Barber Razor Edge Hairdressing Straight Cutting Scissors","1","amazon.ca","Amazon","Courtice","Ontario","L1E 2E","Combined TCS+MTC","43.99","4.86","3.49","0","0","0","0","0","-10.09","0","-4.86","-5.61","-4.99","0","0","26.79"
"Dec 19, 2025 5:32:24 a.m. PST","25176693041","Order","701-0990851-4626611","8FS01-BJ","Dream Reach Dog Thinning Scissors - 8 Inch Professional Pet Grooming Shears with Adjustable Screw, Sharp Trimming Scissors for Dogs and Cats","1","amazon.ca","Amazon","Brampton","Ontario","L7A 5B","Combined TCS+MTC","39.99","4.42","0","0","0","0","0","0","-6.00","0","-4.42","-5.10","-6.74","0","0","22.15"
"Dec 19, 2025 5:51:06 a.m. PST","25176693041","Order","702-9297677-1477042","9B-5VGN-40SH","Dream Reach 2 Pack Kitchen Scissors, Premium All-Metal Kitchen Shears, Heavy Duty Poultry Shears for Food, Food-Grade Stainless Steel Scissors, Gift f","1","amazon.ca","Amazon","Oakville","Ontario","L6H 6H","Combined TCS+MTC","29.99","3.90","0","0","0","0","0","0","0","0","-3.90","-4.50","-7.65","0","0","17.84"
"Dec 19, 2025 7:41:00 a.m. PST","25176693041","Order","701-8090950-7155468","9B-5VGN-40SH","Dream Reach 2 Pack Kitchen Scissors, Premium All-Metal Kitchen Shears, Heavy Duty Poultry Shears for Food, Food-Grade Stainless Steel Scissors, Gift f","1","amazon.ca","Amazon","Ennismore","ON","K0L1T","Combined TCS+MTC","29.99","3.90","3.19","0.41","0","0","0","0","0","0","-4.31","-4.50","-10.84","0","0","17.84"
"Dec 19, 2025 7:41:25 a.m. PST","25176693041","Order","702-3091312-1479438","BBJK06-Set3","Dream Reach 3PCS Kitchen Knife Set, Kitchen Knives, Butcher Knife Set, Chef Knife Set, Meat Cleaver Knife, High-Hardness Steel Knives with Ergonomic W","1","amazon.ca","Amazon","Rosenort","Manitoba","R0G 1W","Combined TCS+MTC","39.99","4.80","0","0","0","0","0","0","0","0","-4.80","-6.00","-9.58","0","0","24.41"
"Dec 19, 2025 7:50:03 a.m. PST","25176693041","Order","701-4949904-3298641","9B-5VGN-40SH","Dream Reach 2 Pack Kitchen Scissors, Premium All-Metal Kitchen Shears, Heavy Duty Poultry Shears for Food, Food-Grade Stainless Steel Scissors, Gift f","1","amazon.ca","Amazon","Bedford","Nova Scotia","B4A 4G","Combined TCS+MTC","25.73","3.60","3.92","0","0","0","0","0","-3.92","0","-3.60","-3.86","-7.65","0","0","14.22"
"Dec 19, 2025 7:53:42 a.m. PST","25176693041","Order","702-6461882-6042666","9B-5VGN-40SH","Dream Reach 2 Pack Kitchen Scissors, Premium All-Metal Kitchen Shears, Heavy Duty Poultry Shears for Food, Food-Grade Stainless Steel Scissors, Gift f","1","amazon.ca","Amazon","Calgary","Alberta","T2K 5K","Combined TCS+MTC","29.99","1.50","0","0","0","0","0","0","0","0","-1.50","-4.50","-7.65","0","0","17.84"
"Dec 19, 2025 7:59:35 a.m. PST","25176693041","Order","702-1654982-3105015","9B-5VGN-40SH","Dream Reach 2 Pack Kitchen Scissors, Premium All-Metal Kitchen Shears, Heavy Duty Poultry Shears for Food, Food-Grade Stainless Steel Scissors, Gift f","1","amazon.ca","Amazon","odessa","Ontario","K0H 2H","Combined TCS+MTC","29.99","3.90","0","0","0","0","0","0","0","0","-3.90","-4.50","-7.65","0","0","17.84"
"Dec 19, 2025 8:05:06 a.m. PST","25176693041","Order","701-2940493-0313001","KS-POS-GKS-3.54in-YYI","Dream Reach Kitchen Scissors All Purpose - Stainless Steel Kitchen Shear, Sharp Silver Meat Scissors Dishwasher Safe, Heavy Duty Poultry Shears, Japan","1","amazon.ca","Amazon","Laval","Quebec","H7K 1E","Combined TCS+MTC","16.99","2.54","3.27","0","0","0","0","0","-3.27","0","-2.54","-2.55","-6.74","0","0","7.70"
"Dec 19, 2025 12:50:16 p.m. PST","25176693041","Order","702-6850046-7262665","9B-5VGN-40SH","Dream Reach 2 Pack Kitchen Scissors, Premium All-Metal Kitchen Shears, Heavy Duty Poultry Shears for Food, Food-Grade Stainless Steel Scissors, Gift f","1","amazon.ca","Amazon","Thunder Bay","ON","P7B 2H","Combined TCS+MTC","25.73","3.34","0","0","0","0","0","0","0","0","-3.34","-3.86","-7.65","0","0","14.22"
"Dec 19, 2025 1:54:04 p.m. PST","25176693041","Order","701-2341677-1205803","KS-POSSET2-GKS-ZW-YHE","Dream Reach Kitchen Scissors Set Black - Stainless Steel Kitchen Shears, Sharp Meat Scissors Dishwasher Safe, Heavy Duty Poultry Shears All Purpose, J","1","amazon.ca","Amazon","Cavan","Ontario","L0A 1C","Combined TCS+MTC","37.99","4.94","0","0","0","0","0","0","0","0","-4.94","-5.70","-7.65","0","0","24.64"
"Dec 19, 2025 2:21:25 p.m. PST","25176693041","Order","701-5410066-2895458","9B-5VGN-40SH","Dream Reach 2 Pack Kitchen Scissors, Premium All-Metal Kitchen Shears, Heavy Duty Poultry Shears for Food, Food-Grade Stainless Steel Scissors, Gift f","1","amazon.ca","Amazon","Carp","Ontario","K0A 1L","Combined TCS+MTC","29.99","3.90","0","0","0","0","0","0","0","0","-3.90","-4.50","-7.65","0","0","17.84"
"Dec 19, 2025 4:12:49 p.m. PST","25176693041","Order","701-9658968-1080224","HS1901","Dream Reach 6"" Professional Hair Cutting Scissors Japan 440C Steel Thinning Scissor for Men/Women Cutting for Salon/Barber/Home (Straight Scissors)","1","amazon.ca","Amazon","Val-D'Or","Quebec","J9P 4N","Combined TCS+MTC","43.99","5.60","2.51","0","0","0","0","0","-9.11","0","-5.60","-5.61","-6.49","0","0","25.29"
"Dec 19, 2025 5:28:02 p.m. PST","25176693041","Order","702-3066563-9225036","KF02-BBJ","Dream Reach Chef Knife, Japanese Kitchen Knife, Sharp Stainless Steel Viking Style Meat Knife with Wooden Handle, Feather Design Cooking Knife with Sh","1","amazon.ca","Amazon","Chestermere","Alberta","T1X 2W","Combined TCS+MTC","37.40","1.87","0","0","0","0","0","0","0","0","-1.87","-5.61","-7.63","0","0","24.16"
"Dec 19, 2025 6:36:17 p.m. PST","25176693041","FBA Inventory Fee","TM/fXbBABq","","Fulfilment by Amazon removal order: disposal fee","","Amazon.ca","","","","","","0","0","0","0","0","0","0","0","0","0","0","0","0","0","-0.82","-0.82"
"Dec 19, 2025 7:33:37 p.m. PST","25176693041","Order","701-9783630-4118618","KS-POS-GKS-3.54in-YYI","Dream Reach Kitchen Scissors All Purpose - Stainless Steel Kitchen Shear, Sharp Silver Meat Scissors Dishwasher Safe, Heavy Duty Poultry Shears, Japan","1","amazon.ca","Amazon","Richmond hill","Ontario","L4C 9H","Combined TCS+MTC","16.99","2.21","3.49","0","0","0","0","0","-3.49","0","-2.21","-2.55","-6.74","0","0","7.70"
"Dec 19, 2025 8:00:57 p.m. PST","25176693041","Order","702-1916560-4109046","KS-POSSET2-GKS-ZW-YHE","Dream Reach Kitchen Scissors Set Black - Stainless Steel Kitchen Shears, Sharp Meat Scissors Dishwasher Safe, Heavy Duty Poultry Shears All Purpose, J","1","amazon.ca","Amazon","Mount Albert","Ontario","L0G 1M","Combined TCS+MTC","37.99","4.94","0","0","0","0","0","0","0","0","-4.94","-5.70","-7.65","0","0","24.64"
"Dec 19, 2025 8:47:25 p.m. PST","25176693041","Refund","701-1551871-2796239","9B-5VGN-40SH","Dream Reach 2 Pack Kitchen Scissors, Premium All-Metal Kitchen Shears, Heavy Duty Poultry Shears for Food, Food-Grade Stainless Steel Scissors, Gift f","1","amazon.ca","Amazon","Victoria","British Columbia","V8S 3C","Combined TCS+MTC","-29.99","-3.60","0","0","0","0","0","0","0","0","3.60","3.60","0","0","0","-26.39"
"Dec 19, 2025 10:23:45 p.m. PST","25176693041","Order","701-1916692-0874632","BBJK06-Set6","Dream Reach Knife Set with Roll Bag, 6-Piece Professional Chef Knife Set, High Carbon Steel Black Kitchen Knives for Cooking, BBQ & Outdoor Use","1","amazon.ca","Amazon","Regina","Saskatchewan","S4P 4H","Combined TCS+MTC","53.99","5.94","0","0","0","0","0","0","0","0","-5.94","-8.10","-11.45","0","0","34.44"
"Dec 19, 2025 10:47:49 p.m. PST","25176693041","Refund","702-1916560-4109046","KS-POSSET2-GKS-ZW-YHE","Dream Reach Kitchen Scissors Set Black - Stainless Steel Kitchen Shears, Sharp Meat Scissors Dishwasher Safe, Heavy Duty Poultry Shears All Purpose, J","1","amazon.ca","Amazon","Mount Albert","Ontario","L0G 1M","Combined TCS+MTC","-37.99","-4.94","0","0","0","0","0","0","0","0","4.94","4.56","0","0","0","-33.43"
"Dec 19, 2025 11:07:25 p.m. PST","25176693041","Order","701-1551871-2796239","9B-5VGN-40SH","Dream Reach 2 Pack Kitchen Scissors, Premium All-Metal Kitchen Shears, Heavy Duty Poultry Shears for Food, Food-Grade Stainless Steel Scissors, Gift f","1","amazon.ca","Amazon","Victoria","British Columbia","V8S 3C","Combined TCS+MTC","29.99","3.60","0","0","0","0","0","0","0","0","-3.60","-4.50","-7.65","0","0","17.84"
"Dec 19, 2025 11:58:46 p.m. PST","25176693041","Order","701-6664155-2409810","KS-POSSET2-GKS-ZW-YYI","Dream Reach Kitchen Scissors Set Silver - Stainless Steel Kitchen Shear, Sharp Meat Scissors Dishwasher Safe, Heavy Duty Poultry Shears, Japanese Cook","1","amazon.ca","Amazon","Canmore","Alberta","T1W 3K","Combined TCS+MTC","37.99","1.90","0","0","0","0","0","0","0","0","-1.90","-5.70","-7.13","0","0","25.16"
"Dec 20, 2025 12:27:39 a.m. PST","25176693041","Order","702-4494061-6816268","BBJK06-Set3","Dream Reach 3PCS Kitchen Knife Set, Kitchen Knives, Butcher Knife Set, Chef Knife Set, Meat Cleaver Knife, High-Hardness Steel Knives with Ergonomic W","1","amazon.ca","Amazon","Deux-Montagnes","Quebec","J7R 6M","Combined TCS+MTC","35.99","5.39","0","0","0","0","0","0","0","0","-5.39","-5.40","-9.58","0","0","21.01"
"Dec 20, 2025 1:04:44 a.m. PST","25176693041","Order","702-0795790-9105035","KF02-BBJ","Dream Reach Chef Knife, Japanese Kitchen Knife, Sharp Stainless Steel Viking Style Meat Knife with Wooden Handle, Feather Design Cooking Knife with Sh","1","amazon.ca","Amazon","Wheatley","ON","N0P 2P","Combined TCS+MTC","37.40","4.86","0","0","0","0","0","0","0","0","-4.86","-5.61","-7.13","0","0","24.66"
"Dec 20, 2025 1:19:19 a.m. PST","25176693041","Order","701-1605983-7585839","KS-POSSET2-GKS-ZW-YYI","Dream Reach Kitchen Scissors Set Silver - Stainless Steel Kitchen Shear, Sharp Meat Scissors Dishwasher Safe, Heavy Duty Poultry Shears, Japanese Cook","1","amazon.ca","Amazon","Toronto","Ontario","M6R 2V","Combined TCS+MTC","37.99","4.94","6.99","0","0","0","0","0","-6.99","0","-4.94","-5.70","-7.13","0","0","25.16"
"Dec 20, 2025 1:21:37 a.m. PST","25176693041","Order","702-5598661-1156245","CWJ02-Black7.5Set-BBJ","Dream Reach Dog Grooming Scissors - Professional 7.5 Inch Pet Scissors Sharp and Durable Shears Set Thinning, Chunker, Straight, Curved Shears and Com","1","amazon.ca","Amazon","Edmonton","Alberta","T5S 0K","Combined TCS+MTC","49.71","2.49","0","0","0","0","0","0","0","0","-2.49","-7.46","-7.65","0","0","34.60"
"Dec 20, 2025 1:43:16 a.m. PST","25176693041","Order","702-6336325-8880217","9B-5VGN-40SH","Dream Reach 2 Pack Kitchen Scissors, Premium All-Metal Kitchen Shears, Heavy Duty Poultry Shears for Food, Food-Grade Stainless Steel Scissors, Gift f","1","amazon.ca","Amazon","Stittsville","Ontario","K2S 0E","Combined TCS+MTC","29.99","3.90","3.50","0","0","0","0","0","-3.50","0","-3.90","-4.50","-7.65","0","0","17.84"
"Dec 20, 2025 1:46:53 a.m. PST","25176693041","Order","701-2412855-9946631","9B-5VGN-40SH","Dream Reach 2 Pack Kitchen Scissors, Premium All-Metal Kitchen Shears, Heavy Duty Poultry Shears for Food, Food-Grade Stainless Steel Scissors, Gift f","1","amazon.ca","Amazon","Lloydminster","Saskatchewan","S9V 0Z","Combined TCS+MTC","29.99","1.50","0","0","0","0","0","0","0","0","-1.50","-4.50","-7.65","0","0","17.84"
"Dec 20, 2025 2:10:20 a.m. PST","25176693041","Order","702-7334094-2443446","9B-5VGN-40SH","Dream Reach 2 Pack Kitchen Scissors, Premium All-Metal Kitchen Shears, Heavy Duty Poultry Shears for Food, Food-Grade Stainless Steel Scissors, Gift f","1","amazon.ca","Amazon","Scarborough","Ontario","M1N 2V","Combined TCS+MTC","29.99","3.90","0","0","0","0","0","0","0","0","-3.90","-4.50","-7.65","0","0","17.84"
"Dec 20, 2025 2:11:32 a.m. PST","25176693041","Order","702-1343612-4116252","KS-POSSET2-GKS-ZW-YYI","Dream Reach Kitchen Scissors Set Silver - Stainless Steel Kitchen Shear, Sharp Meat Scissors Dishwasher Safe, Heavy Duty Poultry Shears, Japanese Cook","1","amazon.ca","Amazon","Victoria","British Columbia","V8R 4P","Combined TCS+MTC","42.99","5.16","0","0","0","0","0","0","0","0","-5.16","-6.45","-7.13","0","0","29.41"
"Dec 20, 2025 2:34:35 a.m. PST","25176693041","Order","702-5427252-3924247","9B-5VGN-40SH","Dream Reach 2 Pack Kitchen Scissors, Premium All-Metal Kitchen Shears, Heavy Duty Poultry Shears for Food, Food-Grade Stainless Steel Scissors, Gift f","1","amazon.ca","Amazon","Scarborough","Ontario","M1H 3H","Combined TCS+MTC","29.99","3.90","0","0","0","0","0","0","0","0","-3.90","-4.50","-7.65","0","0","17.84"
"Dec 20, 2025 2:56:13 a.m. PST","25176693041","Refund","702-3066563-9225036","KF02-BBJ","Dream Reach Chef Knife, Japanese Kitchen Knife, Sharp Stainless Steel Viking Style Meat Knife with Wooden Handle, Feather Design Cooking Knife with Sh","1","amazon.ca","Amazon","Chestermere","Alberta","T1X 2W","Combined TCS+MTC","-37.40","-1.87","0","0","0","0","0","0","0","0","1.87","4.49","0","0","0","-32.91"
"Dec 20, 2025 3:29:44 a.m. PST","25176693041","Order","702-3321483-9451418","9B-5VGN-40SH","Dream Reach 2 Pack Kitchen Scissors, Premium All-Metal Kitchen Shears, Heavy Duty Poultry Shears for Food, Food-Grade Stainless Steel Scissors, Gift f","1","amazon.ca","Amazon","108 mile ranch","British Columbia","V0K 2Z","Combined TCS+MTC","29.99","3.60","3.75","0.45","0","0","0","0","0","0","-4.05","-4.50","-11.40","0","0","17.84"
"Dec 20, 2025 4:05:39 a.m. PST","25176693041","Order","702-2603404-6055456","KF02-BBJ","Dream Reach Chef Knife, Japanese Kitchen Knife, Sharp Stainless Steel Viking Style Meat Knife with Wooden Handle, Feather Design Cooking Knife with Sh","1","amazon.ca","Amazon","Whitby","Ontario","L1P 1H","Combined TCS+MTC","37.40","4.86","0","0","0","0","0","0","0","0","-4.86","-5.61","-7.13","0","0","24.66"
"Dec 20, 2025 4:06:51 a.m. PST","25176693041","Order","701-0423328-6977030","KF05-BBJ","Dream Reach Meat Cleaver Knife Heavy Duty Bone Chopper High Carbon Steel Butcher Axe Bone Cutting Knife Hand Forged Butcher Knife for Kitchen Outdoor","1","amazon.ca","Amazon","Grande Prairie","Alberta","T8V 1P","Combined TCS+MTC","35.69","1.78","0","0","0","0","0","0","0","0","-1.78","-5.35","-9.58","0","0","20.76"
"Dec 20, 2025 4:21:12 a.m. PST","25176693041","Order","701-4355283-1188223","9B-5VGN-40SH","Dream Reach 2 Pack Kitchen Scissors, Premium All-Metal Kitchen Shears, Heavy Duty Poultry Shears for Food, Food-Grade Stainless Steel Scissors, Gift f","1","amazon.ca","Amazon","Montreal","Quebec","H3H 0B","Combined TCS+MTC","29.99","4.49","0","0","0","0","0","0","0","0","-4.49","-4.50","-7.65","0","0","17.84"
"Dec 20, 2025 4:23:35 a.m. PST","25176693041","Order","701-6443668-0921850","KS-POSSET2-GKS-ZW-YYI","Dream Reach Kitchen Scissors Set Silver - Stainless Steel Kitchen Shear, Sharp Meat Scissors Dishwasher Safe, Heavy Duty Poultry Shears, Japanese Cook","1","amazon.ca","Amazon","ETOBICOKE","ON","M9C1L","Combined TCS+MTC","37.99","4.94","0","0","0","0","0","0","0","0","-4.94","-5.70","-7.13","0","0","25.16"
"Dec 20, 2025 4:42:26 a.m. PST","25176693041","Order","702-6396135-8657006","KF04-BBJ","Dream Reach Meat Bone Cleaver Knife for Meat Cutting Handmade Heavy Duty Butcher Axes Hand Forged Full Tang Chopper for Kitchen Outdoor BBQ Chef Gifts","1","amazon.ca","Amazon","Lloydminster","Alberta","T9V 2Y","Combined TCS+MTC","34.99","1.75","0","0","0","0","0","0","0","0","-1.75","-5.25","-8.74","0","0","21.00"
"Dec 20, 2025 4:42:45 a.m. PST","25176693041","Order","701-0618009-8063434","KS-POS-GKS-3.54in-YYI","Dream Reach Kitchen Scissors All Purpose - Stainless Steel Kitchen Shear, Sharp Silver Meat Scissors Dishwasher Safe, Heavy Duty Poultry Shears, Japan","1","amazon.ca","Amazon","Saint-Alexandre-D'Iberville","Québec","J0J 1S","Combined TCS+MTC","16.99","2.54","0","0","0","0","0","0","0","0","-2.54","-2.55","-6.74","0","0","7.70"
"Dec 20, 2025 4:51:54 a.m. PST","25176693041","Order","701-7555303-0314626","KF02-BBJ","Dream Reach Chef Knife, Japanese Kitchen Knife, Sharp Stainless Steel Viking Style Meat Knife with Wooden Handle, Feather Design Cooking Knife with Sh","1","amazon.ca","Amazon","Ottawa","Ontario","K2J 5T","Combined TCS+MTC","37.40","4.86","0","0","0","0","0","0","0","0","-4.86","-5.61","-7.13","0","0","24.66"
"Dec 20, 2025 5:20:02 a.m. PST","25176693041","Order","701-2950213-7862630","9B-5VGN-40SH","Dream Reach 2 Pack Kitchen Scissors, Premium All-Metal Kitchen Shears, Heavy Duty Poultry Shears for Food, Food-Grade Stainless Steel Scissors, Gift f","1","amazon.ca","Amazon","WHITEHORSE","YT","Y1A5G","Combined TCS+MTC","29.99","1.50","0","0","0","0","0","0","0","0","-1.50","-4.50","-8.19","0","0","17.30"
"Dec 20, 2025 5:26:53 a.m. PST","25176693041","Order","702-2099317-2536260","9B-5VGN-40SH","Dream Reach 2 Pack Kitchen Scissors, Premium All-Metal Kitchen Shears, Heavy Duty Poultry Shears for Food, Food-Grade Stainless Steel Scissors, Gift f","1","amazon.ca","Amazon","Carleton Place","Ontario","K7C 2Y","Combined TCS+MTC","29.99","3.90","0","0","0","0","0","0","0","0","-3.90","-4.50","-7.65","0","0","17.84"
"Dec 20, 2025 5:33:49 a.m. PST","25176693041","Order","702-1980992-7965855","BBJK06-Set3","Dream Reach 3PCS Kitchen Knife Set, Kitchen Knives, Butcher Knife Set, Chef Knife Set, Meat Cleaver Knife, High-Hardness Steel Knives with Ergonomic W","1","amazon.ca","Amazon","Hamilton","Ontario","L8H 4E","Combined TCS+MTC","35.99","4.68","3.50","0","0","0","0","0","-3.50","0","-4.68","-5.40","-9.58","0","0","21.01"
"Dec 20, 2025 6:03:08 a.m. PST","25176693041","Order","702-2971921-9217841","KS-POS-GKS-3.54in-YYI","Dream Reach Kitchen Scissors All Purpose - Stainless Steel Kitchen Shear, Sharp Silver Meat Scissors Dishwasher Safe, Heavy Duty Poultry Shears, Japan","1","amazon.ca","Amazon","Sylvan Lake","Alberta","T4S 0M","Combined TCS+MTC","16.99","0.85","0","0","0","0","0","0","0","0","-0.85","-2.55","-6.74","0","0","7.70"
"Dec 20, 2025 6:12:25 a.m. PST","25176693041","Order","702-0494459-2509049","KS-POS-GKS-3.54in-YYI","Dream Reach Kitchen Scissors All Purpose - Stainless Steel Kitchen Shear, Sharp Silver Meat Scissors Dishwasher Safe, Heavy Duty Poultry Shears, Japan","1","amazon.ca","Amazon","Meaford","Ontario","N4L 1B","Combined TCS+MTC","16.99","2.21","0","0","0","0","0","0","0","0","-2.21","-2.55","-6.74","0","0","7.70"
"Dec 20, 2025 6:45:32 a.m. PST","25176693041","Order","702-8179061-2035438","9B-5VGN-40SH","Dream Reach 2 Pack Kitchen Scissors, Premium All-Metal Kitchen Shears, Heavy Duty Poultry Shears for Food, Food-Grade Stainless Steel Scissors, Gift f","1","amazon.ca","Amazon","Upper Onslow","Nova Scotia","B6L 5H","Combined TCS+MTC","29.99","4.20","0","0","0","0","0","0","0","0","-4.20","-4.50","-7.65","0","0","17.84"
"Dec 20, 2025 7:05:34 a.m. PST","25176693041","Order","702-3728989-0409850","9B-5VGN-40SH","Dream Reach 2 Pack Kitchen Scissors, Premium All-Metal Kitchen Shears, Heavy Duty Poultry Shears for Food, Food-Grade Stainless Steel Scissors, Gift f","1","amazon.ca","Amazon","Saint-Mathias-Sur-Richelieu","Quebec","J3L 6A","Combined TCS+MTC","29.99","4.49","0","0","0","0","0","0","0","0","-4.49","-4.50","-7.65","0","0","17.84"
"Dec 20, 2025 7:11:13 a.m. PST","25176693041","Order","701-3282144-6835458","BBJK06-Set3","Dream Reach 3PCS Kitchen Knife Set, Kitchen Knives, Butcher Knife Set, Chef Knife Set, Meat Cleaver Knife, High-Hardness Steel Knives with Ergonomic W","1","amazon.ca","Amazon","Laurierville","Quebec","G0S 1P","Combined TCS+MTC","35.99","5.39","0","0","0","0","0","0","0","0","-5.39","-5.40","-9.58","0","0","21.01"
"Dec 20, 2025 7:17:35 a.m. PST","25176693041","Order","701-6505728-9461850","9B-5VGN-40SH","Dream Reach 2 Pack Kitchen Scissors, Premium All-Metal Kitchen Shears, Heavy Duty Poultry Shears for Food, Food-Grade Stainless Steel Scissors, Gift f","1","amazon.ca","Amazon","Kingston","Ontario","K7L 1C","Combined TCS+MTC","29.99","3.90","2.74","0","0","0","0","0","-2.74","0","-3.90","-4.50","-7.65","0","0","17.84"
"Dec 20, 2025 7:32:19 a.m. PST","25176693041","Order","701-0924727-1981840","KS-POS-GKS-3.54in-YYI","Dream Reach Kitchen Scissors All Purpose - Stainless Steel Kitchen Shear, Sharp Silver Meat Scissors Dishwasher Safe, Heavy Duty Poultry Shears, Japan","1","amazon.ca","Amazon","Mirabel","Quebec","J7N 0H","Combined TCS+MTC","16.99","2.54","0","0","0","0","0","0","0","0","-2.54","-2.55","-6.74","0","0","7.70"
"Dec 20, 2025 7:42:47 a.m. PST","25176693041","Order","702-8430346-3225049","9B-5VGN-40SH","Dream Reach 2 Pack Kitchen Scissors, Premium All-Metal Kitchen Shears, Heavy Duty Poultry Shears for Food, Food-Grade Stainless Steel Scissors, Gift f","1","amazon.ca","Amazon","surrey","bc","V4N 2Y","Combined TCS+MTC","29.99","3.60","0","0","0","0","0","0","0","0","-3.60","-4.50","-8.19","0","0","17.30"
"Dec 20, 2025 8:07:17 a.m. PST","25176693041","Order","702-4624563-5446620","9B-5VGN-40SH","Dream Reach 2 Pack Kitchen Scissors, Premium All-Metal Kitchen Shears, Heavy Duty Poultry Shears for Food, Food-Grade Stainless Steel Scissors, Gift f","1","amazon.ca","Amazon","Shediac Bridge","New Brunswick","E4R 1T","Combined TCS+MTC","29.99","4.50","0","0","0","0","0","0","0","0","-4.50","-4.50","-7.65","0","0","17.84"
"Dec 20, 2025 8:23:17 a.m. PST","25176693041","Refund","702-1980992-7965855","BBJK06-Set3","Dream Reach 3PCS Kitchen Knife Set, Kitchen Knives, Butcher Knife Set, Chef Knife Set, Meat Cleaver Knife, High-Hardness Steel Knives with Ergonomic W","1","amazon.ca","Amazon","Hamilton","Ontario","L8H 4E","Combined TCS+MTC","-35.99","-4.68","-3.50","0","0","0","0","0","3.50","0","4.68","4.32","0","0","0","-31.67"
"Dec 20, 2025 8:46:46 a.m. PST","25176693041","Order","701-9839836-2700229","9B-5VGN-40SH","Dream Reach 2 Pack Kitchen Scissors, Premium All-Metal Kitchen Shears, Heavy Duty Poultry Shears for Food, Food-Grade Stainless Steel Scissors, Gift f","1","amazon.ca","Amazon","Longueuil","Quebec","J4G 1N","Combined TCS+MTC","29.99","4.49","0","0","0","0","0","0","0","0","-4.49","-4.50","-7.65","0","0","17.84"
"Dec 20, 2025 1:07:29 p.m. PST","25176693041","Order","701-2694560-8423451","KS-POS-GKS-3.54in-YYI","Dream Reach Kitchen Scissors All Purpose - Stainless Steel Kitchen Shear, Sharp Silver Meat Scissors Dishwasher Safe, Heavy Duty Poultry Shears, Japan","1","amazon.ca","Amazon","Cambridge","Ontario","N1R 5E","Combined TCS+MTC","16.99","2.21","0","0","0","0","0","0","0","0","-2.21","-2.55","-6.74","0","0","7.70"
"Dec 20, 2025 4:39:13 p.m. PST","25176693041","Order","701-1747201-1034640","KS-POS-GKS-3.54in-YYI","Dream Reach Kitchen Scissors All Purpose - Stainless Steel Kitchen Shear, Sharp Silver Meat Scissors Dishwasher Safe, Heavy Duty Poultry Shears, Japan","1","amazon.ca","Amazon","Toronto","Ontario","M3L 1E","Combined TCS+MTC","16.99","2.21","0","0","0","0","0","0","0","0","-2.21","-2.55","-6.74","0","0","7.70"
"Dec 20, 2025 5:30:52 p.m. PST","25176693041","Order","702-7943857-3538652","KS-POS-GKS-3.54in-YYI","Dream Reach Kitchen Scissors All Purpose - Stainless Steel Kitchen Shear, Sharp Silver Meat Scissors Dishwasher Safe, Heavy Duty Poultry Shears, Japan","1","amazon.ca","Amazon","Keswick","Ontario","L4P 2M","Combined TCS+MTC","16.99","1.88","0","0","0","0","0","0","-2.55","0","-1.88","-2.17","-6.74","0","0","5.53"
"Dec 20, 2025 6:10:24 p.m. PST","25176693041","Order","702-1431847-0229060","KF04-BBJ","Dream Reach Meat Bone Cleaver Knife for Meat Cutting Handmade Heavy Duty Butcher Axes Hand Forged Full Tang Chopper for Kitchen Outdoor BBQ Chef Gifts","1","amazon.ca","Amazon","Regina","Saskatchewan","S4S 4M","Combined TCS+MTC","34.99","3.85","0","0","0","0","0","0","0","0","-3.85","-5.25","-8.74","0","0","21.00"
"Dec 20, 2025 6:28:35 p.m. PST","25176693041","Order","701-0750587-1117003","KS-POSSET2-GKS-ZW-YYI","Dream Reach Kitchen Scissors Set Silver - Stainless Steel Kitchen Shear, Sharp Meat Scissors Dishwasher Safe, Heavy Duty Poultry Shears, Japanese Cook","1","amazon.ca","Amazon","Carrot River","Saskatchewan","S0E 0L","Combined TCS+MTC","37.99","4.18","8.05","0.89","0","0","0","0","0","0","-5.07","-5.70","-15.18","0","0","25.16"
"Dec 20, 2025 6:45:47 p.m. PST","25176693041","Order","701-1782650-5524253","HS1901","Dream Reach 6"" Professional Hair Cutting Scissors Japan 440C Steel Thinning Scissor for Men/Women Cutting for Salon/Barber/Home (Straight Scissors)","1","amazon.ca","Amazon","Levis","Quebec","G6J 1G","Combined TCS+MTC","43.99","5.60","5.90","0","0","0","0","0","-12.50","0","-5.60","-5.61","-6.49","0","0","25.29"
"Dec 20, 2025 7:51:44 p.m. PST","25176693041","Service Fee","","","Cost of advertising","","","","","","","","0","0","0","0","0","0","0","0","0","0","0","0","0","-497.90","0","-497.90"
"Dec 20, 2025 8:38:49 p.m. PST","25176693041","Refund","702-1240593-8872261","B07XR7N1CB-01","Hair Cutting Scissors Set, Professional Barber Thinning Haircut Scissors Kit","1","amazon.ca","Amazon","aurora","Ontario","L4G3H","Combined TCS+MTC","-42.99","-4.75","0","0","0","0","0","0","6.45","0","4.75","4.38","0","0","0","-32.16"
"Dec 20, 2025 9:06:27 p.m. PST","25176693041","Order","701-5015072-5712218","KS-POS-GKS-3.54in-YYI","Dream Reach Kitchen Scissors All Purpose - Stainless Steel Kitchen Shear, Sharp Silver Meat Scissors Dishwasher Safe, Heavy Duty Poultry Shears, Japan","1","amazon.ca","Amazon","Richmond Hill","Ontario","L4S 2T","Combined TCS+MTC","16.99","1.88","0","0","0","0","0","0","-2.55","0","-1.88","-2.17","-6.74","0","0","5.53"
"Dec 20, 2025 9:13:37 p.m. PST","25176693041","Order","701-9022556-9875431","KF04-BBJ","Dream Reach Meat Bone Cleaver Knife for Meat Cutting Handmade Heavy Duty Butcher Axes Hand Forged Full Tang Chopper for Kitchen Outdoor BBQ Chef Gifts","1","amazon.ca","Amazon","Chilliwack","British Columbia","V2P 3T","Combined TCS+MTC","34.99","4.20","0","0","0","0","0","0","0","0","-4.20","-5.25","-8.74","0","0","21.00"
"Dec 20, 2025 10:07:00 p.m. PST","25176693041","Order","702-5115841-9023401","KS-POSSET2-GKS-ZW-YHE","Dream Reach Kitchen Scissors Set Black - Stainless Steel Kitchen Shears, Sharp Meat Scissors Dishwasher Safe, Heavy Duty Poultry Shears All Purpose, J","1","amazon.ca","Amazon","Calgary","Alberta","T2L 2L","Combined TCS+MTC","37.99","1.90","0","0","0","0","0","0","0","0","-1.90","-5.70","-7.65","0","0","24.64"
"Dec 20, 2025 10:16:28 p.m. PST","25176693041","Order","702-7074547-5497047","9B-5VGN-40SH","Dream Reach 2 Pack Kitchen Scissors, Premium All-Metal Kitchen Shears, Heavy Duty Poultry Shears for Food, Food-Grade Stainless Steel Scissors, Gift f","1","amazon.ca","Amazon","Toronto","Ontario","M3A 1H","Combined TCS+MTC","29.99","3.34","0","0","0","0","0","0","-4.26","0","-3.34","-3.86","-7.65","0","0","14.22"
"Dec 20, 2025 10:42:11 p.m. PST","25176693041","Order","701-7610809-1589035","KF02-BBJ","Dream Reach Chef Knife, Japanese Kitchen Knife, Sharp Stainless Steel Viking Style Meat Knife with Wooden Handle, Feather Design Cooking Knife with Sh","1","amazon.ca","Amazon","Fort McMurray","Alberta","T9K 0J","Combined TCS+MTC","37.40","1.87","0","0","0","0","0","0","0","0","-1.87","-5.61","-7.13","0","0","24.66"
"Dec 20, 2025 10:49:00 p.m. PST","25176693041","Order","702-9682867-6606610","BBJK06-Set6","Dream Reach Knife Set with Roll Bag, 6-Piece Professional Chef Knife Set, High Carbon Steel Black Kitchen Knives for Cooking, BBQ & Outdoor Use","1","amazon.ca","Amazon","Parkland county","Alberta","T7Y 2G","Combined TCS+MTC","53.99","2.70","0","0","0","0","0","0","0","0","-2.70","-8.10","-11.45","0","0","34.44"
"Dec 20, 2025 11:17:22 p.m. PST","25176693041","Order","701-0671793-7807466","KS-POS-GKS-3.54in-YYI","Dream Reach Kitchen Scissors All Purpose - Stainless Steel Kitchen Shear, Sharp Silver Meat Scissors Dishwasher Safe, Heavy Duty Poultry Shears, Japan","1","amazon.ca","Amazon","Campbell River","BC","V9W 3K","Combined TCS+MTC","16.99","2.04","0","0","0","0","0","0","0","0","-2.04","-2.55","-6.74","0","0","7.70"
"Dec 21, 2025 12:11:25 a.m. PST","25176693041","Order","701-7774785-0926660","KF04-BBJ","Dream Reach Meat Bone Cleaver Knife for Meat Cutting Handmade Heavy Duty Butcher Axes Hand Forged Full Tang Chopper for Kitchen Outdoor BBQ Chef Gifts","1","amazon.ca","Amazon","Laval","Quebec","H7V 2Y","Combined TCS+MTC","34.99","5.24","0","0","0","0","0","0","0","0","-5.24","-5.25","-8.74","0","0","21.00"
"Dec 21, 2025 1:20:34 a.m. PST","25176693041","Order","702-0208848-3409079","9B-5VGN-40SH","Dream Reach 2 Pack Kitchen Scissors, Premium All-Metal Kitchen Shears, Heavy Duty Poultry Shears for Food, Food-Grade Stainless Steel Scissors, Gift f","1","amazon.ca","Amazon","Otter Lake","Quebec","J0X 2P","Combined TCS+MTC","29.99","4.49","0","0","0","0","0","0","0","0","-4.49","-4.50","-7.65","0","0","17.84"
"Dec 21, 2025 1:22:14 a.m. PST","25176693041","Order","702-7257859-2996264","9B-5VGN-40SH","Dream Reach 2 Pack Kitchen Scissors, Premium All-Metal Kitchen Shears, Heavy Duty Poultry Shears for Food, Food-Grade Stainless Steel Scissors, Gift f","1","amazon.ca","Amazon","Halifax","Nova Scotia","B3L 1G","Combined TCS+MTC","29.99","4.20","0","0","0","0","0","0","0","0","-4.20","-4.50","-7.65","0","0","17.84"
"Dec 21, 2025 1:43:03 a.m. PST","25176693041","Order","702-0111336-5989077","BBJK06-Set6","Dream Reach Knife Set with Roll Bag, 6-Piece Professional Chef Knife Set, High Carbon Steel Black Kitchen Knives for Cooking, BBQ & Outdoor Use","1","amazon.ca","Amazon","Westbank","British Columbia","V4T1S","Combined TCS+MTC","53.99","6.48","0","0","0","0","0","0","0","0","-6.48","-8.10","-11.45","0","0","34.44"
"Dec 21, 2025 1:50:33 a.m. PST","25176693041","Order","701-0586736-0612267","KS-POSSET2-GKS-ZW-YYI","Dream Reach Kitchen Scissors Set Silver - Stainless Steel Kitchen Shear, Sharp Meat Scissors Dishwasher Safe, Heavy Duty Poultry Shears, Japanese Cook","1","amazon.ca","Amazon","Longueuil","Québec","J4L4T","Combined TCS+MTC","37.99","5.69","0","0","0","0","0","0","0","0","-5.69","-5.70","-7.13","0","0","25.16"
"Dec 21, 2025 1:54:54 a.m. PST","25176693041","Order","701-2488027-0830636","KS-POS-GKS-3.54in-YYI","Dream Reach Kitchen Scissors All Purpose - Stainless Steel Kitchen Shear, Sharp Silver Meat Scissors Dishwasher Safe, Heavy Duty Poultry Shears, Japan","1","amazon.ca","Amazon","Chateaugay","Québec","J6K1A","Combined TCS+MTC","16.99","2.54","0","0","0","0","0","0","0","0","-2.54","-2.55","-6.74","0","0","7.70"
"Dec 21, 2025 2:02:40 a.m. PST","25176693041","Order","702-2873418-9571432","HS1901","Dream Reach 6"" Professional Hair Cutting Scissors Japan 440C Steel Thinning Scissor for Men/Women Cutting for Salon/Barber/Home (Straight Scissors)","1","amazon.ca","Amazon","vaughan","Ontario","L4H 2B","Combined TCS+MTC","43.99","4.86","3.92","0","0","0","0","0","-10.52","0","-4.86","-5.61","-6.49","0","0","25.29"
"Dec 21, 2025 2:21:29 a.m. PST","25176693041","Order","702-7018602-4927453","9B-5VGN-40SH","Dream Reach 2 Pack Kitchen Scissors, Premium All-Metal Kitchen Shears, Heavy Duty Poultry Shears for Food, Food-Grade Stainless Steel Scissors, Gift f","1","amazon.ca","Amazon","Edmonton","Alberta","T5E 5V","Combined TCS+MTC","29.99","1.50","0","0","0","0","0","0","0","0","-1.50","-4.50","-7.65","0","0","17.84"
"Dec 21, 2025 2:32:58 a.m. PST","25176693041","Order","702-0743726-5633819","9B-5VGN-40SH","Dream Reach 2 Pack Kitchen Scissors, Premium All-Metal Kitchen Shears, Heavy Duty Poultry Shears for Food, Food-Grade Stainless Steel Scissors, Gift f","1","amazon.ca","Amazon","Prince George","British Columbia","V2N 6C","Combined TCS+MTC","29.99","3.60","0","0","0","0","0","0","0","0","-3.60","-4.50","-7.65","0","0","17.84"
"Dec 21, 2025 2:49:42 a.m. PST","25176693041","Order","702-1595131-7918652","KS-POSSET2-GKS-ZW-YHE","Dream Reach Kitchen Scissors Set Black - Stainless Steel Kitchen Shears, Sharp Meat Scissors Dishwasher Safe, Heavy Duty Poultry Shears All Purpose, J","1","amazon.ca","Amazon","Laval","Québec","H7C2B","Combined TCS+MTC","37.99","5.69","0","0","0","0","0","0","0","0","-5.69","-5.70","-7.65","0","0","24.64"
"Dec 21, 2025 3:09:45 a.m. PST","25176693041","Order","702-6991207-3314634","9B-5VGN-40SH","Dream Reach 2 Pack Kitchen Scissors, Premium All-Metal Kitchen Shears, Heavy Duty Poultry Shears for Food, Food-Grade Stainless Steel Scissors, Gift f","1","amazon.ca","Amazon","Laval","Quebec","H7W 3V","Combined TCS+MTC","29.99","4.49","0","0","0","0","0","0","0","0","-4.49","-4.50","-7.65","0","0","17.84"
"Dec 21, 2025 3:23:31 a.m. PST","25176693041","Order","701-3566107-8332208","9B-5VGN-40SH","Dream Reach 2 Pack Kitchen Scissors, Premium All-Metal Kitchen Shears, Heavy Duty Poultry Shears for Food, Food-Grade Stainless Steel Scissors, Gift f","1","amazon.ca","Amazon","Peace River","Alberta","T8S 1B","Combined TCS+MTC","29.99","1.50","3.92","0","0","0","0","0","-3.92","0","-1.50","-4.50","-7.65","0","0","17.84"
"Dec 21, 2025 4:01:24 a.m. PST","25176693041","Order","701-9553746-1009855","9B-5VGN-40SH","Dream Reach 2 Pack Kitchen Scissors, Premium All-Metal Kitchen Shears, Heavy Duty Poultry Shears for Food, Food-Grade Stainless Steel Scissors, Gift f","1","amazon.ca","Amazon","Portugal Cove-St Philips","Newfoundland","A1M 2X","Combined TCS+MTC","25.73","3.86","0","0","0","0","0","0","0","0","-3.86","-3.86","-7.65","0","0","14.22"
"Dec 21, 2025 4:14:21 a.m. PST","25176693041","Order","701-3239777-9100217","KF02-BBJ","Dream Reach Chef Knife, Japanese Kitchen Knife, Sharp Stainless Steel Viking Style Meat Knife with Wooden Handle, Feather Design Cooking Knife with Sh","1","amazon.ca","Amazon","Scarborough","Ontario","M1C 3C","Combined TCS+MTC","37.40","4.86","3.50","0","0","0","0","0","-3.50","0","-4.86","-5.61","-7.13","0","0","24.66"
"Dec 21, 2025 4:29:19 a.m. PST","25176693041","Order","701-3573744-3033041","37-EQUL-C5MA","Dream Reach HIGH-END Series Japanese 440C Stainless 6.0"" 360° Swivel Thumb Ring Professional Barber Razor Edge Hairdressing Straight Cutting Scissors","1","amazon.ca","Amazon","MISSISSAUGA","Ontario","L4Y 2E","Combined TCS+MTC","43.99","5.72","0","0","0","0","0","0","0","0","-5.72","-6.60","-4.99","0","0","32.40"
"Dec 21, 2025 5:02:51 a.m. PST","25176693041","Order","702-1300700-8607426","KS-POS-GKS-3.54in-YYI","Dream Reach Kitchen Scissors All Purpose - Stainless Steel Kitchen Shear, Sharp Silver Meat Scissors Dishwasher Safe, Heavy Duty Poultry Shears, Japan","1","amazon.ca","Amazon","North Vancouver","British Columbia","V7K3A","Combined TCS+MTC","16.99","2.04","0","0","0","0","0","0","0","0","-2.04","-2.55","-6.74","0","0","7.70"
"Dec 21, 2025 5:38:49 a.m. PST","25176693041","Order","701-8294127-2599467","KF02-BBJ","Dream Reach Chef Knife, Japanese Kitchen Knife, Sharp Stainless Steel Viking Style Meat Knife with Wooden Handle, Feather Design Cooking Knife with Sh","1","amazon.ca","Amazon","Deseronto","Ontario","K0K 1X","Combined TCS+MTC","37.40","4.86","0","0","0","0","0","0","0","0","-4.86","-5.61","-7.13","0","0","24.66"
"Dec 21, 2025 5:42:06 a.m. PST","25176693041","Order","702-9646315-7203457","KS-POS-GKS-3.54in-YYI","Dream Reach Kitchen Scissors All Purpose - Stainless Steel Kitchen Shear, Sharp Silver Meat Scissors Dishwasher Safe, Heavy Duty Poultry Shears, Japan","1","amazon.ca","Amazon","Grenville-Sur-La-Rouge","Quebec","J0V 1B","Combined TCS+MTC","16.99","2.54","0","0","0","0","0","0","0","0","-2.54","-2.55","-6.74","0","0","7.70"
"Dec 21, 2025 5:59:15 a.m. PST","25176693041","Order","702-2854050-1993809","9B-5VGN-40SH","Dream Reach 2 Pack Kitchen Scissors, Premium All-Metal Kitchen Shears, Heavy Duty Poultry Shears for Food, Food-Grade Stainless Steel Scissors, Gift f","1","amazon.ca","Amazon","Calgary","Alberta","T3G 2B","Combined TCS+MTC","29.99","1.29","0","0","0","0","0","0","-4.26","0","-1.29","-3.86","-7.65","0","0","14.22"
"Dec 21, 2025 6:19:21 a.m. PST","25176693041","Order","702-8099565-8710618","9B-5VGN-40SH","Dream Reach 2 Pack Kitchen Scissors, Premium All-Metal Kitchen Shears, Heavy Duty Poultry Shears for Food, Food-Grade Stainless Steel Scissors, Gift f","1","amazon.ca","Amazon","Edmonton","Alberta","T6H 2W","Combined TCS+MTC","29.99","1.50","0","0","0","0","0","0","0","0","-1.50","-4.50","-7.65","0","0","17.84"
"Dec 21, 2025 6:27:08 a.m. PST","25176693041","Order","702-2264584-1506632","KS-POS-GKS-3.54in-YYI","Dream Reach Kitchen Scissors All Purpose - Stainless Steel Kitchen Shear, Sharp Silver Meat Scissors Dishwasher Safe, Heavy Duty Poultry Shears, Japan","1","amazon.ca","Amazon","Brossard","Quebec","J4Z 0T","Combined TCS+MTC","16.99","2.16","0","0","0","0","0","0","-2.55","0","-2.16","-2.17","-6.74","0","0","5.53"
"Dec 21, 2025 6:32:48 a.m. PST","25176693041","Order","701-3743754-8062657","9B-5VGN-40SH","Dream Reach 2 Pack Kitchen Scissors, Premium All-Metal Kitchen Shears, Heavy Duty Poultry Shears for Food, Food-Grade Stainless Steel Scissors, Gift f","1","amazon.ca","Amazon","Blainville","Quebec","J7C 3H","Combined TCS+MTC","29.99","3.85","0","0","0","0","0","0","-4.26","0","-3.85","-3.86","-7.65","0","0","14.22"
"Dec 21, 2025 6:45:11 a.m. PST","25176693041","Order","701-2772736-2071410","HS1901","Dream Reach 6"" Professional Hair Cutting Scissors Japan 440C Steel Thinning Scissor for Men/Women Cutting for Salon/Barber/Home (Straight Scissors)","1","amazon.ca","Amazon","Varennes","Québec","J3X 1R","Combined TCS+MTC","43.99","5.60","0","0","0","0","0","0","-6.60","0","-5.60","-5.61","-6.49","0","0","25.29"
"Dec 21, 2025 6:48:19 a.m. PST","25176693041","Order","702-8745756-6390602","KS-POS-GKS-3.54in-YYI","Dream Reach Kitchen Scissors All Purpose - Stainless Steel Kitchen Shear, Sharp Silver Meat Scissors Dishwasher Safe, Heavy Duty Poultry Shears, Japan","1","amazon.ca","Amazon","Guelph","Ontario","N1H7H","Combined TCS+MTC","16.99","2.21","0","0","0","0","0","0","0","0","-2.21","-2.55","-6.74","0","0","7.70"
"Dec 21, 2025 7:07:30 a.m. PST","25176693041","Order","702-9261193-7928269","9B-5VGN-40SH","Dream Reach 2 Pack Kitchen Scissors, Premium All-Metal Kitchen Shears, Heavy Duty Poultry Shears for Food, Food-Grade Stainless Steel Scissors, Gift f","1","amazon.ca","Amazon","Edmonton","Alberta","T6T 0L","Combined TCS+MTC","29.99","1.50","3.50","0","0","0","0","0","-3.50","0","-1.50","-4.50","-7.65","0","0","17.84"
"Dec 21, 2025 7:11:30 a.m. PST","25176693041","Order","702-4812918-8019410","KF02-BBJ","Dream Reach Chef Knife, Japanese Kitchen Knife, Sharp Stainless Steel Viking Style Meat Knife with Wooden Handle, Feather Design Cooking Knife with Sh","1","amazon.ca","Amazon","New Lowell","Ontario","L0M 1N","Combined TCS+MTC","37.40","4.86","0","0","0","0","0","0","0","0","-4.86","-5.61","-7.13","0","0","24.66"
"Dec 21, 2025 7:22:17 a.m. PST","25176693041","Order","701-9002647-9566608","9B-5VGN-40SH","Dream Reach 2 Pack Kitchen Scissors, Premium All-Metal Kitchen Shears, Heavy Duty Poultry Shears for Food, Food-Grade Stainless Steel Scissors, Gift f","1","amazon.ca","Amazon","Leduc","Alberta","T9E 0Z","Combined TCS+MTC","29.99","1.50","3.49","0","0","0","0","0","-3.49","0","-1.50","-4.50","-7.65","0","0","17.84"
"Dec 21, 2025 7:29:38 a.m. PST","25176693041","Order","701-5950852-5731403","KS-POSSET2-GKS-ZW-YYI","Dream Reach Kitchen Scissors Set Silver - Stainless Steel Kitchen Shear, Sharp Meat Scissors Dishwasher Safe, Heavy Duty Poultry Shears, Japanese Cook","1","amazon.ca","Amazon","Longueuil","Quebec","J4L 2T","Combined TCS+MTC","37.99","5.69","0","0","0","0","0","0","0","0","-5.69","-5.70","-7.13","0","0","25.16"
"Dec 21, 2025 7:34:18 a.m. PST","25176693041","Order","701-8334876-3565824","9B-5VGN-40SH","Dream Reach 2 Pack Kitchen Scissors, Premium All-Metal Kitchen Shears, Heavy Duty Poultry Shears for Food, Food-Grade Stainless Steel Scissors, Gift f","1","amazon.ca","Amazon","Delta","British Columbia","V4C 2G","Combined TCS+MTC","29.99","3.60","6.99","0","0","0","0","0","-6.99","0","-3.60","-4.50","-8.19","0","0","17.30"
"Dec 21, 2025 7:34:44 a.m. PST","25176693041","Order","702-5589438-3876200","KS-POS-GKS-3.54in-YYI","Dream Reach Kitchen Scissors All Purpose - Stainless Steel Kitchen Shear, Sharp Silver Meat Scissors Dishwasher Safe, Heavy Duty Poultry Shears, Japan","1","amazon.ca","Amazon","Edmonton","Alberta","T6X 2G","Combined TCS+MTC","16.99","0.85","3.50","0","0","0","0","0","-3.50","0","-0.85","-2.55","-6.74","0","0","7.70"
"Dec 21, 2025 7:35:46 a.m. PST","25176693041","Order","701-7820375-3753804","KS-POSSET2-GKS-ZW-YYI","Dream Reach Kitchen Scissors Set Silver - Stainless Steel Kitchen Shear, Sharp Meat Scissors Dishwasher Safe, Heavy Duty Poultry Shears, Japanese Cook","1","amazon.ca","Amazon","vaughan","Ontario","L6A 1X","Combined TCS+MTC","37.99","4.94","0","0","0","0","0","0","0","0","-4.94","-5.70","-7.13","0","0","25.16"
"Dec 21, 2025 8:14:28 a.m. PST","25176693041","Order","702-1240593-8872261","B07XR7N1CB-01","Hair Cutting Scissors Set, Professional Barber Thinning Haircut Scissors Kit","1","amazon.ca","Amazon","aurora","Ontario","L4G3H","Combined TCS+MTC","42.99","4.75","0","0","0","0","0","0","-6.45","0","-4.75","-5.48","-5.31","0","0","25.75"
"Dec 21, 2025 10:52:32 a.m. PST","25176693041","Order","701-3920668-2666606","KS-POS-GKS-3.54in-YYI","Dream Reach Kitchen Scissors All Purpose - Stainless Steel Kitchen Shear, Sharp Silver Meat Scissors Dishwasher Safe, Heavy Duty Poultry Shears, Japan","1","amazon.ca","Amazon","Red deer","Alberta","T4R 1S","Combined TCS+MTC","16.99","0.85","0","0","0","0","0","0","0","0","-0.85","-2.55","-6.74","0","0","7.70"
"Dec 21, 2025 11:59:53 a.m. PST","25176693041","Order","701-0104780-2597045","9B-5VGN-40SH","Dream Reach 2 Pack Kitchen Scissors, Premium All-Metal Kitchen Shears, Heavy Duty Poultry Shears for Food, Food-Grade Stainless Steel Scissors, Gift f","1","amazon.ca","Amazon","Pickering","Ontario","L1W 2Z","Combined TCS+MTC","29.99","3.90","0","0","0","0","0","0","0","0","-3.90","-4.50","-7.65","0","0","17.84"
"Dec 21, 2025 1:47:11 p.m. PST","25176693041","Order","701-1931394-8758659","9B-5VGN-40SH","Dream Reach 2 Pack Kitchen Scissors, Premium All-Metal Kitchen Shears, Heavy Duty Poultry Shears for Food, Food-Grade Stainless Steel Scissors, Gift f","1","amazon.ca","Amazon","Aldergrove","British Columbia","V4W 1T","Combined TCS+MTC","29.99","3.60","0","0","0","0","0","0","0","0","-3.60","-4.50","-7.65","0","0","17.84"
"Dec 21, 2025 2:23:09 p.m. PST","25176693041","Order","702-6837831-8706648","9B-5VGN-40SH","Dream Reach 2 Pack Kitchen Scissors, Premium All-Metal Kitchen Shears, Heavy Duty Poultry Shears for Food, Food-Grade Stainless Steel Scissors, Gift f","1","amazon.ca","Amazon","Cambridge","Ontario","N1R 5S","Combined TCS+MTC","29.99","3.34","0","0","0","0","0","0","-4.26","0","-3.34","-3.86","-7.65","0","0","14.22"
"Dec 21, 2025 3:13:26 p.m. PST","25176693041","Order","702-0109497-0178674","KF02-BBJ","Dream Reach Chef Knife, Japanese Kitchen Knife, Sharp Stainless Steel Viking Style Meat Knife with Wooden Handle, Feather Design Cooking Knife with Sh","1","amazon.ca","Amazon","Collingwood","Ontario","L9Y 4C","Combined TCS+MTC","37.40","4.86","0","0","0","0","0","0","0","0","-4.86","-5.61","-7.13","0","0","24.66"
"Dec 21, 2025 4:46:19 p.m. PST","25176693041","Refund","702-6031197-6609839","CWJ02-Purple7Set-BBJ","Dream Reach Dog Grooming Scissors - 7"" Professional 6 in 1 Pet Scissors Sharp and Durable Shears Set Thinning, Chunker, Straight, Curved Shears and Co","1","amazon.ca","Amazon","Frontenac","Quebec","G6B 2S","Combined TCS+MTC","-46.99","-7.04","-3.26","0","0","0","0","0","3.26","0","7.04","5.64","0","0","0","-41.35"
"Dec 21, 2025 6:20:53 p.m. PST","25176693041","Order","701-6180135-9589822","KS-POSSET2-GKS-ZW-YYI","Dream Reach Kitchen Scissors Set Silver - Stainless Steel Kitchen Shear, Sharp Meat Scissors Dishwasher Safe, Heavy Duty Poultry Shears, Japanese Cook","1","amazon.ca","Amazon","Mississauga","Ontario","L5N 3V","Combined TCS+MTC","37.99","4.94","0","0","0","0","0","0","0","0","-4.94","-5.70","-7.13","0","0","25.16"
"Dec 21, 2025 6:50:27 p.m. PST","25176693041","Order","702-4450190-9693808","9B-5VGN-40SH","Dream Reach 2 Pack Kitchen Scissors, Premium All-Metal Kitchen Shears, Heavy Duty Poultry Shears for Food, Food-Grade Stainless Steel Scissors, Gift f","1","amazon.ca","Amazon","Saint-lazare","Quebec","J7T3K","Combined TCS+MTC","29.99","4.49","0","0","0","0","0","0","0","0","-4.49","-4.50","-7.65","0","0","17.84"
"Dec 21, 2025 6:57:00 p.m. PST","25176693041","Order","702-4260404-0135435","BBJK06-Set6","Dream Reach Knife Set with Roll Bag, 6-Piece Professional Chef Knife Set, High Carbon Steel Black Kitchen Knives for Cooking, BBQ & Outdoor Use","1","amazon.ca","Amazon","Winnipeg","Manitoba","R2X 1K","Combined TCS+MTC","53.99","6.48","0","0","0","0","0","0","0","0","-6.48","-8.10","-11.45","0","0","34.44"
"Dec 21, 2025 7:00:46 p.m. PST","25176693041","Order","702-4759486-1047426","KS-POS-GKS-3.54in-YYI","Dream Reach Kitchen Scissors All Purpose - Stainless Steel Kitchen Shear, Sharp Silver Meat Scissors Dishwasher Safe, Heavy Duty Poultry Shears, Japan","1","amazon.ca","Amazon","Mississauga","Ontario","L5E 1G","Combined TCS+MTC","16.99","2.21","0","0","0","0","0","0","0","0","-2.21","-2.55","-6.74","0","0","7.70"
"Dec 21, 2025 7:58:44 p.m. PST","25176693041","Order","702-7233112-8814626","KS-POS-GKS-3.54in-YYI","Dream Reach Kitchen Scissors All Purpose - Stainless Steel Kitchen Shear, Sharp Silver Meat Scissors Dishwasher Safe, Heavy Duty Poultry Shears, Japan","1","amazon.ca","Amazon","Waterloo","Ontario","N2J 1S","Combined TCS+MTC","16.99","1.88","0","0","0","0","0","0","-2.55","0","-1.88","-2.17","-6.74","0","0","5.53"
"Dec 21, 2025 8:19:30 p.m. PST","25176693041","Order","701-8304129-2480204","9B-5VGN-40SH","Dream Reach 2 Pack Kitchen Scissors, Premium All-Metal Kitchen Shears, Heavy Duty Poultry Shears for Food, Food-Grade Stainless Steel Scissors, Gift f","1","amazon.ca","Amazon","Toronto","Ontario","M6G-1","Combined TCS+MTC","29.99","3.90","0","0","0","0","0","0","0","0","-3.90","-4.50","-7.65","0","0","17.84"
"Dec 21, 2025 9:42:56 p.m. PST","25176693041","Order","701-4806547-2503416","9B-5VGN-40SH","Dream Reach 2 Pack Kitchen Scissors, Premium All-Metal Kitchen Shears, Heavy Duty Poultry Shears for Food, Food-Grade Stainless Steel Scissors, Gift f","1","amazon.ca","Amazon","Toronto","Ontario","M8X 0B","Combined TCS+MTC","29.99","3.34","0","0","0","0","0","0","-4.26","0","-3.34","-3.86","-7.65","0","0","14.22"
"Dec 21, 2025 10:45:34 p.m. PST","25176693041","Order","701-5487746-4797064","9B-5VGN-40SH","Dream Reach 2 Pack Kitchen Scissors, Premium All-Metal Kitchen Shears, Heavy Duty Poultry Shears for Food, Food-Grade Stainless Steel Scissors, Gift f","1","amazon.ca","Amazon","Surrey","British Columbia","V3S 9M","Combined TCS+MTC","29.99","3.60","0","0","0","0","0","0","0","0","-3.60","-4.50","-8.19","0","0","17.30"
"Dec 21, 2025 10:50:50 p.m. PST","25176693041","Order","701-4578007-9309037","9B-5VGN-40SH","Dream Reach 2 Pack Kitchen Scissors, Premium All-Metal Kitchen Shears, Heavy Duty Poultry Shears for Food, Food-Grade Stainless Steel Scissors, Gift f","1","amazon.ca","Amazon","Upper Golden Grove","New Brunswick","E2S 2X","Combined TCS+MTC","29.99","4.50","0","0","0","0","0","0","0","0","-4.50","-4.50","-7.65","0","0","17.84"
"Dec 21, 2025 10:54:37 p.m. PST","25176693041","Order","702-1492250-9241808","KS-POS-GKS-3.54in-YYI","Dream Reach Kitchen Scissors All Purpose - Stainless Steel Kitchen Shear, Sharp Silver Meat Scissors Dishwasher Safe, Heavy Duty Poultry Shears, Japan","1","amazon.ca","Amazon","Aurora","Ontario","L4G 7E","Combined TCS+MTC","16.99","1.88","0","0","0","0","0","0","-2.55","0","-1.88","-2.17","-6.74","0","0","5.53"
"Dec 21, 2025 10:55:44 p.m. PST","25176693041","Order","702-2851874-6650616","CWJ02-Pink7Set-BBJ","Dream Reach Dog Grooming Scissors - 7"" Professional 6 in 1 Sharp Dog Shears Set Thinning, Chunker, Straight, Curved Shears and Comb for Dog Cat Pet, P","1","amazon.ca","Amazon","Regina","Saskatchewan","S4S 3W","Combined TCS+MTC","44.99","4.95","2.93","0","0","0","0","0","-2.93","0","-4.95","-6.75","-7.65","0","0","30.59"
"Dec 21, 2025 11:02:35 p.m. PST","25176693041","Order","701-7374365-9151418","9B-5VGN-40SH","Dream Reach 2 Pack Kitchen Scissors, Premium All-Metal Kitchen Shears, Heavy Duty Poultry Shears for Food, Food-Grade Stainless Steel Scissors, Gift f","1","amazon.ca","Amazon","Embrun","Ontario","K0A 1W","Combined TCS+MTC","29.99","3.34","0","0","0","0","0","0","-4.26","0","-3.34","-3.86","-7.65","0","0","14.22"
"Dec 21, 2025 11:16:45 p.m. PST","25176693041","Order","701-8469777-8061811","KS-POS-GKS-3.54in-YYI","Dream Reach Kitchen Scissors All Purpose - Stainless Steel Kitchen Shear, Sharp Silver Meat Scissors Dishwasher Safe, Heavy Duty Poultry Shears, Japan","1","amazon.ca","Amazon","Calgary","Alberta","T3J 5B","Combined TCS+MTC","16.99","0.85","0","0","0","0","0","0","0","0","-0.85","-2.55","-6.74","0","0","7.70"
"Dec 21, 2025 11:30:16 p.m. PST","25176693041","Order","702-3505714-8509018","KS-POSSET2-GKS-ZW-YYI","Dream Reach Kitchen Scissors Set Silver - Stainless Steel Kitchen Shear, Sharp Meat Scissors Dishwasher Safe, Heavy Duty Poultry Shears, Japanese Cook","1","amazon.ca","Amazon","Leduc","Alberta","T9E 4L","Combined TCS+MTC","37.99","1.90","3.92","0","0","0","0","0","-3.92","0","-1.90","-5.70","-7.13","0","0","25.16"
"Dec 22, 2025 12:21:56 a.m. PST","25176693041","Order","701-4132943-6351410","KS-POS-GKS-3.54in-YYI","Dream Reach Kitchen Scissors All Purpose - Stainless Steel Kitchen Shear, Sharp Silver Meat Scissors Dishwasher Safe, Heavy Duty Poultry Shears, Japan","1","amazon.ca","Amazon","Saint-Hubert","Québec","J3Y 5M","Combined TCS+MTC","16.99","2.54","0","0","0","0","0","0","0","0","-2.54","-2.55","-6.74","0","0","7.70"
"Dec 22, 2025 12:46:37 a.m. PST","25176693041","Order","701-8306144-4777055","9B-5VGN-40SH","Dream Reach 2 Pack Kitchen Scissors, Premium All-Metal Kitchen Shears, Heavy Duty Poultry Shears for Food, Food-Grade Stainless Steel Scissors, Gift f","1","amazon.ca","Amazon","Calgary","Alberta","T3H 1V","Combined TCS+MTC","29.99","1.50","0","0","0","0","0","0","0","0","-1.50","-4.50","-7.65","0","0","17.84"
"Dec 22, 2025 1:06:20 a.m. PST","25176693041","Order","701-2309288-7457003","KS-POSSET2-GKS-ZW-YHE","Dream Reach Kitchen Scissors Set Black - Stainless Steel Kitchen Shears, Sharp Meat Scissors Dishwasher Safe, Heavy Duty Poultry Shears All Purpose, J","1","amazon.ca","Amazon","North Vancouver","British Columbia","V7R 4N","Combined TCS+MTC","37.99","4.56","0","0","0","0","0","0","0","0","-4.56","-5.70","-7.65","0","0","24.64"
"Dec 22, 2025 1:25:01 a.m. PST","25176693041","Order","702-3433839-6344239","KF02-BBJ","Dream Reach Chef Knife, Japanese Kitchen Knife, Sharp Stainless Steel Viking Style Meat Knife with Wooden Handle, Feather Design Cooking Knife with Sh","1","amazon.ca","Amazon","St-Joachim-De-Shefford","Quebec","J0E 2G","Combined TCS+MTC","37.40","5.60","0","0","0","0","0","0","0","0","-5.60","-5.61","-7.13","0","0","24.66"
"Dec 22, 2025 2:14:27 a.m. PST","25176693041","Order","702-1603955-4873006","KS-POS-GKS-3.54in-YYI","Dream Reach Kitchen Scissors All Purpose - Stainless Steel Kitchen Shear, Sharp Silver Meat Scissors Dishwasher Safe, Heavy Duty Poultry Shears, Japan","2","amazon.ca","Amazon","Uxbridge","Ontario","L9P 1B","Combined TCS+MTC","33.98","4.20","0","0","0","0","0","0","-1.70","0","-4.20","-4.84","-13.48","0","0","13.96"
"Dec 22, 2025 2:37:05 a.m. PST","25176693041","Order","701-0435977-5189861","KS-POS-GKS-3.54in-YYI","Dream Reach Kitchen Scissors All Purpose - Stainless Steel Kitchen Shear, Sharp Silver Meat Scissors Dishwasher Safe, Heavy Duty Poultry Shears, Japan","1","amazon.ca","Amazon","Guelph","Ontario","N1H 6J","Combined TCS+MTC","16.99","2.21","0","0","0","0","0","0","0","0","-2.21","-2.55","-6.74","0","0","7.70"
"Dec 22, 2025 2:50:17 a.m. PST","25176693041","Order","702-8616573-1184210","9B-5VGN-40SH","Dream Reach 2 Pack Kitchen Scissors, Premium All-Metal Kitchen Shears, Heavy Duty Poultry Shears for Food, Food-Grade Stainless Steel Scissors, Gift f","1","amazon.ca","Amazon","Kitchener","Ontario","N2N 1T","Combined TCS+MTC","29.99","3.90","0","0","0","0","0","0","0","0","-3.90","-4.50","-7.65","0","0","17.84"
"Dec 22, 2025 3:06:06 a.m. PST","25176693041","Order","701-5799512-0642605","KF04-BBJ","Dream Reach Meat Bone Cleaver Knife for Meat Cutting Handmade Heavy Duty Butcher Axes Hand Forged Full Tang Chopper for Kitchen Outdoor BBQ Chef Gifts","1","amazon.ca","Amazon","Rang-Saint-Georges","New Brunswick","E8R 1L","Combined TCS+MTC","34.99","5.25","0","0","0","0","0","0","0","0","-5.25","-5.25","-8.74","0","0","21.00"
"Dec 22, 2025 3:34:50 a.m. PST","25176693041","Order","701-2654641-9356212","KS-POSSET2-GKS-ZW-YYI","Dream Reach Kitchen Scissors Set Silver - Stainless Steel Kitchen Shear, Sharp Meat Scissors Dishwasher Safe, Heavy Duty Poultry Shears, Japanese Cook","1","amazon.ca","Amazon","CAMBRIDGE","ON","N1S2A","Combined TCS+MTC","37.99","4.94","0","0","0","0","0","0","0","0","-4.94","-5.70","-7.13","0","0","25.16"
"Dec 22, 2025 4:23:36 a.m. PST","25176693041","Order","701-0601705-8593050","KF02-BBJ","Dream Reach Chef Knife, Japanese Kitchen Knife, Sharp Stainless Steel Viking Style Meat Knife with Wooden Handle, Feather Design Cooking Knife with Sh","1","amazon.ca","Amazon","Neyaashiinigmiing","Ontario","N0H 2T","Combined TCS+MTC","37.40","4.86","0","0","0","0","0","0","0","0","-4.86","-5.61","-7.13","0","0","24.66"
"Dec 22, 2025 4:24:23 a.m. PST","25176693041","Order","702-3152420-8069834","KS-POSSET2-GKS-ZW-YHE","Dream Reach Kitchen Scissors Set Black - Stainless Steel Kitchen Shears, Sharp Meat Scissors Dishwasher Safe, Heavy Duty Poultry Shears All Purpose, J","1","amazon.ca","Amazon","Ingleside","Ontario","K0C1M","Combined TCS+MTC","37.99","4.94","0","0","0","0","0","0","0","0","-4.94","-5.70","-7.65","0","0","24.64"
"Dec 22, 2025 4:48:16 a.m. PST","25176693041","Order","701-8233720-6915425","KS-POS-GKS-3.54in-YYI","Dream Reach Kitchen Scissors All Purpose - Stainless Steel Kitchen Shear, Sharp Silver Meat Scissors Dishwasher Safe, Heavy Duty Poultry Shears, Japan","1","amazon.ca","Amazon","Beauharnois","Quebec","J6N 2W","Combined TCS+MTC","16.99","2.54","0","0","0","0","0","0","0","0","-2.54","-2.55","-6.74","0","0","7.70"
"Dec 22, 2025 4:59:27 a.m. PST","25176693041","Order","702-6488559-0334644","9B-5VGN-40SH","Dream Reach 2 Pack Kitchen Scissors, Premium All-Metal Kitchen Shears, Heavy Duty Poultry Shears for Food, Food-Grade Stainless Steel Scissors, Gift f","1","amazon.ca","Amazon","Waterloo","ON","N2L 5N","Combined TCS+MTC","29.99","3.90","0","0","0","0","0","0","0","0","-3.90","-4.50","-7.65","0","0","17.84"
"Dec 22, 2025 5:09:12 a.m. PST","25176693041","Order","702-1116318-9150623","KF02-BBJ","Dream Reach Chef Knife, Japanese Kitchen Knife, Sharp Stainless Steel Viking Style Meat Knife with Wooden Handle, Feather Design Cooking Knife with Sh","1","amazon.ca","Amazon","Campbell River","British Columbia","V9W 6Z","Combined TCS+MTC","37.40","4.49","2.74","0","0","0","0","0","-2.74","0","-4.49","-5.61","-7.13","0","0","24.66"
"Dec 22, 2025 5:19:13 a.m. PST","25176693041","Order","702-0432322-6402661","HS1901","Dream Reach 6"" Professional Hair Cutting Scissors Japan 440C Steel Thinning Scissor for Men/Women Cutting for Salon/Barber/Home (Straight Scissors)","1","amazon.ca","Amazon","Toronto","On","M2P 1G","Combined TCS+MTC","43.99","5.72","0","0","0","0","0","0","0","0","-5.72","-6.60","-6.49","0","0","30.90"
"Dec 22, 2025 5:36:09 a.m. PST","25176693041","Order","702-1086051-1704246","9B-5VGN-40SH","Dream Reach 2 Pack Kitchen Scissors, Premium All-Metal Kitchen Shears, Heavy Duty Poultry Shears for Food, Food-Grade Stainless Steel Scissors, Gift f","1","amazon.ca","Amazon","Guelph","Ontario","N1E 0C","Combined TCS+MTC","29.99","3.90","0","0","0","0","0","0","0","0","-3.90","-4.50","-7.65","0","0","17.84"
"Dec 22, 2025 5:48:07 a.m. PST","25176693041","Order","702-0753227-9161067","9B-5VGN-40SH","Dream Reach 2 Pack Kitchen Scissors, Premium All-Metal Kitchen Shears, Heavy Duty Poultry Shears for Food, Food-Grade Stainless Steel Scissors, Gift f","1","amazon.ca","Amazon","West Kelowna","British Columbia","V4T 1B","Combined TCS+MTC","29.99","3.60","0","0","4.49","0.54","0","0","0","0","-4.14","-4.50","-12.99","0","0","16.99"
"Dec 22, 2025 6:15:32 a.m. PST","25176693041","Order","701-2732384-4685031","BBJK06-Set6","Dream Reach Knife Set with Roll Bag, 6-Piece Professional Chef Knife Set, High Carbon Steel Black Kitchen Knives for Cooking, BBQ & Outdoor Use","1","amazon.ca","Amazon","West Kelowna","British Columbia","V1Z 3P","Combined TCS+MTC","53.99","6.48","0","0","0","0","0","0","0","0","-6.48","-8.10","-11.45","0","0","34.44"
"Dec 22, 2025 6:18:11 a.m. PST","25176693041","Order","702-8377407-1115464","9B-5VGN-40SH","Dream Reach 2 Pack Kitchen Scissors, Premium All-Metal Kitchen Shears, Heavy Duty Poultry Shears for Food, Food-Grade Stainless Steel Scissors, Gift f","1","amazon.ca","Amazon","Gander","Newfoundland","A1V 2R","Combined TCS+MTC","25.73","3.86","0","0","0","0","0","0","0","0","-3.86","-3.86","-7.65","0","0","14.22"
"Dec 22, 2025 7:04:49 a.m. PST","25176693041","Order","701-5766725-3881852","WG-F1EH-Y6QO","Grooming Pet Shear, 6.5 Inch Downword Curved Scissors, Curved Shears for Cat Shears and Small Dog Shears Or Any Breed Trimming Cuts, Design for Profes","1","amazon.ca","Amazon","Oakville","Ontario","L6H 7J","Combined TCS+MTC","39.99","4.42","0","0","0","0","0","0","-6.00","0","-4.42","-5.10","-6.49","0","0","22.40"
"Dec 22, 2025 7:35:59 a.m. PST","25176693041","Order","701-9000074-9025800","KF02-BBJ","Dream Reach Chef Knife, Japanese Kitchen Knife, Sharp Stainless Steel Viking Style Meat Knife with Wooden Handle, Feather Design Cooking Knife with Sh","1","amazon.ca","Amazon","Terrebonne","Quebec","J6V 1C","Combined TCS+MTC","37.40","5.60","0","0","0","0","0","0","0","0","-5.60","-5.61","-7.13","0","0","24.66"
"Dec 22, 2025 8:23:39 a.m. PST","25176693041","Order","S01-5022827-9039627","Scissors04B6","Dream Reach 6"" Upward Curved Dog Grooming Scissors Shears for Grooming Face and Paws Safety Shears Trimming Cutting Scissors for Dog Cat Pet Black","1","siprod.stores.amazon.ca","Amazon","BOUCTOUCHE","NB","E4S 3M","","0","0","0","0","0","0","0","0","0","0","0","0","-3.82","0","0","-3.82"
"Dec 22, 2025 8:23:39 a.m. PST","25176693041","Order","S01-5022827-9039627","","FBA transportation fee","","siprod.stores.amazon.ca","Amazon","BOUCTOUCHE","NB","E4S 3M","","0","0","0","0","0","0","0","0","0","0","0","0","0","0","-5.60","-5.60"
"Dec 22, 2025 11:59:52 a.m. PST","25176693041","Service Fee","","","Cost of advertising","","","","","","","","0","0","0","0","0","0","0","0","0","0","0","0","0","-500.47","0","-500.47"
"Dec 22, 2025 9:00:23 p.m. PST","25176693041","Order","702-4293120-9821847","KS-POS-GKS-3.54in-YYI","Dream Reach Kitchen Scissors All Purpose - Stainless Steel Kitchen Shear, Sharp Silver Meat Scissors Dishwasher Safe, Heavy Duty Poultry Shears, Japan","1","amazon.ca","Amazon","Montreal","Quebec","H3G 0B","Combined TCS+MTC","16.99","2.16","0","0","0","0","0","0","-2.55","0","-2.16","-2.17","-6.74","0","0","5.53"
"Dec 22, 2025 10:33:09 p.m. PST","25176693041","Order","702-2273994-4149065","KF02-BBJ","Dream Reach Chef Knife, Japanese Kitchen Knife, Sharp Stainless Steel Viking Style Meat Knife with Wooden Handle, Feather Design Cooking Knife with Sh","1","amazon.ca","Amazon","Lethbridge","Alberta","T1H 4C","Combined TCS+MTC","37.40","1.87","0","0","0","0","0","0","0","0","-1.87","-5.61","-7.13","0","0","24.66"
"Dec 22, 2025 10:40:43 p.m. PST","25176693041","Order","701-1186207-5824247","9B-5VGN-40SH","Dream Reach 2 Pack Kitchen Scissors, Premium All-Metal Kitchen Shears, Heavy Duty Poultry Shears for Food, Food-Grade Stainless Steel Scissors, Gift f","1","amazon.ca","Amazon","Boucherville","Quebec","J4B 6M","Combined TCS+MTC","29.99","4.49","0","0","0","0","0","0","0","0","-4.49","-4.50","-7.65","0","0","17.84"
"Dec 22, 2025 11:15:25 p.m. PST","25176693041","Order","701-6464947-0142629","KS-POSSET2-GKS-ZW-YHE","Dream Reach Kitchen Scissors Set Black - Stainless Steel Kitchen Shears, Sharp Meat Scissors Dishwasher Safe, Heavy Duty Poultry Shears All Purpose, J","1","amazon.ca","Amazon","Winnipeg","Manitoba","R2R 2W","Combined TCS+MTC","37.99","4.56","0","0","0","0","0","0","0","0","-4.56","-5.70","-7.65","0","0","24.64"
"Dec 22, 2025 11:42:52 p.m. PST","25176693041","Refund","701-3266325-3631452","9B-5VGN-40SH","Dream Reach 2 Pack Kitchen Scissors, Premium All-Metal Kitchen Shears, Heavy Duty Poultry Shears for Food, Food-Grade Stainless Steel Scissors, Gift f","1","amazon.ca","Amazon","Yorkton","Saskatchewan","S3N 3L","Combined TCS+MTC","-29.99","-2.83","0","0","0","0","0","0","4.26","0","2.83","3.09","0","0","0","-22.64"
"Dec 22, 2025 11:58:25 p.m. PST","25176693041","Order","701-0039543-7785022","9B-5VGN-40SH","Dream Reach 2 Pack Kitchen Scissors, Premium All-Metal Kitchen Shears, Heavy Duty Poultry Shears for Food, Food-Grade Stainless Steel Scissors, Gift f","1","amazon.ca","Amazon","Whistler","British Columbia","V8E 0G","Combined TCS+MTC","29.99","3.60","0","0","0","0","0","0","0","0","-3.60","-4.50","-8.19","0","0","17.30"
"Dec 23, 2025 1:49:32 a.m. PST","25176693041","Order","702-4442774-4059417","9B-5VGN-40SH","Dream Reach 2 Pack Kitchen Scissors, Premium All-Metal Kitchen Shears, Heavy Duty Poultry Shears for Food, Food-Grade Stainless Steel Scissors, Gift f","1","amazon.ca","Amazon","Delta","British Columbia","V4E 3A","Combined TCS+MTC","29.99","3.60","0","0","0","0","0","0","0","0","-3.60","-4.50","-8.19","0","0","17.30"
"Dec 23, 2025 1:49:51 a.m. PST","25176693041","Order","701-3266325-3631452","9B-5VGN-40SH","Dream Reach 2 Pack Kitchen Scissors, Premium All-Metal Kitchen Shears, Heavy Duty Poultry Shears for Food, Food-Grade Stainless Steel Scissors, Gift f","1","amazon.ca","Amazon","Yorkton","Saskatchewan","S3N 3L","Combined TCS+MTC","29.99","2.83","0","0","0","0","0","0","-4.26","0","-2.83","-3.86","-7.65","0","0","14.22"
"Dec 23, 2025 1:50:12 a.m. PST","25176693041","Order","701-5748291-0708210","9B-5VGN-40SH","Dream Reach 2 Pack Kitchen Scissors, Premium All-Metal Kitchen Shears, Heavy Duty Poultry Shears for Food, Food-Grade Stainless Steel Scissors, Gift f","1","amazon.ca","Amazon","Nelson","British Columbia","V1L 0B","Combined TCS+MTC","29.99","3.09","0","0","0","0","0","0","-4.26","0","-3.09","-3.86","-8.19","0","0","13.68"
"Dec 23, 2025 2:12:10 a.m. PST","25176693041","Order","702-4092131-3014605","KS-POSSET2-GKS-ZW-YYI","Dream Reach Kitchen Scissors Set Silver - Stainless Steel Kitchen Shear, Sharp Meat Scissors Dishwasher Safe, Heavy Duty Poultry Shears, Japanese Cook","1","amazon.ca","Amazon","BRAMPTON","ON","L6V4L","Combined TCS+MTC","37.99","4.94","6.99","0","0","0","0","0","-6.99","0","-4.94","-5.70","-7.65","0","0","24.64"
"Dec 23, 2025 2:20:49 a.m. PST","25176693041","Order","702-8224879-4469833","BBJK06-Set6","Dream Reach Knife Set with Roll Bag, 6-Piece Professional Chef Knife Set, High Carbon Steel Black Kitchen Knives for Cooking, BBQ & Outdoor Use","1","amazon.ca","Amazon","Niagara Falls","Ontario","L2H 2Y","Combined TCS+MTC","53.99","7.02","1.40","0","0","0","0","0","-1.40","0","-7.02","-8.10","-11.45","0","0","34.44"
"Dec 23, 2025 2:40:57 a.m. PST","25176693041","Amazon fees","25444cad-31aa-4a01-b5f1-1391594fde33","","Deal performance-based fee","","Amazon.ca","","","","","","0","0","0","0","0","0","0","0","0","0","0","-3.36","0","0","0","-3.36"
"Dec 23, 2025 2:43:11 a.m. PST","25176693041","Amazon fees","25444cad-31aa-4a01-b5f1-1391594fde33","","Deal participation fee","","Amazon.ca","","","","","","0","0","0","0","0","0","0","0","0","0","0","-5.00","0","0","0","-5.00"
"Dec 23, 2025 2:44:52 a.m. PST","25176693041","Order","701-3387064-4717843","KS-POSSET2-GKS-ZW-YHE","Dream Reach Kitchen Scissors Set Black - Stainless Steel Kitchen Shears, Sharp Meat Scissors Dishwasher Safe, Heavy Duty Poultry Shears All Purpose, J","1","amazon.ca","Amazon","Aldergrove","British Columbia","V4W1C","Combined TCS+MTC","37.99","4.56","0","0","0","0","0","0","0","0","-4.56","-5.70","-7.65","0","0","24.64"
"Dec 23, 2025 2:57:13 a.m. PST","25176693041","Order","701-6699048-6742647","KS-POS-GKS-3.54in-YYI","Dream Reach Kitchen Scissors All Purpose - Stainless Steel Kitchen Shear, Sharp Silver Meat Scissors Dishwasher Safe, Heavy Duty Poultry Shears, Japan","1","amazon.ca","Amazon","Montreal","Quebec","H3Y 2A","Combined TCS+MTC","16.99","2.54","0","0","0","0","0","0","0","0","-2.54","-2.55","-6.74","0","0","7.70"
"Dec 23, 2025 2:58:28 a.m. PST","25176693041","Order","701-2979316-4093863","KF02-BBJ","Dream Reach Chef Knife, Japanese Kitchen Knife, Sharp Stainless Steel Viking Style Meat Knife with Wooden Handle, Feather Design Cooking Knife with Sh","1","amazon.ca","Amazon","Binbrook","Ontario","L0R 1C","Combined TCS+MTC","37.40","4.86","0","0","0","0","0","0","0","0","-4.86","-5.61","-7.13","0","0","24.66"
"Dec 23, 2025 3:09:21 a.m. PST","25176693041","Order","702-5207508-1118662","9B-5VGN-40SH","Dream Reach 2 Pack Kitchen Scissors, Premium All-Metal Kitchen Shears, Heavy Duty Poultry Shears for Food, Food-Grade Stainless Steel Scissors, Gift f","1","amazon.ca","Amazon","Abbotsford","British Columbia","V2S8L","Combined TCS+MTC","29.99","3.60","0","0","0","0","0","0","0","0","-3.60","-4.50","-8.19","0","0","17.30"
"Dec 23, 2025 3:17:08 a.m. PST","25176693041","Order","702-2313884-7891411","KS-POS-GKS-3.54in-YYI","Dream Reach Kitchen Scissors All Purpose - Stainless Steel Kitchen Shear, Sharp Silver Meat Scissors Dishwasher Safe, Heavy Duty Poultry Shears, Japan","1","amazon.ca","Amazon","Brantford","Ontario","N3T 3L","Combined TCS+MTC","16.99","2.21","0","0","0","0","0","0","0","0","-2.21","-2.55","-6.74","0","0","7.70"
"Dec 23, 2025 3:36:27 a.m. PST","25176693041","Order","701-4973815-7087400","BBJK06-Set3","Dream Reach 3PCS Kitchen Knife Set, Kitchen Knives, Butcher Knife Set, Chef Knife Set, Meat Cleaver Knife, High-Hardness Steel Knives with Ergonomic W","3","amazon.ca","Amazon","HAPPY VALLEY-GOOSE BAY","NEWFOUNDLAND AND LABRADOR","A0P1E","Combined TCS+MTC","119.97","18.00","0","0","0","0","0","0","0","0","-18.00","-18.00","-28.74","0","0","73.23"
"Dec 23, 2025 3:40:55 a.m. PST","25176693041","Order","702-8017880-6387429","BBJK06-Set6","Dream Reach Knife Set with Roll Bag, 6-Piece Professional Chef Knife Set, High Carbon Steel Black Kitchen Knives for Cooking, BBQ & Outdoor Use","1","amazon.ca","Amazon","Lawrencetown","Nova Scotia","B2Z 1T","Combined TCS+MTC","53.99","7.56","0","0","4.49","0.63","0","0","0","0","-8.19","-8.10","-15.94","0","0","34.44"
"Dec 23, 2025 3:49:55 a.m. PST","25176693041","Order","701-8375394-2205002","KS-POS-GKS-3.54in-YYI","Dream Reach Kitchen Scissors All Purpose - Stainless Steel Kitchen Shear, Sharp Silver Meat Scissors Dishwasher Safe, Heavy Duty Poultry Shears, Japan","1","amazon.ca","Amazon","L'Ile-Bizard","Quebec","H9E 1B","Combined TCS+MTC","16.99","2.54","0","0","0","0","0","0","0","0","-2.54","-2.55","-6.74","0","0","7.70"
"Dec 23, 2025 4:09:28 a.m. PST","25176693041","Order","702-7425512-1691405","9B-5VGN-40SH","Dream Reach 2 Pack Kitchen Scissors, Premium All-Metal Kitchen Shears, Heavy Duty Poultry Shears for Food, Food-Grade Stainless Steel Scissors, Gift f","1","amazon.ca","Amazon","Goose Bay","Newfoundland","A0P 1C","Combined TCS+MTC","29.99","4.50","0","0","0","0","0","0","0","0","-4.50","-4.50","-7.65","0","0","17.84"
"Dec 23, 2025 4:18:10 a.m. PST","25176693041","Order","701-1639483-2201808","BBJK06-Set6","Dream Reach Knife Set with Roll Bag, 6-Piece Professional Chef Knife Set, High Carbon Steel Black Kitchen Knives for Cooking, BBQ & Outdoor Use","1","amazon.ca","Amazon","Burlington","Ontario","L7T 3W","Combined TCS+MTC","53.99","7.02","0","0","0","0","0","0","0","0","-7.02","-8.10","-11.45","0","0","34.44"
"Dec 23, 2025 4:32:10 a.m. PST","25176693041","Order","701-7229149-6620266","9B-5VGN-40SH","Dream Reach 2 Pack Kitchen Scissors, Premium All-Metal Kitchen Shears, Heavy Duty Poultry Shears for Food, Food-Grade Stainless Steel Scissors, Gift f","1","amazon.ca","Amazon","Surrey","British Columbia","V3W 2C","Combined TCS+MTC","29.99","3.60","6.99","0","0","0","0","0","-6.99","0","-3.60","-4.50","-8.19","0","0","17.30"
"Dec 23, 2025 4:34:58 a.m. PST","25176693041","Order","702-0901165-7737019","KF02-BBJ","Dream Reach Chef Knife, Japanese Kitchen Knife, Sharp Stainless Steel Viking Style Meat Knife with Wooden Handle, Feather Design Cooking Knife with Sh","1","amazon.ca","Amazon","Burlington","Ontario","L7N 2Z","Combined TCS+MTC","37.40","4.86","0","0","0","0","0","0","0","0","-4.86","-5.61","-7.13","0","0","24.66"
"Dec 23, 2025 4:50:59 a.m. PST","25176693041","Order","702-7750378-1013817","KS-POS-GKS-3.54in-YYI","Dream Reach Kitchen Scissors All Purpose - Stainless Steel Kitchen Shear, Sharp Silver Meat Scissors Dishwasher Safe, Heavy Duty Poultry Shears, Japan","1","amazon.ca","Amazon","St alexandre d'iberville","Québec","J0J1S","Combined TCS+MTC","16.99","2.54","0","0","0","0","0","0","0","0","-2.54","-2.55","-6.74","0","0","7.70"
"Dec 23, 2025 4:56:52 a.m. PST","25176693041","Order","702-3481609-2963447","9B-5VGN-40SH","Dream Reach 2 Pack Kitchen Scissors, Premium All-Metal Kitchen Shears, Heavy Duty Poultry Shears for Food, Food-Grade Stainless Steel Scissors, Gift f","1","amazon.ca","Amazon","St Thomas","Ontario","N5R0G","Combined TCS+MTC","29.99","3.90","6.99","0","0","0","0","0","-6.99","0","-3.90","-4.50","-7.65","0","0","17.84"
"Dec 23, 2025 4:57:19 a.m. PST","25176693041","Order","701-0144559-6858651","BBJK06-Set6","Dream Reach Knife Set with Roll Bag, 6-Piece Professional Chef Knife Set, High Carbon Steel Black Kitchen Knives for Cooking, BBQ & Outdoor Use","1","amazon.ca","Amazon","Wetaskiwin","Alberta","T9A 0B","Combined TCS+MTC","53.99","2.70","0","0","4.49","0.22","0","0","0","0","-2.92","-8.10","-15.94","0","0","34.44"
"Dec 23, 2025 5:01:16 a.m. PST","25176693041","Order","702-5482758-6068269","9B-5VGN-40SH","Dream Reach 2 Pack Kitchen Scissors, Premium All-Metal Kitchen Shears, Heavy Duty Poultry Shears for Food, Food-Grade Stainless Steel Scissors, Gift f","1","amazon.ca","Amazon","Prescott","Ontario","K0E 1T","Combined TCS+MTC","29.99","3.90","0","0","0","0","0","0","0","0","-3.90","-4.50","-7.65","0","0","17.84"
"Dec 23, 2025 5:26:22 a.m. PST","25176693041","Order","702-4337282-4333066","9B-5VGN-40SH","Dream Reach 2 Pack Kitchen Scissors, Premium All-Metal Kitchen Shears, Heavy Duty Poultry Shears for Food, Food-Grade Stainless Steel Scissors, Gift f","1","amazon.ca","Amazon","St Walburg","Saskatchewan","S0M 2T","Combined TCS+MTC","29.99","3.30","0","0","0","0","0","0","0","0","-3.30","-4.50","-7.65","0","0","17.84"
"Dec 23, 2025 5:28:46 a.m. PST","25176693041","Order","701-4155956-7554663","KF04-BBJ","Dream Reach Meat Bone Cleaver Knife for Meat Cutting Handmade Heavy Duty Butcher Axes Hand Forged Full Tang Chopper for Kitchen Outdoor BBQ Chef Gifts","1","amazon.ca","Amazon","Apsley","Ontario","K0L 1A","Combined TCS+MTC","34.99","4.55","0","0","0","0","0","0","0","0","-4.55","-5.25","-8.74","0","0","21.00"
"Dec 23, 2025 5:29:03 a.m. PST","25176693041","Order","702-5077314-5293833","9B-5VGN-40SH","Dream Reach 2 Pack Kitchen Scissors, Premium All-Metal Kitchen Shears, Heavy Duty Poultry Shears for Food, Food-Grade Stainless Steel Scissors, Gift f","1","amazon.ca","Amazon","Calgary","AB","T3H 0G","Combined TCS+MTC","29.99","1.50","0","0","0","0","0","0","0","0","-1.50","-4.50","-7.65","0","0","17.84"
"Dec 23, 2025 5:30:29 a.m. PST","25176693041","Order","701-2463607-7367420","BBJK06-Set6","Dream Reach Knife Set with Roll Bag, 6-Piece Professional Chef Knife Set, High Carbon Steel Black Kitchen Knives for Cooking, BBQ & Outdoor Use","1","amazon.ca","Amazon","ETOBICOKE","ON","M8W3P","Combined TCS+MTC","53.99","7.02","0","0","0","0","0","0","0","0","-7.02","-8.10","-11.45","0","0","34.44"
"Dec 23, 2025 5:31:34 a.m. PST","25176693041","Order","702-0208949-1095451","9B-5VGN-40SH","Dream Reach 2 Pack Kitchen Scissors, Premium All-Metal Kitchen Shears, Heavy Duty Poultry Shears for Food, Food-Grade Stainless Steel Scissors, Gift f","1","amazon.ca","Amazon","Edmonton","Alberta","T6V 0B","Combined TCS+MTC","29.99","1.50","2.94","0","0","0","0","0","-2.94","0","-1.50","-4.50","-7.65","0","0","17.84"
"Dec 23, 2025 5:38:25 a.m. PST","25176693041","Order","702-0197171-3613819","KS-POS-GKS-3.54in-YYI","Dream Reach Kitchen Scissors All Purpose - Stainless Steel Kitchen Shear, Sharp Silver Meat Scissors Dishwasher Safe, Heavy Duty Poultry Shears, Japan","1","amazon.ca","Amazon","Woodbridge","Ontario","L4L 9G","Combined TCS+MTC","16.99","2.21","0","0","0","0","0","0","0","0","-2.21","-2.55","-6.74","0","0","7.70"
"Dec 23, 2025 5:55:05 a.m. PST","25176693041","Order","702-4897651-3479402","HS1901","Dream Reach 6"" Professional Hair Cutting Scissors Japan 440C Steel Thinning Scissor for Men/Women Cutting for Salon/Barber/Home (Straight Scissors)","1","amazon.ca","Amazon","Cote Saint-Luc","Quebec","H3X 0B","Combined TCS+MTC","43.99","5.60","0","0","0","0","0","0","-6.60","0","-5.60","-5.61","-6.49","0","0","25.29"
"Dec 23, 2025 6:22:36 a.m. PST","25176693041","Order","701-7283753-7610624","KS-POSSET2-GKS-ZW-YHE","Dream Reach Kitchen Scissors Set Black - Stainless Steel Kitchen Shears, Sharp Meat Scissors Dishwasher Safe, Heavy Duty Poultry Shears All Purpose, J","1","amazon.ca","Amazon","Chateauguay","Quebec","J6J 2X","Combined TCS+MTC","37.99","5.69","0","0","0","0","0","0","0","0","-5.69","-5.70","-7.65","0","0","24.64"
"Dec 23, 2025 6:32:48 a.m. PST","25176693041","Order","701-8523912-0990622","KS-POSSET2-GKS-ZW-YYI","Dream Reach Kitchen Scissors Set Silver - Stainless Steel Kitchen Shear, Sharp Meat Scissors Dishwasher Safe, Heavy Duty Poultry Shears, Japanese Cook","1","amazon.ca","Amazon","Lavaltrie","Quebec","J5T 4B","Combined TCS+MTC","37.99","5.69","0","0","0","0","0","0","0","0","-5.69","-5.70","-7.65","0","0","24.64"
"Dec 23, 2025 6:35:59 a.m. PST","25176693041","Order","702-9356512-1475434","KS-POS-GKS-3.54in-YYI","Dream Reach Kitchen Scissors All Purpose - Stainless Steel Kitchen Shear, Sharp Silver Meat Scissors Dishwasher Safe, Heavy Duty Poultry Shears, Japan","1","amazon.ca","Amazon","Richmond Hill","Ontario","L4B2V","Combined TCS+MTC","16.99","2.21","0","0","0","0","0","0","0","0","-2.21","-2.55","-6.74","0","0","7.70"
"Dec 23, 2025 6:43:12 a.m. PST","25176693041","Order","701-6160156-8607401","KS-POS-GKS-3.54in-YYI","Dream Reach Kitchen Scissors All Purpose - Stainless Steel Kitchen Shear, Sharp Silver Meat Scissors Dishwasher Safe, Heavy Duty Poultry Shears, Japan","1","amazon.ca","Amazon","Vancouver","British Columbia","V6C 3T","Combined TCS+MTC","16.99","1.73","0","0","0","0","0","0","-2.55","0","-1.73","-2.17","-6.74","0","0","5.53"
"Dec 23, 2025 6:47:20 a.m. PST","25176693041","Order","701-0955414-1300234","KS-POSSET2-GKS-ZW-YHE","Dream Reach Kitchen Scissors Set Black - Stainless Steel Kitchen Shears, Sharp Meat Scissors Dishwasher Safe, Heavy Duty Poultry Shears All Purpose, J","1","amazon.ca","Amazon","Saint-Jerome","Quebec","J7Y 4S","Combined TCS+MTC","37.99","5.69","0","0","0","0","0","0","0","0","-5.69","-5.70","-7.65","0","0","24.64"
"Dec 23, 2025 7:26:56 a.m. PST","25176693041","Order","702-6265911-2655400","9B-5VGN-40SH","Dream Reach 2 Pack Kitchen Scissors, Premium All-Metal Kitchen Shears, Heavy Duty Poultry Shears for Food, Food-Grade Stainless Steel Scissors, Gift f","1","amazon.ca","Amazon","Sainte-Claire","Quebec","G0R 2V","Combined TCS+MTC","29.99","4.49","0","0","0","0","0","0","0","0","-4.49","-4.50","-7.65","0","0","17.84"
"Dec 23, 2025 7:39:54 a.m. PST","25176693041","Order","701-3706057-8421806","KF02-BBJ","Dream Reach Chef Knife, Japanese Kitchen Knife, Sharp Stainless Steel Viking Style Meat Knife with Wooden Handle, Feather Design Cooking Knife with Sh","2","amazon.ca","Amazon","Minden","Ontario","K0M 2L","Combined TCS+MTC","74.80","9.72","0","0","0","0","0","0","0","0","-9.72","-11.22","-14.26","0","0","49.32"
"Dec 23, 2025 7:41:25 a.m. PST","25176693041","Order","701-4872089-2289057","9B-5VGN-40SH","Dream Reach 2 Pack Kitchen Scissors, Premium All-Metal Kitchen Shears, Heavy Duty Poultry Shears for Food, Food-Grade Stainless Steel Scissors, Gift f","1","amazon.ca","Amazon","Morden","Manitoba","R6M 1N","Combined TCS+MTC","29.99","3.60","0","0","0","0","0","0","0","0","-3.60","-4.50","-7.65","0","0","17.84"
"Dec 23, 2025 7:44:44 a.m. PST","25176693041","Order","701-1670245-1035430","BBJK06-Set6","Dream Reach Knife Set with Roll Bag, 6-Piece Professional Chef Knife Set, High Carbon Steel Black Kitchen Knives for Cooking, BBQ & Outdoor Use","1","amazon.ca","Amazon","Dartmouth","Nova Scotia","B2Y 2C","Combined TCS+MTC","53.99","7.56","0","0","0","0","0","0","0","0","-7.56","-8.10","-11.45","0","0","34.44"
"Dec 23, 2025 7:57:05 a.m. PST","25176693041","Order","702-2736054-4174643","KS-POSSET2-GKS-ZW-YYI","Dream Reach Kitchen Scissors Set Silver - Stainless Steel Kitchen Shear, Sharp Meat Scissors Dishwasher Safe, Heavy Duty Poultry Shears, Japanese Cook","1","amazon.ca","Amazon","Taber","Alberta","T1G 0G","Combined TCS+MTC","37.99","1.90","0","0","0","0","0","0","0","0","-1.90","-5.70","-7.65","0","0","24.64"
"Dec 23, 2025 7:59:26 a.m. PST","25176693041","Order","701-5861692-3777055","9B-5VGN-40SH","Dream Reach 2 Pack Kitchen Scissors, Premium All-Metal Kitchen Shears, Heavy Duty Poultry Shears for Food, Food-Grade Stainless Steel Scissors, Gift f","1","amazon.ca","Amazon","Chilliwack","British Columbia","V2R 3G","Combined TCS+MTC","29.99","3.60","0","0","0","0","0","0","0","0","-3.60","-4.50","-8.19","0","0","17.30"
"Dec 23, 2025 8:16:46 a.m. PST","25176693041","Order","702-2215392-7337831","9B-5VGN-40SH","Dream Reach 2 Pack Kitchen Scissors, Premium All-Metal Kitchen Shears, Heavy Duty Poultry Shears for Food, Food-Grade Stainless Steel Scissors, Gift f","1","amazon.ca","Amazon","Stirling","Ontario","K0K3E","Combined TCS+MTC","29.99","3.90","0","0","0","0","0","0","0","0","-3.90","-4.50","-7.65","0","0","17.84"
"Dec 23, 2025 8:20:33 a.m. PST","25176693041","Order","701-2427669-2457834","KS-POS-GKS-3.54in-YYI","Dream Reach Kitchen Scissors All Purpose - Stainless Steel Kitchen Shear, Sharp Silver Meat Scissors Dishwasher Safe, Heavy Duty Poultry Shears, Japan","1","amazon.ca","Amazon","Carleton","Quebec","G0C 1J","Combined TCS+MTC","16.99","2.54","0","0","0","0","0","0","0","0","-2.54","-2.55","-6.74","0","0","7.70"
"Dec 23, 2025 11:03:24 a.m. PST","25176693041","Order","701-0957453-8054637","KS-POS-GKS-3.54in-YYI","Dream Reach Kitchen Scissors All Purpose - Stainless Steel Kitchen Shear, Sharp Silver Meat Scissors Dishwasher Safe, Heavy Duty Poultry Shears, Japan","1","amazon.ca","Amazon","Kelowna","British Columbia","V1W 4N","Combined TCS+MTC","16.99","2.04","0","0","0","0","0","0","0","0","-2.04","-2.55","-6.74","0","0","7.70"
"Dec 23, 2025 1:02:50 p.m. PST","25176693041","Order","702-5580846-5500225","KS-POS-GKS-3.54in-YYI","Dream Reach Kitchen Scissors All Purpose - Stainless Steel Kitchen Shear, Sharp Silver Meat Scissors Dishwasher Safe, Heavy Duty Poultry Shears, Japan","1","amazon.ca","Amazon","AMARANTH","ON","L9W0S","Combined TCS+MTC","16.99","2.21","0","0","0","0","0","0","0","0","-2.21","-2.55","-6.74","0","0","7.70"
"Dec 23, 2025 1:28:53 p.m. PST","25176693041","Order","702-1777746-8934653","9B-5VGN-40SH","Dream Reach 2 Pack Kitchen Scissors, Premium All-Metal Kitchen Shears, Heavy Duty Poultry Shears for Food, Food-Grade Stainless Steel Scissors, Gift f","1","amazon.ca","Amazon","Etobikoke","Ontario","M9R1B","Combined TCS+MTC","29.99","3.90","0","0","0","0","0","0","0","0","-3.90","-4.50","-7.65","0","0","17.84"
"Dec 23, 2025 3:15:45 p.m. PST","25176693041","Order","702-3522587-4337819","9B-5VGN-40SH","Dream Reach 2 Pack Kitchen Scissors, Premium All-Metal Kitchen Shears, Heavy Duty Poultry Shears for Food, Food-Grade Stainless Steel Scissors, Gift f","1","amazon.ca","Amazon","Brussels","Ontario","N0G 1H","Combined TCS+MTC","29.99","3.90","0","0","0","0","0","0","0","0","-3.90","-4.50","-7.65","0","0","17.84"
"Dec 23, 2025 3:19:25 p.m. PST","25176693041","Order","702-1080604-0972234","KS-POS-GKS-3.54in-YYI","Dream Reach Kitchen Scissors All Purpose - Stainless Steel Kitchen Shear, Sharp Silver Meat Scissors Dishwasher Safe, Heavy Duty Poultry Shears, Japan","1","amazon.ca","Amazon","Winnipeg","Manitoba","R2J 2P","Combined TCS+MTC","16.99","2.04","0","0","0","0","0","0","0","0","-2.04","-2.55","-6.74","0","0","7.70"
"Dec 23, 2025 4:39:19 p.m. PST","25176693041","Order","702-6168819-5881008","KF04-BBJ","Dream Reach Meat Bone Cleaver Knife for Meat Cutting Handmade Heavy Duty Butcher Axes Hand Forged Full Tang Chopper for Kitchen Outdoor BBQ Chef Gifts","1","amazon.ca","Amazon","Brampton","Ontario","L6Y 1N","Combined TCS+MTC","34.99","4.55","0","0","0","0","0","0","0","0","-4.55","-5.25","-8.74","0","0","21.00"
"Dec 23, 2025 5:10:17 p.m. PST","25176693041","Order","702-7793900-4726642","KS-POS-GKS-3.54in-YYI","Dream Reach Kitchen Scissors All Purpose - Stainless Steel Kitchen Shear, Sharp Silver Meat Scissors Dishwasher Safe, Heavy Duty Poultry Shears, Japan","1","amazon.ca","Amazon","London","Ontario","N6B 2W","Combined TCS+MTC","16.99","2.21","0","0","0","0","0","0","0","0","-2.21","-2.55","-6.74","0","0","7.70"
"Dec 23, 2025 5:25:22 p.m. PST","25176693041","Order","701-2595765-4867438","9B-5VGN-40SH","Dream Reach 2 Pack Kitchen Scissors, Premium All-Metal Kitchen Shears, Heavy Duty Poultry Shears for Food, Food-Grade Stainless Steel Scissors, Gift f","1","amazon.ca","Amazon","Prince George","BC","V2N 3J","Combined TCS+MTC","29.99","3.60","0","0","0","0","0","0","0","0","-3.60","-4.50","-7.65","0","0","17.84"
"Dec 23, 2025 5:33:29 p.m. PST","25176693041","Order","701-5942570-2893064","9B-5VGN-40SH","Dream Reach 2 Pack Kitchen Scissors, Premium All-Metal Kitchen Shears, Heavy Duty Poultry Shears for Food, Food-Grade Stainless Steel Scissors, Gift f","1","amazon.ca","Amazon","Calgary","Alberta","T3B 1Z","Combined TCS+MTC","29.99","1.50","3.27","0","0","0","0","0","-3.27","0","-1.50","-4.50","-7.65","0","0","17.84"
"Dec 23, 2025 9:21:18 p.m. PST","25176693041","Order","701-0368773-6453815","9B-5VGN-40SH","Dream Reach 2 Pack Kitchen Scissors, Premium All-Metal Kitchen Shears, Heavy Duty Poultry Shears for Food, Food-Grade Stainless Steel Scissors, Gift f","1","amazon.ca","Amazon","St-Agapit","Quebec","G0S 1Z","Combined TCS+MTC","29.99","4.49","0","0","0","0","0","0","0","0","-4.49","-4.50","-7.65","0","0","17.84"
"Dec 23, 2025 9:51:31 p.m. PST","25176693041","Order","701-4739856-5989017","9B-5VGN-40SH","Dream Reach 2 Pack Kitchen Scissors, Premium All-Metal Kitchen Shears, Heavy Duty Poultry Shears for Food, Food-Grade Stainless Steel Scissors, Gift f","1","amazon.ca","Amazon","Brampton","Ontario","L6X 0X","Combined TCS+MTC","29.99","3.90","0","0","0","0","0","0","0","0","-3.90","-4.50","-7.65","0","0","17.84"
"Dec 23, 2025 10:00:52 p.m. PST","25176693041","Order","S01-0731841-6768444","KF04-BBJ","Dream Reach Meat Bone Cleaver Knife for Meat Cutting Handmade Heavy Duty Butcher Axes Hand Forged Full Tang Chopper for Kitchen Outdoor BBQ Chef Gifts Idea Men Black","1","siprod.stores.amazon.ca","Amazon","ADVOCATE HARBOUR","NS","B0M 1A","","0","0","0","0","0","0","0","0","0","0","0","0","-3.82","0","0","-3.82"
"Dec 23, 2025 10:00:52 p.m. PST","25176693041","Order","S01-0731841-6768444","","FBA transportation fee","","siprod.stores.amazon.ca","Amazon","ADVOCATE HARBOUR","NS","B0M 1A","","0","0","0","0","0","0","0","0","0","0","0","0","0","0","-8.98","-8.98"
"Dec 23, 2025 10:11:20 p.m. PST","25176693041","Order","702-2391429-3802669","9B-5VGN-40SH","Dream Reach 2 Pack Kitchen Scissors, Premium All-Metal Kitchen Shears, Heavy Duty Poultry Shears for Food, Food-Grade Stainless Steel Scissors, Gift f","1","amazon.ca","Amazon","Maple","Ontario","L6A 4C","Combined TCS+MTC","29.99","3.90","0","0","0","0","0","0","0","0","-3.90","-4.50","-7.65","0","0","17.84"
"Dec 23, 2025 10:14:27 p.m. PST","25176693041","Order","701-0915907-4302616","KS-POSSET2-GKS-ZW-YYI","Dream Reach Kitchen Scissors Set Silver - Stainless Steel Kitchen Shear, Sharp Meat Scissors Dishwasher Safe, Heavy Duty Poultry Shears, Japanese Cook","1","amazon.ca","Amazon","Fergus","Ontario","N1M 0C","Combined TCS+MTC","37.99","4.94","0","0","0","0","0","0","0","0","-4.94","-5.70","-7.65","0","0","24.64"
"Dec 23, 2025 10:23:16 p.m. PST","25176693041","Order","702-8128115-0750619","KS-POSSET2-GKS-ZW-YYI","Dream Reach Kitchen Scissors Set Silver - Stainless Steel Kitchen Shear, Sharp Meat Scissors Dishwasher Safe, Heavy Duty Poultry Shears, Japanese Cook","1","amazon.ca","Amazon","Lachine","Quebec","H8T 1J","Combined TCS+MTC","37.99","5.69","0","0","0","0","0","0","0","0","-5.69","-5.70","-7.65","0","0","24.64"
"Dec 23, 2025 10:24:36 p.m. PST","25176693041","Order","701-9778219-5025809","9B-5VGN-40SH","Dream Reach 2 Pack Kitchen Scissors, Premium All-Metal Kitchen Shears, Heavy Duty Poultry Shears for Food, Food-Grade Stainless Steel Scissors, Gift f","1","amazon.ca","Amazon","Fort Langley","British Columbia","V1M2S","Combined TCS+MTC","29.99","3.60","0","0","0","0","0","0","0","0","-3.60","-4.50","-8.19","0","0","17.30"
"Dec 23, 2025 10:26:47 p.m. PST","25176693041","Order","702-9134939-5146647","KS-POS-GKS-3.54in-YYI","Dream Reach Kitchen Scissors All Purpose - Stainless Steel Kitchen Shear, Sharp Silver Meat Scissors Dishwasher Safe, Heavy Duty Poultry Shears, Japan","1","amazon.ca","Amazon","windsor","ontario","N8W5N","Combined TCS+MTC","16.99","2.21","0","0","0","0","0","0","0","0","-2.21","-2.55","-6.74","0","0","7.70"
"Dec 23, 2025 10:35:07 p.m. PST","25176693041","Order","701-2000001-0377029","9B-5VGN-40SH","Dream Reach 2 Pack Kitchen Scissors, Premium All-Metal Kitchen Shears, Heavy Duty Poultry Shears for Food, Food-Grade Stainless Steel Scissors, Gift f","1","amazon.ca","Amazon","Ingramport","Nova Scotia","B3Z 3Y","Combined TCS+MTC","29.99","4.20","0","0","0","0","0","0","0","0","-4.20","-4.50","-7.65","0","0","17.84"
"Dec 23, 2025 11:09:57 p.m. PST","25176693041","Order","701-1300042-4995409","9B-5VGN-40SH","Dream Reach 2 Pack Kitchen Scissors, Premium All-Metal Kitchen Shears, Heavy Duty Poultry Shears for Food, Food-Grade Stainless Steel Scissors, Gift f","1","amazon.ca","Amazon","Port Rowan","ON","N0E 1M","Combined TCS+MTC","29.99","3.90","0","0","0","0","0","0","0","0","-3.90","-4.50","-7.65","0","0","17.84"
"Dec 23, 2025 11:20:30 p.m. PST","25176693041","Order","701-8005085-8420224","KS-POS-GKS-3.54in-YYI","Dream Reach Kitchen Scissors All Purpose - Stainless Steel Kitchen Shear, Sharp Silver Meat Scissors Dishwasher Safe, Heavy Duty Poultry Shears, Japan","1","amazon.ca","Amazon","Langley","British Columbia","V3A 4N","Combined TCS+MTC","16.99","2.04","0","0","0","0","0","0","0","0","-2.04","-2.55","-6.74","0","0","7.70"
"Dec 23, 2025 11:23:50 p.m. PST","25176693041","Order","701-3182180-3857838","9B-5VGN-40SH","Dream Reach 2 Pack Kitchen Scissors, Premium All-Metal Kitchen Shears, Heavy Duty Poultry Shears for Food, Food-Grade Stainless Steel Scissors, Gift f","1","amazon.ca","Amazon","Montreal","Québec","H1K 2V","Combined TCS+MTC","29.99","4.49","0","0","0","0","0","0","0","0","-4.49","-4.50","-7.65","0","0","17.84"
"Dec 23, 2025 11:38:32 p.m. PST","25176693041","Order","701-3571140-5950645","KS-POS-GKS-3.54in-YYI","Dream Reach Kitchen Scissors All Purpose - Stainless Steel Kitchen Shear, Sharp Silver Meat Scissors Dishwasher Safe, Heavy Duty Poultry Shears, Japan","2","amazon.ca","Amazon","Smithville","Ontario","L0R 2A","Combined TCS+MTC","33.98","4.20","0","0","0","0","0","0","-1.70","0","-4.20","-4.84","-13.48","0","0","13.96"
"Dec 23, 2025 11:38:52 p.m. PST","25176693041","Order","702-8002029-0873817","KF04-BBJ","Dream Reach Meat Bone Cleaver Knife for Meat Cutting Handmade Heavy Duty Butcher Axes Hand Forged Full Tang Chopper for Kitchen Outdoor BBQ Chef Gifts","1","amazon.ca","Amazon","Blind Bay","British Columbia","V0E 1H","Combined TCS+MTC","34.99","4.20","2.74","0","0","0","0","0","-2.74","0","-4.20","-5.25","-8.74","0","0","21.00"
"Dec 23, 2025 11:45:46 p.m. PST","25176693041","Order","702-1838009-1554661","KS-POSSET2-GKS-ZW-YYI","Dream Reach Kitchen Scissors Set Silver - Stainless Steel Kitchen Shear, Sharp Meat Scissors Dishwasher Safe, Heavy Duty Poultry Shears, Japanese Cook","1","amazon.ca","Amazon","St Catharines","Ontario","L2N 6T","Combined TCS+MTC","37.99","4.94","0","0","0","0","0","0","0","0","-4.94","-5.70","-7.65","0","0","24.64"
"Dec 23, 2025 11:58:18 p.m. PST","25176693041","Order","702-0296477-0876256","KS-POS-GKS-3.54in-YYI","Dream Reach Kitchen Scissors All Purpose - Stainless Steel Kitchen Shear, Sharp Silver Meat Scissors Dishwasher Safe, Heavy Duty Poultry Shears, Japan","1","amazon.ca","Amazon","Sault Ste. Marie","Ontario","P6B 4P","Combined TCS+MTC","16.99","2.21","0","0","0","0","0","0","0","0","-2.21","-2.55","-6.74","0","0","7.70"
"Dec 24, 2025 12:06:14 a.m. PST","25176693041","Order","701-6836301-0614606","KS-POSSET2-GKS-ZW-YYI","Dream Reach Kitchen Scissors Set Silver - Stainless Steel Kitchen Shear, Sharp Meat Scissors Dishwasher Safe, Heavy Duty Poultry Shears, Japanese Cook","1","amazon.ca","Amazon","Brossard","QC","J4Z 2N","Combined TCS+MTC","37.99","5.69","0","0","0","0","0","0","0","0","-5.69","-5.70","-7.65","0","0","24.64"
"Dec 24, 2025 12:59:55 a.m. PST","25176693041","Order","701-7886799-7643438","37-EQUL-C5MA","Dream Reach HIGH-END Series Japanese 440C Stainless 6.0"" 360° Swivel Thumb Ring Professional Barber Razor Edge Hairdressing Straight Cutting Scissors","1","amazon.ca","Amazon","Hamilton","Ontario","L9C 3L","Combined TCS+MTC","43.99","4.86","0","0","0","0","0","0","-6.60","0","-4.86","-5.61","-4.99","0","0","26.79"
"Dec 24, 2025 1:13:50 a.m. PST","25176693041","Order","702-9470687-3340266","KS-POS-GKS-3.54in-YYI","Dream Reach Kitchen Scissors All Purpose - Stainless Steel Kitchen Shear, Sharp Silver Meat Scissors Dishwasher Safe, Heavy Duty Poultry Shears, Japan","1","amazon.ca","Amazon","Hamilton","Ontario","L8T2M","Combined TCS+MTC","16.99","2.21","0","0","0","0","0","0","0","0","-2.21","-2.55","-6.74","0","0","7.70"
"Dec 24, 2025 1:24:44 a.m. PST","25176693041","Order","702-0036799-3609860","BBJK06-Set3","Dream Reach 3PCS Kitchen Knife Set, Kitchen Knives, Butcher Knife Set, Chef Knife Set, Meat Cleaver Knife, High-Hardness Steel Knives with Ergonomic W","3","amazon.ca","Amazon","Surrey","British Columbia","V3T 1L","Combined TCS+MTC","107.97","12.96","0","0","0","0","0","0","0","0","-12.96","-16.20","-30.75","0","0","61.02"
"Dec 24, 2025 1:35:10 a.m. PST","25176693041","Order","702-6146020-7829038","9B-5VGN-40SH","Dream Reach 2 Pack Kitchen Scissors, Premium All-Metal Kitchen Shears, Heavy Duty Poultry Shears for Food, Food-Grade Stainless Steel Scissors, Gift f","1","amazon.ca","Amazon","Regina","Sk","S4Y 0A","Combined TCS+MTC","29.99","3.30","0","0","0","0","0","0","0","0","-3.30","-4.50","-7.65","0","0","17.84"
"Dec 24, 2025 2:51:32 a.m. PST","25176693041","Order","701-0507207-5016264","9B-5VGN-40SH","Dream Reach 2 Pack Kitchen Scissors, Premium All-Metal Kitchen Shears, Heavy Duty Poultry Shears for Food, Food-Grade Stainless Steel Scissors, Gift f","1","amazon.ca","Amazon","Brantford","Ontario","N3S4Z","Combined TCS+MTC","29.99","3.90","6.99","0","0","0","0","0","-6.99","0","-3.90","-4.50","-7.65","0","0","17.84"
"Dec 24, 2025 3:11:33 a.m. PST","25176693041","Order","701-2132242-1419410","KS-POSSET2-GKS-ZW-YYI","Dream Reach Kitchen Scissors Set Silver - Stainless Steel Kitchen Shear, Sharp Meat Scissors Dishwasher Safe, Heavy Duty Poultry Shears, Japanese Cook","1","amazon.ca","Amazon","Edmonton","Alberta","T6X0H","Combined TCS+MTC","37.99","1.90","0","0","0","0","0","0","0","0","-1.90","-5.70","-7.65","0","0","24.64"
"Dec 24, 2025 3:13:41 a.m. PST","25176693041","Order","702-8691682-6661014","KS-POSSET2-GKS-ZW-YHE","Dream Reach Kitchen Scissors Set Black - Stainless Steel Kitchen Shears, Sharp Meat Scissors Dishwasher Safe, Heavy Duty Poultry Shears All Purpose, J","1","amazon.ca","Amazon","Burnaby","British Columbia","V5C 3E","Combined TCS+MTC","42.99","5.16","3.93","0","0","0","0","0","-3.93","0","-5.16","-6.45","-7.65","0","0","28.89"
"Dec 24, 2025 3:57:56 a.m. PST","25176693041","Order","701-7589745-2569016","9B-5VGN-40SH","Dream Reach 2 Pack Kitchen Scissors, Premium All-Metal Kitchen Shears, Heavy Duty Poultry Shears for Food, Food-Grade Stainless Steel Scissors, Gift f","1","amazon.ca","Amazon","London","ON","N6H 2A","Combined TCS+MTC","29.99","3.90","0","0","0","0","0","0","0","0","-3.90","-4.50","-7.65","0","0","17.84"
"Dec 24, 2025 3:58:41 a.m. PST","25176693041","Order","701-3176059-4408267","KS-POSSET2-GKS-ZW-YYI","Dream Reach Kitchen Scissors Set Silver - Stainless Steel Kitchen Shear, Sharp Meat Scissors Dishwasher Safe, Heavy Duty Poultry Shears, Japanese Cook","1","amazon.ca","Amazon","Val-D'Or","Quebec","J9P 5W","Combined TCS+MTC","37.99","5.69","0","0","0","0","0","0","0","0","-5.69","-5.70","-7.13","0","0","25.16"
"Dec 24, 2025 4:00:24 a.m. PST","25176693041","Order","702-8651848-6532205","BBJK06-Set6","Dream Reach Knife Set with Roll Bag, 6-Piece Professional Chef Knife Set, High Carbon Steel Black Kitchen Knives for Cooking, BBQ & Outdoor Use","1","amazon.ca","Amazon","Spruce Grove","Alberta","T7X 2W","Combined TCS+MTC","53.99","2.70","0","0","0","0","0","0","0","0","-2.70","-8.10","-11.45","0","0","34.44"
"Dec 24, 2025 4:17:56 a.m. PST","25176693041","Order","702-5522133-8022628","9B-5VGN-40SH","Dream Reach 2 Pack Kitchen Scissors, Premium All-Metal Kitchen Shears, Heavy Duty Poultry Shears for Food, Food-Grade Stainless Steel Scissors, Gift f","1","amazon.ca","Amazon","Mississauga","Ontario","L5M 6N","Combined TCS+MTC","29.99","3.90","0","0","0","0","0","0","0","0","-3.90","-4.50","-7.65","0","0","17.84"
"Dec 24, 2025 4:25:57 a.m. PST","25176693041","Order","701-7367079-7380232","KF02-BBJ","Dream Reach Chef Knife, Japanese Kitchen Knife, Sharp Stainless Steel Viking Style Meat Knife with Wooden Handle, Feather Design Cooking Knife with Sh","2","amazon.ca","Amazon","Upper Hampstead","New Brunswick","E5M 1X","Combined TCS+MTC","74.80","11.22","7.85","0","0","0","0","0","-7.85","0","-11.22","-11.22","-14.26","0","0","49.32"
"Dec 24, 2025 4:41:48 a.m. PST","25176693041","Order","702-6929355-7362606","KF02-BBJ","Dream Reach Chef Knife, Japanese Kitchen Knife, Sharp Stainless Steel Viking Style Meat Knife with Wooden Handle, Feather Design Cooking Knife with Sh","1","amazon.ca","Amazon","St-Joachim-De-Shefford","Quebec","J0E 2G","Combined TCS+MTC","37.40","5.60","0","0","0","0","0","0","0","0","-5.60","-5.61","-7.13","0","0","24.66"
"Dec 24, 2025 4:57:14 a.m. PST","25176693041","Order","702-7295391-8141813","BBJK06-Set6","Dream Reach Knife Set with Roll Bag, 6-Piece Professional Chef Knife Set, High Carbon Steel Black Kitchen Knives for Cooking, BBQ & Outdoor Use","1","amazon.ca","Amazon","Calgary","Alberta","T2B 1H","Combined TCS+MTC","53.99","2.70","6.99","0","0","0","0","0","-6.99","0","-2.70","-8.10","-11.45","0","0","34.44"
"Dec 24, 2025 5:06:13 a.m. PST","25176693041","Order","701-2418542-0949027","KS-POS-GKS-3.54in-YYI","Dream Reach Kitchen Scissors All Purpose - Stainless Steel Kitchen Shear, Sharp Silver Meat Scissors Dishwasher Safe, Heavy Duty Poultry Shears, Japan","1","amazon.ca","Amazon","East Gwillimbury","Ontario","L9N 0S","Combined TCS+MTC","16.99","2.21","0","0","0","0","0","0","0","0","-2.21","-2.55","-6.74","0","0","7.70"
"Dec 24, 2025 5:13:21 a.m. PST","25176693041","Order","702-9267234-2575433","KS-POS-GKS-3.54in-YYI","Dream Reach Kitchen Scissors All Purpose - Stainless Steel Kitchen Shear, Sharp Silver Meat Scissors Dishwasher Safe, Heavy Duty Poultry Shears, Japan","1","amazon.ca","Amazon","Victoria","British Columbia","V8Y 2N","Combined TCS+MTC","16.99","1.73","0","0","0","0","0","0","-2.55","0","-1.73","-2.17","-6.74","0","0","5.53"
"Dec 24, 2025 5:32:44 a.m. PST","25176693041","Order","701-6719441-7284260","KS-POS-GKS-3.54in-YYI","Dream Reach Kitchen Scissors All Purpose - Stainless Steel Kitchen Shear, Sharp Silver Meat Scissors Dishwasher Safe, Heavy Duty Poultry Shears, Japan","1","amazon.ca","Amazon","Mascouche","Quebec","J7L 3Z","Combined TCS+MTC","16.99","2.54","0","0","0","0","0","0","0","0","-2.54","-2.55","-6.74","0","0","7.70"
"Dec 24, 2025 5:37:09 a.m. PST","25176693041","Order","701-1392294-0737866","8FS01-BJ","Dream Reach Dog Thinning Scissors - 8 Inch Professional Pet Grooming Shears with Adjustable Screw, Sharp Trimming Scissors for Dogs and Cats","1","amazon.ca","Amazon","London","Ontario","N6A 0A","Combined TCS+MTC","39.99","4.42","0","0","0","0","0","0","-6.00","0","-4.42","-5.10","-6.74","0","0","22.15"
"Dec 24, 2025 6:04:37 a.m. PST","25176693041","Order","701-7531619-4813062","9B-5VGN-40SH","Dream Reach 2 Pack Kitchen Scissors, Premium All-Metal Kitchen Shears, Heavy Duty Poultry Shears for Food, Food-Grade Stainless Steel Scissors, Gift f","1","amazon.ca","Amazon","Sault Ste Marie","ON","P6C5B","Combined TCS+MTC","25.73","3.34","0","0","0","0","0","0","0","0","-3.34","-3.86","-7.65","0","0","14.22"
"Dec 24, 2025 6:22:18 a.m. PST","25176693041","Order","702-2755699-2942650","KS-POS-GKS-3.54in-YYI","Dream Reach Kitchen Scissors All Purpose - Stainless Steel Kitchen Shear, Sharp Silver Meat Scissors Dishwasher Safe, Heavy Duty Poultry Shears, Japan","1","amazon.ca","Amazon","Saint John","New Brunswick","E2L 2L","Combined TCS+MTC","16.99","2.55","0","0","0","0","0","0","0","0","-2.55","-2.55","-6.74","0","0","7.70"
"Dec 24, 2025 6:24:18 a.m. PST","25176693041","Order","702-4565363-1710630","9B-5VGN-40SH","Dream Reach 2 Pack Kitchen Scissors, Premium All-Metal Kitchen Shears, Heavy Duty Poultry Shears for Food, Food-Grade Stainless Steel Scissors, Gift f","1","amazon.ca","Amazon","Orono","Ontario","L0B 1M","Combined TCS+MTC","29.99","3.90","0","0","0","0","0","0","0","0","-3.90","-4.50","-7.65","0","0","17.84"
"Dec 24, 2025 6:28:34 a.m. PST","25176693041","Order","701-5154477-4068251","9B-5VGN-40SH","Dream Reach 2 Pack Kitchen Scissors, Premium All-Metal Kitchen Shears, Heavy Duty Poultry Shears for Food, Food-Grade Stainless Steel Scissors, Gift f","1","amazon.ca","Amazon","Winnipeg","MB","R2V 2A","Combined TCS+MTC","29.99","3.60","0","0","0","0","0","0","0","0","-3.60","-4.50","-7.65","0","0","17.84"
"Dec 24, 2025 6:34:13 a.m. PST","25176693041","Order","702-2109029-2977012","KF02-BBJ","Dream Reach Chef Knife, Japanese Kitchen Knife, Sharp Stainless Steel Viking Style Meat Knife with Wooden Handle, Feather Design Cooking Knife with Sh","1","amazon.ca","Amazon","Welland","Ontario","L3C 4L","Combined TCS+MTC","37.40","4.86","0","0","0","0","0","0","0","0","-4.86","-5.61","-7.13","0","0","24.66"
"Dec 24, 2025 6:37:02 a.m. PST","25176693041","Order","702-2811492-5882647","9B-5VGN-40SH","Dream Reach 2 Pack Kitchen Scissors, Premium All-Metal Kitchen Shears, Heavy Duty Poultry Shears for Food, Food-Grade Stainless Steel Scissors, Gift f","1","amazon.ca","Amazon","Big River","Saskatchewan","S0J 0E","Combined TCS+MTC","29.99","3.30","0","0","0","0","0","0","0","0","-3.30","-4.50","-7.65","0","0","17.84"
"Dec 24, 2025 6:48:41 a.m. PST","25176693041","Order","702-2704342-6298605","HS1901","Dream Reach 6"" Professional Hair Cutting Scissors Japan 440C Steel Thinning Scissor for Men/Women Cutting for Salon/Barber/Home (Straight Scissors)","1","amazon.ca","Amazon","Mississauga","On","L5E 3H","Combined TCS+MTC","43.99","5.72","3.27","0","0","0","0","0","-3.27","0","-5.72","-6.60","-6.49","0","0","30.90"
"Dec 24, 2025 6:52:39 a.m. PST","25176693041","Order","702-7841550-5980216","9B-5VGN-40SH","Dream Reach 2 Pack Kitchen Scissors, Premium All-Metal Kitchen Shears, Heavy Duty Poultry Shears for Food, Food-Grade Stainless Steel Scissors, Gift f","1","amazon.ca","Amazon","Coquitlam","British Columbia","V3J 0M","Combined TCS+MTC","25.73","3.09","2.07","0","0","0","0","0","-2.07","0","-3.09","-3.86","-7.65","0","0","14.22"
"Dec 24, 2025 7:01:14 a.m. PST","25176693041","Order","701-3722791-6431440","9B-5VGN-40SH","Dream Reach 2 Pack Kitchen Scissors, Premium All-Metal Kitchen Shears, Heavy Duty Poultry Shears for Food, Food-Grade Stainless Steel Scissors, Gift f","1","amazon.ca","Amazon","Calgary","Alberta","T2B 3B","Combined TCS+MTC","29.99","1.50","0","0","0","0","0","0","0","0","-1.50","-4.50","-7.65","0","0","17.84"
"Dec 24, 2025 7:09:38 a.m. PST","25176693041","Order","702-2637346-9160234","KF02-BBJ","Dream Reach Chef Knife, Japanese Kitchen Knife, Sharp Stainless Steel Viking Style Meat Knife with Wooden Handle, Feather Design Cooking Knife with Sh","1","amazon.ca","Amazon","Cobourg","Ontario","K9A 3L","Combined TCS+MTC","37.40","4.86","0","0","0","0","0","0","0","0","-4.86","-5.61","-7.13","0","0","24.66"
"Dec 24, 2025 7:22:51 a.m. PST","25176693041","Order","701-0591445-2265809","KS-POS-GKS-3.54in-YYI","Dream Reach Kitchen Scissors All Purpose - Stainless Steel Kitchen Shear, Sharp Silver Meat Scissors Dishwasher Safe, Heavy Duty Poultry Shears, Japan","1","amazon.ca","Amazon","North York","Ontario","M5M 4A","Combined TCS+MTC","16.99","2.21","0","0","0","0","0","0","0","0","-2.21","-2.55","-6.74","0","0","7.70"
"Dec 24, 2025 7:41:41 a.m. PST","25176693041","Order","702-0673941-4453012","37-EQUL-C5MA","Dream Reach HIGH-END Series Japanese 440C Stainless 6.0"" 360° Swivel Thumb Ring Professional Barber Razor Edge Hairdressing Straight Cutting Scissors","1","amazon.ca","Amazon","Montreal","Quebec","H4P 1V","Combined TCS+MTC","43.99","5.60","0","0","0","0","0","0","-6.60","0","-5.60","-5.61","-4.99","0","0","26.79"
"Dec 24, 2025 7:49:29 a.m. PST","25176693041","Order","702-1003655-7665859","9B-5VGN-40SH","Dream Reach 2 Pack Kitchen Scissors, Premium All-Metal Kitchen Shears, Heavy Duty Poultry Shears for Food, Food-Grade Stainless Steel Scissors, Gift f","1","amazon.ca","Amazon","St-Jerome","Quebec","J5L 2A","Combined TCS+MTC","29.99","4.49","0","0","0","0","0","0","0","0","-4.49","-4.50","-7.65","0","0","17.84"
"Dec 24, 2025 7:54:21 a.m. PST","25176693041","Order","702-9118859-0870622","9B-5VGN-40SH","Dream Reach 2 Pack Kitchen Scissors, Premium All-Metal Kitchen Shears, Heavy Duty Poultry Shears for Food, Food-Grade Stainless Steel Scissors, Gift f","1","amazon.ca","Amazon","Tweed","ON","K0K 3J","Combined TCS+MTC","29.99","3.90","0","0","0","0","0","0","0","0","-3.90","-4.50","-7.65","0","0","17.84"
"Dec 24, 2025 7:59:53 a.m. PST","25176693041","Order","702-9781360-0704252","9B-5VGN-40SH","Dream Reach 2 Pack Kitchen Scissors, Premium All-Metal Kitchen Shears, Heavy Duty Poultry Shears for Food, Food-Grade Stainless Steel Scissors, Gift f","1","amazon.ca","Amazon","Moncton","New Brunswick","E1A 2W","Combined TCS+MTC","29.99","4.50","0","0","0","0","0","0","0","0","-4.50","-4.50","-7.65","0","0","17.84"
"Dec 24, 2025 8:06:03 a.m. PST","25176693041","Order","701-0118109-2639420","KS-POS-GKS-3.54in-YYI","Dream Reach Kitchen Scissors All Purpose - Stainless Steel Kitchen Shear, Sharp Silver Meat Scissors Dishwasher Safe, Heavy Duty Poultry Shears, Japan","1","amazon.ca","Amazon","Owen Sound","Ontario","N4K 6A","Combined TCS+MTC","16.99","1.88","0","0","0","0","0","0","-2.55","0","-1.88","-2.17","-6.74","0","0","5.53"
"Dec 24, 2025 8:28:51 a.m. PST","25176693041","Order","701-8335199-3132258","KF02-BBJ","Dream Reach Chef Knife, Japanese Kitchen Knife, Sharp Stainless Steel Viking Style Meat Knife with Wooden Handle, Feather Design Cooking Knife with Sh","1","amazon.ca","Amazon","Winnipeg","Manitoba","R2L 0G","Combined TCS+MTC","37.40","4.49","0","0","0","0","0","0","0","0","-4.49","-5.61","-7.63","0","0","24.16"
"Dec 24, 2025 9:31:07 a.m. PST","25176693041","Order","702-7843815-3802641","9B-5VGN-40SH","Dream Reach 2 Pack Kitchen Scissors, Premium All-Metal Kitchen Shears, Heavy Duty Poultry Shears for Food, Food-Grade Stainless Steel Scissors, Gift f","3","amazon.ca","Amazon","Ste-Emelie-De-L'Energie","Quebec","J0K 2K","Combined TCS+MTC","89.97","12.81","0","0","0","0","0","0","-4.50","0","-12.81","-12.81","-22.95","0","0","49.71"
"Dec 24, 2025 9:31:50 a.m. PST","25176693041","Order","702-4974328-5306662","KS-POS-GKS-3.54in-YYI","Dream Reach Kitchen Scissors All Purpose - Stainless Steel Kitchen Shear, Sharp Silver Meat Scissors Dishwasher Safe, Heavy Duty Poultry Shears, Japan","1","amazon.ca","Amazon","Montreal","Québec","H2K 0B","Combined TCS+MTC","16.99","2.54","0","0","0","0","0","0","0","0","-2.54","-2.55","-6.74","0","0","7.70"
"Dec 24, 2025 12:14:41 p.m. PST","25176693041","Order","701-5937825-9140233","KF02-BBJ","Dream Reach Chef Knife, Japanese Kitchen Knife, Sharp Stainless Steel Viking Style Meat Knife with Wooden Handle, Feather Design Cooking Knife with Sh","1","amazon.ca","Amazon","Perth","ON","K7H 3C","Combined TCS+MTC","37.40","4.86","0","0","0","0","0","0","0","0","-4.86","-5.61","-7.13","0","0","24.66"
"Dec 24, 2025 1:00:48 p.m. PST","25176693041","Order","702-4699988-5527431","KS-POS-GKS-3.54in-YYI","Dream Reach Kitchen Scissors All Purpose - Stainless Steel Kitchen Shear, Sharp Silver Meat Scissors Dishwasher Safe, Heavy Duty Poultry Shears, Japan","1","amazon.ca","Amazon","St. Albert","AB","T8N 4N","Combined TCS+MTC","16.99","0.85","0","0","0","0","0","0","0","0","-0.85","-2.55","-6.74","0","0","7.70"
"Dec 24, 2025 3:15:28 p.m. PST","25176693041","Order","702-0127307-5426657","9B-5VGN-40SH","Dream Reach 2 Pack Kitchen Scissors, Premium All-Metal Kitchen Shears, Heavy Duty Poultry Shears for Food, Food-Grade Stainless Steel Scissors, Gift f","1","amazon.ca","Amazon","Cornwall","Ontario","K6J 1Y","Combined TCS+MTC","29.99","3.90","0","0","0","0","0","0","0","0","-3.90","-4.50","-7.65","0","0","17.84"
"Dec 24, 2025 4:00:59 p.m. PST","25176693041","Order","701-0819111-4082652","9B-5VGN-40SH","Dream Reach 2 Pack Kitchen Scissors, Premium All-Metal Kitchen Shears, Heavy Duty Poultry Shears for Food, Food-Grade Stainless Steel Scissors, Gift f","1","amazon.ca","Amazon","georgetown","Ontario","L7G 5R","Combined TCS+MTC","29.99","3.90","6.99","0","0","0","0","0","-6.99","0","-3.90","-4.50","-7.65","0","0","17.84"
"Dec 24, 2025 4:37:16 p.m. PST","25176693041","Order","702-4300566-6438606","9B-5VGN-40SH","Dream Reach 2 Pack Kitchen Scissors, Premium All-Metal Kitchen Shears, Heavy Duty Poultry Shears for Food, Food-Grade Stainless Steel Scissors, Gift f","1","amazon.ca","Amazon","North Cowichan","British Columbia","V9L 2J","Combined TCS+MTC","29.99","3.60","0","0","0","0","0","0","0","0","-3.60","-4.50","-8.19","0","0","17.30"
"Dec 24, 2025 4:39:09 p.m. PST","25176693041","Order","701-9531958-9089816","KS-POS-GKS-3.54in-YYI","Dream Reach Kitchen Scissors All Purpose - Stainless Steel Kitchen Shear, Sharp Silver Meat Scissors Dishwasher Safe, Heavy Duty Poultry Shears, Japan","1","amazon.ca","Amazon","Vancouver","British Columbia","V5M 2L","Combined TCS+MTC","16.99","2.04","0","0","0","0","0","0","0","0","-2.04","-2.55","-6.74","0","0","7.70"
"Dec 24, 2025 5:53:10 p.m. PST","25176693041","Service Fee","","","Cost of advertising","","","","","","","","0","0","0","0","0","0","0","0","0","0","0","0","0","-501.84","0","-501.84"
"Dec 24, 2025 6:03:25 p.m. PST","25176693041","Order","701-4963683-9121000","9B-5VGN-40SH","Dream Reach 2 Pack Kitchen Scissors, Premium All-Metal Kitchen Shears, Heavy Duty Poultry Shears for Food, Food-Grade Stainless Steel Scissors, Gift f","1","amazon.ca","Amazon","St Catharines","Ontario","L2N 5Z","Combined TCS+MTC","29.99","3.90","2.94","0","0","0","0","0","-2.94","0","-3.90","-4.50","-7.65","0","0","17.84"
"Dec 24, 2025 6:11:22 p.m. PST","25176693041","Order","701-0946666-2985824","KS-POS-GKS-3.54in-YYI","Dream Reach Kitchen Scissors All Purpose - Stainless Steel Kitchen Shear, Sharp Silver Meat Scissors Dishwasher Safe, Heavy Duty Poultry Shears, Japan","1","amazon.ca","Amazon","Garibaldi Highlands","British Columbia","V0N 1T","Combined TCS+MTC","16.99","2.04","0","0","0","0","0","0","0","0","-2.04","-2.55","-6.74","0","0","7.70"
"Dec 24, 2025 6:33:49 p.m. PST","25176693041","Order","701-1006518-8189001","37-EQUL-C5MA","Dream Reach HIGH-END Series Japanese 440C Stainless 6.0"" 360° Swivel Thumb Ring Professional Barber Razor Edge Hairdressing Straight Cutting Scissors","1","amazon.ca","Amazon","Sun Peaks","British Columbia","V0E 5N","Combined TCS+MTC","43.99","4.49","0","0","0","0","0","0","-6.60","0","-4.49","-5.61","-4.99","0","0","26.79"
"Dec 24, 2025 7:22:39 p.m. PST","25176693041","Order","701-8122892-1784244","9B-5VGN-40SH","Dream Reach 2 Pack Kitchen Scissors, Premium All-Metal Kitchen Shears, Heavy Duty Poultry Shears for Food, Food-Grade Stainless Steel Scissors, Gift f","1","amazon.ca","Amazon","Langley","British Columbia","V2Z 2M","Combined TCS+MTC","29.99","3.60","6.99","0","0","0","0","0","-6.99","0","-3.60","-4.50","-8.19","0","0","17.30"
"Dec 24, 2025 7:58:37 p.m. PST","25176693041","Order","701-6211814-6008246","BBJK06-Set6","Dream Reach Knife Set with Roll Bag, 6-Piece Professional Chef Knife Set, High Carbon Steel Black Kitchen Knives for Cooking, BBQ & Outdoor Use","1","amazon.ca","Amazon","Quesnel","British Columbia","V2J 6Y","Combined TCS+MTC","53.99","6.48","0","0","0","0","0","0","0","0","-6.48","-8.10","-11.45","0","0","34.44"
"Dec 24, 2025 10:35:52 p.m. PST","25176693041","Order","702-7761343-4172213","KS-POSSET2-GKS-ZW-YHE","Dream Reach Kitchen Scissors Set Black - Stainless Steel Kitchen Shears, Sharp Meat Scissors Dishwasher Safe, Heavy Duty Poultry Shears All Purpose, J","1","amazon.ca","Amazon","Fernie","British Columbia","V0B 1M","Combined TCS+MTC","42.99","5.16","0","0","0","0","0","0","0","0","-5.16","-6.45","-7.65","0","0","28.89"
"Dec 24, 2025 11:08:10 p.m. PST","25176693041","Order","702-3510477-8599404","9B-5VGN-40SH","Dream Reach 2 Pack Kitchen Scissors, Premium All-Metal Kitchen Shears, Heavy Duty Poultry Shears for Food, Food-Grade Stainless Steel Scissors, Gift f","1","amazon.ca","Amazon","Markham","Ontario","L3R 4H","Combined TCS+MTC","29.99","3.90","2.74","0","0","0","0","0","-2.74","0","-3.90","-4.50","-7.65","0","0","17.84"
"Dec 24, 2025 11:27:08 p.m. PST","25176693041","Order","701-3871534-1476239","9B-5VGN-40SH","Dream Reach 2 Pack Kitchen Scissors, Premium All-Metal Kitchen Shears, Heavy Duty Poultry Shears for Food, Food-Grade Stainless Steel Scissors, Gift f","1","amazon.ca","Amazon","Verdun","Quebec","H4H 2B","Combined TCS+MTC","29.99","4.49","0","0","0","0","0","0","0","0","-4.49","-4.50","-7.65","0","0","17.84"
"Dec 24, 2025 11:33:50 p.m. PST","25176693041","Order","701-7228190-0989037","KF02-BBJ","Dream Reach Chef Knife, Japanese Kitchen Knife, Sharp Stainless Steel Viking Style Meat Knife with Wooden Handle, Feather Design Cooking Knife with Sh","1","amazon.ca","Amazon","Amherstburg","Ontario","N0R 1J","Combined TCS+MTC","37.40","4.86","0","0","0","0","0","0","0","0","-4.86","-5.61","-7.13","0","0","24.66"
"Dec 24, 2025 11:41:41 p.m. PST","25176693041","Order","702-5657972-0449058","9B-5VGN-40SH","Dream Reach 2 Pack Kitchen Scissors, Premium All-Metal Kitchen Shears, Heavy Duty Poultry Shears for Food, Food-Grade Stainless Steel Scissors, Gift f","1","amazon.ca","Amazon","Saint-Amable","Quebec","J0L 1N","Combined TCS+MTC","29.99","4.49","0","0","0","0","0","0","0","0","-4.49","-4.50","-7.65","0","0","17.84"
"Dec 25, 2025 12:25:03 a.m. PST","25176693041","Order","702-2911040-0105019","KS-POS-GKS-3.54in-YYI","Dream Reach Kitchen Scissors All Purpose - Stainless Steel Kitchen Shear, Sharp Silver Meat Scissors Dishwasher Safe, Heavy Duty Poultry Shears, Japan","1","amazon.ca","Amazon","Orillia","Ontario","L3V 4A","Combined TCS+MTC","16.99","2.21","0","0","0","0","0","0","0","0","-2.21","-2.55","-6.74","0","0","7.70"
"Dec 25, 2025 12:39:04 a.m. PST","25176693041","Order","702-0021585-8287405","KF02-BBJ","Dream Reach Chef Knife, Japanese Kitchen Knife, Sharp Stainless Steel Viking Style Meat Knife with Wooden Handle, Feather Design Cooking Knife with Sh","1","amazon.ca","Amazon","Chilliwack","British Columbia","V2P 6V","Combined TCS+MTC","37.40","4.49","0","0","0","0","0","0","0","0","-4.49","-5.61","-7.13","0","0","24.66"
"Dec 25, 2025 12:49:49 a.m. PST","25176693041","Order","701-1532157-9435408","KS-POSSET2-GKS-ZW-YYI","Dream Reach Kitchen Scissors Set Silver - Stainless Steel Kitchen Shear, Sharp Meat Scissors Dishwasher Safe, Heavy Duty Poultry Shears, Japanese Cook","1","amazon.ca","Amazon","Val-D'Or","Quebec","J9P 5W","Combined TCS+MTC","37.99","5.69","0","0","0","0","0","0","0","0","-5.69","-5.70","-7.65","0","0","24.64"
"Dec 25, 2025 1:04:55 a.m. PST","25176693041","Order","701-0325351-5278678","KF02-BBJ","Dream Reach Chef Knife, Japanese Kitchen Knife, Sharp Stainless Steel Viking Style Meat Knife with Wooden Handle, Feather Design Cooking Knife with Sh","1","amazon.ca","Amazon","Brantford","Ontario","N3R 5Y","Combined TCS+MTC","37.40","4.86","0","0","0","0","0","0","0","0","-4.86","-5.61","-7.13","0","0","24.66"
"Dec 25, 2025 1:31:53 a.m. PST","25176693041","Order","701-9668036-5136203","KF02-BBJ","Dream Reach Chef Knife, Japanese Kitchen Knife, Sharp Stainless Steel Viking Style Meat Knife with Wooden Handle, Feather Design Cooking Knife with Sh","1","amazon.ca","Amazon","Dalmeny","Saskatchewan","S0K1E","Combined TCS+MTC","37.40","4.11","0","0","0","0","0","0","0","0","-4.11","-5.61","-7.13","0","0","24.66"
"Dec 25, 2025 1:53:25 a.m. PST","25176693041","Order","702-1012154-7892206","KS-POSSET2-GKS-ZW-YYI","Dream Reach Kitchen Scissors Set Silver - Stainless Steel Kitchen Shear, Sharp Meat Scissors Dishwasher Safe, Heavy Duty Poultry Shears, Japanese Cook","1","amazon.ca","Amazon","Laval","Québec","H7E 4R","Combined TCS+MTC","37.99","5.69","0","0","0","0","0","0","0","0","-5.69","-5.70","-7.65","0","0","24.64"
"Dec 25, 2025 2:09:47 a.m. PST","25176693041","Order","701-0015454-7761878","KS-POSSET2-GKS-ZW-YYI","Dream Reach Kitchen Scissors Set Silver - Stainless Steel Kitchen Shear, Sharp Meat Scissors Dishwasher Safe, Heavy Duty Poultry Shears, Japanese Cook","1","amazon.ca","Amazon","Kitchener","Ontario","N2K 4K","Combined TCS+MTC","37.99","4.94","0","0","0","0","0","0","0","0","-4.94","-5.70","-7.65","0","0","24.64"
"Dec 25, 2025 2:26:48 a.m. PST","25176693041","Order","702-6657356-2210602","9B-5VGN-40SH","Dream Reach 2 Pack Kitchen Scissors, Premium All-Metal Kitchen Shears, Heavy Duty Poultry Shears for Food, Food-Grade Stainless Steel Scissors, Gift f","1","amazon.ca","Amazon","St albert","ALberta","T8N 5B","Combined TCS+MTC","29.99","1.50","0","0","0","0","0","0","0","0","-1.50","-4.50","-7.65","0","0","17.84"
"Dec 25, 2025 2:51:02 a.m. PST","25176693041","Order","701-3146142-6842600","KS-POSSET2-GKS-ZW-YYI","Dream Reach Kitchen Scissors Set Silver - Stainless Steel Kitchen Shear, Sharp Meat Scissors Dishwasher Safe, Heavy Duty Poultry Shears, Japanese Cook","2","amazon.ca","Amazon","Rothesay","New Brunswick","E2E 4Y","Combined TCS+MTC","75.98","10.82","0","0","0","0","0","0","-3.80","0","-10.82","-10.82","-15.30","0","0","46.06"
"Dec 25, 2025 3:08:23 a.m. PST","25176693041","Order","702-6882070-1125848","9B-5VGN-40SH","Dream Reach 2 Pack Kitchen Scissors, Premium All-Metal Kitchen Shears, Heavy Duty Poultry Shears for Food, Food-Grade Stainless Steel Scissors, Gift f","1","amazon.ca","Amazon","Toronto","Ontario","M3L 2C","Combined TCS+MTC","29.99","3.90","1.16","0","0","0","0","0","-1.16","0","-3.90","-4.50","-7.65","0","0","17.84"
"Dec 25, 2025 3:32:16 a.m. PST","25176693041","Order","702-1375714-6515442","9B-5VGN-40SH","Dream Reach 2 Pack Kitchen Scissors, Premium All-Metal Kitchen Shears, Heavy Duty Poultry Shears for Food, Food-Grade Stainless Steel Scissors, Gift f","1","amazon.ca","Amazon","Pohenegamook","Quebec","G0L 1J","Combined TCS+MTC","29.99","4.49","0","0","0","0","0","0","0","0","-4.49","-4.50","-7.65","0","0","17.84"
"Dec 25, 2025 3:39:27 a.m. PST","25176693041","Order","702-2807210-9263421","KF02-BBJ","Dream Reach Chef Knife, Japanese Kitchen Knife, Sharp Stainless Steel Viking Style Meat Knife with Wooden Handle, Feather Design Cooking Knife with Sh","1","amazon.ca","Amazon","Brampton","Ontario","L7A 2E","Combined TCS+MTC","37.40","4.86","0","0","0","0","0","0","0","0","-4.86","-5.61","-7.13","0","0","24.66"
"Dec 25, 2025 4:31:04 a.m. PST","25176693041","Order","702-8825010-8801867","9B-5VGN-40SH","Dream Reach 2 Pack Kitchen Scissors, Premium All-Metal Kitchen Shears, Heavy Duty Poultry Shears for Food, Food-Grade Stainless Steel Scissors, Gift f","1","amazon.ca","Amazon","Penticton","British Columbia","V2A 8Y","Combined TCS+MTC","29.99","3.60","2.93","0","0","0","0","0","-2.93","0","-3.60","-4.50","-8.19","0","0","17.30"
"Dec 25, 2025 4:35:07 a.m. PST","25176693041","Order","701-3393949-9644236","9B-5VGN-40SH","Dream Reach 2 Pack Kitchen Scissors, Premium All-Metal Kitchen Shears, Heavy Duty Poultry Shears for Food, Food-Grade Stainless Steel Scissors, Gift f","1","amazon.ca","Amazon","Maple","Ontario","L6A 2Z","Combined TCS+MTC","29.99","3.90","6.99","0","0","0","0","0","-6.99","0","-3.90","-4.50","-7.65","0","0","17.84"
"Dec 25, 2025 5:02:22 a.m. PST","25176693041","Order","701-3756496-3934638","9B-5VGN-40SH","Dream Reach 2 Pack Kitchen Scissors, Premium All-Metal Kitchen Shears, Heavy Duty Poultry Shears for Food, Food-Grade Stainless Steel Scissors, Gift f","1","amazon.ca","Amazon","Delta","British Columbia","V4M 0A","Combined TCS+MTC","29.99","3.60","3.50","0","0","0","0","0","-3.50","0","-3.60","-4.50","-8.19","0","0","17.30"
"Dec 25, 2025 5:04:25 a.m. PST","25176693041","Order","701-3456917-1320242","KS-POS-GKS-3.54in-YYI","Dream Reach Kitchen Scissors All Purpose - Stainless Steel Kitchen Shear, Sharp Silver Meat Scissors Dishwasher Safe, Heavy Duty Poultry Shears, Japan","1","amazon.ca","Amazon","West Kelowna","British Columbia","V4T 1J","Combined TCS+MTC","16.99","2.04","2.93","0","0","0","0","0","-2.93","0","-2.04","-2.55","-6.74","0","0","7.70"
"Dec 25, 2025 5:06:01 a.m. PST","25176693041","Order","702-2540544-4881009","KS-POS-GKS-3.54in-YYI","Dream Reach Kitchen Scissors All Purpose - Stainless Steel Kitchen Shear, Sharp Silver Meat Scissors Dishwasher Safe, Heavy Duty Poultry Shears, Japan","1","amazon.ca","Amazon","Nanoose Bay","British Columbia","V9P 9E","Combined TCS+MTC","16.99","2.04","0","0","0","0","0","0","0","0","-2.04","-2.55","-7.21","0","0","7.23"
"Dec 25, 2025 5:12:25 a.m. PST","25176693041","Order","701-0173754-3181065","BBJK06-Set6","Dream Reach Knife Set with Roll Bag, 6-Piece Professional Chef Knife Set, High Carbon Steel Black Kitchen Knives for Cooking, BBQ & Outdoor Use","1","amazon.ca","Amazon","Trent lakes","Ontario","K0M 1A","Combined TCS+MTC","53.99","7.02","0","0","0","0","0","0","0","0","-7.02","-8.10","-11.45","0","0","34.44"
"Dec 25, 2025 5:18:09 a.m. PST","25176693041","Order","702-8312094-1186636","BBJK06-Set6","Dream Reach Knife Set with Roll Bag, 6-Piece Professional Chef Knife Set, High Carbon Steel Black Kitchen Knives for Cooking, BBQ & Outdoor Use","1","amazon.ca","Amazon","Chamcook","New Brunswick","E5B 3C","Combined TCS+MTC","53.99","8.10","0","0","0","0","0","0","0","0","-8.10","-8.10","-11.45","0","0","34.44"
"Dec 25, 2025 5:47:53 a.m. PST","25176693041","Order","701-9600399-6628252","9B-5VGN-40SH","Dream Reach 2 Pack Kitchen Scissors, Premium All-Metal Kitchen Shears, Heavy Duty Poultry Shears for Food, Food-Grade Stainless Steel Scissors, Gift f","1","amazon.ca","Amazon","St-Nicolas","Québec","G7A 5B","Combined TCS+MTC","29.99","4.49","0","0","0","0","0","0","0","0","-4.49","-4.50","-7.65","0","0","17.84"
"Dec 25, 2025 5:59:42 a.m. PST","25176693041","Order","702-7883604-2018659","KS-POSSET2-GKS-ZW-YHE","Dream Reach Kitchen Scissors Set Black - Stainless Steel Kitchen Shears, Sharp Meat Scissors Dishwasher Safe, Heavy Duty Poultry Shears All Purpose, J","1","amazon.ca","Amazon","Markham","Ontario","L6E 0T","Combined TCS+MTC","37.99","4.94","0","0","0","0","0","0","0","0","-4.94","-5.70","-7.65","0","0","24.64"
"Dec 25, 2025 6:06:56 a.m. PST","25176693041","Order","702-9184107-2845015","9B-5VGN-40SH","Dream Reach 2 Pack Kitchen Scissors, Premium All-Metal Kitchen Shears, Heavy Duty Poultry Shears for Food, Food-Grade Stainless Steel Scissors, Gift f","1","amazon.ca","Amazon","Nepean","Ontario","K2H 7M","Combined TCS+MTC","29.99","3.90","3.93","0","0","0","0","0","-3.93","0","-3.90","-4.50","-7.65","0","0","17.84"
"Dec 25, 2025 6:25:24 a.m. PST","25176693041","Order","702-2318457-5364200","9B-5VGN-40SH","Dream Reach 2 Pack Kitchen Scissors, Premium All-Metal Kitchen Shears, Heavy Duty Poultry Shears for Food, Food-Grade Stainless Steel Scissors, Gift f","1","amazon.ca","Amazon","Oakville","ON","L6L 0E","Combined TCS+MTC","29.99","3.90","0","0","0","0","0","0","0","0","-3.90","-4.50","-7.65","0","0","17.84"
"Dec 25, 2025 6:36:53 a.m. PST","25176693041","Order","702-8002029-0873817","KF04-BBJ","Dream Reach Meat Bone Cleaver Knife for Meat Cutting Handmade Heavy Duty Butcher Axes Hand Forged Full Tang Chopper for Kitchen Outdoor BBQ Chef Gifts","1","amazon.ca","Amazon","Blind Bay","British Columbia","V0E 1H","Combined TCS+MTC","34.99","4.20","2.74","0","0","0","0","0","-2.74","0","-4.20","-5.25","-8.74","0","0","21.00"
"Dec 25, 2025 6:42:51 a.m. PST","25176693041","Order","701-3437605-3303441","9B-5VGN-40SH","Dream Reach 2 Pack Kitchen Scissors, Premium All-Metal Kitchen Shears, Heavy Duty Poultry Shears for Food, Food-Grade Stainless Steel Scissors, Gift f","1","amazon.ca","Amazon","Medicine Hat","Alberta","T1A 1B","Combined TCS+MTC","29.99","1.50","0","0","0","0","0","0","0","0","-1.50","-4.50","-7.65","0","0","17.84"
"Dec 25, 2025 6:54:36 a.m. PST","25176693041","Order","702-1099236-4783469","CWJ02-Purple7Set-BBJ","Dream Reach Dog Grooming Scissors - 7"" Professional 6 in 1 Pet Scissors Sharp and Durable Shears Set Thinning, Chunker, Straight, Curved Shears and Co","1","amazon.ca","Amazon","Frontenac","Quebec","G6B 2S","Combined TCS+MTC","46.99","7.04","3.27","0","0","0","0","0","-3.27","0","-7.04","-7.05","-6.74","0","0","33.20"
"Dec 25, 2025 6:59:42 a.m. PST","25176693041","Order","701-2444373-5497055","37-EQUL-C5MA","Dream Reach HIGH-END Series Japanese 440C Stainless 6.0"" 360° Swivel Thumb Ring Professional Barber Razor Edge Hairdressing Straight Cutting Scissors","1","amazon.ca","Amazon","Saint-Constant","Quebec","J5A 2L","Combined TCS+MTC","43.99","5.60","6.45","0.97","0","0","0","0","-6.60","0","-6.57","-5.61","-11.44","0","0","26.79"
"Dec 25, 2025 7:57:33 a.m. PST","25176693041","Order","702-8992116-7136266","KS-POS-GKS-3.54in-YYI","Dream Reach Kitchen Scissors All Purpose - Stainless Steel Kitchen Shear, Sharp Silver Meat Scissors Dishwasher Safe, Heavy Duty Poultry Shears, Japan","1","amazon.ca","Amazon","Tillsonburg","Ontario","N4G 4J","Combined TCS+MTC","16.99","2.21","0","0","0","0","0","0","0","0","-2.21","-2.55","-6.74","0","0","7.70"
"Dec 25, 2025 8:01:26 a.m. PST","25176693041","Order","702-0528862-1691463","9B-5VGN-40SH","Dream Reach 2 Pack Kitchen Scissors, Premium All-Metal Kitchen Shears, Heavy Duty Poultry Shears for Food, Food-Grade Stainless Steel Scissors, Gift f","1","amazon.ca","Amazon","Lindsay","Ontario","K9V 4R","Combined TCS+MTC","29.99","3.90","0","0","0","0","0","0","0","0","-3.90","-4.50","-7.65","0","0","17.84"
"Dec 25, 2025 8:23:26 a.m. PST","25176693041","Order","701-6877071-6706656","KS-POS-GKS-3.54in-YYI","Dream Reach Kitchen Scissors All Purpose - Stainless Steel Kitchen Shear, Sharp Silver Meat Scissors Dishwasher Safe, Heavy Duty Poultry Shears, Japan","1","amazon.ca","Amazon","Keswick Ridge","New Brunswick","E6L 1A","Combined TCS+MTC","16.99","2.55","0","0","0","0","0","0","0","0","-2.55","-2.55","-6.74","0","0","7.70"
"Dec 25, 2025 8:26:14 a.m. PST","25176693041","Order","701-8004646-1662660","KS-POS-GKS-3.54in-YYI","Dream Reach Kitchen Scissors All Purpose - Stainless Steel Kitchen Shear, Sharp Silver Meat Scissors Dishwasher Safe, Heavy Duty Poultry Shears, Japan","1","amazon.ca","Amazon","Montreal","Quebec","H3C 0Y","Combined TCS+MTC","16.99","2.54","0","0","0","0","0","0","0","0","-2.54","-2.55","-6.74","0","0","7.70"
"Dec 25, 2025 10:14:00 a.m. PST","25176693041","Order","701-4795617-5237043","KS-POS-GKS-3.54in-YYI","Dream Reach Kitchen Scissors All Purpose - Stainless Steel Kitchen Shear, Sharp Silver Meat Scissors Dishwasher Safe, Heavy Duty Poultry Shears, Japan","1","amazon.ca","Amazon","Toronto","Ontario","M4Y 1A","Combined TCS+MTC","16.99","2.21","0","0","0","0","0","0","0","0","-2.21","-2.55","-6.74","0","0","7.70"
"Dec 25, 2025 10:23:01 a.m. PST","25176693041","Order","701-7057190-4160203","HS1901","Dream Reach 6"" Professional Hair Cutting Scissors Japan 440C Steel Thinning Scissor for Men/Women Cutting for Salon/Barber/Home (Straight Scissors)","1","amazon.ca","Amazon","QUEBEC","Québec","G1B 3L","Combined TCS+MTC","43.99","5.60","5.90","0","0","0","0","0","-12.50","0","-5.60","-5.61","-6.49","0","0","25.29"
"Dec 25, 2025 11:49:06 a.m. PST","25176693041","Order","702-3069193-6325833","9B-5VGN-40SH","Dream Reach 2 Pack Kitchen Scissors, Premium All-Metal Kitchen Shears, Heavy Duty Poultry Shears for Food, Food-Grade Stainless Steel Scissors, Gift f","1","amazon.ca","Amazon","Roslin","Ontario","K0K 2Y","Combined TCS+MTC","29.99","3.90","0","0","0","0","0","0","0","0","-3.90","-4.50","-7.65","0","0","17.84"
"Dec 25, 2025 1:17:48 p.m. PST","25176693041","Order","701-5680009-5137004","KS-POS-GKS-3.54in-YYI","Dream Reach Kitchen Scissors All Purpose - Stainless Steel Kitchen Shear, Sharp Silver Meat Scissors Dishwasher Safe, Heavy Duty Poultry Shears, Japan","1","amazon.ca","Amazon","La Malbaie","Québec","G5A 1J","Combined TCS+MTC","16.99","2.54","5.53","0.83","0","0","0","0","0","0","-3.37","-2.55","-12.27","0","0","7.70"
"Dec 25, 2025 5:59:04 p.m. PST","25176693041","Order","702-6802501-5144227","KF02-BBJ","Dream Reach Chef Knife, Japanese Kitchen Knife, Sharp Stainless Steel Viking Style Meat Knife with Wooden Handle, Feather Design Cooking Knife with Sh","1","amazon.ca","Amazon","Summerland","BC","V0H 1Z","Combined TCS+MTC","37.40","4.49","3.93","0","0","0","0","0","-3.93","0","-4.49","-5.61","-7.13","0","0","24.66"
"Dec 25, 2025 6:18:20 p.m. PST","25176693041","Order","701-0161307-6735453","9B-5VGN-40SH","Dream Reach 2 Pack Kitchen Scissors, Premium All-Metal Kitchen Shears, Heavy Duty Poultry Shears for Food, Food-Grade Stainless Steel Scissors, Gift f","1","amazon.ca","Amazon","ABBOTSFORD","BC","V4X 2P","Combined TCS+MTC","29.99","3.60","6.99","0","0","0","0","0","-6.99","0","-3.60","-4.50","-8.19","0","0","17.30"
"Dec 25, 2025 7:06:55 p.m. PST","25176693041","Order","701-9130145-0558645","9B-5VGN-40SH","Dream Reach 2 Pack Kitchen Scissors, Premium All-Metal Kitchen Shears, Heavy Duty Poultry Shears for Food, Food-Grade Stainless Steel Scissors, Gift f","1","amazon.ca","Amazon","Calgary","Alberta","T3A 5K","Combined TCS+MTC","29.99","1.50","0","0","0","0","0","0","0","0","-1.50","-4.50","-7.65","0","0","17.84"
"Dec 25, 2025 9:25:17 p.m. PST","25176693041","Order","702-4189985-6480252","9B-5VGN-40SH","Dream Reach 2 Pack Kitchen Scissors, Premium All-Metal Kitchen Shears, Heavy Duty Poultry Shears for Food, Food-Grade Stainless Steel Scissors, Gift f","1","amazon.ca","Amazon","Sidney","British Columbia","V8L 2X","Combined TCS+MTC","29.99","3.60","0","0","0","0","0","0","0","0","-3.60","-4.50","-8.19","0","0","17.30"
"Dec 25, 2025 10:30:21 p.m. PST","25176693041","Order","701-0680254-9839400","KS-POS-GKS-3.54in-YYI","Dream Reach Kitchen Scissors All Purpose - Stainless Steel Kitchen Shear, Sharp Silver Meat Scissors Dishwasher Safe, Heavy Duty Poultry Shears, Japan","1","amazon.ca","Amazon","Calgary","Alberta","T3G 4R","Combined TCS+MTC","17.99","0.90","0","0","0","0","0","0","0","0","-0.90","-2.70","-6.74","0","0","8.55"
"Dec 25, 2025 11:30:35 p.m. PST","25176693041","Order","702-3334033-5138604","9B-5VGN-40SH","Dream Reach 2 Pack Kitchen Scissors, Premium All-Metal Kitchen Shears, Heavy Duty Poultry Shears for Food, Food-Grade Stainless Steel Scissors, Gift f","1","amazon.ca","Amazon","Whitby","Ontario","L1P 1K","Combined TCS+MTC","29.99","3.90","0","0","0","0","0","0","0","0","-3.90","-4.50","-7.65","0","0","17.84"
"Dec 26, 2025 12:01:48 a.m. PST","25176693041","Order","701-5758383-5965007","9B-5VGN-40SH","Dream Reach 2 Pack Kitchen Scissors, Premium All-Metal Kitchen Shears, Heavy Duty Poultry Shears for Food, Food-Grade Stainless Steel Scissors, Gift f","2","amazon.ca","Amazon","Goulais River","Ontario","P0S 1E","Combined TCS+MTC","59.98","7.40","0","0","0","0","0","0","-3.00","0","-7.40","-8.54","-15.30","0","0","33.14"
"Dec 26, 2025 12:02:25 a.m. PST","25176693041","Order","701-2474062-2479425","KS-POSSET2-GKS-ZW-YHE","Dream Reach Kitchen Scissors Set Black - Stainless Steel Kitchen Shears, Sharp Meat Scissors Dishwasher Safe, Heavy Duty Poultry Shears All Purpose, J","1","amazon.ca","Amazon","North Cowichan","British Columbia","V9L 0E","Combined TCS+MTC","37.99","4.56","0","0","0","0","0","0","0","0","-4.56","-5.70","-7.65","0","0","24.64"
"Dec 26, 2025 12:29:40 a.m. PST","25176693041","Order","702-8056903-1487404","B07XR7N1CB-01","Hair Cutting Scissors Set, Professional Barber Thinning Haircut Scissors Kit","1","amazon.ca","Amazon","Halifax","Nova Scotia","B3M 2Z","Combined TCS+MTC","42.99","6.02","0","0","0","0","0","0","0","0","-6.02","-6.45","-5.31","0","0","31.23"
"Dec 26, 2025 12:34:37 a.m. PST","25176693041","Order","701-2809459-4697009","9B-5VGN-40SH","Dream Reach 2 Pack Kitchen Scissors, Premium All-Metal Kitchen Shears, Heavy Duty Poultry Shears for Food, Food-Grade Stainless Steel Scissors, Gift f","1","amazon.ca","Amazon","Pickering","Ontario","L1X 0E","Combined TCS+MTC","29.99","3.90","0","0","0","0","0","0","0","0","-3.90","-4.50","-7.65","0","0","17.84"
"Dec 26, 2025 12:53:03 a.m. PST","25176693041","Order","702-3746911-6875446","BBJK06-Set6","Dream Reach Knife Set with Roll Bag, 6-Piece Professional Chef Knife Set, High Carbon Steel Black Kitchen Knives for Cooking, BBQ & Outdoor Use","1","amazon.ca","Amazon","Camrose","Alberta","T4V 1H","Combined TCS+MTC","53.99","2.70","0","0","0","0","0","0","0","0","-2.70","-8.10","-11.45","0","0","34.44"
"Dec 26, 2025 12:55:41 a.m. PST","25176693041","Order","701-4302745-9482661","KS-POS-GKS-3.54in-YYI","Dream Reach Kitchen Scissors All Purpose - Stainless Steel Kitchen Shear, Sharp Silver Meat Scissors Dishwasher Safe, Heavy Duty Poultry Shears, Japan","1","amazon.ca","Amazon","Nanaimo","British Columbia","V9S 5V","Combined TCS+MTC","16.99","2.04","0","0","0","0","0","0","0","0","-2.04","-2.55","-7.21","0","0","7.23"
"Dec 26, 2025 12:59:36 a.m. PST","25176693041","Order","702-1471281-0439466","9B-5VGN-40SH","Dream Reach 2 Pack Kitchen Scissors, Premium All-Metal Kitchen Shears, Heavy Duty Poultry Shears for Food, Food-Grade Stainless Steel Scissors, Gift f","1","amazon.ca","Amazon","St. Albert","Alberta","T8N 2L","Combined TCS+MTC","29.99","1.50","0","0","0","0","0","0","0","0","-1.50","-4.50","-7.65","0","0","17.84"
"Dec 26, 2025 1:13:39 a.m. PST","25176693041","Order","702-7963375-4515428","9B-5VGN-40SH","Dream Reach 2 Pack Kitchen Scissors, Premium All-Metal Kitchen Shears, Heavy Duty Poultry Shears for Food, Food-Grade Stainless Steel Scissors, Gift f","1","amazon.ca","Amazon","Delta","British Columbia","V4K 1A","Combined TCS+MTC","29.99","3.60","6.99","0","0","0","0","0","-6.99","0","-3.60","-4.50","-8.19","0","0","17.30"
"Dec 26, 2025 1:43:42 a.m. PST","25176693041","Order","701-7872526-6657069","KF02-BBJ","Dream Reach Chef Knife, Japanese Kitchen Knife, Sharp Stainless Steel Viking Style Meat Knife with Wooden Handle, Feather Design Cooking Knife with Sh","1","amazon.ca","Amazon","Brampton","Ontario","L6Z 1G","Combined TCS+MTC","37.40","4.86","0","0","0","0","0","0","0","0","-4.86","-5.61","-7.13","0","0","24.66"
"Dec 26, 2025 1:57:56 a.m. PST","25176693041","Order","702-4289517-9652242","9B-5VGN-40SH","Dream Reach 2 Pack Kitchen Scissors, Premium All-Metal Kitchen Shears, Heavy Duty Poultry Shears for Food, Food-Grade Stainless Steel Scissors, Gift f","1","amazon.ca","Amazon","Tecumseh","Ontario","N8N 4W","Combined TCS+MTC","29.99","3.90","0","0","0","0","0","0","0","0","-3.90","-4.50","-7.65","0","0","17.84"
"Dec 26, 2025 2:13:21 a.m. PST","25176693041","Order","702-0045867-1113040","9B-5VGN-40SH","Dream Reach 2 Pack Kitchen Scissors, Premium All-Metal Kitchen Shears, Heavy Duty Poultry Shears for Food, Food-Grade Stainless Steel Scissors, Gift f","1","amazon.ca","Amazon","Abbotsford","BC","V3G 1E","Combined TCS+MTC","29.99","3.60","0","0","0","0","0","0","0","0","-3.60","-4.50","-8.19","0","0","17.30"
"Dec 26, 2025 2:25:09 a.m. PST","25176693041","Order","701-2422802-1804255","BBJK06-Set6","Dream Reach Knife Set with Roll Bag, 6-Piece Professional Chef Knife Set, High Carbon Steel Black Kitchen Knives for Cooking, BBQ & Outdoor Use","1","amazon.ca","Amazon","Toronto","Ontario","M3N 2S","Combined TCS+MTC","53.99","7.02","6.99","0","0","0","0","0","-6.99","0","-7.02","-8.10","-11.45","0","0","34.44"
"Dec 26, 2025 2:28:12 a.m. PST","25176693041","Order","702-7108541-1848204","BBJK06-Set6","Dream Reach Knife Set with Roll Bag, 6-Piece Professional Chef Knife Set, High Carbon Steel Black Kitchen Knives for Cooking, BBQ & Outdoor Use","1","amazon.ca","Amazon","Metchosin","British Columbia","V9C 4H","Combined TCS+MTC","53.99","6.48","0","0","0","0","0","0","0","0","-6.48","-8.10","-12.25","0","0","33.64"
"Dec 26, 2025 2:44:29 a.m. PST","25176693041","Order","702-1906251-6937835","KF02-BBJ","Dream Reach Chef Knife, Japanese Kitchen Knife, Sharp Stainless Steel Viking Style Meat Knife with Wooden Handle, Feather Design Cooking Knife with Sh","1","amazon.ca","Amazon","Belleville","Ontario","K8N 3S","Combined TCS+MTC","37.40","4.86","0","0","0","0","0","0","0","0","-4.86","-5.61","-7.13","0","0","24.66"
"Dec 26, 2025 2:56:10 a.m. PST","25176693041","Order","702-9157967-4659421","9B-5VGN-40SH","Dream Reach 2 Pack Kitchen Scissors, Premium All-Metal Kitchen Shears, Heavy Duty Poultry Shears for Food, Food-Grade Stainless Steel Scissors, Gift f","1","amazon.ca","Amazon","Hagersville","Ontario","N0A 1H","Combined TCS+MTC","29.99","3.90","6.99","0","0","0","0","0","-6.99","0","-3.90","-4.50","-7.65","0","0","17.84"
"Dec 26, 2025 3:11:52 a.m. PST","25176693041","Order","702-0040413-8576203","PS01-HDM","Dream Reach Poultry Shears - Heavy Duty Kitchen Scissors for Food with Ergonomic Handle, Japanese High-Carbon Steel Culinary Shears for Chicken, Meat,","1","amazon.ca","Amazon","Ottawa","Ontario","K2B 5T","Combined TCS+MTC","22.99","2.99","0.87","0","0","0","0","0","-0.87","0","-2.99","-3.45","-7.13","0","0","12.41"
"Dec 26, 2025 3:53:00 a.m. PST","25176693041","Order","702-1122699-7021861","KS-POS-GKS-3.54in-YYI","Dream Reach Kitchen Scissors All Purpose - Stainless Steel Kitchen Shear, Sharp Silver Meat Scissors Dishwasher Safe, Heavy Duty Poultry Shears, Japan","1","amazon.ca","Amazon","Hemmingford","Quebec","J0L 1H","Combined TCS+MTC","16.99","2.54","0","0","0","0","0","0","0","0","-2.54","-2.55","-6.74","0","0","7.70"
"Dec 26, 2025 3:59:59 a.m. PST","25176693041","Refund","701-7872526-6657069","KF02-BBJ","Dream Reach Chef Knife, Japanese Kitchen Knife, Sharp Stainless Steel Viking Style Meat Knife with Wooden Handle, Feather Design Cooking Knife with Sh","1","amazon.ca","Amazon","Brampton","Ontario","L6Z 1G","Combined TCS+MTC","-37.40","-4.86","0","0","0","0","0","0","0","0","4.86","4.49","0","0","0","-32.91"
"Dec 26, 2025 4:04:37 a.m. PST","25176693041","Order","702-8860791-9105828","KS-POSSET2-GKS-ZW-YYI","Dream Reach Kitchen Scissors Set Silver - Stainless Steel Kitchen Shear, Sharp Meat Scissors Dishwasher Safe, Heavy Duty Poultry Shears, Japanese Cook","1","amazon.ca","Amazon","Chateau-Richer","QC","G0A 1N","Combined TCS+MTC","37.99","5.69","0","0","0","0","0","0","0","0","-5.69","-5.70","-7.13","0","0","25.16"
"Dec 26, 2025 4:08:55 a.m. PST","25176693041","Order","701-6933677-4463402","KS-POS-GKS-3.54in-YYI","Dream Reach Kitchen Scissors All Purpose - Stainless Steel Kitchen Shear, Sharp Silver Meat Scissors Dishwasher Safe, Heavy Duty Poultry Shears, Japan","1","amazon.ca","Amazon","Newmarket","Ontario","L3Y 9G","Combined TCS+MTC","16.99","2.21","0","0","0","0","0","0","0","0","-2.21","-2.55","-6.74","0","0","7.70"
"Dec 26, 2025 4:19:01 a.m. PST","25176693041","Adjustment","702-6398302-1024260","KF05-BBJ","FBA Inventory Reimbursement - Customer Return","1","","","","","","","0","0","0","0","0","0","0","0","0","0","0","0","0","0","20.76","20.76"
"Dec 26, 2025 4:44:58 a.m. PST","25176693041","Order","702-9699328-7717060","9B-5VGN-40SH","Dream Reach 2 Pack Kitchen Scissors, Premium All-Metal Kitchen Shears, Heavy Duty Poultry Shears for Food, Food-Grade Stainless Steel Scissors, Gift f","1","amazon.ca","Amazon","Rm Of Dundurn","Saskatchewan","S7C 0C","Combined TCS+MTC","29.99","3.30","0","0","0","0","0","0","0","0","-3.30","-4.50","-7.65","0","0","17.84"
"Dec 26, 2025 5:33:12 a.m. PST","25176693041","Order","701-8058203-9032269","9B-5VGN-40SH","Dream Reach 2 Pack Kitchen Scissors, Premium All-Metal Kitchen Shears, Heavy Duty Poultry Shears for Food, Food-Grade Stainless Steel Scissors, Gift f","1","amazon.ca","Amazon","Surrey","British Columbia","V4A 7J","Combined TCS+MTC","29.99","3.60","2.33","0","0","0","0","0","-2.33","0","-3.60","-4.50","-8.19","0","0","17.30"
"Dec 26, 2025 5:41:24 a.m. PST","25176693041","Order","701-8735720-5364207","KF02-BBJ","Dream Reach Chef Knife, Japanese Kitchen Knife, Sharp Stainless Steel Viking Style Meat Knife with Wooden Handle, Feather Design Cooking Knife with Sh","1","amazon.ca","Amazon","Mississauga","Ontario","L5N 5W","Combined TCS+MTC","37.40","4.86","5.90","0","0","0","0","0","-5.90","0","-4.86","-5.61","-7.13","0","0","24.66"
"Dec 26, 2025 5:46:03 a.m. PST","25176693041","Order","702-3114514-0684266","9B-5VGN-40SH","Dream Reach 2 Pack Kitchen Scissors, Premium All-Metal Kitchen Shears, Heavy Duty Poultry Shears for Food, Food-Grade Stainless Steel Scissors, Gift f","1","amazon.ca","Amazon","Vancouver","British Columbia","V6G 3J","Combined TCS+MTC","29.99","3.60","6.99","0","0","0","0","0","-6.99","0","-3.60","-4.50","-8.19","0","0","17.30"
"Dec 26, 2025 5:52:12 a.m. PST","25176693041","Order","702-2633051-2147458","KS-POS-GKS-3.54in-YYI","Dream Reach Kitchen Scissors All Purpose - Stainless Steel Kitchen Shear, Sharp Silver Meat Scissors Dishwasher Safe, Heavy Duty Poultry Shears, Japan","1","amazon.ca","Amazon","London","Ontario","N6J 2Y","Combined TCS+MTC","17.99","2.08","0","0","0","0","0","0","-1.98","0","-2.08","-2.40","-6.74","0","0","6.87"
"Dec 26, 2025 6:27:37 a.m. PST","25176693041","Order","701-1388385-7320233","KF02-BBJ","Dream Reach Chef Knife, Japanese Kitchen Knife, Sharp Stainless Steel Viking Style Meat Knife with Wooden Handle, Feather Design Cooking Knife with Sh","1","amazon.ca","Amazon","Toronto","Ontario","M5V 3V","Combined TCS+MTC","37.40","4.86","0","0","0","0","0","0","0","0","-4.86","-5.61","-7.13","0","0","24.66"
"Dec 26, 2025 6:49:05 a.m. PST","25176693041","Order","702-3254630-6149057","9B-5VGN-40SH","Dream Reach 2 Pack Kitchen Scissors, Premium All-Metal Kitchen Shears, Heavy Duty Poultry Shears for Food, Food-Grade Stainless Steel Scissors, Gift f","1","amazon.ca","Amazon","Halifax","Nova Scotia","B3S 0G","Combined TCS+MTC","29.99","4.20","0","0","0","0","0","0","0","0","-4.20","-4.50","-7.65","0","0","17.84"
"Dec 26, 2025 6:51:28 a.m. PST","25176693041","Order","702-9681954-6977033","9B-5VGN-40SH","Dream Reach 2 Pack Kitchen Scissors, Premium All-Metal Kitchen Shears, Heavy Duty Poultry Shears for Food, Food-Grade Stainless Steel Scissors, Gift f","1","amazon.ca","Amazon","Rigaud","Quebec","J0P1P","Combined TCS+MTC","29.99","4.49","0","0","0","0","0","0","0","0","-4.49","-4.50","-7.65","0","0","17.84"
"Dec 26, 2025 6:54:22 a.m. PST","25176693041","Order","701-0296000-9725878","KF01-BBJ","Dream Reach Viking Cleaver Knife Butcher Meat Cutting Boning Knife High Carbon Steel Kitchen Axe with Sheath Home Outdoor BBQ Camping Birthday Christm","1","amazon.ca","Amazon","Mississauga","Ontario","L5N 1L","Combined TCS+MTC","38.24","4.97","0","0","0","0","0","0","0","0","-4.97","-5.74","-7.65","0","0","24.85"
"Dec 26, 2025 6:59:25 a.m. PST","25176693041","Order","702-4272333-9311467","KS-POS-GKS-3.54in-YYI","Dream Reach Kitchen Scissors All Purpose - Stainless Steel Kitchen Shear, Sharp Silver Meat Scissors Dishwasher Safe, Heavy Duty Poultry Shears, Japan","1","amazon.ca","Amazon","Quebec","Québec","G1W 4A","Combined TCS+MTC","16.99","2.54","0","0","0","0","0","0","0","0","-2.54","-2.55","-6.74","0","0","7.70"
"Dec 26, 2025 7:03:22 a.m. PST","25176693041","Order","701-2724438-4913858","KS-POS-GKS-3.54in-YYI","Dream Reach Kitchen Scissors All Purpose - Stainless Steel Kitchen Shear, Sharp Silver Meat Scissors Dishwasher Safe, Heavy Duty Poultry Shears, Japan","1","amazon.ca","Amazon","Valleyfield","Québec","J6S 0P","Combined TCS+MTC","16.99","2.54","0","0","0","0","0","0","0","0","-2.54","-2.55","-6.74","0","0","7.70"
"Dec 26, 2025 7:07:11 a.m. PST","25176693041","Order","701-5479930-5887435","9B-5VGN-40SH","Dream Reach 2 Pack Kitchen Scissors, Premium All-Metal Kitchen Shears, Heavy Duty Poultry Shears for Food, Food-Grade Stainless Steel Scissors, Gift f","1","amazon.ca","Amazon","Milton","Ontario","L9T 8R","Combined TCS+MTC","29.99","3.90","0","0","0","0","0","0","0","0","-3.90","-4.50","-7.65","0","0","17.84"
"Dec 26, 2025 7:17:51 a.m. PST","25176693041","Order","702-7243931-9374669","KF01-BBJ","Dream Reach Viking Cleaver Knife Butcher Meat Cutting Boning Knife High Carbon Steel Kitchen Axe with Sheath Home Outdoor BBQ Camping Birthday Christm","1","amazon.ca","Amazon","Erin","Ontario","N0B 1T","Combined TCS+MTC","38.24","4.97","0","0","0","0","0","0","0","0","-4.97","-5.74","-7.65","0","0","24.85"
"Dec 26, 2025 7:19:50 a.m. PST","25176693041","Order","702-6271689-5910602","9B-5VGN-40SH","Dream Reach 2 Pack Kitchen Scissors, Premium All-Metal Kitchen Shears, Heavy Duty Poultry Shears for Food, Food-Grade Stainless Steel Scissors, Gift f","1","amazon.ca","Amazon","Cote Saint-Luc","Quebec","H3X 1W","Combined TCS+MTC","29.99","4.49","0","0","0","0","0","0","0","0","-4.49","-4.50","-7.65","0","0","17.84"
"Dec 26, 2025 7:21:22 a.m. PST","25176693041","Order","702-1570816-5593069","KF01-BBJ","Dream Reach Viking Cleaver Knife Butcher Meat Cutting Boning Knife High Carbon Steel Kitchen Axe with Sheath Home Outdoor BBQ Camping Birthday Christm","1","amazon.ca","Amazon","Peterborough","Ontario","K9H 7E","Combined TCS+MTC","38.24","4.97","0","0","0","0","0","0","0","0","-4.97","-5.74","-7.65","0","0","24.85"
"Dec 26, 2025 7:22:05 a.m. PST","25176693041","Order","701-9093363-7473813","9B-5VGN-40SH","Dream Reach 2 Pack Kitchen Scissors, Premium All-Metal Kitchen Shears, Heavy Duty Poultry Shears for Food, Food-Grade Stainless Steel Scissors, Gift f","1","amazon.ca","Amazon","Langley","British Columbia","V1M 3Y","Combined TCS+MTC","29.99","3.60","0","0","0","0","0","0","0","0","-3.60","-4.50","-8.19","0","0","17.30"
"Dec 26, 2025 7:25:54 a.m. PST","25176693041","Order","701-7240394-5482669","9B-5VGN-40SH","Dream Reach 2 Pack Kitchen Scissors, Premium All-Metal Kitchen Shears, Heavy Duty Poultry Shears for Food, Food-Grade Stainless Steel Scissors, Gift f","1","amazon.ca","Amazon","Toronto","ON","M5V2P","Combined TCS+MTC","29.99","3.90","6.99","0","0","0","0","0","-6.99","0","-3.90","-4.50","-7.65","0","0","17.84"
"Dec 26, 2025 7:26:27 a.m. PST","25176693041","Order","702-1532568-8175424","9B-5VGN-40SH","Dream Reach 2 Pack Kitchen Scissors, Premium All-Metal Kitchen Shears, Heavy Duty Poultry Shears for Food, Food-Grade Stainless Steel Scissors, Gift f","1","amazon.ca","Amazon","Victoria","BC","V9A 5R","Combined TCS+MTC","29.99","3.60","2.74","0","0","0","0","0","-2.74","0","-3.60","-4.50","-7.65","0","0","17.84"
"Dec 26, 2025 7:30:29 a.m. PST","25176693041","Order","701-7022851-8464235","KS-POS-GKS-3.54in-YYI","Dream Reach Kitchen Scissors All Purpose - Stainless Steel Kitchen Shear, Sharp Silver Meat Scissors Dishwasher Safe, Heavy Duty Poultry Shears, Japan","1","amazon.ca","Amazon","Kingston","ON","K7P 2A","Combined TCS+MTC","16.99","2.21","0","0","0","0","0","0","0","0","-2.21","-2.55","-6.74","0","0","7.70"
"Dec 26, 2025 7:58:26 a.m. PST","25176693041","Order","702-9259100-5541850","KS-POS-GKS-3.54in-YYI","Dream Reach Kitchen Scissors All Purpose - Stainless Steel Kitchen Shear, Sharp Silver Meat Scissors Dishwasher Safe, Heavy Duty Poultry Shears, Japan","1","amazon.ca","Amazon","Saint-Sulpice","Quebec","J5W 4A","Combined TCS+MTC","16.99","2.54","0","0","0","0","0","0","0","0","-2.54","-2.55","-6.74","0","0","7.70"
"Dec 26, 2025 8:01:01 a.m. PST","25176693041","Order","701-5159676-1177016","9B-5VGN-40SH","Dream Reach 2 Pack Kitchen Scissors, Premium All-Metal Kitchen Shears, Heavy Duty Poultry Shears for Food, Food-Grade Stainless Steel Scissors, Gift f","1","amazon.ca","Amazon","Sarnia","Ontario","N7T 2R","Combined TCS+MTC","29.99","3.90","0","0","0","0","0","0","0","0","-3.90","-4.50","-7.65","0","0","17.84"
"Dec 26, 2025 11:18:16 a.m. PST","25176693041","Order","702-5252897-4653843","9B-5VGN-40SH","Dream Reach 2 Pack Kitchen Scissors, Premium All-Metal Kitchen Shears, Heavy Duty Poultry Shears for Food, Food-Grade Stainless Steel Scissors, Gift f","1","amazon.ca","Amazon","Norwood","Ontario","K0L 2V","Combined TCS+MTC","29.99","3.90","0","0","0","0","0","0","0","0","-3.90","-4.50","-7.65","0","0","17.84"
"Dec 26, 2025 11:36:55 a.m. PST","25176693041","Order","701-8187617-2799459","HS1901","Dream Reach 6"" Professional Hair Cutting Scissors Japan 440C Steel Thinning Scissor for Men/Women Cutting for Salon/Barber/Home (Straight Scissors)","1","amazon.ca","Amazon","Glace Bay","Nova Scotia","B1A1A","Combined TCS+MTC","43.99","5.23","0","0","0","0","0","0","-6.60","0","-5.23","-5.61","-6.49","0","0","25.29"
"Dec 26, 2025 1:01:28 p.m. PST","25176693041","Order","701-2861225-6293836","KS-POS-GKS-3.54in-YYI","Dream Reach Kitchen Scissors All Purpose - Stainless Steel Kitchen Shear, Sharp Silver Meat Scissors Dishwasher Safe, Heavy Duty Poultry Shears, Japan","1","amazon.ca","Amazon","Maple Ridge","British Columbia","V2X 9J","Combined TCS+MTC","16.99","2.04","0","0","0","0","0","0","0","0","-2.04","-2.55","-7.21","0","0","7.23"
"Dec 26, 2025 2:39:39 p.m. PST","25176693041","Order","701-5692448-7389852","9B-5VGN-40SH","Dream Reach 2 Pack Kitchen Scissors, Premium All-Metal Kitchen Shears, Heavy Duty Poultry Shears for Food, Food-Grade Stainless Steel Scissors, Gift f","1","amazon.ca","Amazon","St. John's","Newfoundland","A1C 4S","Combined TCS+MTC","29.99","4.50","7.49","1.12","0","0","0","0","0","0","-5.62","-4.50","-15.14","0","0","17.84"
"Dec 26, 2025 4:04:15 p.m. PST","25176693041","Order","702-7639724-1829861","KS-POSSET2-GKS-ZW-YYI","Dream Reach Kitchen Scissors Set Silver - Stainless Steel Kitchen Shear, Sharp Meat Scissors Dishwasher Safe, Heavy Duty Poultry Shears, Japanese Cook","1","amazon.ca","Amazon","Calgary","Alberta","T3M 1A","Combined TCS+MTC","37.99","1.90","7.54","0.38","0","0","0","0","0","0","-2.28","-5.70","-15.19","0","0","24.64"
"Dec 26, 2025 4:17:12 p.m. PST","25176693041","Order","701-4384095-6920205","KS-POS-GKS-3.54in-YYI","Dream Reach Kitchen Scissors All Purpose - Stainless Steel Kitchen Shear, Sharp Silver Meat Scissors Dishwasher Safe, Heavy Duty Poultry Shears, Japan","1","amazon.ca","Amazon","Standard","Alberta","T0J 3G","Combined TCS+MTC","17.99","0.80","0","0","0","0","0","0","-1.98","0","-0.80","-2.40","-6.74","0","0","6.87"
"Dec 26, 2025 5:55:06 p.m. PST","25176693041","Order","701-9904465-8543425","9B-5VGN-40SH","Dream Reach 2 Pack Kitchen Scissors, Premium All-Metal Kitchen Shears, Heavy Duty Poultry Shears for Food, Food-Grade Stainless Steel Scissors, Gift f","1","amazon.ca","Amazon","Winnipeg","MB","R2X 1L","Combined TCS+MTC","29.99","3.60","0","0","0","0","0","0","0","0","-3.60","-4.50","-7.65","0","0","17.84"
"Dec 26, 2025 5:57:35 p.m. PST","25176693041","Order","701-1107627-4070662","8FS01-BJ","Dream Reach Dog Thinning Scissors - 8 Inch Professional Pet Grooming Shears with Adjustable Screw, Sharp Trimming Scissors for Dogs and Cats","1","amazon.ca","Amazon","West St Paul","MB","R4A 3A","Combined TCS+MTC","39.99","4.08","0","0","0","0","0","0","-6.00","0","-4.08","-5.10","-6.74","0","0","22.15"
"Dec 26, 2025 6:28:51 p.m. PST","25176693041","Order","701-8601162-2810637","KF02-BBJ","Dream Reach Chef Knife, Japanese Kitchen Knife, Sharp Stainless Steel Viking Style Meat Knife with Wooden Handle, Feather Design Cooking Knife with Sh","1","amazon.ca","Amazon","Gatineau","Quebec","J8T 5B","Combined TCS+MTC","37.40","5.60","0","0","0","0","0","0","0","0","-5.60","-5.61","-7.13","0","0","24.66"
"Dec 26, 2025 6:41:17 p.m. PST","25176693041","Order","702-5069240-1631415","9B-5VGN-40SH","Dream Reach 2 Pack Kitchen Scissors, Premium All-Metal Kitchen Shears, Heavy Duty Poultry Shears for Food, Food-Grade Stainless Steel Scissors, Gift f","1","amazon.ca","Amazon","Portage La Prairie","Manitoba","R1N 4C","Combined TCS+MTC","29.99","3.60","0","0","0","0","0","0","0","0","-3.60","-4.50","-7.65","0","0","17.84"
"Dec 26, 2025 7:16:26 p.m. PST","25176693041","Order","702-4046629-8585047","9B-5VGN-40SH","Dream Reach 2 Pack Kitchen Scissors, Premium All-Metal Kitchen Shears, Heavy Duty Poultry Shears for Food, Food-Grade Stainless Steel Scissors, Gift f","1","amazon.ca","Amazon","Toronto","Ontario","M6G 3Z","Combined TCS+MTC","29.99","3.90","0","0","0","0","0","0","0","0","-3.90","-4.50","-7.65","0","0","17.84"
"Dec 26, 2025 8:17:04 p.m. PST","25176693041","Order","702-2453375-4728241","KF02-BBJ","Dream Reach Chef Knife, Japanese Kitchen Knife, Sharp Stainless Steel Viking Style Meat Knife with Wooden Handle, Feather Design Cooking Knife with Sh","1","amazon.ca","Amazon","Owen Sound","Ontario","N4K 6W","Combined TCS+MTC","37.40","4.86","0","0","0","0","0","0","0","0","-4.86","-5.61","-7.13","0","0","24.66"
"Dec 26, 2025 8:34:53 p.m. PST","25176693041","Order","S01-0721710-2883624","KF04-BBJ","Dream Reach Meat Bone Cleaver Knife for Meat Cutting Handmade Heavy Duty Butcher Axes Hand Forged Full Tang Chopper for Kitchen Outdoor BBQ Chef Gifts Idea Men Black","1","siprod.stores.amazon.ca","Amazon","CHARLOTTETOWN","PE","C1A 1E","","0","0","0","0","0","0","0","0","0","0","0","0","-3.82","0","0","-3.82"
"Dec 26, 2025 8:34:53 p.m. PST","25176693041","Order","S01-0721710-2883624","","FBA transportation fee","","siprod.stores.amazon.ca","Amazon","CHARLOTTETOWN","PE","C1A 1E","","0","0","0","0","0","0","0","0","0","0","0","0","0","0","-8.98","-8.98"
"Dec 26, 2025 8:55:46 p.m. PST","25176693041","Order","701-7057425-2834627","KS-POSSET2-GKS-ZZ-YHE","Dream Reach Kitchen Scissors Set Black - Upgraded Stainless Steel Kitchen Shear, Sharp Meat Scissors, Heavy Duty Poultry Shears, Japanese Cooking Scis","1","amazon.ca","Amazon","Revelstoke","British Columbia","V0E 2S","Combined TCS+MTC","34.99","4.20","0","0","0","0","0","0","0","0","-4.20","-5.25","-7.13","0","0","22.61"
"Dec 26, 2025 9:18:30 p.m. PST","25176693041","Service Fee","","","Cost of advertising","","","","","","","","0","0","0","0","0","0","0","0","0","0","0","0","0","-500.05","0","-500.05"
"Dec 26, 2025 10:32:09 p.m. PST","25176693041","Order","701-8002682-5316226","HS1901","Dream Reach 6"" Professional Hair Cutting Scissors Japan 440C Steel Thinning Scissor for Men/Women Cutting for Salon/Barber/Home (Straight Scissors)","1","amazon.ca","Amazon","Brampton","Ontario","L6Z 3L","Combined TCS+MTC","43.99","5.72","0","0","0","0","0","0","0","0","-5.72","-6.60","-6.49","0","0","30.90"
"Dec 26, 2025 10:38:26 p.m. PST","25176693041","Order","702-0712751-1073019","PS01-HDM","Dream Reach Poultry Shears - Heavy Duty Kitchen Scissors for Food with Ergonomic Handle, Japanese High-Carbon Steel Culinary Shears for Chicken, Meat,","1","amazon.ca","Amazon","Saint-Lambert","Quebec","J4R 1N","Combined TCS+MTC","22.99","3.44","0","0","0","0","0","0","0","0","-3.44","-3.45","-7.13","0","0","12.41"
"Dec 26, 2025 11:33:50 p.m. PST","25176693041","Refund","702-2453375-4728241","KF02-BBJ","Dream Reach Chef Knife, Japanese Kitchen Knife, Sharp Stainless Steel Viking Style Meat Knife with Wooden Handle, Feather Design Cooking Knife with Sh","1","amazon.ca","Amazon","Owen Sound","Ontario","N4K 6W","Combined TCS+MTC","-37.40","-4.86","0","0","0","0","0","0","0","0","4.86","4.49","0","0","0","-32.91"
"Dec 26, 2025 11:43:43 p.m. PST","25176693041","Order","702-3628481-1408214","KF01-BBJ","Dream Reach Viking Cleaver Knife Butcher Meat Cutting Boning Knife High Carbon Steel Kitchen Axe with Sheath Home Outdoor BBQ Camping Birthday Christm","1","amazon.ca","Amazon","Montreal","Quebec","H4A3H","Combined TCS+MTC","38.24","5.73","0","0","0","0","0","0","0","0","-5.73","-5.74","-7.65","0","0","24.85"
"Dec 26, 2025 11:44:50 p.m. PST","25176693041","Order","702-3472427-4429064","KS-POS-GKS-3.54in-YYI","Dream Reach Kitchen Scissors All Purpose - Stainless Steel Kitchen Shear, Sharp Silver Meat Scissors Dishwasher Safe, Heavy Duty Poultry Shears, Japan","1","amazon.ca","Amazon","Burlington","Ontario","L7P 3J","Combined TCS+MTC","17.99","2.08","0","0","0","0","0","0","-1.98","0","-2.08","-2.40","-6.74","0","0","6.87"
"Dec 26, 2025 11:49:43 p.m. PST","25176693041","Order","701-7365589-2870656","9B-5VGN-40SH","Dream Reach 2 Pack Kitchen Scissors, Premium All-Metal Kitchen Shears, Heavy Duty Poultry Shears for Food, Food-Grade Stainless Steel Scissors, Gift f","1","amazon.ca","Amazon","Langley","British Columbia","V3A 5C","Combined TCS+MTC","29.99","3.60","0","0","0","0","0","0","0","0","-3.60","-4.50","-8.19","0","0","17.30"
"Dec 27, 2025 12:12:23 a.m. PST","25176693041","Order","702-6425133-3393806","9B-5VGN-40SH","Dream Reach 2 Pack Kitchen Scissors, Premium All-Metal Kitchen Shears, Heavy Duty Poultry Shears for Food, Food-Grade Stainless Steel Scissors, Gift f","1","amazon.ca","Amazon","Ste-Julie","Quebec","J3E 3H","Combined TCS+MTC","29.99","4.49","0","0","0","0","0","0","0","0","-4.49","-4.50","-7.65","0","0","17.84"
"Dec 27, 2025 12:34:56 a.m. PST","25176693041","Order","701-6353969-9963458","KS-POS-GKS-3.54in-YYI","Dream Reach Kitchen Scissors All Purpose - Stainless Steel Kitchen Shear, Sharp Silver Meat Scissors Dishwasher Safe, Heavy Duty Poultry Shears, Japan","1","amazon.ca","Amazon","Ottawa","Ontario","K2S 1R","Combined TCS+MTC","17.99","2.08","0","0","0","0","0","0","-1.98","0","-2.08","-2.40","-6.74","0","0","6.87"
"Dec 27, 2025 12:42:15 a.m. PST","25176693041","Order","702-0863975-4089828","9B-5VGN-40SH","Dream Reach 2 Pack Kitchen Scissors, Premium All-Metal Kitchen Shears, Heavy Duty Poultry Shears for Food, Food-Grade Stainless Steel Scissors, Gift f","1","amazon.ca","Amazon","Victoriaville","Quebec","G6T 2G","Combined TCS+MTC","29.99","4.49","0","0","0","0","0","0","0","0","-4.49","-4.50","-7.65","0","0","17.84"
"Dec 27, 2025 12:43:27 a.m. PST","25176693041","Order","701-5019499-0339436","CWJ02-Black7.5Set-BBJ","Dream Reach Dog Grooming Scissors - Professional 7.5 Inch Pet Scissors Sharp and Durable Shears Set Thinning, Chunker, Straight, Curved Shears and Com","1","amazon.ca","Amazon","Gatineau","Quebec","J8T 3R","Combined TCS+MTC","49.71","7.44","0","0","0","0","0","0","0","0","-7.44","-7.46","-7.65","0","0","34.60"
"Dec 27, 2025 12:45:28 a.m. PST","25176693041","Order","701-6802234-5156249","KS-POSSET2-GKS-ZW-YHE","Dream Reach Kitchen Scissors Set Black - Stainless Steel Kitchen Shears, Sharp Meat Scissors Dishwasher Safe, Heavy Duty Poultry Shears All Purpose, J","1","amazon.ca","Amazon","Oakville","Ontario","L6H 6W","Combined TCS+MTC","37.99","4.94","1.17","0","0","0","0","0","-1.17","0","-4.94","-5.70","-7.65","0","0","24.64"
"Dec 27, 2025 1:10:48 a.m. PST","25176693041","Order","702-1206842-9405853","KF02-BBJ","Dream Reach Chef Knife, Japanese Kitchen Knife, Sharp Stainless Steel Viking Style Meat Knife with Wooden Handle, Feather Design Cooking Knife with Sh","1","amazon.ca","Amazon","Carbonear","Newfoundland","A1Y 1B","Combined TCS+MTC","37.40","5.61","0","0","0","0","0","0","0","0","-5.61","-5.61","-7.13","0","0","24.66"
"Dec 27, 2025 1:13:14 a.m. PST","25176693041","Order","701-0064776-7779415","9B-5VGN-40SH","Dream Reach 2 Pack Kitchen Scissors, Premium All-Metal Kitchen Shears, Heavy Duty Poultry Shears for Food, Food-Grade Stainless Steel Scissors, Gift f","1","amazon.ca","Amazon","North York","Ontario","M1R 1R","Combined TCS+MTC","29.99","3.90","3.93","0","0","0","0","0","-3.93","0","-3.90","-4.50","-7.65","0","0","17.84"
"Dec 27, 2025 1:33:46 a.m. PST","25281560811","Order","702-0204875-5829863","KS-POSSET2-GKS-ZZ-YHE","Dream Reach Kitchen Scissors Set Black - Upgraded Stainless Steel Kitchen Shear, Sharp Meat Scissors, Heavy Duty Poultry Shears, Japanese Cooking Scis","1","amazon.ca","Amazon","Wasaga Beach","Ontario","L9Z 1N","Combined TCS+MTC","37.99","4.94","0","0","0","0","0","0","0","0","-4.94","-5.70","-7.13","0","0","25.16"
"Dec 27, 2025 1:34:51 a.m. PST","25281560811","Order","702-9227037-8869863","9B-5VGN-40SH","Dream Reach 2 Pack Kitchen Scissors, Premium All-Metal Kitchen Shears, Heavy Duty Poultry Shears for Food, Food-Grade Stainless Steel Scissors, Gift f","1","amazon.ca","Amazon","Cambridge","Ontario","N1S 3B","Combined TCS+MTC","25.73","3.34","6.99","0","0","0","0","0","-6.99","0","-3.34","-3.86","-7.65","0","0","14.22"
"Dec 27, 2025 1:43:23 a.m. PST","25281560811","Order","702-6983151-9524223","KF01-BBJ","Dream Reach Viking Cleaver Knife Butcher Meat Cutting Boning Knife High Carbon Steel Kitchen Axe with Sheath Home Outdoor BBQ Camping Birthday Christm","1","amazon.ca","Amazon","Kitchener","Ontario","N2G2C","Combined TCS+MTC","38.24","4.97","1.75","0","0","0","0","0","-1.75","0","-4.97","-5.74","-7.65","0","0","24.85"
"Dec 27, 2025 1:50:09 a.m. PST","25281560811","Order","702-4477409-4658664","KS-POSSET2-GKS-ZW-YHE","Dream Reach Kitchen Scissors Set Black - Stainless Steel Kitchen Shears, Sharp Meat Scissors Dishwasher Safe, Heavy Duty Poultry Shears All Purpose, J","1","amazon.ca","Amazon","Cardigan","New Brunswick","E6B 1M","Combined TCS+MTC","37.99","5.70","0","0","0","0","0","0","0","0","-5.70","-5.70","-7.65","0","0","24.64"
"Dec 27, 2025 2:22:28 a.m. PST","25281560811","Order","701-7542510-6848218","KS-POS-GKS-3.54in-YYI","Dream Reach Kitchen Scissors All Purpose, Premium All-Metal Kitchen Shears, Heavy Duty Poultry Shears for Food, Food-Grade Stainless Steel Scissors, G","1","amazon.ca","Amazon","Etobicoke","Ontario","M8V 4G","Combined TCS+MTC","17.99","2.34","1.17","0","0","0","0","0","-1.17","0","-2.34","-2.70","-6.74","0","0","8.55"
"Dec 27, 2025 2:36:36 a.m. PST","25281560811","Order","701-6973616-0719468","BBJK06-Set6","Dream Reach Knife Set with Roll Bag, 6-Piece Professional Chef Knife Set, High Carbon Steel Black Kitchen Knives for Cooking, BBQ & Outdoor Use","1","amazon.ca","Amazon","Hamilton","Ontario","L8L1R","Combined TCS+MTC","59.99","7.80","6.99","0","0","0","0","0","-6.99","0","-7.80","-9.00","-11.45","0","0","39.54"
"Dec 27, 2025 2:39:45 a.m. PST","25281560811","Order","701-4021959-6469845","9B-5VGN-40SH","Dream Reach 2 Pack Kitchen Scissors, Premium All-Metal Kitchen Shears, Heavy Duty Poultry Shears for Food, Food-Grade Stainless Steel Scissors, Gift f","1","amazon.ca","Amazon","Williamsburg","Ontario","K0C 2H","Combined TCS+MTC","29.99","3.90","0","0","0","0","0","0","0","0","-3.90","-4.50","-7.65","0","0","17.84"
"Dec 27, 2025 4:00:24 a.m. PST","25281560811","Order","701-4693907-7565852","KF04-BBJ","Dream Reach Meat Bone Cleaver Knife for Meat Cutting Handmade Heavy Duty Butcher Axes Hand Forged Full Tang Chopper for Kitchen Outdoor BBQ Chef Gifts","1","amazon.ca","Amazon","Maple Ridge","British Columbia","V2W 0A","Combined TCS+MTC","34.99","4.20","0","0","0","0","0","0","0","0","-4.20","-5.25","-8.74","0","0","21.00"
"Dec 27, 2025 4:02:18 a.m. PST","25281560811","Order","702-6390401-9913805","KS-POS-GKS-3.54in-YYI","Dream Reach Kitchen Scissors All Purpose - Stainless Steel Kitchen Shear, Sharp Silver Meat Scissors Dishwasher Safe, Heavy Duty Poultry Shears, Japan","1","amazon.ca","Amazon","Brantford","Ontario","N3R 5A","Combined TCS+MTC","17.99","2.08","0","0","0","0","0","0","-1.98","0","-2.08","-2.40","-6.74","0","0","6.87"
"Dec 27, 2025 4:32:41 a.m. PST","25281560811","Order","702-4730963-9780241","KF01-BBJ","Dream Reach Viking Cleaver Knife Butcher Meat Cutting Boning Knife High Carbon Steel Kitchen Axe with Sheath Home Outdoor BBQ Camping Birthday Christm","1","amazon.ca","Amazon","Bracebridge","Ontario","P1L 1L","Combined TCS+MTC","35.99","4.68","0","0","0","0","0","0","0","0","-4.68","-5.40","-7.65","0","0","22.94"
"Dec 27, 2025 4:53:17 a.m. PST","25281560811","Order","702-5245827-0408258","9B-5VGN-40SH","Dream Reach 2 Pack Kitchen Scissors, Premium All-Metal Kitchen Shears, Heavy Duty Poultry Shears for Food, Food-Grade Stainless Steel Scissors, Gift f","1","amazon.ca","Amazon","Brampton","Ontario","L7A 3E","Combined TCS+MTC","29.99","3.90","0","0","0","0","0","0","0","0","-3.90","-4.50","-7.65","0","0","17.84"
"Dec 27, 2025 5:01:41 a.m. PST","25281560811","Order","702-2552555-0884251","9B-5VGN-40SH","Dream Reach 2 Pack Kitchen Scissors, Premium All-Metal Kitchen Shears, Heavy Duty Poultry Shears for Food, Food-Grade Stainless Steel Scissors, Gift f","1","amazon.ca","Amazon","Edmonton","Alberta","T6M 0K","Combined TCS+MTC","25.73","1.29","3.49","0","0","0","0","0","-3.49","0","-1.29","-3.86","-7.65","0","0","14.22"
"Dec 27, 2025 5:12:53 a.m. PST","25281560811","Refund","702-2552555-0884251","9B-5VGN-40SH","Dream Reach 2 Pack Kitchen Scissors, Premium All-Metal Kitchen Shears, Heavy Duty Poultry Shears for Food, Food-Grade Stainless Steel Scissors, Gift f","1","amazon.ca","Amazon","Edmonton","Alberta","T6M 0K","Combined TCS+MTC","-25.73","-1.29","-3.49","0","0","0","0","0","3.49","0","1.29","3.09","0","0","0","-22.64"
"Dec 27, 2025 5:27:49 a.m. PST","25281560811","Order","701-4125747-1822666","KS-POS-GKS-3.54in-YYI","Dream Reach Kitchen Scissors All Purpose - Stainless Steel Kitchen Shear, Sharp Silver Meat Scissors Dishwasher Safe, Heavy Duty Poultry Shears, Japan","1","amazon.ca","Amazon","Saint-Leonard","Quebec","H1S 1W","Combined TCS+MTC","17.99","2.69","0","0","0","0","0","0","0","0","-2.69","-2.70","-6.74","0","0","8.55"
"Dec 27, 2025 5:33:08 a.m. PST","25281560811","Order","701-5452509-9877051","KS-POS-GKS-3.54in-YYI","Dream Reach Kitchen Scissors All Purpose, Premium All-Metal Kitchen Shears, Heavy Duty Poultry Shears for Food, Food-Grade Stainless Steel Scissors, G","1","amazon.ca","Amazon","Toronto","Ontario","M5P 2Y","Combined TCS+MTC","17.99","2.08","1.17","0","0","0","0","0","-3.15","0","-2.08","-2.40","-6.74","0","0","6.87"
"Dec 27, 2025 5:42:36 a.m. PST","25281560811","Order","702-7812832-4597809","KS-POSSET2-GKS-ZW-YHE","Dream Reach Kitchen Scissors Set Black - Stainless Steel Kitchen Shears, Sharp Meat Scissors Dishwasher Safe, Heavy Duty Poultry Shears All Purpose, J","1","amazon.ca","Amazon","Brantford","Ontario","N3R 7Z","Combined TCS+MTC","37.99","4.94","0","0","0","0","0","0","0","0","-4.94","-5.70","-7.65","0","0","24.64"
"Dec 27, 2025 6:13:40 a.m. PST","25281560811","Order","701-9028067-9587421","9B-5VGN-40SH","Dream Reach 2 Pack Kitchen Scissors, Premium All-Metal Kitchen Shears, Heavy Duty Poultry Shears for Food, Food-Grade Stainless Steel Scissors, Gift f","1","amazon.ca","Amazon","Calgary","Alberta","T3H 4Z","Combined TCS+MTC","29.99","1.50","0","0","0","0","0","0","0","0","-1.50","-4.50","-7.65","0","0","17.84"
"Dec 27, 2025 6:25:39 a.m. PST","25281560811","Order","701-1960520-4298605","9B-5VGN-40SH","Dream Reach 2 Pack Kitchen Scissors, Premium All-Metal Kitchen Shears, Heavy Duty Poultry Shears for Food, Food-Grade Stainless Steel Scissors, Gift f","1","amazon.ca","Amazon","Richmond Hill","Ontario","L4E 2M","Combined TCS+MTC","29.99","3.90","0","0","0","0","0","0","0","0","-3.90","-4.50","-7.65","0","0","17.84"
"Dec 27, 2025 7:01:46 a.m. PST","25281560811","Order","701-5076350-5329030","KF04-BBJ","Dream Reach Meat Bone Cleaver Knife for Meat Cutting Handmade Heavy Duty Butcher Axes Hand Forged Full Tang Chopper for Kitchen Outdoor BBQ Chef Gifts","1","amazon.ca","Amazon","Paspebiac","Québec","G0C2K","Combined TCS+MTC","34.99","5.24","0","0","0","0","0","0","0","0","-5.24","-5.25","-8.74","0","0","21.00"
"Dec 27, 2025 7:21:46 a.m. PST","25281560811","Order","S01-6491854-5338011","KF04-BBJ","Dream Reach Meat Bone Cleaver Knife for Meat Cutting Handmade Heavy Duty Butcher Axes Hand Forged Full Tang Chopper for Kitchen Outdoor BBQ Chef Gifts Idea Men Black","1","siprod.stores.amazon.ca","Amazon","SURREY","BC","V4N 3R","","0","0","0","0","0","0","0","0","0","0","0","0","-3.82","0","0","-3.82"
"Dec 27, 2025 7:21:46 a.m. PST","25281560811","Order","S01-6491854-5338011","","FBA transportation fee","","siprod.stores.amazon.ca","Amazon","SURREY","BC","V4N 3R","","0","0","0","0","0","0","0","0","0","0","0","0","0","0","-8.98","-8.98"
"Dec 27, 2025 7:48:17 a.m. PST","25281560811","Order","701-5888197-5657017","9B-5VGN-40SH","Dream Reach 2 Pack Kitchen Scissors, Premium All-Metal Kitchen Shears, Heavy Duty Poultry Shears for Food, Food-Grade Stainless Steel Scissors, Gift f","1","amazon.ca","Amazon","Toronto","Ontario","M1X 2A","Combined TCS+MTC","29.99","3.90","0","0","0","0","0","0","0","0","-3.90","-4.50","-7.65","0","0","17.84"
"Dec 27, 2025 7:56:16 a.m. PST","25281560811","Order","702-9423950-1537814","KF01-BBJ","Dream Reach Viking Cleaver Knife Butcher Meat Cutting Boning Knife High Carbon Steel Kitchen Axe with Sheath Home Outdoor BBQ Camping Birthday Christm","1","amazon.ca","Amazon","Canfield","Ontario","N0A 1C","Combined TCS+MTC","38.24","4.97","0","0","0","0","0","0","0","0","-4.97","-5.74","-7.65","0","0","24.85"
"Dec 27, 2025 7:58:51 a.m. PST","25281560811","Order","701-5689491-5981023","9B-5VGN-40SH","Dream Reach 2 Pack Kitchen Scissors, Premium All-Metal Kitchen Shears, Heavy Duty Poultry Shears for Food, Food-Grade Stainless Steel Scissors, Gift f","1","amazon.ca","Amazon","Penticton","British Columbia","V2A 2K","Combined TCS+MTC","29.99","3.60","0","0","0","0","0","0","0","0","-3.60","-4.50","-8.19","0","0","17.30"
"Dec 27, 2025 8:20:59 a.m. PST","25281560811","Order","702-3574160-2549840","KF02-BBJ","Dream Reach Chef Knife, Japanese Kitchen Knife, Sharp Stainless Steel Viking Style Meat Knife with Wooden Handle, Feather Design Cooking Knife with Sh","1","amazon.ca","Amazon","Sainte-Julienne","Quebec","J0K 2T","Combined TCS+MTC","37.40","5.60","0","0","0","0","0","0","0","0","-5.60","-5.61","-7.13","0","0","24.66"
"Dec 27, 2025 10:12:26 a.m. PST","25281560811","Order","702-7262901-7967438","HS1901","Dream Reach 6"" Professional Hair Cutting Scissors Japan 440C Steel Thinning Scissor for Men/Women Cutting for Salon/Barber/Home (Straight Scissors)","1","amazon.ca","Amazon","Barrie","Ontario","L4N 6H","Combined TCS+MTC","43.99","5.72","0","0","0","0","0","0","0","0","-5.72","-6.60","-6.49","0","0","30.90"
"Dec 27, 2025 11:17:23 a.m. PST","25281560811","Order","701-6004597-2574646","KS-POS-GKS-3.54in-YYI","Dream Reach Kitchen Scissors All Purpose - Stainless Steel Kitchen Shear, Sharp Silver Meat Scissors Dishwasher Safe, Heavy Duty Poultry Shears, Japan","1","amazon.ca","Amazon","Bowmanville","Ontario","L1C 0M","Combined TCS+MTC","17.99","2.08","0","0","0","0","0","0","-1.98","0","-2.08","-2.40","-6.74","0","0","6.87"
"Dec 27, 2025 11:27:10 a.m. PST","25281560811","Order","701-6429251-8526661","KF04-BBJ","Dream Reach Meat Bone Cleaver Knife for Meat Cutting Handmade Heavy Duty Butcher Axes Hand Forged Full Tang Chopper for Kitchen Outdoor BBQ Chef Gifts","1","amazon.ca","Amazon","Pointe-Sapin","New Brunswick","E9A 1S","Combined TCS+MTC","34.99","5.25","0","0","0","0","0","0","0","0","-5.25","-5.25","-8.74","0","0","21.00"
"Dec 27, 2025 12:10:02 p.m. PST","25281560811","Order","701-2579391-5280224","9B-5VGN-40SH","Dream Reach 2 Pack Kitchen Scissors, Premium All-Metal Kitchen Shears, Heavy Duty Poultry Shears for Food, Food-Grade Stainless Steel Scissors, Gift f","1","amazon.ca","Amazon","Victoria","British Columbia","V8S 3K","Combined TCS+MTC","29.99","3.60","0","0","0","0","0","0","0","0","-3.60","-4.50","-7.65","0","0","17.84"
"Dec 27, 2025 12:36:09 p.m. PST","25281560811","Order","702-7155211-3869069","37-EQUL-C5MA","Dream Reach HIGH-END Series Japanese 440C Stainless 6.0"" 360° Swivel Thumb Ring Professional Barber Razor Edge Hairdressing Straight Cutting Scissors","1","amazon.ca","Amazon","Chateauguay","Quebec","J6J 3S","Combined TCS+MTC","43.99","5.60","2.94","0","0","0","0","0","-9.54","0","-5.60","-5.61","-4.99","0","0","26.79"
"Dec 27, 2025 2:36:10 p.m. PST","25281560811","Order","701-5227336-3673022","KS-POS-GKS-3.54in-YYI","Dream Reach Kitchen Scissors All Purpose - Stainless Steel Kitchen Shear, Sharp Silver Meat Scissors Dishwasher Safe, Heavy Duty Poultry Shears, Japan","1","amazon.ca","Amazon","Toronto","Ontario","M6P 2S","Combined TCS+MTC","17.99","2.08","0","0","0","0","0","0","-1.98","0","-2.08","-2.40","-6.74","0","0","6.87"
"Dec 27, 2025 4:40:24 p.m. PST","25281560811","Order","701-3957811-6616252","9B-5VGN-40SH","Dream Reach 2 Pack Kitchen Scissors, Premium All-Metal Kitchen Shears, Heavy Duty Poultry Shears for Food, Food-Grade Stainless Steel Scissors, Gift f","1","amazon.ca","Amazon","Goodwood","Ontario","L0C 1A","Combined TCS+MTC","25.73","3.34","0","0","0","0","0","0","0","0","-3.34","-3.86","-7.65","0","0","14.22"
"Dec 27, 2025 5:44:42 p.m. PST","25281560811","Order","702-3226446-8819405","9B-5VGN-40SH","Dream Reach 2 Pack Kitchen Scissors, Premium All-Metal Kitchen Shears, Heavy Duty Poultry Shears for Food, Food-Grade Stainless Steel Scissors, Gift f","1","amazon.ca","Amazon","Mississauga","Ontario","L5M 6Z","Combined TCS+MTC","25.73","3.34","0","0","0","0","0","0","0","0","-3.34","-3.86","-7.65","0","0","14.22"
"Dec 27, 2025 6:53:27 p.m. PST","25281560811","Order","701-1805481-1830634","KF04-BBJ","Dream Reach Meat Bone Cleaver Knife for Meat Cutting Handmade Heavy Duty Butcher Axes Hand Forged Full Tang Chopper for Kitchen Outdoor BBQ Chef Gifts","1","amazon.ca","Amazon","Ottawa","Ontario","K1L5Z","Combined TCS+MTC","34.99","4.55","1.16","0","0","0","0","0","-1.16","0","-4.55","-5.25","-8.74","0","0","21.00"
"Dec 27, 2025 7:06:04 p.m. PST","25281560811","Order","701-2402522-8514645","8FS01-BJ","Dream Reach Dog Thinning Scissors - 8 Inch Professional Pet Grooming Shears with Adjustable Screw, Sharp Trimming Scissors for Dogs and Cats","1","amazon.ca","Amazon","Redcliff","Alberta","T0J 2P","Combined TCS+MTC","39.99","1.70","0","0","0","0","0","0","-6.00","0","-1.70","-5.10","-6.74","0","0","22.15"
"Dec 27, 2025 8:22:04 p.m. PST","25281560811","Order","701-5124038-8134629","9B-5VGN-40SH","Dream Reach 2 Pack Kitchen Scissors, Premium All-Metal Kitchen Shears, Heavy Duty Poultry Shears for Food, Food-Grade Stainless Steel Scissors, Gift f","1","amazon.ca","Amazon","Yellowknife","NT","X1A 3B","Combined TCS+MTC","29.99","1.50","0","0","0","0","0","0","0","0","-1.50","-4.50","-7.65","0","0","17.84"
"Dec 27, 2025 9:53:03 p.m. PST","25281560811","Order","702-4373229-6726600","BBJK06-Set6","Dream Reach Knife Set with Roll Bag, 6-Piece Professional Chef Knife Set, High Carbon Steel Black Kitchen Knives for Cooking, BBQ & Outdoor Use","1","amazon.ca","Amazon","Calgary","Alberta","T2K 2E","Combined TCS+MTC","59.99","3.00","0","0","0","0","0","0","0","0","-3.00","-9.00","-11.45","0","0","39.54"
"Dec 27, 2025 10:15:07 p.m. PST","25281560811","Order","702-5264048-0071404","KS-POS-GKS-3.54in-YYI","Dream Reach Kitchen Scissors All Purpose - Stainless Steel Kitchen Shear, Sharp Silver Meat Scissors Dishwasher Safe, Heavy Duty Poultry Shears, Japan","1","amazon.ca","Amazon","Duncan","British Columbia","V9L 5N","Combined TCS+MTC","17.99","1.92","0","0","0","0","0","0","-1.98","0","-1.92","-2.40","-7.21","0","0","6.40"
"Dec 27, 2025 10:19:38 p.m. PST","25281560811","Order","702-2914706-9389060","KS-POSSET2-GKS-ZZ-YHE","Dream Reach Kitchen Scissors Set Black - Upgraded Stainless Steel Kitchen Shear, Sharp Meat Scissors, Heavy Duty Poultry Shears, Japanese Cooking Scis","1","amazon.ca","Amazon","Vernon","British Columbia","V1B3S","Combined TCS+MTC","37.99","4.56","0","0","0","0","0","0","0","0","-4.56","-5.70","-7.84","0","0","24.45"
"Dec 27, 2025 10:32:34 p.m. PST","25281560811","Order","702-7610171-0854658","9B-5VGN-40SH","Dream Reach 2 Pack Kitchen Scissors, Premium All-Metal Kitchen Shears, Heavy Duty Poultry Shears for Food, Food-Grade Stainless Steel Scissors, Gift f","1","amazon.ca","Amazon","Devon","Alberta","T9G 2G","Combined TCS+MTC","29.99","1.50","0","0","0","0","0","0","0","0","-1.50","-4.50","-7.65","0","0","17.84"
"Dec 27, 2025 10:50:26 p.m. PST","25281560811","Order","702-3324329-5469010","KS-POS-GKS-3.54in-YYI","Dream Reach Kitchen Scissors All Purpose - Stainless Steel Kitchen Shear, Sharp Silver Meat Scissors Dishwasher Safe, Heavy Duty Poultry Shears, Japan","1","amazon.ca","Amazon","St-Eustache","Quebec","J7P 0E","Combined TCS+MTC","16.99","2.54","0","0","0","0","0","0","0","0","-2.54","-2.55","-6.74","0","0","7.70"
"Dec 27, 2025 10:50:46 p.m. PST","25281560811","Order","701-5770785-4623425","9B-5VGN-40SH","Dream Reach 2 Pack Kitchen Scissors, Premium All-Metal Kitchen Shears, Heavy Duty Poultry Shears for Food, Food-Grade Stainless Steel Scissors, Gift f","1","amazon.ca","Amazon","Trois-Rivieres","Quebec","G8T 3W","Combined TCS+MTC","29.99","4.49","0","0","0","0","0","0","0","0","-4.49","-4.50","-7.65","0","0","17.84"
"Dec 27, 2025 11:08:18 p.m. PST","25281560811","Order","702-5142223-4761033","KF01-BBJ","Dream Reach Viking Cleaver Knife Butcher Meat Cutting Boning Knife High Carbon Steel Kitchen Axe with Sheath Home Outdoor BBQ Camping Birthday Christm","1","amazon.ca","Amazon","Laval","Quebec","H7K 2B","Combined TCS+MTC","38.24","5.73","0","0","0","0","0","0","0","0","-5.73","-5.74","-7.65","0","0","24.85"
"Dec 27, 2025 11:22:55 p.m. PST","25281560811","Order","701-9683553-9821068","KS-POSSET2-GKS-ZW-YYI","Dream Reach Kitchen Scissors Set Silver - Stainless Steel Kitchen Shear, Sharp Meat Scissors Dishwasher Safe, Heavy Duty Poultry Shears, Japanese Cook","1","amazon.ca","Amazon","Brantford","Ontario","N3R 6A","Combined TCS+MTC","37.99","4.94","0","0","0","0","0","0","0","0","-4.94","-5.70","-7.65","0","0","24.64"
"Dec 27, 2025 11:47:18 p.m. PST","25281560811","Order","701-6598238-1062648","KF01-BBJ","Dream Reach Viking Cleaver Knife Butcher Meat Cutting Boning Knife High Carbon Steel Kitchen Axe with Sheath Home Outdoor BBQ Camping Birthday Christm","1","amazon.ca","Amazon","Delson","Quebec","J5B 1N","Combined TCS+MTC","38.24","5.73","0","0","0","0","0","0","0","0","-5.73","-5.74","-7.65","0","0","24.85"
"Dec 28, 2025 12:13:28 a.m. PST","25281560811","Order","702-3594414-3032252","9B-5VGN-40SH","Dream Reach 2 Pack Kitchen Scissors, Premium All-Metal Kitchen Shears, Heavy Duty Poultry Shears for Food, Food-Grade Stainless Steel Scissors, Gift f","1","amazon.ca","Amazon","Vancouver","British Columbia","V5K 3G","Combined TCS+MTC","25.73","3.09","0","0","0","0","0","0","0","0","-3.09","-3.86","-8.19","0","0","13.68"
"Dec 28, 2025 12:28:54 a.m. PST","25281560811","Order","702-2016773-2028201","KF01-BBJ","Dream Reach Viking Cleaver Knife Butcher Meat Cutting Boning Knife High Carbon Steel Kitchen Axe with Sheath Home Outdoor BBQ Camping Birthday Christm","1","amazon.ca","Amazon","Senneterre","Quebec","J0Y 2M","Combined TCS+MTC","38.24","5.73","0","0","0","0","0","0","0","0","-5.73","-5.74","-7.65","0","0","24.85"
"Dec 28, 2025 12:50:18 a.m. PST","25281560811","Order","702-0039146-7424224","9B-5VGN-40SH","Dream Reach 2 Pack Kitchen Scissors, Premium All-Metal Kitchen Shears, Heavy Duty Poultry Shears for Food, Food-Grade Stainless Steel Scissors, Gift f","1","amazon.ca","Amazon","Saskatoon","Saskatchewan","S7L 7H","Combined TCS+MTC","29.99","3.30","0","0","0","0","0","0","0","0","-3.30","-4.50","-7.65","0","0","17.84"
"Dec 28, 2025 12:59:24 a.m. PST","25281560811","Order","701-1894612-0385822","KS-POS-GKS-3.54in-YYI","Dream Reach Kitchen Scissors All Purpose, Premium All-Metal Kitchen Shears, Heavy Duty Poultry Shears for Food, Food-Grade Stainless Steel Scissors, G","1","amazon.ca","Amazon","Ottawa","Ontario","K1J 8K","Combined TCS+MTC","17.99","2.34","0","0","0","0","0","0","0","0","-2.34","-2.70","-6.74","0","0","8.55"
"Dec 28, 2025 1:11:42 a.m. PST","25281560811","Order","702-5731258-9687449","KF01-BBJ","Dream Reach Viking Cleaver Knife Butcher Meat Cutting Boning Knife High Carbon Steel Kitchen Axe with Sheath Home Outdoor BBQ Camping Birthday Christm","1","amazon.ca","Amazon","Hamilton","Ontario","L8W 3G","Combined TCS+MTC","38.24","4.97","0","0","0","0","0","0","0","0","-4.97","-5.74","-7.65","0","0","24.85"
"Dec 28, 2025 1:33:06 a.m. PST","25281560811","Order","702-3826301-3503433","9B-5VGN-40SH","Dream Reach 2 Pack Kitchen Scissors, Premium All-Metal Kitchen Shears, Heavy Duty Poultry Shears for Food, Food-Grade Stainless Steel Scissors, Gift f","1","amazon.ca","Amazon","Saskatoon","Saskatchewan","S7V 1N","Combined TCS+MTC","29.99","3.30","0","0","0","0","0","0","0","0","-3.30","-4.50","-7.65","0","0","17.84"
"Dec 28, 2025 1:54:19 a.m. PST","25281560811","Order","701-3267049-0061833","KS-POSSET2-GKS-ZW-YYI","Dream Reach Kitchen Scissors Set Silver - Stainless Steel Kitchen Shear, Sharp Meat Scissors Dishwasher Safe, Heavy Duty Poultry Shears, Japanese Cook","1","amazon.ca","Amazon","Etobicoke","Ontario","M9W 3T","Combined TCS+MTC","37.99","4.94","2.33","0","0","0","0","0","-2.33","0","-4.94","-5.70","-7.65","0","0","24.64"
"Dec 28, 2025 2:01:50 a.m. PST","25281560811","Order","701-0171001-1829009","KS-POSSET2-GKS-ZZ-YHE","Dream Reach Kitchen Scissors Set Black - Upgraded Stainless Steel Kitchen Shear, Sharp Meat Scissors, Heavy Duty Poultry Shears, Japanese Cooking Scis","1","amazon.ca","Amazon","Georgetown","Ontario","L7G 5K","Combined TCS+MTC","37.99","4.94","6.99","0","0","0","0","0","-6.99","0","-4.94","-5.70","-7.84","0","0","24.45"
"Dec 28, 2025 2:36:27 a.m. PST","25281560811","Order","702-8386394-0881857","KS-POS-GKS-3.54in-YYI","Dream Reach Kitchen Scissors All Purpose - Stainless Steel Kitchen Shear, Sharp Silver Meat Scissors Dishwasher Safe, Heavy Duty Poultry Shears, Japan","1","amazon.ca","Amazon","Calgary","Alberta","T2Y 5B","Combined TCS+MTC","17.99","0.80","0","0","0","0","0","0","-1.98","0","-0.80","-2.40","-6.74","0","0","6.87"
"Dec 28, 2025 2:43:33 a.m. PST","25281560811","Order","702-2588820-1332214","9B-5VGN-40SH","Dream Reach 2 Pack Kitchen Scissors, Premium All-Metal Kitchen Shears, Heavy Duty Poultry Shears for Food, Food-Grade Stainless Steel Scissors, Gift f","1","amazon.ca","Amazon","Wasaga Beach","Ontario","L9Z 2R","Combined TCS+MTC","25.73","3.34","0","0","0","0","0","0","0","0","-3.34","-3.86","-7.65","0","0","14.22"
"Dec 28, 2025 2:55:28 a.m. PST","25281560811","Refund","702-5264048-0071404","KS-POS-GKS-3.54in-YYI","Dream Reach Kitchen Scissors All Purpose - Stainless Steel Kitchen Shear, Sharp Silver Meat Scissors Dishwasher Safe, Heavy Duty Poultry Shears, Japan","1","amazon.ca","Amazon","Duncan","British Columbia","V9L 5N","Combined TCS+MTC","-17.99","-1.92","0","0","0","0","0","0","1.98","0","1.92","1.92","0","0","0","-14.09"
"Dec 28, 2025 3:14:27 a.m. PST","25281560811","Order","701-5006744-1789800","KS-POSSET2-GKS-ZW-YYI","Dream Reach Kitchen Scissors Set Silver - Stainless Steel Kitchen Shear, Sharp Meat Scissors Dishwasher Safe, Heavy Duty Poultry Shears, Japanese Cook","1","amazon.ca","Amazon","Mississauga","Ontario","L5R 2X","Combined TCS+MTC","37.99","4.94","3.50","0","0","0","0","0","-3.50","0","-4.94","-5.70","-7.65","0","0","24.64"
"Dec 28, 2025 3:17:34 a.m. PST","25281560811","Order","702-5781460-4533848","9B-5VGN-40SH","Dream Reach 2 Pack Kitchen Scissors, Premium All-Metal Kitchen Shears, Heavy Duty Poultry Shears for Food, Food-Grade Stainless Steel Scissors, Gift f","1","amazon.ca","Amazon","Fort McMurray","Alberta","T9H 2N","Combined TCS+MTC","29.99","1.50","0","0","0","0","0","0","0","0","-1.50","-4.50","-7.65","0","0","17.84"
"Dec 28, 2025 3:18:10 a.m. PST","25281560811","Order","701-3977122-7993005","9B-5VGN-40SH","Dream Reach 2 Pack Kitchen Scissors, Premium All-Metal Kitchen Shears, Heavy Duty Poultry Shears for Food, Food-Grade Stainless Steel Scissors, Gift f","1","amazon.ca","Amazon","Guelph","Ontario","N1K 1W","Combined TCS+MTC","25.73","3.34","0","0","0","0","0","0","0","0","-3.34","-3.86","-7.65","0","0","14.22"
"Dec 28, 2025 3:18:49 a.m. PST","25281560811","Order","701-4094416-9885024","KS-POS-GKS-3.54in-YYI","Dream Reach Kitchen Scissors All Purpose, Premium All-Metal Kitchen Shears, Heavy Duty Poultry Shears for Food, Food-Grade Stainless Steel Scissors, G","1","amazon.ca","Amazon","Milton","Ontario","L9T 8W","Combined TCS+MTC","17.99","2.08","0","0","0","0","0","0","-1.98","0","-2.08","-2.40","-6.74","0","0","6.87"
"Dec 28, 2025 3:19:41 a.m. PST","25281560811","Order","702-1359726-3334659","9B-5VGN-40SH","Dream Reach 2 Pack Kitchen Scissors, Premium All-Metal Kitchen Shears, Heavy Duty Poultry Shears for Food, Food-Grade Stainless Steel Scissors, Gift f","1","amazon.ca","Amazon","Halifax","Nova Scotia","B3P 0B","Combined TCS+MTC","29.99","4.20","0","0","0","0","0","0","0","0","-4.20","-4.50","-7.65","0","0","17.84"
"Dec 28, 2025 3:49:15 a.m. PST","25281560811","Order","702-6952741-8635422","9B-5VGN-40SH","Dream Reach 2 Pack Kitchen Scissors, Premium All-Metal Kitchen Shears, Heavy Duty Poultry Shears for Food, Food-Grade Stainless Steel Scissors, Gift f","1","amazon.ca","Amazon","Sherwood Park","Alberta","T8A 4L","Combined TCS+MTC","25.73","1.22","0","0","0","0","0","0","-1.29","0","-3.66","-11.01","-7.65","0","0","3.34"
"Dec 28, 2025 3:49:15 a.m. PST","25281560811","Order","702-6952741-8635422","9B-5VGN-40SH","Dream Reach 2 Pack Kitchen Scissors, Premium All-Metal Kitchen Shears, Heavy Duty Poultry Shears for Food, Food-Grade Stainless Steel Scissors, Gift f","2","amazon.ca","Amazon","Sherwood Park","Alberta","T8A 4L","","51.46","2.44","0","0","0","0","0","0","-2.57","0","0","0","-15.30","0","0","36.03"
"Dec 28, 2025 3:56:54 a.m. PST","25281560811","Order","701-6048428-5260237","KS-POS-GKS-3.54in-YYI","Dream Reach Kitchen Scissors All Purpose - Stainless Steel Kitchen Shear, Sharp Silver Meat Scissors Dishwasher Safe, Heavy Duty Poultry Shears, Japan","1","amazon.ca","Amazon","Maple","Ontario","L6A1L","Combined TCS+MTC","16.99","2.21","0","0","0","0","0","0","0","0","-2.21","-2.55","-6.74","0","0","7.70"
"Dec 28, 2025 4:09:16 a.m. PST","25281560811","Order","702-4810561-3255410","9B-5VGN-40SH","Dream Reach 2 Pack Kitchen Scissors, Premium All-Metal Kitchen Shears, Heavy Duty Poultry Shears for Food, Food-Grade Stainless Steel Scissors, Gift f","1","amazon.ca","Amazon","Scarborough","Ontario","M1K 4C","Combined TCS+MTC","25.73","3.34","0","0","0","0","0","0","0","0","-3.34","-3.86","-7.65","0","0","14.22"
"Dec 28, 2025 4:26:03 a.m. PST","25281560811","Order","702-9954366-4768218","9B-5VGN-40SH","Dream Reach 2 Pack Kitchen Scissors, Premium All-Metal Kitchen Shears, Heavy Duty Poultry Shears for Food, Food-Grade Stainless Steel Scissors, Gift f","1","amazon.ca","Amazon","Sylvan Lake","Alberta","T4S 0V","Combined TCS+MTC","25.73","1.29","0","0","0","0","0","0","0","0","-1.29","-3.86","-7.65","0","0","14.22"
"Dec 28, 2025 4:31:16 a.m. PST","25281560811","Order","701-6123838-9549857","PS01-HDM","Dream Reach Poultry Shears - Heavy Duty Kitchen Scissors for Food with Ergonomic Handle, Japanese High-Carbon Steel Culinary Shears for Chicken, Meat,","2","amazon.ca","Amazon","Cambridge","On","N1R 4P","Combined TCS+MTC","49.98","6.50","0","0","0","0","0","0","0","0","-6.50","-7.50","-14.26","0","0","28.22"
"Dec 28, 2025 4:50:02 a.m. PST","25281560811","Order","701-9809857-3642653","KS-POS-GKS-3.54in-YYI","Dream Reach Kitchen Scissors All Purpose, Premium All-Metal Kitchen Shears, Heavy Duty Poultry Shears for Food, Food-Grade Stainless Steel Scissors, G","1","amazon.ca","Amazon","Edmonton","Alberta","T6X 0K","Combined TCS+MTC","17.99","0.90","0","0","0","0","0","0","0","0","-0.90","-2.70","-6.74","0","0","8.55"
"Dec 28, 2025 5:26:16 a.m. PST","25281560811","Order","701-8472243-2616242","CWJ02-Black7.5Set-BBJ","Dream Reach Dog Grooming Scissors - Professional 7.5 Inch Pet Scissors Sharp and Durable Shears Set Thinning, Chunker, Straight, Curved Shears and Com","1","amazon.ca","Amazon","Calgary","Alberta","T2T 1C","Combined TCS+MTC","49.71","2.49","3.26","0","0","0","0","0","-3.26","0","-2.49","-7.46","-7.65","0","0","34.60"
"Dec 28, 2025 5:29:02 a.m. PST","25281560811","Order","702-8247575-1652204","9B-5VGN-40SH","Dream Reach 2 Pack Kitchen Scissors, Premium All-Metal Kitchen Shears, Heavy Duty Poultry Shears for Food, Food-Grade Stainless Steel Scissors, Gift f","1","amazon.ca","Amazon","Richmond","BC","V7A 4N","Combined TCS+MTC","25.73","3.09","6.99","0","0","0","0","0","-6.99","0","-3.09","-3.86","-8.19","0","0","13.68"
"Dec 28, 2025 5:38:56 a.m. PST","25281560811","Order","701-7335214-7953816","KS-POSSET2-GKS-ZW-YYI","Dream Reach Kitchen Scissors Set Silver - Stainless Steel Kitchen Shear, Sharp Meat Scissors Dishwasher Safe, Heavy Duty Poultry Shears, Japanese Cook","1","amazon.ca","Amazon","Conquerall Bank","Nova Scotia","B4V 0K","Combined TCS+MTC","37.99","5.32","0","0","0","0","0","0","0","0","-5.32","-5.70","-7.65","0","0","24.64"
"Dec 28, 2025 5:39:47 a.m. PST","25281560811","Order","702-4896684-2501835","Scissors04B8","Dream Reach 8"" Downward Curved Dog Grooming Scissors Shears for Grooming Face and Paws Safety Round Tips Shears Trimming Cutting Scissors for Dog Cat","1","amazon.ca","Amazon","Oakville","Ontario","L6L 5L","Combined TCS+MTC","42.49","4.70","3.27","0","0","0","0","0","-9.64","0","-4.70","-5.42","-6.49","0","0","24.21"
"Dec 28, 2025 6:10:28 a.m. PST","25281560811","Order","702-8611108-6521049","KS-POSSET2-GKS-ZZ-YHE","Dream Reach Kitchen Scissors Set Black - Upgraded Stainless Steel Kitchen Shear, Sharp Meat Scissors, Heavy Duty Poultry Shears, Japanese Cooking Scis","1","amazon.ca","Amazon","Sudbury","Ontario","P3E 6A","Combined TCS+MTC","34.99","4.55","0","0","0","0","0","0","0","0","-4.55","-5.25","-7.84","0","0","21.90"
"Dec 28, 2025 6:13:50 a.m. PST","25281560811","Order","701-1743631-7973860","PS01-HDM","Dream Reach Poultry Shears - Heavy Duty Kitchen Scissors for Food with Ergonomic Handle, Japanese High-Carbon Steel Culinary Shears for Chicken, Meat,","1","amazon.ca","Amazon","Brantford","Ontario","N3R 5V","Combined TCS+MTC","22.99","2.99","0","0","0","0","0","0","0","0","-2.99","-3.45","-7.13","0","0","12.41"
"Dec 28, 2025 6:41:51 a.m. PST","25281560811","Order","702-2286031-9430615","KS-POSSET2-GKS-ZZ-YHE","Dream Reach Kitchen Scissors Set Black - Upgraded Stainless Steel Kitchen Shear, Sharp Meat Scissors, Heavy Duty Poultry Shears, Japanese Cooking Scis","1","amazon.ca","Amazon","Mississauga","Ontario","L5L 3S","Combined TCS+MTC","37.99","4.94","0","0","0","0","0","0","0","0","-4.94","-5.70","-7.84","0","0","24.45"
"Dec 28, 2025 6:56:24 a.m. PST","25281560811","Order","701-4017165-8879425","KF01-BBJ","Dream Reach Viking Cleaver Knife Butcher Meat Cutting Boning Knife High Carbon Steel Kitchen Axe with Sheath Home Outdoor BBQ Camping Birthday Christm","1","amazon.ca","Amazon","Barrie","Ontario","L4N 6M","Combined TCS+MTC","38.24","4.97","0","0","0","0","0","0","0","0","-4.97","-5.74","-7.65","0","0","24.85"
"Dec 28, 2025 7:08:08 a.m. PST","25281560811","Order","701-6573676-4065839","BBJK06-Set6","Dream Reach Knife Set with Roll Bag, 6-Piece Professional Chef Knife Set, High Carbon Steel Black Kitchen Knives for Cooking, BBQ & Outdoor Use","1","amazon.ca","Amazon","Whitehorse","Yukon","Y1A 6G","Combined TCS+MTC","53.99","2.70","0","0","0","0","0","0","0","0","-2.70","-8.10","-11.45","0","0","34.44"
"Dec 28, 2025 7:09:50 a.m. PST","25281560811","Order","701-2541668-5673851","KS-POSSET2-GKS-ZW-YHE","Dream Reach Kitchen Scissors Set Black - Stainless Steel Kitchen Shears, Sharp Meat Scissors Dishwasher Safe, Heavy Duty Poultry Shears All Purpose, J","1","amazon.ca","Amazon","Mississauga","Ontario","L5E 1J","Combined TCS+MTC","37.99","4.94","0","0","0","0","0","0","0","0","-4.94","-5.70","-7.65","0","0","24.64"
"Dec 28, 2025 7:21:03 a.m. PST","25281560811","Order","701-8310775-5168237","9B-5VGN-40SH","Dream Reach 2 Pack Kitchen Scissors, Premium All-Metal Kitchen Shears, Heavy Duty Poultry Shears for Food, Food-Grade Stainless Steel Scissors, Gift f","1","amazon.ca","Amazon","Mississauga","Ontario","L5V 3B","Combined TCS+MTC","25.73","3.34","0","0","0","0","0","0","0","0","-3.34","-3.86","-7.65","0","0","14.22"
"Dec 28, 2025 7:21:24 a.m. PST","25281560811","Order","701-5402001-6941814","9B-5VGN-40SH","Dream Reach 2 Pack Kitchen Scissors, Premium All-Metal Kitchen Shears, Heavy Duty Poultry Shears for Food, Food-Grade Stainless Steel Scissors, Gift f","1","amazon.ca","Amazon","Coquitlam","British Columbia","V3E 3A","Combined TCS+MTC","25.73","3.09","6.99","0","0","0","0","0","-6.99","0","-3.09","-3.86","-8.19","0","0","13.68"
"Dec 28, 2025 7:35:58 a.m. PST","25281560811","Order","702-7062027-9665051","9B-5VGN-40SH","Dream Reach 2 Pack Kitchen Scissors, Premium All-Metal Kitchen Shears, Heavy Duty Poultry Shears for Food, Food-Grade Stainless Steel Scissors, Gift f","1","amazon.ca","Amazon","Drumbo","Ontario","N0J 1G","Combined TCS+MTC","25.73","3.34","0","0","0","0","0","0","0","0","-3.34","-3.86","-7.65","0","0","14.22"
"Dec 28, 2025 7:42:19 a.m. PST","25281560811","Transfer","","","To account ending with: 895","","","","","","","","0","0","0","0","0","0","0","0","0","0","0","0","0","0","-6,934.73","-6,934.73"
"Dec 28, 2025 7:52:39 a.m. PST","25281560811","Order","701-7253620-0714636","9B-5VGN-40SH","Dream Reach 2 Pack Kitchen Scissors, Premium All-Metal Kitchen Shears, Heavy Duty Poultry Shears for Food, Food-Grade Stainless Steel Scissors, Gift f","1","amazon.ca","Amazon","Maple Ridge","BC","V2X1L","Combined TCS+MTC","25.73","3.09","6.99","0","0","0","0","0","-6.99","0","-3.09","-3.86","-8.19","0","0","13.68"
"Dec 28, 2025 7:55:11 a.m. PST","25281560811","Order","702-4430950-9873817","9B-5VGN-40SH","Dream Reach 2 Pack Kitchen Scissors, Premium All-Metal Kitchen Shears, Heavy Duty Poultry Shears for Food, Food-Grade Stainless Steel Scissors, Gift f","1","amazon.ca","Amazon","Stirling","Ontario","K0K 3E","Combined TCS+MTC","29.99","3.90","0","0","0","0","0","0","0","0","-3.90","-4.50","-7.65","0","0","17.84"
"Dec 28, 2025 7:56:59 a.m. PST","25281560811","Order","702-3521775-7265028","KF02-BBJ","Dream Reach Chef Knife, Japanese Kitchen Knife, Sharp Stainless Steel Viking Style Meat Knife with Wooden Handle, Feather Design Cooking Knife with Sh","1","amazon.ca","Amazon","Edmonton","Alberta","T6L 6K","Combined TCS+MTC","37.40","1.87","0","0","0","0","0","0","0","0","-1.87","-5.61","-7.13","0","0","24.66"
"Dec 28, 2025 8:17:03 a.m. PST","25281560811","Order","701-0043496-8467445","9B-5VGN-40SH","Dream Reach 2 Pack Kitchen Scissors, Premium All-Metal Kitchen Shears, Heavy Duty Poultry Shears for Food, Food-Grade Stainless Steel Scissors, Gift f","1","amazon.ca","Amazon","Scarborough","Ontario","M1E 5L","Combined TCS+MTC","25.73","3.34","0","0","0","0","0","0","0","0","-3.34","-3.86","-7.65","0","0","14.22"
"Dec 28, 2025 9:03:36 a.m. PST","25281560811","Order","702-6971062-5953832","9B-5VGN-40SH","Dream Reach 2 Pack Kitchen Scissors, Premium All-Metal Kitchen Shears, Heavy Duty Poultry Shears for Food, Food-Grade Stainless Steel Scissors, Gift f","1","amazon.ca","Amazon","Brighton","Ontario","K0K 1H","Combined TCS+MTC","29.99","3.90","2.93","0","0","0","0","0","-2.93","0","-3.90","-4.50","-7.65","0","0","17.84"
"Dec 28, 2025 3:07:29 p.m. PST","25281560811","Order","701-2829876-4372236","9B-5VGN-40SH","Dream Reach 2 Pack Kitchen Scissors, Premium All-Metal Kitchen Shears, Heavy Duty Poultry Shears for Food, Food-Grade Stainless Steel Scissors, Gift f","1","amazon.ca","Amazon","St-Jean-Sur-Richelieu","Quebec","J2W 2Y","Combined TCS+MTC","25.73","3.85","0","0","0","0","0","0","0","0","-3.85","-3.86","-7.65","0","0","14.22"
"Dec 28, 2025 3:55:43 p.m. PST","25281560811","Order","702-8079059-6595452","KF02-BBJ","Dream Reach Chef Knife, Japanese Kitchen Knife, Sharp Stainless Steel Viking Style Meat Knife with Wooden Handle, Feather Design Cooking Knife with Sh","1","amazon.ca","Amazon","Fredericton","New Brunswick","E3G 7A","Combined TCS+MTC","37.40","5.61","0","0","0","0","0","0","0","0","-5.61","-5.61","-7.13","0","0","24.66"
"Dec 28, 2025 4:02:51 p.m. PST","25281560811","Order","701-8257994-2827449","KF02-BBJ","Dream Reach Chef Knife, Japanese Kitchen Knife, Sharp Stainless Steel Viking Style Meat Knife with Wooden Handle, Feather Design Cooking Knife with Sh","1","amazon.ca","Amazon","Raymond","Alberta","T0K 2S","Combined TCS+MTC","37.40","1.87","0","0","0","0","0","0","0","0","-1.87","-5.61","-7.13","0","0","24.66"
"Dec 28, 2025 4:18:04 p.m. PST","25281560811","Order","702-8591677-0910648","BBJK06-Set6","Dream Reach Knife Set with Roll Bag, 6-Piece Professional Chef Knife Set, High Carbon Steel Black Kitchen Knives for Cooking, BBQ & Outdoor Use","1","amazon.ca","Amazon","Cambridge","Ontario","N3H 5H","Combined TCS+MTC","59.99","7.80","0","0","0","0","0","0","0","0","-7.80","-9.00","-11.45","0","0","39.54"
"Dec 28, 2025 5:03:40 p.m. PST","25281560811","Order","702-1290162-9440222","KF01-BBJ","Dream Reach Viking Cleaver Knife Butcher Meat Cutting Boning Knife High Carbon Steel Kitchen Axe with Sheath Home Outdoor BBQ Camping Birthday Christm","1","amazon.ca","Amazon","Toronto","Ontario","M3N 1B","Combined TCS+MTC","38.24","4.97","0","0","0","0","0","0","0","0","-4.97","-5.74","-7.65","0","0","24.85"
"Dec 28, 2025 5:47:32 p.m. PST","25281560811","Order","702-9999567-8828227","BBJK06-Set3","Dream Reach 3PCS Kitchen Knife Set, Kitchen Knives, Butcher Knife Set, Chef Knife Set, Meat Cleaver Knife, High-Hardness Steel Knives with Ergonomic W","1","amazon.ca","Amazon","Smiths Falls","Ontario","K7A 1C","Combined TCS+MTC","39.99","5.20","0","0","0","0","0","0","0","0","-5.20","-6.00","-9.58","0","0","24.41"
"Dec 28, 2025 6:30:04 p.m. PST","25281560811","Order","701-0745886-5081811","KS-POSSET2-GKS-ZW-YYI","Dream Reach Kitchen Scissors Set Silver - Stainless Steel Kitchen Shear, Sharp Meat Scissors Dishwasher Safe, Heavy Duty Poultry Shears, Japanese Cook","1","amazon.ca","Amazon","Kitchener","Ontario","N2E 3R","Combined TCS+MTC","37.99","4.94","0","0","0","0","0","0","0","0","-4.94","-5.70","-7.65","0","0","24.64"
"Dec 28, 2025 8:16:21 p.m. PST","25281560811","Order","701-3814238-5717056","37-EQUL-C5MA","Dream Reach HIGH-END Series Japanese 440C Stainless 6.0"" 360° Swivel Thumb Ring Professional Barber Razor Edge Hairdressing Straight Cutting Scissors","1","amazon.ca","Amazon","Woodstock","Ontario","N4S 2H","Combined TCS+MTC","43.99","4.86","3.27","0","0","0","0","0","-9.87","0","-4.86","-5.61","-4.99","0","0","26.79"
"Dec 28, 2025 9:11:00 p.m. PST","25281560811","Order","701-4280586-0555462","KS-POS-GKS-3.54in-YYI","Dream Reach Kitchen Scissors All Purpose - Stainless Steel Kitchen Shear, Sharp Silver Meat Scissors Dishwasher Safe, Heavy Duty Poultry Shears, Japan","1","amazon.ca","Amazon","parksville","British Columbia","V9P 1N","Combined TCS+MTC","17.99","2.16","0","0","0","0","0","0","0","0","-2.16","-2.70","-7.21","0","0","8.08"
"Dec 28, 2025 11:04:25 p.m. PST","25281560811","Order","701-9032779-3315437","9B-5VGN-40SH","Dream Reach 2 Pack Kitchen Scissors, Premium All-Metal Kitchen Shears, Heavy Duty Poultry Shears for Food, Food-Grade Stainless Steel Scissors, Gift f","1","amazon.ca","Amazon","ottawa","Ontario","K1T 2Z","Combined TCS+MTC","25.73","3.34","0","0","0","0","0","0","0","0","-3.34","-3.86","-7.65","0","0","14.22"
"Dec 28, 2025 11:14:41 p.m. PST","25281560811","Order","701-3084307-4561003","9B-5VGN-40SH","Dream Reach 2 Pack Kitchen Scissors, Premium All-Metal Kitchen Shears, Heavy Duty Poultry Shears for Food, Food-Grade Stainless Steel Scissors, Gift f","1","amazon.ca","Amazon","Picton","Ontario","K0K 2T","Combined TCS+MTC","25.73","3.34","0","0","0","0","0","0","0","0","-3.34","-3.86","-7.65","0","0","14.22"
"Dec 28, 2025 11:44:56 p.m. PST","25281560811","Order","702-2577658-5821059","PS01-HDM","Dream Reach Poultry Shears - Heavy Duty Kitchen Scissors for Food with Ergonomic Handle, Japanese High-Carbon Steel Culinary Shears for Chicken, Meat,","1","amazon.ca","Amazon","Pierrefonds","Quebec","H8Z 2L","Combined TCS+MTC","24.99","3.74","0","0","0","0","0","0","0","0","-3.74","-3.75","-7.13","0","0","14.11"
"Dec 28, 2025 11:51:59 p.m. PST","25281560811","Order","702-3846179-3702650","9B-5VGN-40SH","Dream Reach 2 Pack Kitchen Scissors, Premium All-Metal Kitchen Shears, Heavy Duty Poultry Shears for Food, Food-Grade Stainless Steel Scissors, Gift f","1","amazon.ca","Amazon","Thornhill","Ontario","L3T 7Y","Combined TCS+MTC","25.73","3.34","0","0","0","0","0","0","0","0","-3.34","-3.86","-7.65","0","0","14.22"
"Dec 29, 2025 12:22:43 a.m. PST","25281560811","Order","701-4607488-8458616","BBJK06-Set6","Dream Reach Knife Set with Roll Bag, 6-Piece Professional Chef Knife Set, High Carbon Steel Black Kitchen Knives for Cooking, BBQ & Outdoor Use","1","amazon.ca","Amazon","Calgary","Alberta","T3E 3K","Combined TCS+MTC","59.99","3.00","3.92","0","0","0","0","0","-3.92","0","-3.00","-9.00","-11.45","0","0","39.54"
"Dec 29, 2025 12:24:52 a.m. PST","25281560811","Order","702-2171090-9428253","9B-5VGN-40SH","Dream Reach 2 Pack Kitchen Scissors, Premium All-Metal Kitchen Shears, Heavy Duty Poultry Shears for Food, Food-Grade Stainless Steel Scissors, Gift f","1","amazon.ca","Amazon","Ladysmith","B.C.","V9G 1K","Combined TCS+MTC","25.73","3.09","0","0","0","0","0","0","0","0","-3.09","-3.86","-8.19","0","0","13.68"
"Dec 29, 2025 12:48:37 a.m. PST","25281560811","Order","701-4510221-5276236","KS-POS-GKS-3.54in-YYI","Dream Reach Kitchen Scissors All Purpose, Premium All-Metal Kitchen Shears, Heavy Duty Poultry Shears for Food, Food-Grade Stainless Steel Scissors, G","1","amazon.ca","Amazon","Vaughan","Ontario","L6A 1G","Combined TCS+MTC","17.99","2.08","0","0","0","0","0","0","-1.98","0","-2.08","-2.40","-6.74","0","0","6.87"
"Dec 29, 2025 12:51:23 a.m. PST","25281560811","Order","702-5179205-2135407","KS-POS-GKS-3.54in-YYI","Dream Reach Kitchen Scissors All Purpose, Premium All-Metal Kitchen Shears, Heavy Duty Poultry Shears for Food, Food-Grade Stainless Steel Scissors, G","1","amazon.ca","Amazon","Kelowna","British Columbia","V1V 2S","Combined TCS+MTC","17.99","2.05","0","0","0","0","0","0","-0.90","0","-4.10","-5.12","-7.21","0","0","2.71"
"Dec 29, 2025 12:51:23 a.m. PST","25281560811","Order","702-5179205-2135407","KS-POS-GKS-3.54in-YYI","Dream Reach Kitchen Scissors All Purpose, Premium All-Metal Kitchen Shears, Heavy Duty Poultry Shears for Food, Food-Grade Stainless Steel Scissors, G","1","amazon.ca","Amazon","Kelowna","British Columbia","V1V 2S","","17.99","2.05","0","0","0","0","0","0","-0.90","0","0","0","-7.21","0","0","11.93"
"Dec 29, 2025 12:56:17 a.m. PST","25281560811","Service Fee","","","Cost of advertising","","","","","","","","0","0","0","0","0","0","0","0","0","0","0","0","0","-500.88","0","-500.88"
"Dec 29, 2025 12:56:38 a.m. PST","25281560811","Order","701-5004409-3229007","KS-POS-GKS-3.54in-YYI","Dream Reach Kitchen Scissors All Purpose, Premium All-Metal Kitchen Shears, Heavy Duty Poultry Shears for Food, Food-Grade Stainless Steel Scissors, G","1","amazon.ca","Amazon","Blainville","Québec","J7C 3G","Combined TCS+MTC","17.99","2.69","0","0","0","0","0","0","0","0","-2.69","-2.70","-6.74","0","0","8.55"
"Dec 29, 2025 1:04:24 a.m. PST","25281560811","Order","702-7278295-8139463","KS-POS-GKS-3.54in-YYI","Dream Reach Kitchen Scissors All Purpose, Premium All-Metal Kitchen Shears, Heavy Duty Poultry Shears for Food, Food-Grade Stainless Steel Scissors, G","1","amazon.ca","Amazon","st hubert","Québec","J3Y5M","Combined TCS+MTC","17.99","2.69","0","0","0","0","0","0","0","0","-2.69","-2.70","-6.74","0","0","8.55"
"Dec 29, 2025 1:06:35 a.m. PST","25281560811","Order","701-1102309-5763433","KS-POS-GKS-3.54in-YYI","Dream Reach Kitchen Scissors All Purpose, Premium All-Metal Kitchen Shears, Heavy Duty Poultry Shears for Food, Food-Grade Stainless Steel Scissors, G","1","amazon.ca","Amazon","Tiny","Ontario","L0L 2J","Combined TCS+MTC","17.99","2.34","0","0","0","0","0","0","0","0","-2.34","-2.70","-6.74","0","0","8.55"
"Dec 29, 2025 1:12:42 a.m. PST","25281560811","Order","702-1078751-0110650","9B-5VGN-40SH","Dream Reach 2 Pack Kitchen Scissors, Premium All-Metal Kitchen Shears, Heavy Duty Poultry Shears for Food, Food-Grade Stainless Steel Scissors, Gift f","1","amazon.ca","Amazon","Carleton Place","Ontario","K7C 4V","Combined TCS+MTC","25.73","3.34","0","0","0","0","0","0","0","0","-3.34","-3.86","-7.65","0","0","14.22"
"Dec 29, 2025 1:39:28 a.m. PST","25281560811","Order","702-8851286-9637050","KS-POS-GKS-3.54in-YYI","Dream Reach Kitchen Scissors All Purpose - Stainless Steel Kitchen Shear, Sharp Silver Meat Scissors Dishwasher Safe, Heavy Duty Poultry Shears, Japan","1","amazon.ca","Amazon","Sault Ste. Marie","Ontario","P6A 5K","Combined TCS+MTC","17.99","2.08","0","0","0","0","0","0","-1.98","0","-2.08","-2.40","-6.74","0","0","6.87"
"Dec 29, 2025 1:44:04 a.m. PST","25281560811","Order","702-3685801-7964225","KF02-BBJ","Dream Reach Chef Knife, Japanese Kitchen Knife, Sharp Stainless Steel Viking Style Meat Knife with Wooden Handle, Feather Design Cooking Knife with Sh","1","amazon.ca","Amazon","Greenwood","British Columbia","V0H1J","Combined TCS+MTC","37.40","4.49","5.90","0","0","0","0","0","-5.90","0","-4.49","-5.61","-7.63","0","0","24.16"
"Dec 29, 2025 1:53:54 a.m. PST","25281560811","Order","702-6428519-8799401","9B-5VGN-40SH","Dream Reach 2 Pack Kitchen Scissors, Premium All-Metal Kitchen Shears, Heavy Duty Poultry Shears for Food, Food-Grade Stainless Steel Scissors, Gift f","1","amazon.ca","Amazon","Sherwood Park","Alberta","T8A 6C","Combined TCS+MTC","25.73","1.29","0","0","0","0","0","0","0","0","-1.29","-3.86","-7.65","0","0","14.22"
"Dec 29, 2025 1:55:11 a.m. PST","25281560811","Order","701-2721190-8795444","KS-POS-GKS-3.54in-YYI","Dream Reach Kitchen Scissors All Purpose, Premium All-Metal Kitchen Shears, Heavy Duty Poultry Shears for Food, Food-Grade Stainless Steel Scissors, G","1","amazon.ca","Amazon","Kitchener","ON","N2G 3V","Combined TCS+MTC","17.99","2.34","0","0","0","0","0","0","0","0","-2.34","-2.70","-6.74","0","0","8.55"
"Dec 29, 2025 1:58:52 a.m. PST","25281560811","Order","702-6236381-4449819","KS-POS-GKS-3.54in-YYI","Dream Reach Kitchen Scissors All Purpose, Premium All-Metal Kitchen Shears, Heavy Duty Poultry Shears for Food, Food-Grade Stainless Steel Scissors, G","1","amazon.ca","Amazon","Burnaby","British Columbia","V5E 3X","Combined TCS+MTC","17.99","1.92","0","0","0","0","0","0","-1.98","0","-1.92","-2.40","-7.21","0","0","6.40"
"Dec 29, 2025 2:35:31 a.m. PST","25281560811","Amazon fees","2fa9a393-8388-42bc-b369-4d06320d4cf9","","Deal performance-based fee","","Amazon.ca","","","","","","0","0","0","0","0","0","0","0","0","0","0","-15.66","0","0","0","-15.66"
"Dec 29, 2025 2:38:09 a.m. PST","25281560811","Amazon fees","2fa9a393-8388-42bc-b369-4d06320d4cf9","","Deal participation fee","","Amazon.ca","","","","","","0","0","0","0","0","0","0","0","0","0","0","-50.00","0","0","0","-50.00"
"Dec 29, 2025 2:42:27 a.m. PST","25281560811","Order","701-4840388-0321027","9B-5VGN-40SH","Dream Reach 2 Pack Kitchen Scissors, Premium All-Metal Kitchen Shears, Heavy Duty Poultry Shears for Food, Food-Grade Stainless Steel Scissors, Gift f","1","amazon.ca","Amazon","Quebec","Quebec","G1S 3E","Combined TCS+MTC","29.99","4.49","0","0","0","0","0","0","0","0","-4.49","-4.50","-7.65","0","0","17.84"
"Dec 29, 2025 2:48:56 a.m. PST","25281560811","Order","701-4149042-9689861","WanJian","Dream Reach Professional Dog Grooming Straight, Curved, Thinning/Blending/Chunking Scissors Kit, JP-440C Stainless Steel Pet Cat Hair Cutting/Trimming","1","amazon.ca","Amazon","Caledonia","ON","N3W1Y","Combined TCS+MTC","33.99","4.42","0","0","0","0","0","0","0","0","-4.42","-5.10","-6.49","0","0","22.40"
"Dec 29, 2025 3:04:15 a.m. PST","25281560811","Order","701-1610866-0869811","KF04-BBJ","Dream Reach Meat Bone Cleaver Knife for Meat Cutting Handmade Heavy Duty Butcher Axes Hand Forged Full Tang Chopper for Kitchen Outdoor BBQ Chef Gifts","1","amazon.ca","Amazon","Stony Plain","Alberta","T7Z 1E","Combined TCS+MTC","34.99","1.75","0","0","0","0","0","0","0","0","-1.75","-5.25","-8.74","0","0","21.00"
"Dec 29, 2025 3:10:15 a.m. PST","25281560811","Amazon fees","a8bdd85a-7846-4b5b-8202-e6a5186e92ef","","Coupon participation fee","","Amazon.ca","","","","","","0","0","0","0","0","0","0","0","0","0","0","-2.00","0","0","0","-2.00"
"Dec 29, 2025 3:16:16 a.m. PST","25281560811","Amazon fees","a8bdd85a-7846-4b5b-8202-e6a5186e92ef","","Coupon performance-based fee","","Amazon.ca","","","","","","0","0","0","0","0","0","0","0","0","0","0","-39.96","0","0","0","-39.96"
"Dec 29, 2025 4:06:45 a.m. PST","25281560811","Order","701-9199648-7966619","KS-POS-GKS-3.54in-YYI","Dream Reach Kitchen Scissors All Purpose, Premium All-Metal Kitchen Shears, Heavy Duty Poultry Shears for Food, Food-Grade Stainless Steel Scissors, G","1","amazon.ca","Amazon","Victoria","British Columbia","V8Y 3E","Combined TCS+MTC","17.99","1.92","0","0","0","0","0","0","-1.98","0","-1.92","-2.40","-6.74","0","0","6.87"
"Dec 29, 2025 4:07:23 a.m. PST","25281560811","Order","702-6680676-5285008","BBJK06-Set3","Dream Reach 3PCS Kitchen Knife Set, Kitchen Knives, Butcher Knife Set, Chef Knife Set, Meat Cleaver Knife, High-Hardness Steel Knives with Ergonomic W","1","amazon.ca","Amazon","Port Colborne","Ontario","L3K 3M","Combined TCS+MTC","39.99","5.20","0","0","0","0","0","0","0","0","-5.20","-6.00","-9.58","0","0","24.41"
"Dec 29, 2025 4:08:44 a.m. PST","25281560811","Order","702-1073716-2129805","9B-5VGN-40SH","Dream Reach 2 Pack Kitchen Scissors, Premium All-Metal Kitchen Shears, Heavy Duty Poultry Shears for Food, Food-Grade Stainless Steel Scissors, Gift f","1","amazon.ca","Amazon","Scarborough","Ontario","M1B 4G","Combined TCS+MTC","29.99","3.90","2.93","0","0","0","0","0","-2.93","0","-3.90","-4.50","-7.65","0","0","17.84"
"Dec 29, 2025 4:51:41 a.m. PST","25281560811","Order","702-0041598-5819477","9B-5VGN-40SH","Dream Reach 2 Pack Kitchen Scissors, Premium All-Metal Kitchen Shears, Heavy Duty Poultry Shears for Food, Food-Grade Stainless Steel Scissors, Gift f","1","amazon.ca","Amazon","Surrey","British Columbia","V3Z 9X","Combined TCS+MTC","25.73","3.09","3.49","0","0","0","0","0","-3.49","0","-3.09","-3.86","-8.19","0","0","13.68"
"Dec 29, 2025 5:00:38 a.m. PST","25281560811","Order","702-4463356-2137042","9B-5VGN-40SH","Dream Reach 2 Pack Kitchen Scissors, Premium All-Metal Kitchen Shears, Heavy Duty Poultry Shears for Food, Food-Grade Stainless Steel Scissors, Gift f","1","amazon.ca","Amazon","Winnipeg","Manitoba","R2J 2A","Combined TCS+MTC","29.99","3.60","0","0","0","0","0","0","0","0","-3.60","-4.50","-7.65","0","0","17.84"
"Dec 29, 2025 5:10:05 a.m. PST","25281560811","Order","702-8945317-1706609","9B-5VGN-40SH","Dream Reach 2 Pack Kitchen Scissors, Premium All-Metal Kitchen Shears, Heavy Duty Poultry Shears for Food, Food-Grade Stainless Steel Scissors, Gift f","1","amazon.ca","Amazon","London","Ontario","N5Y 1Z","Combined TCS+MTC","25.73","3.34","0","0","0","0","0","0","0","0","-3.34","-3.86","-7.65","0","0","14.22"
"Dec 29, 2025 5:25:03 a.m. PST","25281560811","Order","701-6025887-7197865","9B-5VGN-40SH","Dream Reach 2 Pack Kitchen Scissors, Premium All-Metal Kitchen Shears, Heavy Duty Poultry Shears for Food, Food-Grade Stainless Steel Scissors, Gift f","1","amazon.ca","Amazon","Saint-Charles-Borromee","Québec","J6E 2A","Combined TCS+MTC","25.73","3.85","0","0","0","0","0","0","0","0","-3.85","-3.86","-7.65","0","0","14.22"
"Dec 29, 2025 5:48:58 a.m. PST","25281560811","Order","701-5895745-3881807","9B-5VGN-40SH","Dream Reach 2 Pack Kitchen Scissors, Premium All-Metal Kitchen Shears, Heavy Duty Poultry Shears for Food, Food-Grade Stainless Steel Scissors, Gift f","1","amazon.ca","Amazon","Wheatland County","Alberta","T1P 2G","Combined TCS+MTC","29.99","1.50","0","0","0","0","0","0","0","0","-1.50","-4.50","-7.65","0","0","17.84"
"Dec 29, 2025 5:50:37 a.m. PST","25281560811","Order","702-4766061-4682635","9B-5VGN-40SH","Dream Reach 2 Pack Kitchen Scissors, Premium All-Metal Kitchen Shears, Heavy Duty Poultry Shears for Food, Food-Grade Stainless Steel Scissors, Gift f","1","amazon.ca","Amazon","Surrey","British Columbia","V3S 7L","Combined TCS+MTC","25.73","3.09","1.16","0","0","0","0","0","-1.16","0","-3.09","-3.86","-8.19","0","0","13.68"
"Dec 29, 2025 5:52:35 a.m. PST","25281560811","Order","702-3406960-8957057","KF01-BBJ","Dream Reach Viking Cleaver Knife Butcher Meat Cutting Boning Knife High Carbon Steel Kitchen Axe with Sheath Home Outdoor BBQ Camping Birthday Christm","1","amazon.ca","Amazon","Bowmanville","Ontario","L1C 0V","Combined TCS+MTC","38.24","4.97","0","0","0","0","0","0","0","0","-4.97","-5.74","-7.65","0","0","24.85"
"Dec 29, 2025 6:14:56 a.m. PST","25281560811","Order","702-9418055-1075463","KS-POSSET2-GKS-ZZ-YYI","Dream Reach Kitchen Scissors Set Silver - Upgraded Stainless Steel Kitchen Shear, Sharp Meat Scissors Dishwasher Safe, Heavy Duty Poultry Shears, Japa","1","amazon.ca","Amazon","Milton","Ontario","L9T 8G","Combined TCS+MTC","37.99","4.94","0","0","0","0","0","0","0","0","-4.94","-5.70","-7.84","0","0","24.45"
"Dec 29, 2025 6:24:33 a.m. PST","25281560811","Order","702-7052685-7649013","BBJK06-Set6","Dream Reach Knife Set with Roll Bag, 6-Piece Professional Chef Knife Set, High Carbon Steel Black Kitchen Knives for Cooking, BBQ & Outdoor Use","1","amazon.ca","Amazon","Toronto","Ontario","M1J 3C","Combined TCS+MTC","53.99","7.02","0","0","0","0","0","0","0","0","-7.02","-8.10","-11.45","0","0","34.44"
"Dec 29, 2025 6:42:50 a.m. PST","25281560811","Order","702-7087970-8256203","KS-POS-GKS-3.54in-YYI","Dream Reach Kitchen Scissors All Purpose, Premium All-Metal Kitchen Shears, Heavy Duty Poultry Shears for Food, Food-Grade Stainless Steel Scissors, G","1","amazon.ca","Amazon","Calgary","Alberta","T3B 0M","Combined TCS+MTC","17.99","0.90","0","0","0","0","0","0","0","0","-0.90","-2.70","-6.74","0","0","8.55"
"Dec 29, 2025 6:48:21 a.m. PST","25281560811","Order","702-7248721-8009015","9B-5VGN-40SH","Dream Reach 2 Pack Kitchen Scissors, Premium All-Metal Kitchen Shears, Heavy Duty Poultry Shears for Food, Food-Grade Stainless Steel Scissors, Gift f","1","amazon.ca","Amazon","Acton","Ontario","L7J 3B","Combined TCS+MTC","25.73","3.34","0","0","0","0","0","0","0","0","-3.34","-3.86","-7.65","0","0","14.22"
"Dec 29, 2025 6:50:22 a.m. PST","25281560811","Order","701-5792341-1089023","9B-5VGN-40SH","Dream Reach 2 Pack Kitchen Scissors, Premium All-Metal Kitchen Shears, Heavy Duty Poultry Shears for Food, Food-Grade Stainless Steel Scissors, Gift f","1","amazon.ca","Amazon","Prince George","British Columbia","V2N 0H","Combined TCS+MTC","25.73","3.09","0","0","0","0","0","0","0","0","-3.09","-3.86","-7.65","0","0","14.22"
"Dec 29, 2025 6:56:08 a.m. PST","25281560811","Order","702-1255894-0216249","9B-5VGN-40SH","Dream Reach 2 Pack Kitchen Scissors, Premium All-Metal Kitchen Shears, Heavy Duty Poultry Shears for Food, Food-Grade Stainless Steel Scissors, Gift f","1","amazon.ca","Amazon","Calgary","Alberta","T2J 2W","Combined TCS+MTC","25.73","1.29","0","0","0","0","0","0","0","0","-1.29","-3.86","-7.65","0","0","14.22"
"Dec 29, 2025 7:01:30 a.m. PST","25281560811","Order","702-9336596-7881026","9B-5VGN-40SH","Dream Reach 2 Pack Kitchen Scissors, Premium All-Metal Kitchen Shears, Heavy Duty Poultry Shears for Food, Food-Grade Stainless Steel Scissors, Gift f","1","amazon.ca","Amazon","Sidney","British Columbia","V8L 2X","Combined TCS+MTC","25.73","3.09","0","0","0","0","0","0","0","0","-3.09","-3.86","-8.19","0","0","13.68"
"Dec 29, 2025 7:03:38 a.m. PST","25281560811","Order","702-7253969-1785816","KS-POS-GKS-3.54in-YYI","Dream Reach Kitchen Scissors All Purpose, Premium All-Metal Kitchen Shears, Heavy Duty Poultry Shears for Food, Food-Grade Stainless Steel Scissors, G","1","amazon.ca","Amazon","Langley","British Columbia","V2Y 0P","Combined TCS+MTC","17.99","2.16","0","0","0","0","0","0","0","0","-2.16","-2.70","-7.21","0","0","8.08"
"Dec 29, 2025 7:17:51 a.m. PST","25281560811","Order","701-8367812-3049847","KS-POSSET2-GKS-ZW-YYI","Dream Reach Kitchen Scissors Set Silver - Stainless Steel Kitchen Shear, Sharp Meat Scissors Dishwasher Safe, Heavy Duty Poultry Shears, Japanese Cook","1","amazon.ca","Amazon","Brantford","Ontario","N3P 1T","Combined TCS+MTC","37.99","4.94","0","0","0","0","0","0","0","0","-4.94","-5.70","-7.65","0","0","24.64"
"Dec 29, 2025 7:43:55 a.m. PST","25281560811","Order","702-8955771-9450618","KF01-BBJ","Dream Reach Viking Cleaver Knife Butcher Meat Cutting Boning Knife High Carbon Steel Kitchen Axe with Sheath Home Outdoor BBQ Camping Birthday Christm","1","amazon.ca","Amazon","Bobcaygeon","Ontario","K0M 1A","Combined TCS+MTC","38.24","4.97","0","0","0","0","0","0","0","0","-4.97","-5.74","-7.65","0","0","24.85"
"Dec 29, 2025 7:55:09 a.m. PST","25281560811","Order","701-9074919-5717043","9B-5VGN-40SH","Dream Reach 2 Pack Kitchen Scissors, Premium All-Metal Kitchen Shears, Heavy Duty Poultry Shears for Food, Food-Grade Stainless Steel Scissors, Gift f","1","amazon.ca","Amazon","Coaticook","QC","J1A 1T","Combined TCS+MTC","25.73","3.85","0","0","0","0","0","0","0","0","-3.85","-3.86","-7.65","0","0","14.22"
"Dec 29, 2025 7:58:14 a.m. PST","25281560811","Order","701-0172302-4404230","BBJK06-Set6","Dream Reach Knife Set with Roll Bag, 6-Piece Professional Chef Knife Set, High Carbon Steel Black Kitchen Knives for Cooking, BBQ & Outdoor Use","1","amazon.ca","Amazon","Hamilton","Ontario","L9C 6Y","Combined TCS+MTC","59.99","7.80","2.33","0","0","0","0","0","-2.33","0","-7.80","-9.00","-11.45","0","0","39.54"
"Dec 29, 2025 8:01:58 a.m. PST","25281560811","Order","701-6792469-0533855","KF01-BBJ","Dream Reach Viking Cleaver Knife Butcher Meat Cutting Boning Knife High Carbon Steel Kitchen Axe with Sheath Home Outdoor BBQ Camping Birthday Christm","1","amazon.ca","Amazon","Mont-Laurier","Quebec","J9L 0X","Combined TCS+MTC","35.99","5.39","0","0","0","0","0","0","0","0","-5.39","-5.40","-7.65","0","0","22.94"
"Dec 29, 2025 8:08:41 a.m. PST","25281560811","Order","701-9933761-8459408","PS02-HDM","Dream Reach Poultry Shears - Heavy Duty Kitchen Scissors for Food with Ergonomic Handle, Japanese High-Carbon Steel Culinary Shears for Chicken, Meat,","1","amazon.ca","Amazon","Toronto","Ontario","M1L 0J","Combined TCS+MTC","24.99","3.25","0","0","0","0","0","0","0","0","-3.25","-3.75","-7.13","0","0","14.11"
"Dec 29, 2025 10:08:05 a.m. PST","25281560811","Order","702-9974233-0955459","KF01-BBJ","Dream Reach Viking Cleaver Knife Butcher Meat Cutting Boning Knife High Carbon Steel Kitchen Axe with Sheath Home Outdoor BBQ Camping Birthday Christm","1","amazon.ca","Amazon","Camrose","Alberta","T4V 3V","Combined TCS+MTC","38.24","1.91","0","0","0","0","0","0","0","0","-1.91","-5.74","-7.65","0","0","24.85"
"Dec 29, 2025 12:10:04 p.m. PST","25281560811","Order","701-0688756-7018649","9B-5VGN-40SH","Dream Reach 2 Pack Kitchen Scissors, Premium All-Metal Kitchen Shears, Heavy Duty Poultry Shears for Food, Food-Grade Stainless Steel Scissors, Gift f","1","amazon.ca","Amazon","Edmonton","Alberta","T5X 0B","Combined TCS+MTC","25.73","1.22","0","0","0","0","0","0","-1.29","0","-2.44","-7.34","-7.65","0","0","8.23"
"Dec 29, 2025 12:10:04 p.m. PST","25281560811","Order","701-0688756-7018649","9B-5VGN-40SH","Dream Reach 2 Pack Kitchen Scissors, Premium All-Metal Kitchen Shears, Heavy Duty Poultry Shears for Food, Food-Grade Stainless Steel Scissors, Gift f","1","amazon.ca","Amazon","Edmonton","Alberta","T5X 0B","","25.73","1.22","0","0","0","0","0","0","-1.28","0","0","0","-7.65","0","0","18.02"
"Dec 29, 2025 2:40:34 p.m. PST","25281560811","Order","701-2186869-5704235","XX03","Dream Reach 7.0 Inches Professional Pet Cat Dog Grooming Shears Scissors, Straight and Curved Scissors, Thinning/Blending/Chunking Scissors Kit (Chunk","1","amazon.ca","Amazon","Calgary","Alberta","T2W 2T","Combined TCS+MTC","31.44","1.34","0","0","0","0","0","0","-4.72","0","-1.34","-4.01","-6.49","0","0","16.22"
"Dec 29, 2025 3:00:50 p.m. PST","25281560811","Order","701-5433817-2236269","9B-5VGN-40SH","Dream Reach 2 Pack Kitchen Scissors, Premium All-Metal Kitchen Shears, Heavy Duty Poultry Shears for Food, Food-Grade Stainless Steel Scissors, Gift f","1","amazon.ca","Amazon","Dieppe","New Brunswick","E1A 0G","Combined TCS+MTC","25.73","3.86","0","0","0","0","0","0","0","0","-3.86","-3.86","-7.65","0","0","14.22"
"Dec 29, 2025 3:43:28 p.m. PST","25281560811","Order","701-8408309-1457806","BBJK06-Set6","Dream Reach Knife Set with Roll Bag, 6-Piece Professional Chef Knife Set, High Carbon Steel Black Kitchen Knives for Cooking, BBQ & Outdoor Use","1","amazon.ca","Amazon","Sudbury","Ontario","P3C 1Y","Combined TCS+MTC","53.99","7.02","0","0","0","0","0","0","0","0","-7.02","-8.10","-11.45","0","0","34.44"
"Dec 29, 2025 4:02:43 p.m. PST","25281560811","Order","702-3500007-1909868","BBJK06-Set6","Dream Reach Knife Set with Roll Bag, 6-Piece Professional Chef Knife Set, High Carbon Steel Black Kitchen Knives for Cooking, BBQ & Outdoor Use","1","amazon.ca","Amazon","Nanaimo","British Columbia","V9R 2J","Combined TCS+MTC","53.99","6.48","2.94","0","0","0","0","0","-2.94","0","-6.48","-8.10","-11.45","0","0","34.44"
"Dec 29, 2025 4:14:49 p.m. PST","25281560811","Order","701-5105728-2335447","CWJ02-Purple7Set-BBJ","Dream Reach Dog Grooming Scissors - 7"" Professional 6 in 1 Pet Scissors Sharp and Durable Shears Set Thinning, Chunker, Straight, Curved Shears and Co","1","amazon.ca","Amazon","Gander","Newfoundland","A1V 2A","Combined TCS+MTC","46.99","7.05","0","0","0","0","0","0","0","0","-7.05","-7.05","-6.74","0","0","33.20"
"Dec 29, 2025 4:15:41 p.m. PST","25281560811","Order","702-8845046-5036217","KS-POS-GKS-3.54in-YYI","Dream Reach Kitchen Scissors All Purpose, Premium All-Metal Kitchen Shears, Heavy Duty Poultry Shears for Food, Food-Grade Stainless Steel Scissors, G","1","amazon.ca","Amazon","Airdrie","Alberta","T4B 0Y","Combined TCS+MTC","17.99","0.90","0","0","0","0","0","0","0","0","-0.90","-2.70","-6.74","0","0","8.55"
"Dec 29, 2025 4:37:30 p.m. PST","25281560811","Order","702-8097463-6892256","KF01-BBJ","Dream Reach Viking Cleaver Knife Butcher Meat Cutting Boning Knife High Carbon Steel Kitchen Axe with Sheath Home Outdoor BBQ Camping Birthday Christm","1","amazon.ca","Amazon","Edmonton","Alberta","T5E 6Z","Combined TCS+MTC","38.24","1.91","0","0","0","0","0","0","0","0","-1.91","-5.74","-7.65","0","0","24.85"
"Dec 29, 2025 5:48:53 p.m. PST","25281560811","Order","701-8335462-8885061","9B-5VGN-40SH","Dream Reach 2 Pack Kitchen Scissors, Premium All-Metal Kitchen Shears, Heavy Duty Poultry Shears for Food, Food-Grade Stainless Steel Scissors, Gift f","1","amazon.ca","Amazon","Black Creek","British Columbia","V9J 1J","Combined TCS+MTC","25.73","3.09","0","0","0","0","0","0","0","0","-3.09","-3.86","-8.19","0","0","13.68"
"Dec 29, 2025 7:23:12 p.m. PST","25281560811","Order","702-8197069-4399411","BBJK06-Set6","Dream Reach Knife Set with Roll Bag, 6-Piece Professional Chef Knife Set, High Carbon Steel Black Kitchen Knives for Cooking, BBQ & Outdoor Use","1","amazon.ca","Amazon","Chilliwack","British Columbia","V2R 5V","Combined TCS+MTC","59.99","7.20","6.99","0","0","0","0","0","-6.99","0","-7.20","-9.00","-12.25","0","0","38.74"
"Dec 29, 2025 7:46:45 p.m. PST","25281560811","Order","701-8781495-1456202","9B-5VGN-40SH","Dream Reach 2 Pack Kitchen Scissors, Premium All-Metal Kitchen Shears, Heavy Duty Poultry Shears for Food, Food-Grade Stainless Steel Scissors, Gift f","1","amazon.ca","Amazon","Chester Basin","NS","B0J 1K","Combined TCS+MTC","25.73","3.60","0","0","0","0","0","0","0","0","-3.60","-3.86","-7.65","0","0","14.22"
"Dec 29, 2025 8:29:19 p.m. PST","25281560811","Order","701-2886665-6697061","9B-5VGN-40SH","Dream Reach 2 Pack Kitchen Scissors, Premium All-Metal Kitchen Shears, Heavy Duty Poultry Shears for Food, Food-Grade Stainless Steel Scissors, Gift f","1","amazon.ca","Amazon","Grande Prairie","Alberta","T8W 0G","Combined TCS+MTC","25.73","1.29","0","0","0","0","0","0","0","0","-1.29","-3.86","-7.65","0","0","14.22"
"Dec 29, 2025 9:07:44 p.m. PST","25281560811","Order","701-6879148-6319407","9B-5VGN-40SH","Dream Reach 2 Pack Kitchen Scissors, Premium All-Metal Kitchen Shears, Heavy Duty Poultry Shears for Food, Food-Grade Stainless Steel Scissors, Gift f","1","amazon.ca","Amazon","Toronto","Ontario","M8V3X","Combined TCS+MTC","25.73","3.34","0","0","0","0","0","0","0","0","-3.34","-3.86","-7.65","0","0","14.22"
"Dec 29, 2025 10:06:24 p.m. PST","25281560811","Order","701-1655286-8209038","KS-POS-GKS-3.54in-YYI","Dream Reach Kitchen Scissors All Purpose, Premium All-Metal Kitchen Shears, Heavy Duty Poultry Shears for Food, Food-Grade Stainless Steel Scissors, G","1","amazon.ca","Amazon","Edmonton","Alberta","T5C 2V","Combined TCS+MTC","17.99","0.80","0","0","0","0","0","0","-1.98","0","-0.80","-2.40","-6.74","0","0","6.87"
"Dec 29, 2025 10:52:34 p.m. PST","25281560811","Order","701-2791946-4304234","9B-5VGN-40SH","Dream Reach 2 Pack Kitchen Scissors, Premium All-Metal Kitchen Shears, Heavy Duty Poultry Shears for Food, Food-Grade Stainless Steel Scissors, Gift f","1","amazon.ca","Amazon","Toronto","Ontario","M5A 1J","Combined TCS+MTC","25.73","3.34","0","0","0","0","0","0","0","0","-3.34","-3.86","-7.65","0","0","14.22"
"Dec 29, 2025 11:10:15 p.m. PST","25281560811","Order","702-4770052-6497024","9B-5VGN-40SH","Dream Reach 2 Pack Kitchen Scissors, Premium All-Metal Kitchen Shears, Heavy Duty Poultry Shears for Food, Food-Grade Stainless Steel Scissors, Gift f","1","amazon.ca","Amazon","Burlington","Ontario","L7L 3S","Combined TCS+MTC","25.73","3.34","0","0","0","0","0","0","0","0","-3.34","-3.86","-7.65","0","0","14.22"
"Dec 29, 2025 11:20:28 p.m. PST","25281560811","Order","702-4204203-5317056","KS-POS-GKS-3.54in-YYI","Dream Reach Kitchen Scissors All Purpose, Premium All-Metal Kitchen Shears, Heavy Duty Poultry Shears for Food, Food-Grade Stainless Steel Scissors, G","1","amazon.ca","Amazon","North York","Ontario","M2K 2K","Combined TCS+MTC","17.99","2.08","0","0","0","0","0","0","-1.98","0","-2.08","-2.40","-6.74","0","0","6.87"
"Dec 29, 2025 11:26:47 p.m. PST","25281560811","Order","702-9736918-1822651","KS-POSSET2-GKS-ZW-YYI","Dream Reach Kitchen Scissors Set Silver - Stainless Steel Kitchen Shear, Sharp Meat Scissors Dishwasher Safe, Heavy Duty Poultry Shears, Japanese Cook","1","amazon.ca","Amazon","Lac-Des-Plages","Quebec","J0T 1K","Combined TCS+MTC","37.99","5.69","0","0","0","0","0","0","0","0","-5.69","-5.70","-7.65","0","0","24.64"
"Dec 29, 2025 11:41:07 p.m. PST","25281560811","Order","702-0020072-8074639","KF01-BBJ","Dream Reach Viking Cleaver Knife Butcher Meat Cutting Boning Knife High Carbon Steel Kitchen Axe with Sheath Home Outdoor BBQ Camping Birthday Christm","1","amazon.ca","Amazon","Oshawa","Ontario","L1J 7Y","Combined TCS+MTC","38.24","4.97","0","0","0","0","0","0","0","0","-4.97","-5.74","-7.65","0","0","24.85"
"Dec 29, 2025 11:55:43 p.m. PST","25281560811","Order","702-4057958-7228248","KF02-BBJ","Dream Reach Chef Knife, Japanese Kitchen Knife, Sharp Stainless Steel Viking Style Meat Knife with Wooden Handle, Feather Design Cooking Knife with Sh","1","amazon.ca","Amazon","Carbon","Alberta","T0M 0L","Combined TCS+MTC","37.40","1.87","0","0","4.49","0.22","0","0","0","0","-2.09","-5.61","-11.62","0","0","24.66"
"Dec 30, 2025 12:01:14 a.m. PST","25281560811","Order","702-7263391-7789811","KS-POSSET2-GKS-ZW-YHE","Dream Reach Kitchen Scissors Set Black - Stainless Steel Kitchen Shears, Sharp Meat Scissors Dishwasher Safe, Heavy Duty Poultry Shears All Purpose, J","2","amazon.ca","Amazon","Vernon","British Columbia","V1B 3N","Combined TCS+MTC","75.98","8.66","0","0","0","0","0","0","-3.80","0","-8.66","-10.82","-15.30","0","0","46.06"
"Dec 30, 2025 12:20:20 a.m. PST","25281560811","Order","701-2146541-7626643","BBJK06-Set6","Dream Reach Knife Set with Roll Bag, 6-Piece Professional Chef Knife Set, High Carbon Steel Black Kitchen Knives for Cooking, BBQ & Outdoor Use","1","amazon.ca","Amazon","Kentville","Nova Scotia","B4N 1K","Combined TCS+MTC","59.99","8.40","13.11","1.84","0","0","0","0","0","0","-10.24","-9.00","-24.56","0","0","39.54"
"Dec 30, 2025 12:26:11 a.m. PST","25281560811","Adjustment","702-3590216-4288264","CWJ02-Black7Set-BBJ","FBA Inventory Reimbursement - Customer Return","1","","","","","","","0","0","0","0","0","0","0","0","0","0","0","0","0","0","22.50","22.50"
"Dec 30, 2025 12:29:10 a.m. PST","25281560811","Order","701-4345325-4463423","KF01-BBJ","Dream Reach Viking Cleaver Knife Butcher Meat Cutting Boning Knife High Carbon Steel Kitchen Axe with Sheath Home Outdoor BBQ Camping Birthday Christm","1","amazon.ca","Amazon","Port Colborne","Ontario","L3K 5K","Combined TCS+MTC","38.24","4.97","0","0","0","0","0","0","0","0","-4.97","-5.74","-7.65","0","0","24.85"
"Dec 30, 2025 12:50:40 a.m. PST","25281560811","Order","701-2191940-7332268","KS-POSSET2-GKS-ZW-YYI","Dream Reach Kitchen Scissors Set Silver - Stainless Steel Kitchen Shear, Sharp Meat Scissors Dishwasher Safe, Heavy Duty Poultry Shears, Japanese Cook","1","amazon.ca","Amazon","Mississauga","Ontario","L5B 1C","Combined TCS+MTC","37.99","4.94","3.50","0","0","0","0","0","-3.50","0","-4.94","-5.70","-7.65","0","0","24.64"
"Dec 30, 2025 12:51:23 a.m. PST","25281560811","Order","702-3939268-7766669","KS-POS-GKS-3.54in-YYI","Dream Reach Kitchen Scissors All Purpose, Premium All-Metal Kitchen Shears, Heavy Duty Poultry Shears for Food, Food-Grade Stainless Steel Scissors, G","1","amazon.ca","Amazon","Dollard-Des-Ormeaux","Quebec","H9A 2M","Combined TCS+MTC","17.99","2.40","0","0","0","0","0","0","-1.98","0","-2.40","-2.40","-6.74","0","0","6.87"
"Dec 30, 2025 1:04:32 a.m. PST","25281560811","Order","702-7452509-7825068","9B-5VGN-40SH","Dream Reach 2 Pack Kitchen Scissors, Premium All-Metal Kitchen Shears, Heavy Duty Poultry Shears for Food, Food-Grade Stainless Steel Scissors, Gift f","1","amazon.ca","Amazon","Ottawa","Ontario","K2G 4L","Combined TCS+MTC","25.73","3.34","0","0","0","0","0","0","0","0","-3.34","-3.86","-7.65","0","0","14.22"
"Dec 30, 2025 1:06:00 a.m. PST","25281560811","Order","702-6898082-7322664","9B-5VGN-40SH","Dream Reach 2 Pack Kitchen Scissors, Premium All-Metal Kitchen Shears, Heavy Duty Poultry Shears for Food, Food-Grade Stainless Steel Scissors, Gift f","1","amazon.ca","Amazon","Cambridge","Ontario","N1T 1S","Combined TCS+MTC","25.73","3.34","0","0","0","0","0","0","0","0","-3.34","-3.86","-7.65","0","0","14.22"
"Dec 30, 2025 1:08:01 a.m. PST","25281560811","Order","701-3506258-7471438","9B-5VGN-40SH","Dream Reach 2 Pack Kitchen Scissors, Premium All-Metal Kitchen Shears, Heavy Duty Poultry Shears for Food, Food-Grade Stainless Steel Scissors, Gift f","1","amazon.ca","Amazon","Winnipeg","Manitoba","R3E 2N","Combined TCS+MTC","29.99","3.60","0","0","0","0","0","0","0","0","-3.60","-4.50","-7.65","0","0","17.84"
"Dec 30, 2025 2:24:03 a.m. PST","25281560811","Order","701-2727970-1981053","Scissors04B8","Dream Reach 8"" Downward Curved Dog Grooming Scissors Shears for Grooming Face and Paws Safety Round Tips Shears Trimming Cutting Scissors for Dog Cat","1","amazon.ca","Amazon","Windsor","Ontario","N9B 2P","Combined TCS+MTC","42.49","5.52","0","0","0","0","0","0","0","0","-5.52","-6.37","-6.49","0","0","29.63"
"Dec 30, 2025 2:32:32 a.m. PST","25281560811","Order","701-3101973-9437818","9B-5VGN-40SH","Dream Reach 2 Pack Kitchen Scissors, Premium All-Metal Kitchen Shears, Heavy Duty Poultry Shears for Food, Food-Grade Stainless Steel Scissors, Gift f","1","amazon.ca","Amazon","Wainfleet","ON","L0S 1V","Combined TCS+MTC","25.73","3.34","0","0","0","0","0","0","0","0","-3.34","-3.86","-7.65","0","0","14.22"
"Dec 30, 2025 2:45:47 a.m. PST","25281560811","Order","702-8523717-5998610","9B-5VGN-40SH","Dream Reach 2 Pack Kitchen Scissors, Premium All-Metal Kitchen Shears, Heavy Duty Poultry Shears for Food, Food-Grade Stainless Steel Scissors, Gift f","1","amazon.ca","Amazon","Fort Erie","Ontario","L2A0E","Combined TCS+MTC","25.73","3.34","0","0","0","0","0","0","0","0","-3.34","-3.86","-7.65","0","0","14.22"
"Dec 30, 2025 3:04:42 a.m. PST","25281560811","Order","702-9496438-5286600","KS-POS-GKS-3.54in-YYI","Dream Reach Kitchen Scissors All Purpose, Premium All-Metal Kitchen Shears, Heavy Duty Poultry Shears for Food, Food-Grade Stainless Steel Scissors, G","1","amazon.ca","Amazon","Sherwood park","Alberta","T8A 5R","Combined TCS+MTC","17.99","0.80","0","0","0","0","0","0","-1.98","0","-0.80","-2.40","-6.74","0","0","6.87"
"Dec 30, 2025 3:08:25 a.m. PST","25281560811","Order","702-9615413-3021007","KS-POS-GKS-3.54in-YYI","Dream Reach Kitchen Scissors All Purpose, Premium All-Metal Kitchen Shears, Heavy Duty Poultry Shears for Food, Food-Grade Stainless Steel Scissors, G","1","amazon.ca","Amazon","Toronto","Ontario","M1P 1S","Combined TCS+MTC","17.99","2.34","0","0","0","0","0","0","0","0","-2.34","-2.70","-6.74","0","0","8.55"
"Dec 30, 2025 4:13:09 a.m. PST","25281560811","Order","702-4818982-6977009","KF01-BBJ","Dream Reach Viking Cleaver Knife Butcher Meat Cutting Boning Knife High Carbon Steel Kitchen Axe with Sheath Home Outdoor BBQ Camping Birthday Christm","1","amazon.ca","Amazon","Coquitlam","British Columbia","V3K 3P","Combined TCS+MTC","38.24","4.59","0","0","0","0","0","0","0","0","-4.59","-5.74","-7.65","0","0","24.85"
"Dec 30, 2025 4:19:05 a.m. PST","25281560811","Order","701-8709449-4799458","KS-POSSET2-GKS-ZZ-YYI","Dream Reach Kitchen Scissors Set Silver - Upgraded Stainless Steel Kitchen Shear, Sharp Meat Scissors Dishwasher Safe, Heavy Duty Poultry Shears, Japa","1","amazon.ca","Amazon","Calgary","Alberta","T3M 1H","Combined TCS+MTC","37.99","1.90","0","0","0","0","0","0","0","0","-1.90","-5.70","-7.84","0","0","24.45"
"Dec 30, 2025 4:19:40 a.m. PST","25281560811","Order","702-4451535-6269849","9B-5VGN-40SH","Dream Reach 2 Pack Kitchen Scissors, Premium All-Metal Kitchen Shears, Heavy Duty Poultry Shears for Food, Food-Grade Stainless Steel Scissors, Gift f","1","amazon.ca","Amazon","Elmira","On","N3B0C","Combined TCS+MTC","25.73","3.34","0","0","0","0","0","0","0","0","-3.34","-3.86","-7.65","0","0","14.22"
"Dec 30, 2025 4:53:15 a.m. PST","25281560811","Order","702-0254450-5057822","9B-5VGN-40SH","Dream Reach 2 Pack Kitchen Scissors, Premium All-Metal Kitchen Shears, Heavy Duty Poultry Shears for Food, Food-Grade Stainless Steel Scissors, Gift f","1","amazon.ca","Amazon","Pointe-Calumet","Quebec","J0N 1G","Combined TCS+MTC","25.73","3.85","0","0","0","0","0","0","0","0","-3.85","-3.86","-7.65","0","0","14.22"
"Dec 30, 2025 4:58:42 a.m. PST","25281560811","Order","701-8202728-8139411","KS-POS-GKS-3.54in-YYI","Dream Reach Kitchen Scissors All Purpose, Premium All-Metal Kitchen Shears, Heavy Duty Poultry Shears for Food, Food-Grade Stainless Steel Scissors, G","1","amazon.ca","Amazon","Mississauga","Ontario","L5G 1K","Combined TCS+MTC","17.99","2.08","1.17","0","0","0","0","0","-3.15","0","-2.08","-2.40","-6.74","0","0","6.87"
"Dec 30, 2025 4:59:52 a.m. PST","25281560811","Order","702-1725191-6153059","HS1901","Dream Reach 6"" Professional Hair Cutting Scissors Japan 440C Steel Thinning Scissor for Men/Women Cutting for Salon/Barber/Home (Straight Scissors)","1","amazon.ca","Amazon","Labrador City","Terre-Neuve","A2V 1R","Combined TCS+MTC","43.99","5.61","0","0","0","0","0","0","-6.60","0","-5.61","-5.61","-6.49","0","0","25.29"
"Dec 30, 2025 5:01:57 a.m. PST","25281560811","Order","702-4246757-1334642","KS-POS-GKS-3.54in-YYI","Dream Reach Kitchen Scissors All Purpose, Premium All-Metal Kitchen Shears, Heavy Duty Poultry Shears for Food, Food-Grade Stainless Steel Scissors, G","1","amazon.ca","Amazon","Pickering","Ontario","L1V 3W","Combined TCS+MTC","17.99","2.08","0","0","0","0","0","0","-1.98","0","-2.08","-2.40","-6.74","0","0","6.87"
"Dec 30, 2025 5:29:02 a.m. PST","25281560811","Order","702-7989585-3537825","KF01-BBJ","Dream Reach Viking Cleaver Knife Butcher Meat Cutting Boning Knife High Carbon Steel Kitchen Axe with Sheath Home Outdoor BBQ Camping Birthday Christm","1","amazon.ca","Amazon","Grimsby","Ontario","L3M 0J","Combined TCS+MTC","38.24","4.97","0","0","0","0","0","0","0","0","-4.97","-5.74","-7.65","0","0","24.85"
"Dec 30, 2025 5:48:41 a.m. PST","25281560811","Order","702-1250498-9363406","9B-5VGN-40SH","Dream Reach 2 Pack Kitchen Scissors, Premium All-Metal Kitchen Shears, Heavy Duty Poultry Shears for Food, Food-Grade Stainless Steel Scissors, Gift f","1","amazon.ca","Amazon","Richmond","British Columbia","V7C 4G","Combined TCS+MTC","25.73","3.09","0","0","0","0","0","0","0","0","-3.09","-3.86","-8.19","0","0","13.68"
"Dec 30, 2025 6:07:53 a.m. PST","25281560811","Order","702-1130556-3289816","KF02-BBJ","Dream Reach Chef Knife, Japanese Kitchen Knife, Sharp Stainless Steel Viking Style Meat Knife with Wooden Handle, Feather Design Cooking Knife with Sh","1","amazon.ca","Amazon","FLIN FLON","Manitoba","R8A 0G","Combined TCS+MTC","37.40","4.49","2.94","0","0","0","0","0","-2.94","0","-4.49","-5.61","-7.13","0","0","24.66"
"Dec 30, 2025 6:21:01 a.m. PST","25281560811","Order","701-5446956-2297824","9B-5VGN-40SH","Dream Reach 2 Pack Kitchen Scissors, Premium All-Metal Kitchen Shears, Heavy Duty Poultry Shears for Food, Food-Grade Stainless Steel Scissors, Gift f","1","amazon.ca","Amazon","Vegreville","Alberta","T9C 0A","Combined TCS+MTC","25.73","1.29","0","0","0","0","0","0","0","0","-1.29","-3.86","-7.65","0","0","14.22"
"Dec 30, 2025 6:22:09 a.m. PST","25281560811","Order","702-0540192-7216262","9B-5VGN-40SH","Dream Reach 2 Pack Kitchen Scissors, Premium All-Metal Kitchen Shears, Heavy Duty Poultry Shears for Food, Food-Grade Stainless Steel Scissors, Gift f","1","amazon.ca","Amazon","Brampton","ontario","L6X 2X","Combined TCS+MTC","25.73","3.34","6.99","0","0","0","0","0","-6.99","0","-3.34","-3.86","-7.65","0","0","14.22"
"Dec 30, 2025 6:28:17 a.m. PST","25281560811","Order","702-6195390-1345010","37-EQUL-C5MA","Dream Reach HIGH-END Series Japanese 440C Stainless 6.0"" 360° Swivel Thumb Ring Professional Barber Razor Edge Hairdressing Straight Cutting Scissors","1","amazon.ca","Amazon","Thetford Mines","Quebec","G6G 2A","Combined TCS+MTC","43.99","6.59","3.27","0","0","0","0","0","-3.27","0","-6.59","-6.60","-4.99","0","0","32.40"
"Dec 30, 2025 7:06:13 a.m. PST","25281560811","Order","701-8821759-6697037","9B-5VGN-40SH","Dream Reach 2 Pack Kitchen Scissors, Premium All-Metal Kitchen Shears, Heavy Duty Poultry Shears for Food, Food-Grade Stainless Steel Scissors, Gift f","1","amazon.ca","Amazon","St-isidore","Ontario","K0C2B","Combined TCS+MTC","25.73","3.34","0","0","0","0","0","0","0","0","-3.34","-3.86","-7.65","0","0","14.22"
"Dec 30, 2025 7:11:27 a.m. PST","25281560811","Order","702-3361348-2581053","9B-5VGN-40SH","Dream Reach 2 Pack Kitchen Scissors, Premium All-Metal Kitchen Shears, Heavy Duty Poultry Shears for Food, Food-Grade Stainless Steel Scissors, Gift f","1","amazon.ca","Amazon","Lethbridge","Alberta","T1H 5Y","Combined TCS+MTC","25.73","1.29","0","0","0","0","0","0","0","0","-1.29","-3.86","-7.65","0","0","14.22"
"Dec 30, 2025 7:11:42 a.m. PST","25281560811","Order","701-7641310-0003423","KF01-BBJ","Dream Reach Viking Cleaver Knife Butcher Meat Cutting Boning Knife High Carbon Steel Kitchen Axe with Sheath Home Outdoor BBQ Camping Birthday Christm","1","amazon.ca","Amazon","Omemee","On","K0L 2W","Combined TCS+MTC","38.24","4.97","0","0","0","0","0","0","0","0","-4.97","-5.74","-7.65","0","0","24.85"
"Dec 30, 2025 7:24:56 a.m. PST","25281560811","Order","702-6212507-3202658","BBJK06-Set3","Dream Reach 3PCS Kitchen Knife Set, Kitchen Knives, Butcher Knife Set, Chef Knife Set, Meat Cleaver Knife, High-Hardness Steel Knives with Ergonomic W","1","amazon.ca","Amazon","Brantford","Ontario","N3T 2C","Combined TCS+MTC","39.99","5.20","0","0","0","0","0","0","0","0","-5.20","-6.00","-9.58","0","0","24.41"
"Dec 30, 2025 7:26:25 a.m. PST","25281560811","Order","701-0099403-9491457","KF01-BBJ","Dream Reach Viking Cleaver Knife Butcher Meat Cutting Boning Knife High Carbon Steel Kitchen Axe with Sheath Home Outdoor BBQ Camping Birthday Christm","1","amazon.ca","Amazon","Britannia Beach","British Columbia","V8B 1J","Combined TCS+MTC","38.24","4.59","0","0","0","0","0","0","0","0","-4.59","-5.74","-7.65","0","0","24.85"
"Dec 30, 2025 7:26:25 a.m. PST","25281560811","Order","702-6992799-8541831","9B-5VGN-40SH","Dream Reach 2 Pack Kitchen Scissors, Premium All-Metal Kitchen Shears, Heavy Duty Poultry Shears for Food, Food-Grade Stainless Steel Scissors, Gift f","1","amazon.ca","Amazon","Whitecourt","Alberta","T7S 1W","Combined TCS+MTC","25.73","1.29","0","0","0","0","0","0","0","0","-1.29","-3.86","-7.65","0","0","14.22"
"Dec 30, 2025 7:27:41 a.m. PST","25281560811","Order","701-0407064-5375413","KS-POS-GKS-3.54in-YYI","Dream Reach Kitchen Scissors All Purpose, Premium All-Metal Kitchen Shears, Heavy Duty Poultry Shears for Food, Food-Grade Stainless Steel Scissors, G","1","amazon.ca","Amazon","Mississauga","Ontario","L5R 3S","Combined TCS+MTC","17.99","2.08","3.49","0","0","0","0","0","-5.47","0","-2.08","-2.40","-6.74","0","0","6.87"
"Dec 30, 2025 7:37:52 a.m. PST","25281560811","Order","701-0616207-0361018","Scissors04B8","Dream Reach 8"" Downward Curved Dog Grooming Scissors Shears for Grooming Face and Paws Safety Round Tips Shears Trimming Cutting Scissors for Dog Cat","1","amazon.ca","Amazon","Rutherglen","Ontario","P0H 2E","Combined TCS+MTC","42.49","4.70","0","0","0","0","0","0","-6.37","0","-4.70","-5.42","-6.49","0","0","24.21"
"Dec 30, 2025 7:53:07 a.m. PST","25281560811","Order","702-4548145-7780208","9B-5VGN-40SH","Dream Reach 2 Pack Kitchen Scissors, Premium All-Metal Kitchen Shears, Heavy Duty Poultry Shears for Food, Food-Grade Stainless Steel Scissors, Gift f","1","amazon.ca","Amazon","North Vancouver","British Columbia","V7L 3R","Combined TCS+MTC","25.73","3.09","1.75","0","0","0","0","0","-1.75","0","-3.09","-3.86","-8.19","0","0","13.68"
"Dec 30, 2025 9:24:42 a.m. PST","25281560811","Order","701-0938572-7079448","KS-POSSET2-GKS-ZZ-YHE","Dream Reach Kitchen Scissors Set Black - Upgraded Stainless Steel Kitchen Shear, Sharp Meat Scissors, Heavy Duty Poultry Shears, Japanese Cooking Scis","1","amazon.ca","Amazon","Dunnville","Ontario","N1A 2W","Combined TCS+MTC","37.99","4.94","6.99","0","0","0","0","0","-6.99","0","-4.94","-5.70","-7.84","0","0","24.45"
"Dec 30, 2025 11:08:41 a.m. PST","25281560811","Order","702-3476697-0522665","KF01-BBJ","Dream Reach Viking Cleaver Knife Butcher Meat Cutting Boning Knife High Carbon Steel Kitchen Axe with Sheath Home Outdoor BBQ Camping Birthday Christm","1","amazon.ca","Amazon","Beamsville","ON","L0R 1B","Combined TCS+MTC","38.24","4.97","0","0","0","0","0","0","0","0","-4.97","-5.74","-7.65","0","0","24.85"
"Dec 30, 2025 11:37:06 a.m. PST","25281560811","Refund","701-2191940-7332268","KS-POSSET2-GKS-ZW-YYI","Dream Reach Kitchen Scissors Set Silver - Stainless Steel Kitchen Shear, Sharp Meat Scissors Dishwasher Safe, Heavy Duty Poultry Shears, Japanese Cook","1","amazon.ca","Amazon","Mississauga","Ontario","L5B 1C","Combined TCS+MTC","-37.99","-4.94","-3.50","0","0","0","0","0","3.50","0","4.94","4.56","0","0","0","-33.43"
"Dec 30, 2025 1:59:39 p.m. PST","25281560811","Order","702-4835256-3036242","9B-5VGN-40SH","Dream Reach 2 Pack Kitchen Scissors, Premium All-Metal Kitchen Shears, Heavy Duty Poultry Shears for Food, Food-Grade Stainless Steel Scissors, Gift f","1","amazon.ca","Amazon","Outremont","Quebec","H2V 4P","Combined TCS+MTC","25.73","3.85","0","0","0","0","0","0","0","0","-3.85","-3.86","-7.65","0","0","14.22"
"Dec 30, 2025 4:17:06 p.m. PST","25281560811","Order","702-0072619-2280260","KF02-BBJ","Dream Reach Chef Knife, Japanese Kitchen Knife, Sharp Stainless Steel Viking Style Meat Knife with Wooden Handle, Feather Design Cooking Knife with Sh","1","amazon.ca","Amazon","Peterborough","Ontario","K9K 0A","Combined TCS+MTC","37.40","4.86","0","0","0","0","0","0","0","0","-4.86","-5.61","-7.13","0","0","24.66"
"Dec 30, 2025 4:30:15 p.m. PST","25281560811","Refund","701-0504745-3319459","9B-5VGN-40SH","Dream Reach 2 Pack Kitchen Scissors, Premium All-Metal Kitchen Shears, Heavy Duty Poultry Shears for Food, Food-Grade Stainless Steel Scissors, Gift f","1","amazon.ca","Amazon","Gatineau","Quebec","J9J 0T","Combined TCS+MTC","-25.73","-3.85","0","0","0","0","0","0","0","0","3.85","3.09","0","0","0","-22.64"
"Dec 30, 2025 4:37:09 p.m. PST","25281560811","Order","702-8423551-2556216","KF02-BBJ","Dream Reach Chef Knife, Japanese Kitchen Knife, Sharp Stainless Steel Viking Style Meat Knife with Wooden Handle, Feather Design Cooking Knife with Sh","1","amazon.ca","Amazon","Prince George","British Columbia","V2M 5M","Combined TCS+MTC","37.40","4.49","0","0","0","0","0","0","0","0","-4.49","-5.61","-7.13","0","0","24.66"
"Dec 30, 2025 4:40:03 p.m. PST","25281560811","Order","702-7300413-2446669","9B-5VGN-40SH","Dream Reach 2 Pack Kitchen Scissors, Premium All-Metal Kitchen Shears, Heavy Duty Poultry Shears for Food, Food-Grade Stainless Steel Scissors, Gift f","1","amazon.ca","Amazon","Salaberry-De-Valleyfield","Quebec","J6S 3P","Combined TCS+MTC","25.73","3.85","0","0","0","0","0","0","0","0","-3.85","-3.86","-7.65","0","0","14.22"
"Dec 30, 2025 4:44:40 p.m. PST","25281560811","Order","701-9364689-6641048","9B-5VGN-40SH","Dream Reach 2 Pack Kitchen Scissors, Premium All-Metal Kitchen Shears, Heavy Duty Poultry Shears for Food, Food-Grade Stainless Steel Scissors, Gift f","1","amazon.ca","Amazon","Kanata","Ontario","K2L3N","Combined TCS+MTC","25.73","3.34","0","0","0","0","0","0","0","0","-3.34","-3.86","-7.65","0","0","14.22"
"Dec 30, 2025 5:42:53 p.m. PST","25281560811","Order","701-4596713-7893803","9B-5VGN-40SH","Dream Reach 2 Pack Kitchen Scissors, Premium All-Metal Kitchen Shears, Heavy Duty Poultry Shears for Food, Food-Grade Stainless Steel Scissors, Gift f","1","amazon.ca","Amazon","Port Coquitlam","British Columbia","V3B 4Y","Combined TCS+MTC","25.73","3.09","0","0","0","0","0","0","0","0","-3.09","-3.86","-8.19","0","0","13.68"
"Dec 30, 2025 7:01:55 p.m. PST","25281560811","Order","701-6840156-8266644","KF01-BBJ","Dream Reach Viking Cleaver Knife Butcher Meat Cutting Boning Knife High Carbon Steel Kitchen Axe with Sheath Home Outdoor BBQ Camping Birthday Christm","1","amazon.ca","Amazon","Lake Louise","Alberta","T0L1E","Combined TCS+MTC","38.24","1.91","0","0","0","0","0","0","0","0","-1.91","-5.74","-7.65","0","0","24.85"
"Dec 30, 2025 7:03:40 p.m. PST","25281560811","Order","701-0109351-1690623","KS-POS-GKS-3.54in-YYI","Dream Reach Kitchen Scissors All Purpose, Premium All-Metal Kitchen Shears, Heavy Duty Poultry Shears for Food, Food-Grade Stainless Steel Scissors, G","1","amazon.ca","Amazon","Richmond","BC","V7A 2X","Combined TCS+MTC","17.99","1.92","0","0","0","0","0","0","-1.98","0","-1.92","-2.40","-7.21","0","0","6.40"
"Dec 30, 2025 8:57:30 p.m. PST","25281560811","Order","701-3449357-7142651","37-EQUL-C5MA","Dream Reach HIGH-END Series Japanese 440C Stainless 6.0"" 360° Swivel Thumb Ring Professional Barber Razor Edge Hairdressing Straight Cutting Scissors","1","amazon.ca","Amazon","Montreal","Quebec","H1M 1V","Combined TCS+MTC","43.99","6.59","0","0","0","0","0","0","0","0","-6.59","-6.60","-4.99","0","0","32.40"
"Dec 30, 2025 9:42:55 p.m. PST","25281560811","Refund","701-6879148-6319407","9B-5VGN-40SH","Dream Reach 2 Pack Kitchen Scissors, Premium All-Metal Kitchen Shears, Heavy Duty Poultry Shears for Food, Food-Grade Stainless Steel Scissors, Gift f","1","amazon.ca","Amazon","Toronto","Ontario","M8V3X","Combined TCS+MTC","-25.73","-3.34","0","0","0","0","0","0","0","0","3.34","3.09","0","0","0","-22.64"
"Dec 30, 2025 9:54:24 p.m. PST","25281560811","Order","701-1461624-4201831","KF01-BBJ","Dream Reach Viking Cleaver Knife Butcher Meat Cutting Boning Knife High Carbon Steel Kitchen Axe with Sheath Home Outdoor BBQ Camping Birthday Christm","1","amazon.ca","Amazon","Lloydminster","Alberta","T9V 2H","Combined TCS+MTC","38.24","1.91","3.12","0.16","0","0","0","0","0","0","-2.07","-5.74","-10.77","0","0","24.85"
"Dec 30, 2025 10:24:31 p.m. PST","25281560811","Order","702-0838260-2871435","KS-POS-GKS-3.54in-YYI","Dream Reach Kitchen Scissors All Purpose, Premium All-Metal Kitchen Shears, Heavy Duty Poultry Shears for Food, Food-Grade Stainless Steel Scissors, G","1","amazon.ca","Amazon","Calgary","Alberta","T3H4V","Combined TCS+MTC","17.99","0.90","0","0","0","0","0","0","0","0","-0.90","-2.70","-6.74","0","0","8.55"
"Dec 30, 2025 10:33:32 p.m. PST","25281560811","Order","701-5181219-7685822","KS-POS-GKS-3.54in-YYI","Dream Reach Kitchen Scissors All Purpose, Premium All-Metal Kitchen Shears, Heavy Duty Poultry Shears for Food, Food-Grade Stainless Steel Scissors, G","1","amazon.ca","Amazon","Dorval","Quebec","H9P 1P","Combined TCS+MTC","17.99","2.40","0","0","0","0","0","0","-1.98","0","-2.40","-2.40","-6.74","0","0","6.87"
"Dec 30, 2025 10:58:28 p.m. PST","25281560811","Order","701-7236201-2944226","KS-POS-GKS-3.54in-YYI","Dream Reach Kitchen Scissors All Purpose, Premium All-Metal Kitchen Shears, Heavy Duty Poultry Shears for Food, Food-Grade Stainless Steel Scissors, G","1","amazon.ca","Amazon","Saskatoon","Saskatchewan","S7W 0C","Combined TCS+MTC","17.99","1.98","0","0","0","0","0","0","0","0","-1.98","-2.70","-6.74","0","0","8.55"
"Dec 30, 2025 11:00:25 p.m. PST","25281560811","Order","702-9260860-8065068","BBJK06-Set6","Dream Reach Knife Set with Roll Bag, 6-Piece Professional Chef Knife Set, High Carbon Steel Black Kitchen Knives for Cooking, BBQ & Outdoor Use","1","amazon.ca","Amazon","Airdrie","Alberta","T4B 5E","Combined TCS+MTC","59.99","3.00","0","0","0","0","0","0","0","0","-3.00","-9.00","-11.45","0","0","39.54"
"Dec 30, 2025 11:02:17 p.m. PST","25281560811","Order","702-6940405-4982603","KS-POS-GKS-3.54in-YYI","Dream Reach Kitchen Scissors All Purpose, Premium All-Metal Kitchen Shears, Heavy Duty Poultry Shears for Food, Food-Grade Stainless Steel Scissors, G","1","amazon.ca","Amazon","Toronto","Ontario","M1J 1G","Combined TCS+MTC","17.99","2.08","0","0","0","0","0","0","-1.98","0","-2.08","-2.40","-6.74","0","0","6.87"
"Dec 30, 2025 11:14:39 p.m. PST","25281560811","Order","702-5025270-6047402","BBJK06-Set6","Dream Reach Knife Set with Roll Bag, 6-Piece Professional Chef Knife Set, High Carbon Steel Black Kitchen Knives for Cooking, BBQ & Outdoor Use","1","amazon.ca","Amazon","Edmonton","Alberta","T6L 1E","Combined TCS+MTC","59.99","3.00","0","0","0","0","0","0","0","0","-3.00","-9.00","-11.45","0","0","39.54"
"Dec 30, 2025 11:20:51 p.m. PST","25281560811","Order","702-6903439-1416248","KS-POS-GKS-3.54in-YYI","Dream Reach Kitchen Scissors All Purpose, Premium All-Metal Kitchen Shears, Heavy Duty Poultry Shears for Food, Food-Grade Stainless Steel Scissors, G","1","amazon.ca","Amazon","Dutton","Ontario","N0L 1J","Combined TCS+MTC","17.99","2.08","0","0","0","0","0","0","-1.98","0","-2.08","-2.40","-6.74","0","0","6.87"
"Dec 30, 2025 11:44:35 p.m. PST","25281560811","Order","702-2358963-4664246","KS-POS-GKS-3.54in-YYI","Dream Reach Kitchen Scissors All Purpose, Premium All-Metal Kitchen Shears, Heavy Duty Poultry Shears for Food, Food-Grade Stainless Steel Scissors, G","1","amazon.ca","Amazon","Delta","British Columbia","V4E 1Y","Combined TCS+MTC","17.99","1.92","0","0","0","0","0","0","-1.98","0","-1.92","-2.40","-7.21","0","0","6.40"
"Dec 30, 2025 11:48:48 p.m. PST","25281560811","Order","702-0309742-1118620","9B-5VGN-40SH","Dream Reach 2 Pack Kitchen Scissors, Premium All-Metal Kitchen Shears, Heavy Duty Poultry Shears for Food, Food-Grade Stainless Steel Scissors, Gift f","1","amazon.ca","Amazon","Ottawa","Ontario","K2G 6A","Combined TCS+MTC","25.73","3.34","0","0","0","0","0","0","0","0","-3.34","-3.86","-7.65","0","0","14.22"
"Dec 31, 2025 12:16:59 a.m. PST","25281560811","Order","702-7010476-9933042","KS-POSSET2-GKS-ZW-YYI","Dream Reach Kitchen Scissors Set Silver - Stainless Steel Kitchen Shear, Sharp Meat Scissors Dishwasher Safe, Heavy Duty Poultry Shears, Japanese Cook","1","amazon.ca","Amazon","Drummondville","Quebec","J2B 3J","Combined TCS+MTC","37.99","5.69","0","0","0","0","0","0","0","0","-5.69","-5.70","-7.65","0","0","24.64"
"Dec 31, 2025 12:17:02 a.m. PST","25281560811","Order","701-4030068-7227429","KS-POS-GKS-3.54in-YYI","Dream Reach Kitchen Scissors All Purpose, Premium All-Metal Kitchen Shears, Heavy Duty Poultry Shears for Food, Food-Grade Stainless Steel Scissors, G","1","amazon.ca","Amazon","Langley","British Columbia","V2Y 3Y","Combined TCS+MTC","17.99","2.16","0","0","0","0","0","0","0","0","-2.16","-2.70","-7.21","0","0","8.08"
"Dec 31, 2025 12:23:54 a.m. PST","25281560811","Order","702-3250733-4500237","9B-5VGN-40SH","Dream Reach 2 Pack Kitchen Scissors, Premium All-Metal Kitchen Shears, Heavy Duty Poultry Shears for Food, Food-Grade Stainless Steel Scissors, Gift f","1","amazon.ca","Amazon","Laval","Quebec","H7R 2R","Combined TCS+MTC","25.73","3.85","0","0","0","0","0","0","0","0","-3.85","-3.86","-7.65","0","0","14.22"
"Dec 31, 2025 12:57:19 a.m. PST","25281560811","Order","702-8748914-9890617","KF01-BBJ","Dream Reach Viking Cleaver Knife Butcher Meat Cutting Boning Knife High Carbon Steel Kitchen Axe with Sheath Home Outdoor BBQ Camping Birthday Christm","1","amazon.ca","Amazon","Winnipeg","Manitoba","R3T 0L","Combined TCS+MTC","38.24","4.59","0","0","0","0","0","0","0","0","-4.59","-5.74","-7.65","0","0","24.85"
"Dec 31, 2025 1:00:58 a.m. PST","25281560811","Order","702-9012912-1833027","HS1901","Dream Reach 6"" Professional Hair Cutting Scissors Japan 440C Steel Thinning Scissor for Men/Women Cutting for Salon/Barber/Home (Straight Scissors)","1","amazon.ca","Amazon","St-Jean-De-Matha","Quebec","J0K 2S","Combined TCS+MTC","43.99","6.59","0","0","0","0","0","0","0","0","-6.59","-6.60","-6.49","0","0","30.90"
"Dec 31, 2025 1:02:56 a.m. PST","25281560811","Order","701-5527522-4853856","CWJ02-Black7.5Set-BBJ","Dream Reach Dog Grooming Scissors - Professional 7.5 Inch Pet Scissors Sharp and Durable Shears Set Thinning, Chunker, Straight, Curved Shears and Com","1","amazon.ca","Amazon","Glencoe","Ontario","N0L 1M","Combined TCS+MTC","49.71","6.46","0","0","0","0","0","0","0","0","-6.46","-7.46","-7.65","0","0","34.60"
"Dec 31, 2025 1:09:17 a.m. PST","25281560811","Order","702-4345821-7692235","CWJ02-Black7.5Set-BBJ","Dream Reach Dog Grooming Scissors - Professional 7.5 Inch Pet Scissors Sharp and Durable Shears Set Thinning, Chunker, Straight, Curved Shears and Com","1","amazon.ca","Amazon","Ladysmith","British Columbia","V9G 0A","Combined TCS+MTC","49.71","5.97","0","0","0","0","0","0","0","0","-5.97","-7.46","-7.65","0","0","34.60"
"Dec 31, 2025 1:16:41 a.m. PST","25281560811","Order","701-5169391-1461038","9B-5VGN-40SH","Dream Reach 2 Pack Kitchen Scissors, Premium All-Metal Kitchen Shears, Heavy Duty Poultry Shears for Food, Food-Grade Stainless Steel Scissors, Gift f","1","amazon.ca","Amazon","Bow Island","Alberta","T0K 0G","Combined TCS+MTC","25.73","1.29","1.88","0.09","0","0","0","0","0","0","-1.38","-3.86","-9.53","0","0","14.22"
"Dec 31, 2025 1:30:43 a.m. PST","25281560811","Order","701-8610558-0225035","KS-POSSET2-GKS-ZZ-YYI","Dream Reach Kitchen Scissors Set Silver - Upgraded Stainless Steel Kitchen Shear, Sharp Meat Scissors Dishwasher Safe, Heavy Duty Poultry Shears, Japa","1","amazon.ca","Amazon","Hamilton","Ontario","L9C 4J","Combined TCS+MTC","37.99","4.94","6.99","0","0","0","0","0","-6.99","0","-4.94","-5.70","-7.84","0","0","24.45"
"Dec 31, 2025 1:41:14 a.m. PST","25281560811","Order","701-8242028-6804256","KS-POSSET2-GKS-ZW-YYI","Dream Reach Kitchen Scissors Set Silver - Stainless Steel Kitchen Shear, Sharp Meat Scissors Dishwasher Safe, Heavy Duty Poultry Shears, Japanese Cook","1","amazon.ca","Amazon","Saint-Lin-Laurentides","Quebec","J5M 2A","Combined TCS+MTC","37.99","5.69","0","0","0","0","0","0","0","0","-5.69","-5.70","-7.65","0","0","24.64"
"Dec 31, 2025 1:43:45 a.m. PST","25281560811","Order","701-3827471-8639459","9B-5VGN-40SH","Dream Reach 2 Pack Kitchen Scissors, Premium All-Metal Kitchen Shears, Heavy Duty Poultry Shears for Food, Food-Grade Stainless Steel Scissors, Gift f","1","amazon.ca","Amazon","Toronto","Ontario","M4J 1T","Combined TCS+MTC","25.73","3.34","0","0","0","0","0","0","0","0","-3.34","-3.86","-7.65","0","0","14.22"
"Dec 31, 2025 2:00:23 a.m. PST","25281560811","Order","701-2545420-0888231","KF04-BBJ","Dream Reach Meat Bone Cleaver Knife for Meat Cutting Handmade Heavy Duty Butcher Axes Hand Forged Full Tang Chopper for Kitchen Outdoor BBQ Chef Gifts","1","amazon.ca","Amazon","Red Deer County","Alberta","T4G 0L","Combined TCS+MTC","34.99","1.75","0","0","0","0","0","0","0","0","-1.75","-5.25","-8.74","0","0","21.00"
"Dec 31, 2025 2:08:53 a.m. PST","25281560811","Order","701-8762551-1551457","9B-5VGN-40SH","Dream Reach 2 Pack Kitchen Scissors, Premium All-Metal Kitchen Shears, Heavy Duty Poultry Shears for Food, Food-Grade Stainless Steel Scissors, Gift f","1","amazon.ca","Amazon","Cantley","Quebec","J8V 3M","Combined TCS+MTC","25.73","3.85","0","0","0","0","0","0","0","0","-3.85","-3.86","-7.65","0","0","14.22"
"Dec 31, 2025 2:28:28 a.m. PST","25281560811","Order","701-6182676-3741851","9B-5VGN-40SH","Dream Reach 2 Pack Kitchen Scissors, Premium All-Metal Kitchen Shears, Heavy Duty Poultry Shears for Food, Food-Grade Stainless Steel Scissors, Gift f","1","amazon.ca","Amazon","NIAGARA FALLS","ON","L2E6Y","Combined TCS+MTC","25.73","3.34","0","0","0","0","0","0","0","0","-3.34","-3.86","-7.65","0","0","14.22"
"Dec 31, 2025 2:28:46 a.m. PST","25281560811","Order","701-8810444-4182624","PS02-HDM","Dream Reach Poultry Shears - Heavy Duty Kitchen Scissors for Food with Ergonomic Handle, Japanese High-Carbon Steel Culinary Shears for Chicken, Meat,","1","amazon.ca","Amazon","Winnipeg","Manitoba","R2W 0T","Combined TCS+MTC","25.99","3.12","0","0","0","0","0","0","0","0","-3.12","-3.90","-7.13","0","0","14.96"
"Dec 31, 2025 2:43:06 a.m. PST","25281560811","Order","702-8546895-9828255","9B-5VGN-40SH","Dream Reach 2 Pack Kitchen Scissors, Premium All-Metal Kitchen Shears, Heavy Duty Poultry Shears for Food, Food-Grade Stainless Steel Scissors, Gift f","1","amazon.ca","Amazon","London","ON","N6H 5E","Combined TCS+MTC","25.73","3.34","0","0","0","0","0","0","0","0","-3.34","-3.86","-7.65","0","0","14.22"
"Dec 31, 2025 3:02:01 a.m. PST","25281560811","Order","701-9984411-9652213","KF04-BBJ","Dream Reach Meat Bone Cleaver Knife for Meat Cutting Handmade Heavy Duty Butcher Axes Hand Forged Full Tang Chopper for Kitchen Outdoor BBQ Chef Gifts","1","amazon.ca","Amazon","Calgary","AB","T3J 0Y","Combined TCS+MTC","34.99","1.75","0","0","0","0","0","0","0","0","-1.75","-5.25","-8.74","0","0","21.00"
"Dec 31, 2025 3:09:34 a.m. PST","25281560811","Order","702-6588226-1772212","9B-5VGN-40SH","Dream Reach 2 Pack Kitchen Scissors, Premium All-Metal Kitchen Shears, Heavy Duty Poultry Shears for Food, Food-Grade Stainless Steel Scissors, Gift f","1","amazon.ca","Amazon","Bromont","Quebec","J2L 1R","Combined TCS+MTC","25.73","3.85","0","0","0","0","0","0","0","0","-3.85","-3.86","-7.65","0","0","14.22"
"Dec 31, 2025 3:16:47 a.m. PST","25281560811","Order","701-8876195-5117811","9B-5VGN-40SH","Dream Reach 2 Pack Kitchen Scissors, Premium All-Metal Kitchen Shears, Heavy Duty Poultry Shears for Food, Food-Grade Stainless Steel Scissors, Gift f","1","amazon.ca","Amazon","New Westminster","British Columbia","V3M 6M","Combined TCS+MTC","25.73","3.09","6.99","0","0","0","0","0","-6.99","0","-3.09","-3.86","-8.19","0","0","13.68"
"Dec 31, 2025 3:27:03 a.m. PST","25281560811","Order","701-9887764-3447469","PS01-HDM","Dream Reach Poultry Shears - Heavy Duty Kitchen Scissors for Food with Ergonomic Handle, Japanese High-Carbon Steel Culinary Shears for Chicken, Meat,","1","amazon.ca","Amazon","Burlington","Ontario","L7P 0G","Combined TCS+MTC","24.99","3.25","0","0","0","0","0","0","0","0","-3.25","-3.75","-7.13","0","0","14.11"
"Dec 31, 2025 3:28:15 a.m. PST","25281560811","Order","702-9422672-2602666","KS-POSSET2-GKS-ZZ-YHE","Dream Reach Kitchen Scissors Set Black - Upgraded Stainless Steel Kitchen Shear, Sharp Meat Scissors, Heavy Duty Poultry Shears, Japanese Cooking Scis","1","amazon.ca","Amazon","Calgary","Alberta","T2B 3L","Combined TCS+MTC","37.99","1.90","6.99","0","0","0","0","0","-6.99","0","-1.90","-5.70","-7.84","0","0","24.45"
"Dec 31, 2025 3:30:55 a.m. PST","25281560811","Order","701-3718189-3125023","9B-5VGN-40SH","Dream Reach 2 Pack Kitchen Scissors, Premium All-Metal Kitchen Shears, Heavy Duty Poultry Shears for Food, Food-Grade Stainless Steel Scissors, Gift f","1","amazon.ca","Amazon","Sainte-Anne-Des-Plaines","Quebec","J5N 2J","Combined TCS+MTC","25.73","3.85","0","0","0","0","0","0","0","0","-3.85","-3.86","-7.65","0","0","14.22"
"Dec 31, 2025 4:09:41 a.m. PST","25281560811","Order","702-5227823-2245016","KS-POS-GKS-3.54in-YYI","Dream Reach Kitchen Scissors All Purpose, Premium All-Metal Kitchen Shears, Heavy Duty Poultry Shears for Food, Food-Grade Stainless Steel Scissors, G","1","amazon.ca","Amazon","Mississauga","Ontario","L5R 3G","Combined TCS+MTC","17.99","2.08","1.75","0","0","0","0","0","-3.73","0","-2.08","-2.40","-6.74","0","0","6.87"
"Dec 31, 2025 4:13:19 a.m. PST","25281560811","Order","702-9967534-3613008","KS-POSSET2-GKS-ZW-YYI","Dream Reach Kitchen Scissors Set Silver - Stainless Steel Kitchen Shear, Sharp Meat Scissors Dishwasher Safe, Heavy Duty Poultry Shears, Japanese Cook","1","amazon.ca","Amazon","Airdrie","Alberta","T4B 0J","Combined TCS+MTC","37.99","1.90","0","0","0","0","0","0","0","0","-1.90","-5.70","-7.65","0","0","24.64"
"Dec 31, 2025 4:21:23 a.m. PST","25281560811","Order","701-9206676-6525808","KF01-BBJ","Dream Reach Viking Cleaver Knife Butcher Meat Cutting Boning Knife High Carbon Steel Kitchen Axe with Sheath Home Outdoor BBQ Camping Birthday Christm","1","amazon.ca","Amazon","Carignan","Quebec","J3L 3P","Combined TCS+MTC","38.24","5.73","0","0","0","0","0","0","0","0","-5.73","-5.74","-7.65","0","0","24.85"
"Dec 31, 2025 4:46:21 a.m. PST","25281560811","Order","701-0480655-9537030","KF04-BBJ","Dream Reach Meat Bone Cleaver Knife for Meat Cutting Handmade Heavy Duty Butcher Axes Hand Forged Full Tang Chopper for Kitchen Outdoor BBQ Chef Gifts","1","amazon.ca","Amazon","Russell","Ontario","K4R1A","Combined TCS+MTC","34.99","4.55","6.99","0","0","0","0","0","-6.99","0","-4.55","-5.25","-8.74","0","0","21.00"
"Dec 31, 2025 5:07:20 a.m. PST","25281560811","Order","701-7621588-6546619","9B-5VGN-40SH","Dream Reach 2 Pack Kitchen Scissors, Premium All-Metal Kitchen Shears, Heavy Duty Poultry Shears for Food, Food-Grade Stainless Steel Scissors, Gift f","1","amazon.ca","Amazon","Saint-Hyacinthe","Quebec","J2R 1L","Combined TCS+MTC","25.73","3.85","0","0","0","0","0","0","0","0","-3.85","-3.86","-7.65","0","0","14.22"
"Dec 31, 2025 6:03:19 a.m. PST","25281560811","Order","701-1202431-2605808","KS-POSSET2-GKS-ZZ-YHE","Dream Reach Kitchen Scissors Set Black - Upgraded Stainless Steel Kitchen Shear, Sharp Meat Scissors, Heavy Duty Poultry Shears, Japanese Cooking Scis","1","amazon.ca","Amazon","red deer","alberta","T4N 0L","Combined TCS+MTC","37.99","1.90","0","0","0","0","0","0","0","0","-1.90","-5.70","-7.84","0","0","24.45"
"Dec 31, 2025 6:03:49 a.m. PST","25281560811","Order","702-0645326-9775453","37-EQUL-C5MA","Dream Reach HIGH-END Series Japanese 440C Stainless 6.0"" 360° Swivel Thumb Ring Professional Barber Razor Edge Hairdressing Straight Cutting Scissors","1","amazon.ca","Amazon","Edmonton","Alberta","T6J 2X","Combined TCS+MTC","43.99","1.98","0","0","0","0","0","0","-4.40","0","-1.98","-5.94","-4.99","0","0","28.66"
"Dec 31, 2025 6:21:53 a.m. PST","25281560811","Order","701-0678307-5050664","9B-5VGN-40SH","Dream Reach 2 Pack Kitchen Scissors, Premium All-Metal Kitchen Shears, Heavy Duty Poultry Shears for Food, Food-Grade Stainless Steel Scissors, Gift f","1","amazon.ca","Amazon","London","Ontario","N5V 1H","Combined TCS+MTC","25.73","3.34","0","0","0","0","0","0","0","0","-3.34","-3.86","-7.65","0","0","14.22"
"Dec 31, 2025 6:23:20 a.m. PST","25281560811","Order","701-5645243-0501020","KF04-BBJ","Dream Reach Meat Bone Cleaver Knife for Meat Cutting Handmade Heavy Duty Butcher Axes Hand Forged Full Tang Chopper for Kitchen Outdoor BBQ Chef Gifts","1","amazon.ca","Amazon","Mulmur","Ontario","L9V 0W","Combined TCS+MTC","34.99","4.55","0","0","0","0","0","0","0","0","-4.55","-5.25","-8.74","0","0","21.00"
"Dec 31, 2025 6:44:42 a.m. PST","25281560811","Order","701-5172270-2183424","PS04-HDM","Dream Reach Poultry Shears - Heavy Duty Kitchen Scissors for Food with Ergonomic Handle, Japanese High-Carbon Steel Culinary Shears for Chicken, Meat,","1","amazon.ca","Amazon","Vulcan","Alberta","T0L 2B","Combined TCS+MTC","24.99","1.25","0","0","0","0","0","0","0","0","-1.25","-3.75","-7.13","0","0","14.11"
"Dec 31, 2025 6:46:06 a.m. PST","25281560811","Order","702-3904537-6601845","9B-5VGN-40SH","Dream Reach 2 Pack Kitchen Scissors, Premium All-Metal Kitchen Shears, Heavy Duty Poultry Shears for Food, Food-Grade Stainless Steel Scissors, Gift f","1","amazon.ca","Amazon","Edmonton","Alberta","T5L 4M","Combined TCS+MTC","25.73","1.29","0","0","0","0","0","0","0","0","-1.29","-3.86","-7.65","0","0","14.22"
"Dec 31, 2025 6:46:16 a.m. PST","25281560811","Order","702-1271732-1322644","9B-5VGN-40SH","Dream Reach 2 Pack Kitchen Scissors, Premium All-Metal Kitchen Shears, Heavy Duty Poultry Shears for Food, Food-Grade Stainless Steel Scissors, Gift f","1","amazon.ca","Amazon","Christian Island","Ontario","L9M 0A","Combined TCS+MTC","25.73","3.34","0","0","0","0","0","0","0","0","-3.34","-3.86","-7.65","0","0","14.22"
"Dec 31, 2025 6:56:45 a.m. PST","25281560811","Order","701-2683942-0029823","9B-5VGN-40SH","Dream Reach 2 Pack Kitchen Scissors, Premium All-Metal Kitchen Shears, Heavy Duty Poultry Shears for Food, Food-Grade Stainless Steel Scissors, Gift f","1","amazon.ca","Amazon","Red Deer","Alberta","T4P 0C","Combined TCS+MTC","25.73","1.29","0","0","0","0","0","0","0","0","-1.29","-3.86","-7.65","0","0","14.22"
"Dec 31, 2025 7:05:12 a.m. PST","25281560811","Order","701-1704834-2805047","KF01-BBJ","Dream Reach Viking Cleaver Knife Butcher Meat Cutting Boning Knife High Carbon Steel Kitchen Axe with Sheath Home Outdoor BBQ Camping Birthday Christm","2","amazon.ca","Amazon","Lanark","Ontario","K0G 1K","Combined TCS+MTC","76.48","9.94","0","0","0","0","0","0","0","0","-9.94","-11.48","-15.30","0","0","49.70"
"Dec 31, 2025 7:12:29 a.m. PST","25281560811","Order","701-8158681-7338617","9B-5VGN-40SH","Dream Reach 2 Pack Kitchen Scissors, Premium All-Metal Kitchen Shears, Heavy Duty Poultry Shears for Food, Food-Grade Stainless Steel Scissors, Gift f","1","amazon.ca","Amazon","Kingsville","Ontario","N9Y 2E","Combined TCS+MTC","25.73","3.34","0","0","0","0","0","0","0","0","-3.34","-3.86","-7.65","0","0","14.22"
"Dec 31, 2025 7:25:50 a.m. PST","25281560811","Order","701-0997721-6825060","XX03","Dream Reach 7.0 Inches Professional Pet Cat Dog Grooming Shears Scissors, Straight and Curved Scissors, Thinning/Blending/Chunking Scissors Kit (Chunk","1","amazon.ca","Amazon","Toronto","ON","M3C 3P","Combined TCS+MTC","31.44","3.68","0","0","0","0","0","0","-3.14","0","-3.68","-4.25","-6.49","0","0","17.56"
"Dec 31, 2025 7:41:32 a.m. PST","25281560811","Order","702-4858052-9409026","PS01-HDM","Dream Reach Poultry Shears - Heavy Duty Kitchen Scissors for Food with Ergonomic Handle, Japanese High-Carbon Steel Culinary Shears for Chicken, Meat,","1","amazon.ca","Amazon","CALGARY","AB","T1Y 4R","Combined TCS+MTC","24.99","1.25","0","0","0","0","0","0","0","0","-1.25","-3.75","-7.13","0","0","14.11"
"Dec 31, 2025 7:53:08 a.m. PST","25281560811","Order","702-6624107-1297028","KF01-BBJ","Dream Reach Viking Cleaver Knife Butcher Meat Cutting Boning Knife High Carbon Steel Kitchen Axe with Sheath Home Outdoor BBQ Camping Birthday Christm","1","amazon.ca","Amazon","Amherst","Nova Scotia","B4H 1W","Combined TCS+MTC","38.24","5.35","0","0","0","0","0","0","0","0","-5.35","-5.74","-7.65","0","0","24.85"
"Dec 31, 2025 8:14:02 a.m. PST","25281560811","Order","701-6704957-2029815","9B-5VGN-40SH","Dream Reach 2 Pack Kitchen Scissors, Premium All-Metal Kitchen Shears, Heavy Duty Poultry Shears for Food, Food-Grade Stainless Steel Scissors, Gift f","1","amazon.ca","Amazon","Brampton","Ontario","L6Y 2W","Combined TCS+MTC","25.73","3.34","0","0","0","0","0","0","0","0","-3.34","-3.86","-7.65","0","0","14.22"
"Dec 31, 2025 8:17:21 a.m. PST","25281560811","Order","701-5056150-4857805","9B-5VGN-40SH","Dream Reach 2 Pack Kitchen Scissors, Premium All-Metal Kitchen Shears, Heavy Duty Poultry Shears for Food, Food-Grade Stainless Steel Scissors, Gift f","1","amazon.ca","Amazon","PORT COQUITLAM","BC","V3C6G","Combined TCS+MTC","25.73","3.09","6.99","0","0","0","0","0","-6.99","0","-3.09","-3.86","-8.19","0","0","13.68"
"Dec 31, 2025 8:23:52 a.m. PST","25281560811","Order","701-0223368-2174678","9B-5VGN-40SH","Dream Reach 2 Pack Kitchen Scissors, Premium All-Metal Kitchen Shears, Heavy Duty Poultry Shears for Food, Food-Grade Stainless Steel Scissors, Gift f","1","amazon.ca","Amazon","Edmonton","Alberta","T6C 1T","Combined TCS+MTC","25.73","1.29","0","0","0","0","0","0","0","0","-1.29","-3.86","-7.65","0","0","14.22"
"Dec 31, 2025 11:05:21 a.m. PST","25281560811","Order","701-3084114-4675434","9B-5VGN-40SH","Dream Reach 2 Pack Kitchen Scissors, Premium All-Metal Kitchen Shears, Heavy Duty Poultry Shears for Food, Food-Grade Stainless Steel Scissors, Gift f","1","amazon.ca","Amazon","Fort Frances","ON","P9A 3L","Combined TCS+MTC","29.99","3.90","0","0","0","0","0","0","0","0","-3.90","-4.50","-7.65","0","0","17.84"
"Dec 31, 2025 11:35:20 a.m. PST","25281560811","Order","702-5209841-4679400","9B-5VGN-40SH","Dream Reach 2 Pack Kitchen Scissors, Premium All-Metal Kitchen Shears, Heavy Duty Poultry Shears for Food, Food-Grade Stainless Steel Scissors, Gift f","1","amazon.ca","Amazon","Calgary","Alberta","T3H 0E","Combined TCS+MTC","25.73","1.29","0","0","0","0","0","0","0","0","-1.29","-3.86","-7.65","0","0","14.22"
"Dec 31, 2025 12:34:17 p.m. PST","25281560811","Order","701-7235737-6853043","KF01-BBJ","Dream Reach Viking Cleaver Knife Butcher Meat Cutting Boning Knife High Carbon Steel Kitchen Axe with Sheath Home Outdoor BBQ Camping Birthday Christm","2","amazon.ca","Amazon","Norquay","Saskatchewan","S0A 2V","Combined TCS+MTC","71.98","7.92","0","0","0","0","0","0","0","0","-7.92","-10.80","-15.30","0","0","45.88"
"Dec 31, 2025 12:51:39 p.m. PST","25281560811","Order","702-3050890-9874639","KS-POSSET2-GKS-ZW-YYI","Dream Reach Kitchen Scissors Set Silver - Stainless Steel Kitchen Shear, Sharp Meat Scissors Dishwasher Safe, Heavy Duty Poultry Shears, Japanese Cook","1","amazon.ca","Amazon","Coquitlam","British Columbia","V3E 3A","Combined TCS+MTC","37.99","4.56","0","0","0","0","0","0","0","0","-4.56","-5.70","-8.19","0","0","24.10"
"Dec 31, 2025 3:00:58 p.m. PST","25281560811","Order","701-4751477-3634651","KS-POS-GKS-3.54in-YYI","Dream Reach Kitchen Scissors All Purpose, Premium All-Metal Kitchen Shears, Heavy Duty Poultry Shears for Food, Food-Grade Stainless Steel Scissors, G","1","amazon.ca","Amazon","Port Coquitlam","British Columbia","V3B 7G","Combined TCS+MTC","17.99","1.92","0","0","0","0","0","0","-1.98","0","-1.92","-2.40","-7.21","0","0","6.40"
"Dec 31, 2025 3:14:36 p.m. PST","25281560811","Order","702-3381720-2828226","KS-POS-GKS-3.54in-YYI","Dream Reach Kitchen Scissors All Purpose, Premium All-Metal Kitchen Shears, Heavy Duty Poultry Shears for Food, Food-Grade Stainless Steel Scissors, G","1","amazon.ca","Amazon","Cobourg","Ontario","K9A 3L","Combined TCS+MTC","17.99","2.08","0","0","0","0","0","0","-1.98","0","-2.08","-2.40","-6.74","0","0","6.87"
"Dec 31, 2025 4:58:43 p.m. PST","25281560811","Order","702-8635642-8693023","9B-5VGN-40SH","Dream Reach 2 Pack Kitchen Scissors, Premium All-Metal Kitchen Shears, Heavy Duty Poultry Shears for Food, Food-Grade Stainless Steel Scissors, Gift f","1","amazon.ca","Amazon","Mississauga","Ontario","L5J 1B","Combined TCS+MTC","25.73","3.34","0","0","0","0","0","0","0","0","-3.34","-3.86","-7.65","0","0","14.22"
"Dec 31, 2025 7:36:36 p.m. PST","25281560811","Order","702-8100167-5423430","KS-POS-GKS-3.54in-YYI","Dream Reach Kitchen Scissors All Purpose, Premium All-Metal Kitchen Shears, Heavy Duty Poultry Shears for Food, Food-Grade Stainless Steel Scissors, G","1","amazon.ca","Amazon","Edmonton","Alberta","T6H 2R","Combined TCS+MTC","17.99","0.80","0","0","0","0","0","0","-1.98","0","-0.80","-2.40","-6.74","0","0","6.87"
"Dec 31, 2025 8:07:54 p.m. PST","25281560811","Order","702-7171552-7011437","9B-5VGN-40SH","Dream Reach 2 Pack Kitchen Scissors, Premium All-Metal Kitchen Shears, Heavy Duty Poultry Shears for Food, Food-Grade Stainless Steel Scissors, Gift f","1","amazon.ca","Amazon","Chilliwack","bc","V2R 4N","Combined TCS+MTC","25.73","3.09","0","0","0","0","0","0","0","0","-3.09","-3.86","-8.19","0","0","13.68"
"Dec 31, 2025 8:32:24 p.m. PST","25281560811","Order","702-5316879-7674621","PS01-HDM","Dream Reach Poultry Shears - Heavy Duty Kitchen Scissors for Food with Ergonomic Handle, Japanese High-Carbon Steel Culinary Shears for Chicken, Meat,","1","amazon.ca","Amazon","Savona","British Columbia","V0K 2J","Combined TCS+MTC","24.99","3.00","0","0","0","0","0","0","0","0","-3.00","-3.75","-7.13","0","0","14.11"
"Dec 31, 2025 10:33:31 p.m. PST","25281560811","Order","702-3223071-1829069","KS-POSSET2-GKS-ZW-YYI","Dream Reach Kitchen Scissors Set Silver - Stainless Steel Kitchen Shear, Sharp Meat Scissors Dishwasher Safe, Heavy Duty Poultry Shears, Japanese Cook","1","amazon.ca","Amazon","Surrey","British Columbia","V4N 3L","Combined TCS+MTC","37.99","4.56","0","0","0","0","0","0","0","0","-4.56","-5.70","-8.19","0","0","24.10"
"Dec 31, 2025 11:12:32 p.m. PST","25281560811","Order","701-6700428-0189001","9B-5VGN-40SH","Dream Reach 2 Pack Kitchen Scissors, Premium All-Metal Kitchen Shears, Heavy Duty Poultry Shears for Food, Food-Grade Stainless Steel Scissors, Gift f","1","amazon.ca","Amazon","Milton","Ontario","L9T 0E","Combined TCS+MTC","25.73","3.34","0","0","0","0","0","0","0","0","-3.34","-3.86","-7.65","0","0","14.22"
"Dec 31, 2025 11:45:24 p.m. PST","25281560811","Service Fee","","","Cost of advertising","","","","","","","","0","0","0","0","0","0","0","0","0","0","0","0","0","-500.91","0","-500.91"
"Dec 31, 2025 11:57:44 p.m. PST","25281560811","Order","701-8022107-9538646","9B-5VGN-40SH","Dream Reach 2 Pack Kitchen Scissors, Premium All-Metal Kitchen Shears, Heavy Duty Poultry Shears for Food, Food-Grade Stainless Steel Scissors, Gift f","1","amazon.ca","Amazon","Mirabel","Quebec","J7J 1A","Combined TCS+MTC","25.73","3.85","0","0","0","0","0","0","0","0","-3.85","-3.86","-7.65","0","0","14.22"
