"Includes Amazon Marketplace, Fulfillment by Amazon (FBA), and Amazon Webstore transactions"
"All amounts in CAD, unless specified"
"Definitions:"
"Sales tax collected: Includes sales tax collected from buyers for product sales, shipping, and gift wrap."
"Selling fees: Includes variable closing fees and referral fees."
"Other transaction fees: Includes shipping chargebacks and shipping holdbacks."
"Other: Includes non-order transaction amounts. For more details, see the ""Type"" and ""Description"" columns for each order ID."
"date/time","settlement id","type","order id","sku","description","quantity","marketplace","fulfillment","order city","order state","order postal","tax collection model","product sales","product sales tax","shipping credits","shipping credits tax","gift wrap credits","gift wrap credits tax","Regulatory fee","Tax on regulatory fee","promotional rebates","promotional rebates tax","marketplace withheld tax","selling fees","fba fees","other transaction fees","other","total"
"Nov 1, 2025 1:05:01 a.m. PDT","24759617131","Order","701-5271602-5606638","KF04-BBJ","Dream Reach Meat Bone Cleaver Knife for Meat Cutting Handmade Heavy Duty Butcher Axes Hand Forged Full Tang Chopper for Kitchen Outdoor BBQ Chef Gifts","1","amazon.ca","Amazon","Surrey","British Columbia","V3T 5E","Combined TCS+MTC","34.39","4.13","0","0","0","0","0","0","0","0","-4.13","-5.16","-8.74","0","0","20.49"
"Nov 1, 2025 2:20:51 a.m. PDT","24865604201","Order","701-3668789-0462664","9B-5VGN-40SH","Dream Reach 2 Pack Kitchen Scissors, Premium All-Metal Kitchen Shears, Heavy Duty Poultry Shears for Food, Food-Grade Stainless Steel Scissors, Gift f","1","amazon.ca","Amazon","Montreal","Québec","H1H 3T","Combined TCS+MTC","30.39","4.55","0","0","0","0","0","0","0","0","-4.55","-4.56","-7.65","0","0","18.18"
"Nov 1, 2025 3:28:51 a.m. PDT","24865604201","Order","702-2107975-0978664","KF05-BBJ","Dream Reach Meat Cleaver Knife Heavy Duty Bone Chopper High Carbon Steel Butcher Axe Bone Cutting Knife Hand Forged Butcher Knife for Kitchen Outdoor","1","amazon.ca","Amazon","Winnipeg","Manitoba","R3P 2M","Combined TCS+MTC","36.79","4.41","0","0","0","0","0","0","0","0","-4.41","-5.52","-9.58","0","0","21.69"
"Nov 1, 2025 3:39:46 a.m. PDT","24865604201","Refund","702-2107975-0978664","KF05-BBJ","Dream Reach Meat Cleaver Knife Heavy Duty Bone Chopper High Carbon Steel Butcher Axe Bone Cutting Knife Hand Forged Butcher Knife for Kitchen Outdoor","1","amazon.ca","Amazon","Winnipeg","Manitoba","R3P 2M","Combined TCS+MTC","-36.79","-4.41","0","0","0","0","0","0","0","0","4.41","4.42","0","0","0","-32.37"
"Nov 1, 2025 3:52:42 a.m. PDT","24865604201","Order","701-8136451-7120219","KF02-BBJ","Dream Reach Chef Knife, Japanese Kitchen Knife, Sharp Stainless Steel Viking Style Meat Knife with Wooden Handle, Feather Design Cooking Knife with Sh","1","amazon.ca","Amazon","Victoria","British Columbia","V8W 1N","Combined TCS+MTC","29.99","3.60","0","0","0","0","0","0","0","0","-3.60","-4.50","-7.13","0","0","18.36"
"Nov 1, 2025 4:58:32 a.m. PDT","24865604201","Refund","701-8136451-7120219","KF02-BBJ","Dream Reach Chef Knife, Japanese Kitchen Knife, Sharp Stainless Steel Viking Style Meat Knife with Wooden Handle, Feather Design Cooking Knife with Sh","1","amazon.ca","Amazon","Victoria","British Columbia","V8W 1N","Combined TCS+MTC","-29.99","-3.60","0","0","0","0","0","0","0","0","3.60","3.60","0","0","0","-26.39"
"Nov 1, 2025 7:00:08 a.m. PDT","24865604201","Order","702-6746131-9005023","KF05-BBJ","Dream Reach Meat Cleaver Knife Heavy Duty Bone Chopper High Carbon Steel Butcher Axe Bone Cutting Knife Hand Forged Butcher Knife for Kitchen Outdoor","1","amazon.ca","Amazon","Portage la Prairie","Manitoba","R1N 0T","Combined TCS+MTC","36.79","4.41","0","0","0","0","0","0","0","0","-4.41","-5.52","-9.58","0","0","21.69"
"Nov 1, 2025 7:23:47 a.m. PDT","24865604201","Order","701-0980992-7617814","KF02-BBJ","Dream Reach Chef Knife, Japanese Kitchen Knife, Sharp Stainless Steel Viking Style Meat Knife with Wooden Handle, Feather Design Cooking Knife with Sh","1","amazon.ca","Amazon","MONTREAL","QC","H1N3H","Combined TCS+MTC","29.99","4.49","0","0","0","0","0","0","0","0","-4.49","-4.50","-7.13","0","0","18.36"
"Nov 1, 2025 7:25:50 a.m. PDT","24865604201","Order","701-5117256-7729041","9B-5VGN-40SH","Dream Reach 2 Pack Kitchen Scissors, Premium All-Metal Kitchen Shears, Heavy Duty Poultry Shears for Food, Food-Grade Stainless Steel Scissors, Gift f","1","amazon.ca","Amazon","Lamont","Alberta","T0B 2R","Combined TCS+MTC","30.39","1.52","0","0","0","0","0","0","0","0","-1.52","-4.56","-7.65","0","0","18.18"
"Nov 1, 2025 8:47:53 a.m. PDT","24865604201","Order","701-1992378-8245003","9B-5VGN-40SH","Dream Reach 2 Pack Kitchen Scissors, Premium All-Metal Kitchen Shears, Heavy Duty Poultry Shears for Food, Food-Grade Stainless Steel Scissors, Gift f","1","amazon.ca","Amazon","MISSION","BC","V2V4J","Combined TCS+MTC","30.39","3.65","6.99","0","0","0","0","0","-6.99","0","-3.65","-4.56","-8.19","0","0","17.64"
"Nov 1, 2025 9:01:50 a.m. PDT","24865604201","Order","702-2446710-9173043","9B-5VGN-40SH","Dream Reach 2 Pack Kitchen Scissors, Premium All-Metal Kitchen Shears, Heavy Duty Poultry Shears for Food, Food-Grade Stainless Steel Scissors, Gift f","1","amazon.ca","Amazon","Cochrane","Alberta","T4C 2P","Combined TCS+MTC","30.39","1.52","0","0","0","0","0","0","0","0","-1.52","-4.56","-7.65","0","0","18.18"
"Nov 1, 2025 6:30:52 p.m. PDT","24865604201","Order","701-1148841-6149034","9B-5VGN-40SH","Dream Reach 2 Pack Kitchen Scissors, Premium All-Metal Kitchen Shears, Heavy Duty Poultry Shears for Food, Food-Grade Stainless Steel Scissors, Gift f","1","amazon.ca","Amazon","Kirkland","Quebec","H9H 3K","Combined TCS+MTC","30.39","4.55","0","0","0","0","0","0","0","0","-4.55","-4.56","-7.65","0","0","18.18"
"Nov 1, 2025 7:59:34 p.m. PDT","24865604201","Order","702-8652577-2061010","KF05-BBJ","Dream Reach Meat Cleaver Knife Heavy Duty Bone Chopper High Carbon Steel Butcher Axe Bone Cutting Knife Hand Forged Butcher Knife for Kitchen Outdoor","1","amazon.ca","Amazon","Victoria","British Columbia","V9B 6J","Combined TCS+MTC","36.79","4.41","0","0","0","0","0","0","0","0","-4.41","-5.52","-9.58","0","0","21.69"
"Nov 2, 2025 1:56:21 a.m. PDT","24865604201","Order","702-5810852-1082660","9B-5VGN-40SH","Dream Reach 2 Pack Kitchen Scissors, Premium All-Metal Kitchen Shears, Heavy Duty Poultry Shears for Food, Food-Grade Stainless Steel Scissors, Gift f","1","amazon.ca","Amazon","Scarborough","Ontario","M1R 1V","Combined TCS+MTC","30.39","3.95","6.99","0","0","0","0","0","-6.99","0","-3.95","-4.56","-7.65","0","0","18.18"
"Nov 2, 2025 1:48:25 a.m. PST","24865604201","Order","701-3270505-1304201","9B-5VGN-40SH","Dream Reach 2 Pack Kitchen Scissors, Premium All-Metal Kitchen Shears, Heavy Duty Poultry Shears for Food, Food-Grade Stainless Steel Scissors, Gift f","1","amazon.ca","Amazon","Saskatoon","Saskatchewan","S7J 4H","Combined TCS+MTC","30.39","3.34","0","0","0","0","0","0","0","0","-3.34","-4.56","-7.65","0","0","18.18"
"Nov 2, 2025 1:48:54 a.m. PST","24865604201","Order","701-7045983-6171406","9B-5VGN-40SH","Dream Reach 2 Pack Kitchen Scissors, Premium All-Metal Kitchen Shears, Heavy Duty Poultry Shears for Food, Food-Grade Stainless Steel Scissors, Gift f","1","amazon.ca","Amazon","Ottawa","Ontario","K1L 5R","Combined TCS+MTC","30.39","3.95","6.99","0","0","0","0","0","-6.99","0","-3.95","-4.56","-7.65","0","0","18.18"
"Nov 2, 2025 2:36:23 a.m. PST","24865604201","Order","701-9725738-7254663","9B-5VGN-40SH","Dream Reach 2 Pack Kitchen Scissors, Premium All-Metal Kitchen Shears, Heavy Duty Poultry Shears for Food, Food-Grade Stainless Steel Scissors, Gift f","1","amazon.ca","Amazon","Saint-alphonse-rodriguez","Québec","J0K 1W","Combined TCS+MTC","30.39","4.55","0","0","0","0","0","0","0","0","-4.55","-4.56","-7.65","0","0","18.18"
"Nov 2, 2025 2:39:08 a.m. PST","24865604201","Order","701-5355708-5923455","9B-5VGN-40SH","Dream Reach 2 Pack Kitchen Scissors, Premium All-Metal Kitchen Shears, Heavy Duty Poultry Shears for Food, Food-Grade Stainless Steel Scissors, Gift f","1","amazon.ca","Amazon","Mission","B.C.","V4S 1C","Combined TCS+MTC","30.39","3.65","6.99","0","0","0","0","0","-6.99","0","-3.65","-4.56","-8.19","0","0","17.64"
"Nov 2, 2025 3:34:24 a.m. PST","24865604201","Service Fee","","","Cost of advertising","","","","","","","","0","0","0","0","0","0","0","0","0","0","0","0","0","-117.23","0","-117.23"
"Nov 2, 2025 3:34:59 a.m. PST","24865604201","Amazon fees","0a6f1cfa-ad00-42e8-bbaf-c5c84443a548","","Coupon performance-based fee","","Amazon.ca","","","","","","0","0","0","0","0","0","0","0","0","0","0","-1.24","0","0","0","-1.24"
"Nov 2, 2025 3:45:28 a.m. PST","24865604201","Amazon fees","9a54e859-996d-459a-bf91-eac10e00c426","","Coupon performance-based fee","","Amazon.ca","","","","","","0","0","0","0","0","0","0","0","0","0","0","-2.59","0","0","0","-2.59"
"Nov 2, 2025 3:47:53 a.m. PST","24865604201","Amazon fees","0a6f1cfa-ad00-42e8-bbaf-c5c84443a548","","Coupon participation fee","","Amazon.ca","","","","","","0","0","0","0","0","0","0","0","0","0","0","-2.00","0","0","0","-2.00"
"Nov 2, 2025 4:03:44 a.m. PST","24865604201","Amazon fees","9a54e859-996d-459a-bf91-eac10e00c426","","Coupon participation fee","","Amazon.ca","","","","","","0","0","0","0","0","0","0","0","0","0","0","-2.00","0","0","0","-2.00"
"Nov 2, 2025 4:28:32 a.m. PST","24865604201","Order","702-8565412-6560240","KF01-BBJ","Dream Reach Viking Cleaver Knife Butcher Meat Cutting Boning Knife High Carbon Steel Kitchen Axe with Sheath Home Outdoor BBQ Camping Birthday Christm","1","amazon.ca","Amazon","Saint-Lin-Laurentides","Quebec","J5M 2R","Combined TCS+MTC","35.99","5.39","0","0","0","0","0","0","0","0","-5.39","-5.40","-7.65","0","0","22.94"
"Nov 2, 2025 6:05:57 a.m. PST","24865604201","Order","702-7028080-8613829","9B-5VGN-40SH","Dream Reach 2 Pack Kitchen Scissors, Premium All-Metal Kitchen Shears, Heavy Duty Poultry Shears for Food, Food-Grade Stainless Steel Scissors, Gift f","1","amazon.ca","Amazon","Milton","ON","L9T 2K","Combined TCS+MTC","30.39","3.95","6.99","0","0","0","0","0","-6.99","0","-3.95","-4.56","-7.65","0","0","18.18"
"Nov 2, 2025 6:32:10 a.m. PST","24865604201","Order","701-0833374-2275440","9B-5VGN-40SH","Dream Reach 2 Pack Kitchen Scissors, Premium All-Metal Kitchen Shears, Heavy Duty Poultry Shears for Food, Food-Grade Stainless Steel Scissors, Gift f","1","amazon.ca","Amazon","Richmond","British Columbia","V6Y 1E","Combined TCS+MTC","30.39","3.65","2.74","0","0","0","0","0","-2.74","0","-3.65","-4.56","-8.19","0","0","17.64"
"Nov 2, 2025 7:09:02 a.m. PST","24865604201","Order","702-1947839-8617025","HS1901","Dream Reach 6"" Professional Hair Cutting Scissors Japan 440C Steel Thinning Scissor for Men/Women Cutting for Salon/Barber/Home (Straight Scissors)","1","amazon.ca","Amazon","Fernie","British Columbia","V0B 1M","Combined TCS+MTC","43.99","5.28","0","0","0","0","0","0","0","0","-5.28","-6.60","-6.49","0","0","30.90"
"Nov 2, 2025 7:44:14 a.m. PST","24865604201","Transfer","","","To account ending with: 895","","","","","","","","0","0","0","0","0","0","0","0","0","0","0","0","0","0","-4,382.82","-4,382.82"
"Nov 2, 2025 7:45:34 a.m. PST","24865604201","Order","702-0378044-6425007","KF02-BBJ","Dream Reach Chef Knife, Japanese Kitchen Knife, Sharp Stainless Steel Viking Style Meat Knife with Wooden Handle, Feather Design Cooking Knife with Sh","1","amazon.ca","Amazon","st-constant","Québec","J5A 1P","Combined TCS+MTC","32.99","4.94","0","0","0","0","0","0","0","0","-4.94","-4.95","-7.13","0","0","20.91"
"Nov 2, 2025 7:53:34 a.m. PST","24865604201","Order","702-4093523-3126627","KF01-BBJ","Dream Reach Viking Cleaver Knife Butcher Meat Cutting Boning Knife High Carbon Steel Kitchen Axe with Sheath Home Outdoor BBQ Camping Birthday Christm","1","amazon.ca","Amazon","Sainte-Francoise-de-Lotbinière","Québec","G0S 2N","Combined TCS+MTC","35.99","5.39","3.27","0","0","0","0","0","-3.27","0","-5.39","-5.40","-7.65","0","0","22.94"
"Nov 2, 2025 9:41:20 a.m. PST","24865604201","Order","702-8589796-1970622","KF04-BBJ","Dream Reach Meat Bone Cleaver Knife for Meat Cutting Handmade Heavy Duty Butcher Axes Hand Forged Full Tang Chopper for Kitchen Outdoor BBQ Chef Gifts","1","amazon.ca","Amazon","Laval","Quebec","H7Y 1L","Combined TCS+MTC","34.39","5.15","6.99","0","0","0","0","0","-6.99","0","-5.15","-5.16","-8.74","0","0","20.49"
"Nov 2, 2025 10:43:48 p.m. PST","24865604201","Order","701-1551717-1175441","KF04-BBJ","Dream Reach Meat Bone Cleaver Knife for Meat Cutting Handmade Heavy Duty Butcher Axes Hand Forged Full Tang Chopper for Kitchen Outdoor BBQ Chef Gifts","1","amazon.ca","Amazon","Nanaimo","British Columbia","V9T 0C","Combined TCS+MTC","34.39","4.13","0","0","0","0","0","0","0","0","-4.13","-5.16","-8.74","0","0","20.49"
"Nov 3, 2025 12:29:00 a.m. PST","24865604201","Order","702-4853185-1423406","9B-5VGN-40SH","Dream Reach 2 Pack Kitchen Scissors, Premium All-Metal Kitchen Shears, Heavy Duty Poultry Shears for Food, Food-Grade Stainless Steel Scissors, Gift f","1","amazon.ca","Amazon","London","Ontario","N5Z 4W","Combined TCS+MTC","30.39","3.95","6.99","0","0","0","0","0","-6.99","0","-3.95","-4.56","-7.65","0","0","18.18"
"Nov 3, 2025 4:30:04 a.m. PST","24865604201","Order","702-0497466-9726665","9B-5VGN-40SH","Dream Reach 2 Pack Kitchen Scissors, Premium All-Metal Kitchen Shears, Heavy Duty Poultry Shears for Food, Food-Grade Stainless Steel Scissors, Gift f","1","amazon.ca","Amazon","Orillia","Ontario","L3V 2T","Combined TCS+MTC","30.39","3.95","0","0","0","0","0","0","0","0","-3.95","-4.56","-7.65","0","0","18.18"
"Nov 3, 2025 4:31:23 a.m. PST","24865604201","Order","702-7189966-1879402","KF04-BBJ","Dream Reach Meat Bone Cleaver Knife for Meat Cutting Handmade Heavy Duty Butcher Axes Hand Forged Full Tang Chopper for Kitchen Outdoor BBQ Chef Gifts","1","amazon.ca","Amazon","Calgary","Alberta","T1Y 7B","Combined TCS+MTC","36.54","1.83","0","0","0","0","0","0","0","0","-1.83","-5.48","-8.74","0","0","22.32"
"Nov 3, 2025 4:37:19 a.m. PST","24865604201","Order","701-4303103-2459429","9B-5VGN-40SH","Dream Reach 2 Pack Kitchen Scissors, Premium All-Metal Kitchen Shears, Heavy Duty Poultry Shears for Food, Food-Grade Stainless Steel Scissors, Gift f","1","amazon.ca","Amazon","Mission","British Columbia","V2V 4Y","Combined TCS+MTC","30.39","3.65","6.99","0","0","0","0","0","-6.99","0","-3.65","-4.56","-8.19","0","0","17.64"
"Nov 3, 2025 6:20:01 a.m. PST","24865604201","Order","701-9862000-6801814","KF01-BBJ","Dream Reach Viking Cleaver Knife Butcher Meat Cutting Boning Knife High Carbon Steel Kitchen Axe with Sheath Home Outdoor BBQ Camping Birthday Christm","1","amazon.ca","Amazon","Limoges","Ontario","K0A 2M","Combined TCS+MTC","35.99","4.68","0","0","0","0","0","0","0","0","-4.68","-5.40","-7.65","0","0","22.94"
"Nov 3, 2025 6:31:15 a.m. PST","24865604201","Order","702-4262551-0648247","9B-5VGN-40SH","Dream Reach 2 Pack Kitchen Scissors, Premium All-Metal Kitchen Shears, Heavy Duty Poultry Shears for Food, Food-Grade Stainless Steel Scissors, Gift f","1","amazon.ca","Amazon","Wasaga Beach","Ontario","L9Z0H","Combined TCS+MTC","30.39","3.95","0","0","0","0","0","0","0","0","-3.95","-4.56","-7.65","0","0","18.18"
"Nov 3, 2025 7:37:35 a.m. PST","24865604201","Order","701-2880913-1041800","HS1901","Dream Reach 6"" Professional Hair Cutting Scissors Japan 440C Steel Thinning Scissor for Men/Women Cutting for Salon/Barber/Home (Straight Scissors)","1","amazon.ca","Amazon","Espanola","Ontario","P5E 1M","Combined TCS+MTC","43.99","5.72","0","0","0","0","0","0","0","0","-5.72","-6.60","-6.49","0","0","30.90"
"Nov 3, 2025 7:48:05 a.m. PST","24865604201","Order","702-2847709-0177853","9B-5VGN-40SH","Dream Reach 2 Pack Kitchen Scissors, Premium All-Metal Kitchen Shears, Heavy Duty Poultry Shears for Food, Food-Grade Stainless Steel Scissors, Gift f","1","amazon.ca","Amazon","Brossard","Quebec","J4Z 0S","Combined TCS+MTC","30.39","4.55","0","0","0","0","0","0","0","0","-4.55","-4.56","-7.65","0","0","18.18"
"Nov 3, 2025 8:06:44 a.m. PST","24865604201","Order","702-4976111-0193861","9B-5VGN-40SH","Dream Reach 2 Pack Kitchen Scissors, Premium All-Metal Kitchen Shears, Heavy Duty Poultry Shears for Food, Food-Grade Stainless Steel Scissors, Gift f","1","amazon.ca","Amazon","London","Ontario","N6M 1B","Combined TCS+MTC","30.39","3.95","0","0","0","0","0","0","0","0","-3.95","-4.56","-7.65","0","0","18.18"
"Nov 3, 2025 9:15:01 a.m. PST","24865604201","FBA Inventory Fee","701-0961544-7610605","","Fulfilment by Amazon removal order: disposal fee","","Amazon.ca","","","","","","0","0","0","0","0","0","0","0","0","0","0","0","0","0","-3.85","-3.85"
"Nov 3, 2025 11:56:14 a.m. PST","24865604201","Refund","702-4853185-1423406","9B-5VGN-40SH","Dream Reach 2 Pack Kitchen Scissors, Premium All-Metal Kitchen Shears, Heavy Duty Poultry Shears for Food, Food-Grade Stainless Steel Scissors, Gift f","1","amazon.ca","Amazon","London","Ontario","N5Z 4W","Combined TCS+MTC","-30.39","-3.95","-6.99","0","0","0","0","0","6.99","0","3.95","3.65","0","0","0","-26.74"
"Nov 3, 2025 1:28:20 p.m. PST","24865604201","Service Fee","","","Subscription","","Amazon.ca","","","","","","0","0","0","0","0","0","0","0","0","0","0","0","0","0","-12.73","-12.73"
"Nov 3, 2025 1:50:24 p.m. PST","24865604201","Order","702-2637691-3968207","9B-5VGN-40SH","Dream Reach 2 Pack Kitchen Scissors, Premium All-Metal Kitchen Shears, Heavy Duty Poultry Shears for Food, Food-Grade Stainless Steel Scissors, Gift f","1","amazon.ca","Amazon","Edmonton","Alberta","T6M 1P","Combined TCS+MTC","30.39","1.52","0","0","0","0","0","0","0","0","-1.52","-4.56","-7.65","0","0","18.18"
"Nov 3, 2025 6:21:01 p.m. PST","24865604201","Order","701-0191546-3297011","9B-5VGN-40SH","Dream Reach 2 Pack Kitchen Scissors, Premium All-Metal Kitchen Shears, Heavy Duty Poultry Shears for Food, Food-Grade Stainless Steel Scissors, Gift f","1","amazon.ca","Amazon","Val-Des-Monts","Quebec","J8N 7V","Combined TCS+MTC","30.39","4.55","0","0","0","0","0","0","0","0","-4.55","-4.56","-7.65","0","0","18.18"
"Nov 3, 2025 7:38:13 p.m. PST","24865604201","Order","702-4331990-0810605","KF01-BBJ","Dream Reach Viking Cleaver Knife Butcher Meat Cutting Boning Knife High Carbon Steel Kitchen Axe with Sheath Home Outdoor BBQ Camping Birthday Christm","1","amazon.ca","Amazon","Calgary","Alberta","T3M 3V","Combined TCS+MTC","39.99","2.00","0","0","0","0","0","0","0","0","-2.00","-6.00","-7.65","0","0","26.34"
"Nov 3, 2025 11:02:19 p.m. PST","24865604201","Order","701-5923669-2346666","KF05-BBJ","Dream Reach Meat Cleaver Knife Heavy Duty Bone Chopper High Carbon Steel Butcher Axe Bone Cutting Knife Hand Forged Butcher Knife for Kitchen Outdoor","1","amazon.ca","Amazon","Richmond Hill","Ontario","L4E 4Z","Combined TCS+MTC","39.09","5.08","0","0","0","0","0","0","0","0","-5.08","-5.86","-9.58","0","0","23.65"
"Nov 4, 2025 12:35:27 a.m. PST","24865604201","Order","701-8191134-8518639","9B-5VGN-40SH","Dream Reach 2 Pack Kitchen Scissors, Premium All-Metal Kitchen Shears, Heavy Duty Poultry Shears for Food, Food-Grade Stainless Steel Scissors, Gift f","1","amazon.ca","Amazon","Toronto","Ontario","M2N 6W","Combined TCS+MTC","30.39","3.95","2.33","0","0","0","0","0","-2.33","0","-3.95","-4.56","-7.65","0","0","18.18"
"Nov 4, 2025 12:52:18 a.m. PST","24865604201","Order","702-1586527-0268207","KF05-BBJ","Dream Reach Meat Cleaver Knife Heavy Duty Bone Chopper High Carbon Steel Butcher Axe Bone Cutting Knife Hand Forged Butcher Knife for Kitchen Outdoor","1","amazon.ca","Amazon","Wasaga Beach","Ontario","L9Z0H","Combined TCS+MTC","39.09","5.08","0","0","0","0","0","0","0","0","-5.08","-5.86","-9.58","0","0","23.65"
"Nov 4, 2025 2:23:21 a.m. PST","24865604201","Order","702-9424246-6529836","9B-5VGN-40SH","Dream Reach 2 Pack Kitchen Scissors, Premium All-Metal Kitchen Shears, Heavy Duty Poultry Shears for Food, Food-Grade Stainless Steel Scissors, Gift f","1","amazon.ca","Amazon","Vernon","British Columbia","V1H 2A","Combined TCS+MTC","30.39","3.65","0","0","0","0","0","0","0","0","-3.65","-4.56","-8.19","0","0","17.64"
"Nov 4, 2025 5:06:30 a.m. PST","24865604201","Amazon fees","546877a7-f677-4481-b01b-ae4a56978d59","","Deal participation fee","","Amazon.ca","","","","","","0","0","0","0","0","0","0","0","0","0","0","-70.00","0","0","0","-70.00"
"Nov 4, 2025 5:20:06 a.m. PST","24865604201","Amazon fees","546877a7-f677-4481-b01b-ae4a56978d59","","Deal performance-based fee","","Amazon.ca","","","","","","0","0","0","0","0","0","0","0","0","0","0","-29.37","0","0","0","-29.37"
"Nov 4, 2025 5:31:13 a.m. PST","24865604201","Order","702-8309902-1089057","KF05-BBJ","Dream Reach Meat Cleaver Knife Heavy Duty Bone Chopper High Carbon Steel Butcher Axe Bone Cutting Knife Hand Forged Butcher Knife for Kitchen Outdoor","1","amazon.ca","Amazon","Coquitlam","British Columbia","V3E 0V","Combined TCS+MTC","39.09","4.69","0","0","0","0","0","0","0","0","-4.69","-5.86","-9.58","0","0","23.65"
"Nov 4, 2025 6:01:01 a.m. PST","24865604201","Order","702-6620469-4507434","9B-5VGN-40SH","Dream Reach 2 Pack Kitchen Scissors, Premium All-Metal Kitchen Shears, Heavy Duty Poultry Shears for Food, Food-Grade Stainless Steel Scissors, Gift f","1","amazon.ca","Amazon","Pointe-Claire","Quebec","H9R 5S","Combined TCS+MTC","30.39","4.55","0","0","0","0","0","0","0","0","-4.55","-4.56","-7.65","0","0","18.18"
"Nov 4, 2025 7:07:39 a.m. PST","24865604201","Order","701-7050054-6653044","KF02-BBJ","Dream Reach Chef Knife, Japanese Kitchen Knife, Sharp Stainless Steel Viking Style Meat Knife with Wooden Handle, Feather Design Cooking Knife with Sh","1","amazon.ca","Amazon","St. John's","Newfoundland","A1A 3E","Combined TCS+MTC","29.99","4.50","0","0","0","0","0","0","0","0","-4.50","-4.50","-7.13","0","0","18.36"
"Nov 4, 2025 7:24:21 a.m. PST","24865604201","Order","701-4646348-4768240","KF02-BBJ","Dream Reach Chef Knife, Japanese Kitchen Knife, Sharp Stainless Steel Viking Style Meat Knife with Wooden Handle, Feather Design Cooking Knife with Sh","1","amazon.ca","Amazon","Barrie","Ontario","L4M 6V","Combined TCS+MTC","29.99","3.90","0","0","0","0","0","0","0","0","-3.90","-4.50","-7.13","0","0","18.36"
"Nov 4, 2025 7:53:02 a.m. PST","24865604201","Order","701-6521624-2834650","9B-5VGN-40SH","Dream Reach 2 Pack Kitchen Scissors, Premium All-Metal Kitchen Shears, Heavy Duty Poultry Shears for Food, Food-Grade Stainless Steel Scissors, Gift f","1","amazon.ca","Amazon","Kingsville","Ontario","N9Y 2E","Combined TCS+MTC","30.39","3.95","0","0","0","0","0","0","0","0","-3.95","-4.56","-7.65","0","0","18.18"
"Nov 4, 2025 7:55:11 a.m. PST","24865604201","Order","702-4067293-9363465","KF02-BBJ","Dream Reach Chef Knife, Japanese Kitchen Knife, Sharp Stainless Steel Viking Style Meat Knife with Wooden Handle, Feather Design Cooking Knife with Sh","1","amazon.ca","Amazon","Peterborough","Ontario","K9J 4Z","Combined TCS+MTC","32.99","4.29","0","0","0","0","0","0","0","0","-4.29","-4.95","-7.13","0","0","20.91"
"Nov 4, 2025 8:01:05 a.m. PST","24865604201","Order","702-2328440-1841824","9B-5VGN-40SH","Dream Reach 2 Pack Kitchen Scissors, Premium All-Metal Kitchen Shears, Heavy Duty Poultry Shears for Food, Food-Grade Stainless Steel Scissors, Gift f","1","amazon.ca","Amazon","Yarker","Ontario","K0K 3N","Combined TCS+MTC","30.39","3.95","0","0","0","0","0","0","0","0","-3.95","-4.56","-7.65","0","0","18.18"
"Nov 4, 2025 8:32:10 p.m. PST","24865604201","FBA Inventory Fee","Y2ESRE3ZS1","","Fulfilment by Amazon removal order: disposal fee","","Amazon.ca","","","","","","0","0","0","0","0","0","0","0","0","0","0","0","0","0","-0.82","-0.82"
"Nov 4, 2025 9:13:00 p.m. PST","24865604201","Order","701-6589719-0121864","KF05-BBJ","Dream Reach Meat Cleaver Knife Heavy Duty Bone Chopper High Carbon Steel Butcher Axe Bone Cutting Knife Hand Forged Butcher Knife for Kitchen Outdoor","1","amazon.ca","Amazon","Conception Bay South","Newfoundland","A1W 3E","Combined TCS+MTC","36.79","5.52","0","0","0","0","0","0","0","0","-5.52","-5.52","-9.58","0","0","21.69"
"Nov 5, 2025 12:09:31 a.m. PST","24865604201","Order","701-1437639-0305011","9B-5VGN-40SH","Dream Reach 2 Pack Kitchen Scissors, Premium All-Metal Kitchen Shears, Heavy Duty Poultry Shears for Food, Food-Grade Stainless Steel Scissors, Gift f","1","amazon.ca","Amazon","Vancouver","BC","V6K 1N","Combined TCS+MTC","30.39","3.65","0","0","0","0","0","0","0","0","-3.65","-4.56","-8.19","0","0","17.64"
"Nov 5, 2025 12:31:02 a.m. PST","24865604201","Order","702-8113992-6097818","9B-5VGN-40SH","Dream Reach 2 Pack Kitchen Scissors, Premium All-Metal Kitchen Shears, Heavy Duty Poultry Shears for Food, Food-Grade Stainless Steel Scissors, Gift f","1","amazon.ca","Amazon","Lac-Sergent","Quebec","G0A 2J","Combined TCS+MTC","30.39","4.55","0","0","0","0","0","0","0","0","-4.55","-4.56","-7.65","0","0","18.18"
"Nov 5, 2025 1:23:22 a.m. PST","24865604201","Order","701-9318268-1231422","9B-5VGN-40SH","Dream Reach 2 Pack Kitchen Scissors, Premium All-Metal Kitchen Shears, Heavy Duty Poultry Shears for Food, Food-Grade Stainless Steel Scissors, Gift f","1","amazon.ca","Amazon","Saint-Jean-sur-Richelieu","Quebec","J3B6H","Combined TCS+MTC","30.39","4.55","0","0","0","0","0","0","0","0","-4.55","-4.56","-7.65","0","0","18.18"
"Nov 5, 2025 1:51:37 a.m. PST","24865604201","Order","701-0273134-8315446","9B-5VGN-40SH","Dream Reach 2 Pack Kitchen Scissors, Premium All-Metal Kitchen Shears, Heavy Duty Poultry Shears for Food, Food-Grade Stainless Steel Scissors, Gift f","1","amazon.ca","Amazon","Scarborough","ON","M1V 2N","Combined TCS+MTC","30.39","3.95","6.99","0","0","0","0","0","-6.99","0","-3.95","-4.56","-7.65","0","0","18.18"
"Nov 5, 2025 2:30:44 a.m. PST","24865604201","Order","701-7531194-5289810","9B-5VGN-40SH","Dream Reach 2 Pack Kitchen Scissors, Premium All-Metal Kitchen Shears, Heavy Duty Poultry Shears for Food, Food-Grade Stainless Steel Scissors, Gift f","1","amazon.ca","Amazon","Halifax","Nova Scotia","B3N 3K","Combined TCS+MTC","30.39","4.25","0","0","0","0","0","0","0","0","-4.25","-4.56","-7.65","0","0","18.18"
"Nov 5, 2025 2:52:15 a.m. PST","24865604201","Order","701-5539553-4917063","KF02-BBJ","Dream Reach Chef Knife, Japanese Kitchen Knife, Sharp Stainless Steel Viking Style Meat Knife with Wooden Handle, Feather Design Cooking Knife with Sh","1","amazon.ca","Amazon","Brandon","Manitoba","R7A 1S","Combined TCS+MTC","32.99","3.96","0","0","0","0","0","0","0","0","-3.96","-4.95","-7.13","0","0","20.91"
"Nov 5, 2025 4:11:54 a.m. PST","24865604201","Order","701-4707539-2370619","9B-5VGN-40SH","Dream Reach 2 Pack Kitchen Scissors, Premium All-Metal Kitchen Shears, Heavy Duty Poultry Shears for Food, Food-Grade Stainless Steel Scissors, Gift f","1","amazon.ca","Amazon","scarborough","ontario","M1B 1V","Combined TCS+MTC","30.39","3.95","3.49","0","0","0","0","0","-3.49","0","-3.95","-4.56","-7.65","0","0","18.18"
"Nov 5, 2025 4:27:34 a.m. PST","24865604201","Order","701-2817220-0904261","9B-5VGN-40SH","Dream Reach 2 Pack Kitchen Scissors, Premium All-Metal Kitchen Shears, Heavy Duty Poultry Shears for Food, Food-Grade Stainless Steel Scissors, Gift f","1","amazon.ca","Amazon","Ottawa","Ontario","K1C 6H","Combined TCS+MTC","30.39","3.95","6.99","0","0","0","0","0","-6.99","0","-3.95","-4.56","-7.65","0","0","18.18"
"Nov 5, 2025 6:09:31 a.m. PST","24865604201","Order","701-7403263-6670662","KF04-BBJ","Dream Reach Meat Bone Cleaver Knife for Meat Cutting Handmade Heavy Duty Butcher Axes Hand Forged Full Tang Chopper for Kitchen Outdoor BBQ Chef Gifts","2","amazon.ca","Amazon","Brampton","Ontario","L6R 0B","Combined TCS+MTC","68.78","8.94","7.85","0","0","0","0","0","-7.85","0","-8.94","-10.32","-17.48","0","0","40.98"
"Nov 5, 2025 7:47:45 a.m. PST","24865604201","Order","701-0060535-7485806","9B-5VGN-40SH","Dream Reach 2 Pack Kitchen Scissors, Premium All-Metal Kitchen Shears, Heavy Duty Poultry Shears for Food, Food-Grade Stainless Steel Scissors, Gift f","1","amazon.ca","Amazon","Mississauga","Ontario","L5H 4L","Combined TCS+MTC","30.39","3.95","0","0","0","0","0","0","0","0","-3.95","-4.56","-7.65","0","0","18.18"
"Nov 5, 2025 11:45:27 a.m. PST","24865604201","Order","701-6601831-9302641","CWJ02-Black7Set-BBJ","Dream Reach Dog Grooming Scissors - Professional 6 in 1 Pet Grooming Kit Sharp and Durable Shears Set Thinning, Chunker, Straight, Curved Shears and C","1","amazon.ca","Amazon","Toronto","Ontario","M6G 2M","Combined TCS+MTC","39.41","4.61","0","0","0","0","0","0","-3.94","0","-4.61","-5.32","-7.65","0","0","22.50"
"Nov 5, 2025 2:51:59 p.m. PST","24865604201","Order","701-6587079-1941808","9B-5VGN-40SH","Dream Reach 2 Pack Kitchen Scissors, Premium All-Metal Kitchen Shears, Heavy Duty Poultry Shears for Food, Food-Grade Stainless Steel Scissors, Gift f","1","amazon.ca","Amazon","London","Ontario","N5V 3N","Combined TCS+MTC","30.39","3.95","6.99","0","0","0","0","0","-6.99","0","-3.95","-4.56","-7.65","0","0","18.18"
"Nov 5, 2025 5:13:00 p.m. PST","24865604201","Order","702-2328169-0666604","HS1901","Dream Reach 6"" Professional Hair Cutting Scissors Japan 440C Steel Thinning Scissor for Men/Women Cutting for Salon/Barber/Home (Straight Scissors)","1","amazon.ca","Amazon","Winnipeg","Manitoba","R2M 2M","Combined TCS+MTC","43.99","5.28","0","0","0","0","0","0","0","0","-5.28","-6.60","-6.49","0","0","30.90"
"Nov 5, 2025 6:52:55 p.m. PST","24865604201","Refund","702-2328169-0666604","HS1901","Dream Reach 6"" Professional Hair Cutting Scissors Japan 440C Steel Thinning Scissor for Men/Women Cutting for Salon/Barber/Home (Straight Scissors)","1","amazon.ca","Amazon","Winnipeg","Manitoba","R2M 2M","Combined TCS+MTC","-43.99","-5.28","0","0","0","0","0","0","0","0","5.28","5.28","0","0","0","-38.71"
"Nov 5, 2025 9:18:18 p.m. PST","24865604201","Order","701-1813454-1359401","8FS01-BJ","Dream Reach Dog Thinning Scissors - 8 Inch Professional Pet Grooming Shears with Adjustable Screw, Sharp Trimming Scissors for Dogs and Cats","1","amazon.ca","Amazon","Saint-Aime-Des-Lacs","Quebec","G0T 1S","Combined TCS+MTC","49.99","6.74","0","0","0","0","0","0","-5.00","0","-6.74","-6.75","-6.74","0","0","31.50"
"Nov 5, 2025 10:58:45 p.m. PST","24865604201","Order","702-0195253-3861815","9B-5VGN-40SH","Dream Reach 2 Pack Kitchen Scissors, Premium All-Metal Kitchen Shears, Heavy Duty Poultry Shears for Food, Food-Grade Stainless Steel Scissors, Gift f","1","amazon.ca","Amazon","Granby","Quebec","J2H 0K","Combined TCS+MTC","30.39","4.55","0","0","0","0","0","0","0","0","-4.55","-4.56","-7.65","0","0","18.18"
"Nov 5, 2025 11:42:09 p.m. PST","24865604201","Order","701-8174535-3163412","9B-5VGN-40SH","Dream Reach 2 Pack Kitchen Scissors, Premium All-Metal Kitchen Shears, Heavy Duty Poultry Shears for Food, Food-Grade Stainless Steel Scissors, Gift f","1","amazon.ca","Amazon","Lac-Beauport","Quebec","G3B1C","Combined TCS+MTC","30.39","4.55","0","0","0","0","0","0","0","0","-4.55","-4.56","-7.65","0","0","18.18"
"Nov 6, 2025 12:06:06 a.m. PST","24865604201","Order","702-1162775-8241067","CWJ02-Purple7Set-BBJ","Dream Reach Dog Grooming Scissors - 7"" Professional 6 in 1 Pet Scissors Sharp and Durable Shears Set Thinning, Chunker, Straight, Curved Shears and Co","1","amazon.ca","Amazon","Timberlea","Nova Scotia","B3T 2H","Combined TCS+MTC","42.74","5.39","0","0","0","0","0","0","-4.27","0","-5.39","-5.77","-6.74","0","0","25.96"
"Nov 6, 2025 1:41:35 a.m. PST","24865604201","Order","702-2807182-1489022","9B-5VGN-40SH","Dream Reach 2 Pack Kitchen Scissors, Premium All-Metal Kitchen Shears, Heavy Duty Poultry Shears for Food, Food-Grade Stainless Steel Scissors, Gift f","1","amazon.ca","Amazon","Shawnigan Lake","British Columbia","V8H 2C","Combined TCS+MTC","30.39","3.65","0","0","0","0","0","0","0","0","-3.65","-4.56","-8.19","0","0","17.64"
"Nov 6, 2025 2:33:08 a.m. PST","24865604201","Order","702-3189909-4722656","KF05-BBJ","Dream Reach Meat Cleaver Knife Heavy Duty Bone Chopper High Carbon Steel Butcher Axe Bone Cutting Knife Hand Forged Butcher Knife for Kitchen Outdoor","2","amazon.ca","Amazon","Richmond","British Columbia","V6V 2E","Combined TCS+MTC","78.18","9.38","0","0","0","0","0","0","0","0","-9.38","-11.72","-19.16","0","0","47.30"
"Nov 6, 2025 2:42:24 a.m. PST","24865604201","Order","701-1038466-9250620","CWJ02-Black7Set-BBJ","Dream Reach Dog Grooming Scissors - Professional 6 in 1 Pet Grooming Kit Sharp and Durable Shears Set Thinning, Chunker, Straight, Curved Shears and C","1","amazon.ca","Amazon","Ste-Sophie","Quebec","J5J 1C","Combined TCS+MTC","39.41","5.31","0","0","0","0","0","0","-3.94","0","-5.31","-5.32","-7.65","0","0","22.50"
"Nov 6, 2025 3:42:13 a.m. PST","24865604201","Order","702-3346518-4251440","9B-5VGN-40SH","Dream Reach 2 Pack Kitchen Scissors, Premium All-Metal Kitchen Shears, Heavy Duty Poultry Shears for Food, Food-Grade Stainless Steel Scissors, Gift f","1","amazon.ca","Amazon","KELOWNA","BC","V1W 2C","Combined TCS+MTC","30.39","3.65","0","0","0","0","0","0","0","0","-3.65","-4.56","-7.65","0","0","18.18"
"Nov 6, 2025 4:42:35 a.m. PST","24865604201","Order","702-7828673-3161811","9B-5VGN-40SH","Dream Reach 2 Pack Kitchen Scissors, Premium All-Metal Kitchen Shears, Heavy Duty Poultry Shears for Food, Food-Grade Stainless Steel Scissors, Gift f","1","amazon.ca","Amazon","OTTAWA","ON","K1Z6B","Combined TCS+MTC","30.39","3.95","1.75","0","0","0","0","0","-1.75","0","-3.95","-4.56","-7.65","0","0","18.18"
"Nov 6, 2025 5:07:48 a.m. PST","24865604201","Order","701-8791246-4274627","9B-5VGN-40SH","Dream Reach 2 Pack Kitchen Scissors, Premium All-Metal Kitchen Shears, Heavy Duty Poultry Shears for Food, Food-Grade Stainless Steel Scissors, Gift f","1","amazon.ca","Amazon","Langley","British Columbia","V1M 3J","Combined TCS+MTC","30.39","3.65","6.99","0","0","0","0","0","-6.99","0","-3.65","-4.56","-8.19","0","0","17.64"
"Nov 6, 2025 10:58:16 a.m. PST","24865604201","Adjustment","","8FS03-BJ","FBA Inventory Reimbursement - Damaged:Warehouse","1","","","","","","","0","0","0","0","0","0","0","0","0","0","0","0","0","0","13.40","13.40"
"Nov 6, 2025 11:00:57 p.m. PST","24865604201","Order","702-5753234-8895441","KF01-BBJ","Dream Reach Viking Cleaver Knife Butcher Meat Cutting Boning Knife High Carbon Steel Kitchen Axe with Sheath Home Outdoor BBQ Camping Birthday Christm","1","amazon.ca","Amazon","Sainte-Anne-de-Kent","New Brunswick","E4S 1M","Combined TCS+MTC","39.99","6.00","0","0","0","0","0","0","0","0","-6.00","-6.00","-7.65","0","0","26.34"
"Nov 7, 2025 1:11:48 a.m. PST","24865604201","Order","702-7041746-9189052","9B-5VGN-40SH","Dream Reach 2 Pack Kitchen Scissors, Premium All-Metal Kitchen Shears, Heavy Duty Poultry Shears for Food, Food-Grade Stainless Steel Scissors, Gift f","1","amazon.ca","Amazon","Waterdown","Ontario","L8B 0P","Combined TCS+MTC","30.39","3.95","6.99","0","0","0","0","0","-6.99","0","-3.95","-4.56","-7.65","0","0","18.18"
"Nov 7, 2025 1:24:12 a.m. PST","24865604201","Order","701-5692092-2250644","9B-5VGN-40SH","Dream Reach 2 Pack Kitchen Scissors, Premium All-Metal Kitchen Shears, Heavy Duty Poultry Shears for Food, Food-Grade Stainless Steel Scissors, Gift f","1","amazon.ca","Amazon","Vancouver","British Columbia","V6B 6A","Combined TCS+MTC","30.39","3.65","0","0","0","0","0","0","0","0","-3.65","-4.56","-8.19","0","0","17.64"
"Nov 7, 2025 1:24:36 a.m. PST","24865604201","Order","701-0717949-2918631","9B-5VGN-40SH","Dream Reach 2 Pack Kitchen Scissors, Premium All-Metal Kitchen Shears, Heavy Duty Poultry Shears for Food, Food-Grade Stainless Steel Scissors, Gift f","1","amazon.ca","Amazon","Whitby","Ontario","L1N 4C","Combined TCS+MTC","30.39","3.95","1.74","0","0","0","0","0","-1.74","0","-3.95","-4.56","-7.65","0","0","18.18"
"Nov 7, 2025 1:26:50 a.m. PST","24865604201","Order","701-3812920-4393845","9B-5VGN-40SH","Dream Reach 2 Pack Kitchen Scissors, Premium All-Metal Kitchen Shears, Heavy Duty Poultry Shears for Food, Food-Grade Stainless Steel Scissors, Gift f","1","amazon.ca","Amazon","Toronto","Ontario","M4C2M","Combined TCS+MTC","30.39","3.95","3.27","0","0","0","0","0","-3.27","0","-3.95","-4.56","-7.65","0","0","18.18"
"Nov 7, 2025 1:27:17 a.m. PST","24865604201","Order","701-5924231-1377808","HS1901","Dream Reach 6"" Professional Hair Cutting Scissors Japan 440C Steel Thinning Scissor for Men/Women Cutting for Salon/Barber/Home (Straight Scissors)","1","amazon.ca","Amazon","Aylmer","Ontario","N5H 2R","Combined TCS+MTC","43.99","5.72","0","0","0","0","0","0","0","0","-5.72","-6.60","-6.49","0","0","30.90"
"Nov 7, 2025 4:36:44 a.m. PST","24865604201","Order","701-2972213-9009028","9B-5VGN-40SH","Dream Reach 2 Pack Kitchen Scissors, Premium All-Metal Kitchen Shears, Heavy Duty Poultry Shears for Food, Food-Grade Stainless Steel Scissors, Gift f","1","amazon.ca","Amazon","Vancouver","British Columbia","V6G 0E","Combined TCS+MTC","30.39","3.65","0","0","0","0","0","0","0","0","-3.65","-4.56","-7.65","0","0","18.18"
"Nov 7, 2025 7:21:23 a.m. PST","24865604201","Order","701-4525870-7376201","KF05-BBJ","Dream Reach Meat Cleaver Knife Heavy Duty Bone Chopper High Carbon Steel Butcher Axe Bone Cutting Knife Hand Forged Butcher Knife for Kitchen Outdoor","1","amazon.ca","Amazon","Toronto","Ontario","M6N 0B","Combined TCS+MTC","39.09","5.08","10.10","1.31","0","0","0","0","0","0","-6.39","-5.86","-19.68","0","0","23.65"
"Nov 7, 2025 7:35:56 a.m. PST","24865604201","Order","701-3203581-1352268","8FS02-BJ","Dream Reach Dog Curved Scissors - 8 Inch Professional Pet Grooming Shears with Adjustable Screw for Trimming Face and Paws","1","amazon.ca","Amazon","St-Jacques","Quebec","J0K 2R","Combined TCS+MTC","46.99","7.04","0","0","0","0","0","0","0","0","-7.04","-7.05","-6.49","0","0","33.45"
"Nov 7, 2025 8:23:52 a.m. PST","24865604201","Order","702-1768040-8749818","9B-5VGN-40SH","Dream Reach 2 Pack Kitchen Scissors, Premium All-Metal Kitchen Shears, Heavy Duty Poultry Shears for Food, Food-Grade Stainless Steel Scissors, Gift f","1","amazon.ca","Amazon","Montreal","Quebec","H2S 1R","Combined TCS+MTC","30.39","4.55","0","0","0","0","0","0","0","0","-4.55","-4.56","-7.65","0","0","18.18"
"Nov 7, 2025 9:37:42 a.m. PST","24865604201","FBA Inventory Fee","","","FBA storage fee","","Amazon.ca","","","","","","0","0","0","0","0","0","0","0","0","0","0","0","0","0","-390.58","-390.58"
"Nov 7, 2025 9:47:17 a.m. PST","24865604201","Order","701-6439194-2829032","9B-5VGN-40SH","Dream Reach 2 Pack Kitchen Scissors, Premium All-Metal Kitchen Shears, Heavy Duty Poultry Shears for Food, Food-Grade Stainless Steel Scissors, Gift f","1","amazon.ca","Amazon","Abbotsford","British Columbia","V2S 8A","Combined TCS+MTC","30.39","3.65","0","0","0","0","0","0","0","0","-3.65","-4.56","-8.19","0","0","17.64"
"Nov 7, 2025 11:29:07 a.m. PST","24865604201","Order","701-1952466-3399446","KF04-BBJ","Dream Reach Meat Bone Cleaver Knife for Meat Cutting Handmade Heavy Duty Butcher Axes Hand Forged Full Tang Chopper for Kitchen Outdoor BBQ Chef Gifts","1","amazon.ca","Amazon","Brampton","Ontario","L7A 4M","Combined TCS+MTC","36.54","4.75","0","0","0","0","0","0","0","0","-4.75","-5.48","-8.74","0","0","22.32"
"Nov 7, 2025 11:59:47 a.m. PST","24865604201","Refund","701-1754147-4819460","KF05-BBJ","Dream Reach Meat Cleaver Knife Heavy Duty Bone Chopper High Carbon Steel Butcher Axe Bone Cutting Knife Hand Forged Butcher Knife for Kitchen Outdoor","1","amazon.ca","Amazon","Stouffville","Ontario","L4A 5C","Combined TCS+MTC","-36.79","-4.78","-3.27","0","0","0","0","0","3.27","0","4.78","4.42","0","0","0","-32.37"
"Nov 7, 2025 12:33:11 p.m. PST","24865604201","FBA Inventory Fee","702-6452748-0319430","","Fulfilment by Amazon removal order: disposal fee","","Amazon.ca","","","","","","0","0","0","0","0","0","0","0","0","0","0","0","0","0","-1.62","-1.62"
"Nov 7, 2025 6:07:37 p.m. PST","24865604201","Adjustment","701-0251148-5814672","9B-5VGN-40SH","FBA Inventory Reimbursement - Customer Return","1","","","","","","","0","0","0","0","0","0","0","0","0","0","0","0","0","0","24.64","24.64"
"Nov 7, 2025 7:31:35 p.m. PST","24865604201","Order","701-2731120-8085038","9B-5VGN-40SH","Dream Reach 2 Pack Kitchen Scissors, Premium All-Metal Kitchen Shears, Heavy Duty Poultry Shears for Food, Food-Grade Stainless Steel Scissors, Gift f","1","amazon.ca","Amazon","Saskatoon","Saskatchewan","S7V 0P","Combined TCS+MTC","30.39","3.34","2.93","0","0","0","0","0","-2.93","0","-3.34","-4.56","-7.65","0","0","18.18"
"Nov 7, 2025 7:42:21 p.m. PST","24865604201","FBA Inventory Fee","CVENd+lHoM","","Fulfilment by Amazon removal order: disposal fee","","Amazon.ca","","","","","","0","0","0","0","0","0","0","0","0","0","0","0","0","0","-0.82","-0.82"
"Nov 7, 2025 9:36:57 p.m. PST","24865604201","Order","701-8276969-4985828","9B-5VGN-40SH","Dream Reach 2 Pack Kitchen Scissors, Premium All-Metal Kitchen Shears, Heavy Duty Poultry Shears for Food, Food-Grade Stainless Steel Scissors, Gift f","1","amazon.ca","Amazon","Nelson","British Columbia","V1L 6V","Combined TCS+MTC","30.39","3.65","0","0","0","0","0","0","0","0","-3.65","-4.56","-8.19","0","0","17.64"
"Nov 7, 2025 9:37:47 p.m. PST","24865604201","Order","702-1467312-4585819","9B-5VGN-40SH","Dream Reach 2 Pack Kitchen Scissors, Premium All-Metal Kitchen Shears, Heavy Duty Poultry Shears for Food, Food-Grade Stainless Steel Scissors, Gift f","1","amazon.ca","Amazon","Victoria","British Columbia","V9B 5V","Combined TCS+MTC","30.39","3.65","0","0","0","0","0","0","0","0","-3.65","-4.56","-8.19","0","0","17.64"
"Nov 7, 2025 10:23:30 p.m. PST","24865604201","Order","702-5339511-2269015","KF02-BBJ","Dream Reach Chef Knife, Japanese Kitchen Knife, Sharp Stainless Steel Viking Style Meat Knife with Wooden Handle, Feather Design Cooking Knife with Sh","1","amazon.ca","Amazon","St Thomas","Ontario","N5P 4M","Combined TCS+MTC","32.99","4.29","0","0","0","0","0","0","0","0","-4.29","-4.95","-7.13","0","0","20.91"
"Nov 7, 2025 10:25:31 p.m. PST","24865604201","Order","702-9623850-0852241","KF02-BBJ","Dream Reach Chef Knife, Japanese Kitchen Knife, Sharp Stainless Steel Viking Style Meat Knife with Wooden Handle, Feather Design Cooking Knife with Sh","1","amazon.ca","Amazon","Repentigny","Quebec","J6A 2N","Combined TCS+MTC","32.99","4.27","0","0","0","0","0","0","-4.50","0","-4.27","-4.27","-7.13","0","0","17.09"
"Nov 7, 2025 10:29:32 p.m. PST","24865604201","Order","701-8821470-2298666","9B-5VGN-40SH","Dream Reach 2 Pack Kitchen Scissors, Premium All-Metal Kitchen Shears, Heavy Duty Poultry Shears for Food, Food-Grade Stainless Steel Scissors, Gift f","1","amazon.ca","Amazon","Saint-Leonard","Quebec","H1P 1A","Combined TCS+MTC","30.39","4.55","0","0","0","0","0","0","0","0","-4.55","-4.56","-7.65","0","0","18.18"
"Nov 8, 2025 12:26:41 a.m. PST","24865604201","Order","701-3108027-9801018","KF02-BBJ","Dream Reach Chef Knife, Japanese Kitchen Knife, Sharp Stainless Steel Viking Style Meat Knife with Wooden Handle, Feather Design Cooking Knife with Sh","1","amazon.ca","Amazon","Edmonton","Alberta","T6K 0R","Combined TCS+MTC","32.99","1.42","0","0","0","0","0","0","-4.50","0","-1.42","-4.27","-7.13","0","0","17.09"
"Nov 8, 2025 12:48:57 a.m. PST","24865604201","Order","701-9546461-7782624","9B-5VGN-40SH","Dream Reach 2 Pack Kitchen Scissors, Premium All-Metal Kitchen Shears, Heavy Duty Poultry Shears for Food, Food-Grade Stainless Steel Scissors, Gift f","1","amazon.ca","Amazon","Stouffville","Ontario","L4A 3V","Combined TCS+MTC","30.39","3.95","0","0","0","0","0","0","0","0","-3.95","-4.56","-7.65","0","0","18.18"
"Nov 8, 2025 3:02:32 a.m. PST","24865604201","Order","702-5820944-6579466","9B-5VGN-40SH","Dream Reach 2 Pack Kitchen Scissors, Premium All-Metal Kitchen Shears, Heavy Duty Poultry Shears for Food, Food-Grade Stainless Steel Scissors, Gift f","1","amazon.ca","Amazon","Scarborough","Ontario","M1V 5M","Combined TCS+MTC","30.39","3.95","0","0","0","0","0","0","0","0","-3.95","-4.56","-7.65","0","0","18.18"
"Nov 8, 2025 5:46:46 a.m. PST","24865604201","Order","701-3492578-9893805","9B-5VGN-40SH","Dream Reach 2 Pack Kitchen Scissors, Premium All-Metal Kitchen Shears, Heavy Duty Poultry Shears for Food, Food-Grade Stainless Steel Scissors, Gift f","1","amazon.ca","Amazon","Edmonton","Alberta","T5C 1Z","Combined TCS+MTC","30.09","1.29","6.99","0","0","0","0","0","-11.35","0","-1.29","-3.86","-7.65","0","0","14.22"
"Nov 8, 2025 5:51:30 a.m. PST","24865604201","Order","702-2111950-0472213","9B-5VGN-40SH","Dream Reach 2 Pack Kitchen Scissors, Premium All-Metal Kitchen Shears, Heavy Duty Poultry Shears for Food, Food-Grade Stainless Steel Scissors, Gift f","1","amazon.ca","Amazon","Airdrie","Alberta","T4B 3N","Combined TCS+MTC","30.39","1.52","0","0","0","0","0","0","0","0","-1.52","-4.56","-7.65","0","0","18.18"
"Nov 8, 2025 5:54:07 a.m. PST","24865604201","Order","702-5675827-0881828","37-EQUL-C5MA","Dream Reach HIGH-END Series Japanese 440C Stainless 6.0"" 360° Swivel Thumb Ring Professional Barber Razor Edge Hairdressing Straight Cutting Scissors","1","amazon.ca","Amazon","Vancouver","British Columbia","V5T1T","Combined TCS+MTC","59.79","6.46","0","0","0","0","0","0","-5.98","0","-6.46","-8.07","-4.99","0","0","40.75"
"Nov 8, 2025 6:37:04 a.m. PST","24865604201","Order","701-1512545-0690630","9B-5VGN-40SH","Dream Reach 2 Pack Kitchen Scissors, Premium All-Metal Kitchen Shears, Heavy Duty Poultry Shears for Food, Food-Grade Stainless Steel Scissors, Gift f","1","amazon.ca","Amazon","Carleton Place","Ontario","K7C 0A","Combined TCS+MTC","30.39","3.95","0","0","0","0","0","0","0","0","-3.95","-4.56","-7.65","0","0","18.18"
"Nov 8, 2025 7:04:39 a.m. PST","24865604201","Order","701-0326660-9543446","HS1901","Dream Reach 6"" Professional Hair Cutting Scissors Japan 440C Steel Thinning Scissor for Men/Women Cutting for Salon/Barber/Home (Straight Scissors)","1","amazon.ca","Amazon","Sudbury","Ontario","P3B 1X","Combined TCS+MTC","43.99","5.72","0","0","0","0","0","0","0","0","-5.72","-6.60","-6.49","0","0","30.90"
"Nov 8, 2025 7:33:22 a.m. PST","24865604201","Order","701-7408168-0638608","KF05-BBJ","Dream Reach Meat Cleaver Knife Heavy Duty Bone Chopper High Carbon Steel Butcher Axe Bone Cutting Knife Hand Forged Butcher Knife for Kitchen Outdoor","1","amazon.ca","Amazon","Regina","SK","S4V 2T","Combined TCS+MTC","39.09","4.30","5.90","0","0","0","0","0","-5.90","0","-4.30","-5.86","-9.58","0","0","23.65"
"Nov 8, 2025 8:09:05 a.m. PST","24865604201","Order","702-3353488-6367427","9B-5VGN-40SH","Dream Reach 2 Pack Kitchen Scissors, Premium All-Metal Kitchen Shears, Heavy Duty Poultry Shears for Food, Food-Grade Stainless Steel Scissors, Gift f","1","amazon.ca","Amazon","Cornwall","Ontario","K6H 7C","Combined TCS+MTC","30.09","3.34","0","0","0","0","0","0","-4.36","0","-3.34","-3.86","-7.65","0","0","14.22"
"Nov 8, 2025 8:09:31 a.m. PST","24865604201","Order","702-3472274-2452202","9B-5VGN-40SH","Dream Reach 2 Pack Kitchen Scissors, Premium All-Metal Kitchen Shears, Heavy Duty Poultry Shears for Food, Food-Grade Stainless Steel Scissors, Gift f","1","amazon.ca","Amazon","Stoneham-Et-Tewkesbury","Quebec","G3C 2E","Combined TCS+MTC","30.39","4.55","0","0","0","0","0","0","0","0","-4.55","-4.56","-7.65","0","0","18.18"
"Nov 8, 2025 9:52:53 a.m. PST","24865604201","Order","702-2839276-0112221","KF02-BBJ","Dream Reach Chef Knife, Japanese Kitchen Knife, Sharp Stainless Steel Viking Style Meat Knife with Wooden Handle, Feather Design Cooking Knife with Sh","1","amazon.ca","Amazon","Victoria","British Columbia","V9B 3A","Combined TCS+MTC","32.99","3.96","5.21","0.63","0","0","0","0","0","0","-4.59","-4.95","-12.34","0","0","20.91"
"Nov 8, 2025 5:11:54 p.m. PST","24865604201","Order","701-3924202-5505052","8FS04-BJ","Dream Reach Dog Straight Scissors - 8 Inch 440C Stainless Steel Professional Pet Grooming Shears with Adjustable Screw","1","amazon.ca","Amazon","St-Jacques","Quebec","J0K 2R","Combined TCS+MTC","49.99","6.74","0","0","0","0","0","0","-5.00","0","-6.74","-6.75","-4.73","0","0","33.51"
"Nov 8, 2025 8:05:55 p.m. PST","24865604201","Refund","702-6972028-7303423","9B-5VGN-40SH","Dream Reach 2 Pack Kitchen Scissors, Premium All-Metal Kitchen Shears, Heavy Duty Poultry Shears for Food, Food-Grade Stainless Steel Scissors, Gift f","1","amazon.ca","Amazon","St-Lin-Laurentides","Quebec","J5M 2E","Combined TCS+MTC","-37.99","-5.69","0","0","0","0","0","0","0","0","5.69","4.56","0","0","0","-33.43"
"Nov 8, 2025 11:46:53 p.m. PST","24865604201","Order","702-6972028-7303423","9B-5VGN-40SH","Dream Reach 2 Pack Kitchen Scissors, Premium All-Metal Kitchen Shears, Heavy Duty Poultry Shears for Food, Food-Grade Stainless Steel Scissors, Gift f","1","amazon.ca","Amazon","St-Lin-Laurentides","Quebec","J5M 2E","Combined TCS+MTC","37.99","5.69","0","0","0","0","0","0","0","0","-5.69","-5.70","-7.65","0","0","24.64"
"Nov 8, 2025 11:58:16 p.m. PST","24865604201","Order","702-4890534-0844201","KF05-BBJ","Dream Reach Meat Cleaver Knife Heavy Duty Bone Chopper High Carbon Steel Butcher Axe Bone Cutting Knife Hand Forged Butcher Knife for Kitchen Outdoor","1","amazon.ca","Amazon","OTTAWA","ON","K1S3K","Combined TCS+MTC","38.99","5.07","0","0","0","0","0","0","0","0","-5.07","-5.85","-9.58","0","0","23.56"
"Nov 9, 2025 1:44:58 a.m. PST","24865604201","Order","701-2399807-2380220","9B-5VGN-40SH","Dream Reach 2 Pack Kitchen Scissors, Premium All-Metal Kitchen Shears, Heavy Duty Poultry Shears for Food, Food-Grade Stainless Steel Scissors, Gift f","1","amazon.ca","Amazon","Maple","Ontario","L6A 1L","Combined TCS+MTC","30.09","3.52","3.49","0","0","0","0","0","-6.50","0","-3.52","-4.06","-7.65","0","0","15.37"
"Nov 9, 2025 2:07:35 a.m. PST","24865604201","Order","702-2164895-6460267","9B-5VGN-40SH","Dream Reach 2 Pack Kitchen Scissors, Premium All-Metal Kitchen Shears, Heavy Duty Poultry Shears for Food, Food-Grade Stainless Steel Scissors, Gift f","1","amazon.ca","Amazon","Calgary","Alberta","T3B 1Y","Combined TCS+MTC","30.09","1.50","0","0","0","0","0","0","0","0","-1.50","-4.51","-7.65","0","0","17.93"
"Nov 9, 2025 2:52:19 a.m. PST","24865604201","Order","702-3944882-6312247","9B-5VGN-40SH","Dream Reach 2 Pack Kitchen Scissors, Premium All-Metal Kitchen Shears, Heavy Duty Poultry Shears for Food, Food-Grade Stainless Steel Scissors, Gift f","1","amazon.ca","Amazon","Kitchener","Ontario","N2N 2J","Combined TCS+MTC","30.09","3.52","2.33","0","0","0","0","0","-5.34","0","-3.52","-4.06","-7.65","0","0","15.37"
"Nov 9, 2025 3:45:12 a.m. PST","24865604201","Order","701-7507239-3153005","9B-5VGN-40SH","Dream Reach 2 Pack Kitchen Scissors, Premium All-Metal Kitchen Shears, Heavy Duty Poultry Shears for Food, Food-Grade Stainless Steel Scissors, Gift f","1","amazon.ca","Amazon","Bracebridge","Ontario","P1L 1J","Combined TCS+MTC","30.09","3.52","0","0","0","0","0","0","-3.01","0","-3.52","-4.06","-7.65","0","0","15.37"
"Nov 9, 2025 3:55:21 a.m. PST","24865604201","Order","702-0688946-6374601","9B-5VGN-40SH","Dream Reach 2 Pack Kitchen Scissors, Premium All-Metal Kitchen Shears, Heavy Duty Poultry Shears for Food, Food-Grade Stainless Steel Scissors, Gift f","1","amazon.ca","Amazon","Swastika","Ontario","P0K 1T","Combined TCS+MTC","30.39","3.95","0","0","0","0","0","0","0","0","-3.95","-4.56","-7.65","0","0","18.18"
"Nov 9, 2025 4:34:41 a.m. PST","24865604201","Order","702-2483982-5591445","9B-5VGN-40SH","Dream Reach 2 Pack Kitchen Scissors, Premium All-Metal Kitchen Shears, Heavy Duty Poultry Shears for Food, Food-Grade Stainless Steel Scissors, Gift f","1","amazon.ca","Amazon","Richmond Hill","Ontario","L4B 2W","Combined TCS+MTC","30.39","3.95","3.92","0","0","0","0","0","-3.92","0","-3.95","-4.56","-7.65","0","0","18.18"
"Nov 9, 2025 4:35:51 a.m. PST","24865604201","Order","701-5023411-1261849","9B-5VGN-40SH","Dream Reach 2 Pack Kitchen Scissors, Premium All-Metal Kitchen Shears, Heavy Duty Poultry Shears for Food, Food-Grade Stainless Steel Scissors, Gift f","1","amazon.ca","Amazon","Calgary","Alberta","T2K 3P","Combined TCS+MTC","30.09","1.29","0","0","0","0","0","0","-4.36","0","-1.29","-3.86","-7.65","0","0","14.22"
"Nov 9, 2025 4:36:29 a.m. PST","24865604201","Order","702-3590216-4288264","CWJ02-Black7Set-BBJ","Dream Reach Dog Grooming Scissors - Professional 6 in 1 Pet Grooming Kit Sharp and Durable Shears Set Thinning, Chunker, Straight, Curved Shears and C","1","amazon.ca","Amazon","Hamilton","Ontario","L8P 0C","Combined TCS+MTC","39.41","4.61","0","0","0","0","0","0","-3.94","0","-4.61","-5.32","-7.65","0","0","22.50"
"Nov 9, 2025 5:35:38 a.m. PST","24865604201","Order","701-7751319-3338622","HS1901","Dream Reach 6"" Professional Hair Cutting Scissors Japan 440C Steel Thinning Scissor for Men/Women Cutting for Salon/Barber/Home (Straight Scissors)","1","amazon.ca","Amazon","Saint-Lin-Laurentides","Quebec","J5M 1E","Combined TCS+MTC","43.99","6.59","0","0","0","0","0","0","0","0","-6.59","-6.60","-6.49","0","0","30.90"
"Nov 9, 2025 6:23:00 a.m. PST","24865604201","Order","702-6353374-6453017","9B-5VGN-40SH","Dream Reach 2 Pack Kitchen Scissors, Premium All-Metal Kitchen Shears, Heavy Duty Poultry Shears for Food, Food-Grade Stainless Steel Scissors, Gift f","1","amazon.ca","Amazon","Tottenham","Ontario","L0G 1W","Combined TCS+MTC","30.39","3.95","0","0","0","0","0","0","0","0","-3.95","-4.56","-7.65","0","0","18.18"
"Nov 9, 2025 6:29:40 a.m. PST","24865604201","Order","702-6956250-3500239","9B-5VGN-40SH","Dream Reach 2 Pack Kitchen Scissors, Premium All-Metal Kitchen Shears, Heavy Duty Poultry Shears for Food, Food-Grade Stainless Steel Scissors, Gift f","1","amazon.ca","Amazon","Hope","British Columbia","V0X 1L","Combined TCS+MTC","30.09","3.09","0","0","0","0","0","0","-4.36","0","-3.09","-3.86","-8.19","0","0","13.68"
"Nov 9, 2025 6:48:12 a.m. PST","24865604201","Order","701-4604867-8614668","KF02-BBJ","Dream Reach Chef Knife, Japanese Kitchen Knife, Sharp Stainless Steel Viking Style Meat Knife with Wooden Handle, Feather Design Cooking Knife with Sh","1","amazon.ca","Amazon","Edmonton","Alberta","T6K 0R","Combined TCS+MTC","32.99","1.65","0","0","0","0","0","0","0","0","-1.65","-4.95","-7.13","0","0","20.91"
"Nov 9, 2025 7:37:13 a.m. PST","24865604201","Order","701-4060241-6469042","KF02-BBJ","Dream Reach Chef Knife, Japanese Kitchen Knife, Sharp Stainless Steel Viking Style Meat Knife with Wooden Handle, Feather Design Cooking Knife with Sh","1","amazon.ca","Amazon","Les Cèdres","Quebec","J7T0C","Combined TCS+MTC","36.99","4.99","0","0","0","0","0","0","-3.70","0","-4.99","-4.99","-7.13","0","0","21.17"
"Nov 9, 2025 7:52:46 a.m. PST","24865604201","Refund","701-8977008-6627430","KF02-BBJ","Dream Reach Chef Knife, Japanese Kitchen Knife, Sharp Stainless Steel Viking Style Meat Knife with Wooden Handle, Feather Design Cooking Knife with Sh","1","amazon.ca","Amazon","london","ontario","N6C 3A","Combined TCS+MTC","-36.99","-4.81","0","0","0","0","0","0","0","0","4.81","4.44","0","0","0","-32.55"
"Nov 9, 2025 7:59:49 a.m. PST","24865604201","Order","702-4815403-2353025","HS1901","Dream Reach 6"" Professional Hair Cutting Scissors Japan 440C Steel Thinning Scissor for Men/Women Cutting for Salon/Barber/Home (Straight Scissors)","1","amazon.ca","Amazon","Brampton","Ontario","L6T 4E","Combined TCS+MTC","43.99","5.72","0","0","0","0","0","0","0","0","-5.72","-6.60","-6.49","0","0","30.90"
"Nov 9, 2025 8:17:31 a.m. PST","24865604201","Order","701-8977008-6627430","KF02-BBJ","Dream Reach Chef Knife, Japanese Kitchen Knife, Sharp Stainless Steel Viking Style Meat Knife with Wooden Handle, Feather Design Cooking Knife with Sh","1","amazon.ca","Amazon","london","ontario","N6C 3A","Combined TCS+MTC","36.99","4.81","0","0","0","0","0","0","0","0","-4.81","-5.55","-7.13","0","0","24.31"
"Nov 9, 2025 4:53:15 p.m. PST","24865604201","Service Fee","","","Cost of advertising","","","","","","","","0","0","0","0","0","0","0","0","0","0","0","0","0","-500.52","0","-500.52"
"Nov 9, 2025 6:17:47 p.m. PST","24865604201","Refund","702-2799224-1961010","KF02-BBJ","Dream Reach Chef Knife, Japanese Kitchen Knife, Sharp Stainless Steel Viking Style Meat Knife with Wooden Handle, Feather Design Cooking Knife with Sh","1","amazon.ca","Amazon","Drummondville","Quebec","J2A 2X","Combined TCS+MTC","-32.99","-4.27","-3.93","0","0","0","0","0","8.43","0","4.27","3.42","0","0","0","-25.07"
"Nov 9, 2025 9:54:22 p.m. PST","24865604201","Order","702-3666542-9540239","9B-5VGN-40SH","Dream Reach 2 Pack Kitchen Scissors, Premium All-Metal Kitchen Shears, Heavy Duty Poultry Shears for Food, Food-Grade Stainless Steel Scissors, Gift f","1","amazon.ca","Amazon","Edmonton","Alberta","T5A 4E","Combined TCS+MTC","30.09","1.35","6.99","0","0","0","0","0","-10.00","0","-1.35","-4.06","-7.65","0","0","15.37"
"Nov 9, 2025 10:17:52 p.m. PST","24865604201","Order","702-6140409-9325810","KF01-BBJ","Dream Reach Viking Cleaver Knife Butcher Meat Cutting Boning Knife High Carbon Steel Kitchen Axe with Sheath Home Outdoor BBQ Camping Birthday Christm","1","amazon.ca","Amazon","Port Colborne","Ontario","L3K 1H","Combined TCS+MTC","39.99","4.68","0","0","0","0","0","0","-4.00","0","-4.68","-5.40","-7.65","0","0","22.94"
"Nov 9, 2025 10:45:17 p.m. PST","24865604201","Order","701-5579099-2267429","CWJ02-Purple7Set-BBJ","Dream Reach Dog Grooming Scissors - 7"" Professional 6 in 1 Pet Scissors Sharp and Durable Shears Set Thinning, Chunker, Straight, Curved Shears and Co","1","amazon.ca","Amazon","Taber","Alberta","T1G 1A","Combined TCS+MTC","42.74","2.14","0","0","0","0","0","0","0","0","-2.14","-6.41","-6.74","0","0","29.59"
"Nov 9, 2025 11:32:59 p.m. PST","24865604201","Order","702-2575843-6434667","9B-5VGN-40SH","Dream Reach 2 Pack Kitchen Scissors, Premium All-Metal Kitchen Shears, Heavy Duty Poultry Shears for Food, Food-Grade Stainless Steel Scissors, Gift f","1","amazon.ca","Amazon","Calgary","Alberta","T3K 0J","Combined TCS+MTC","30.09","1.50","0","0","0","0","0","0","0","0","-1.50","-4.51","-7.65","0","0","17.93"
"Nov 10, 2025 12:08:53 a.m. PST","24865604201","Order","701-3590530-2452255","KF05-BBJ","Dream Reach Meat Cleaver Knife Heavy Duty Bone Chopper High Carbon Steel Butcher Axe Bone Cutting Knife Hand Forged Butcher Knife for Kitchen Outdoor","1","amazon.ca","Amazon","Mississauga","Ontario","L5A 2A","Combined TCS+MTC","38.99","5.07","0","0","0","0","0","0","0","0","-5.07","-5.85","-9.58","0","0","23.56"
"Nov 10, 2025 12:52:46 a.m. PST","24865604201","Refund","702-9890958-1465822","KF02-BBJ","Dream Reach Chef Knife, Japanese Kitchen Knife, Sharp Stainless Steel Viking Style Meat Knife with Wooden Handle, Feather Design Cooking Knife with Sh","1","amazon.ca","Amazon","Calgary","Alberta","T3E 4T","Combined TCS+MTC","-32.99","-1.65","-2.93","0","0","0","0","0","2.93","0","1.65","3.96","0","0","0","-29.03"
"Nov 10, 2025 1:33:51 a.m. PST","24865604201","Order","701-2772040-5050623","9B-5VGN-40SH","Dream Reach 2 Pack Kitchen Scissors, Premium All-Metal Kitchen Shears, Heavy Duty Poultry Shears for Food, Food-Grade Stainless Steel Scissors, Gift f","1","amazon.ca","Amazon","Gatineau","Quebec","J8Y 5W","Combined TCS+MTC","30.09","4.51","0","0","0","0","0","0","0","0","-4.51","-4.51","-7.65","0","0","17.93"
"Nov 10, 2025 1:34:55 a.m. PST","24865604201","Order","702-9890958-1465822","KF02-BBJ","Dream Reach Chef Knife, Japanese Kitchen Knife, Sharp Stainless Steel Viking Style Meat Knife with Wooden Handle, Feather Design Cooking Knife with Sh","1","amazon.ca","Amazon","Calgary","Alberta","T3E 4T","Combined TCS+MTC","32.99","1.65","2.93","0","0","0","0","0","-2.93","0","-1.65","-4.95","-7.13","0","0","20.91"
"Nov 10, 2025 2:20:18 a.m. PST","24865604201","Order","701-7108771-2138602","9B-5VGN-40SH","Dream Reach 2 Pack Kitchen Scissors, Premium All-Metal Kitchen Shears, Heavy Duty Poultry Shears for Food, Food-Grade Stainless Steel Scissors, Gift f","1","amazon.ca","Amazon","Longueuil","Quebec","J4K 3L","Combined TCS+MTC","30.09","4.51","0","0","0","0","0","0","0","0","-4.51","-4.51","-7.65","0","0","17.93"
"Nov 10, 2025 2:49:01 a.m. PST","24865604201","Order","701-3748733-4482645","9B-5VGN-40SH","Dream Reach 2 Pack Kitchen Scissors, Premium All-Metal Kitchen Shears, Heavy Duty Poultry Shears for Food, Food-Grade Stainless Steel Scissors, Gift f","1","amazon.ca","Amazon","Ompah","Ontario","K0H 2J","Combined TCS+MTC","30.39","3.95","2.24","0","0","0","0","0","-2.24","0","-3.95","-4.56","-7.65","0","0","18.18"
"Nov 10, 2025 3:06:18 a.m. PST","24865604201","Order","702-2799224-1961010","KF02-BBJ","Dream Reach Chef Knife, Japanese Kitchen Knife, Sharp Stainless Steel Viking Style Meat Knife with Wooden Handle, Feather Design Cooking Knife with Sh","1","amazon.ca","Amazon","Drummondville","Quebec","J2A 2X","Combined TCS+MTC","32.99","4.27","3.93","0","0","0","0","0","-8.43","0","-4.27","-4.27","-7.13","0","0","17.09"
"Nov 10, 2025 3:38:33 a.m. PST","24865604201","Order","702-8159072-7066613","KF05-BBJ","Dream Reach Meat Cleaver Knife Heavy Duty Bone Chopper High Carbon Steel Butcher Axe Bone Cutting Knife Hand Forged Butcher Knife for Kitchen Outdoor","1","amazon.ca","Amazon","Edmonton","Alberta","T5Z 3L","Combined TCS+MTC","38.99","1.95","6.99","0","0","0","0","0","-6.99","0","-1.95","-5.85","-9.58","0","0","23.56"
"Nov 10, 2025 4:10:50 a.m. PST","24865604201","Order","702-5121109-4532227","9B-5VGN-40SH","Dream Reach 2 Pack Kitchen Scissors, Premium All-Metal Kitchen Shears, Heavy Duty Poultry Shears for Food, Food-Grade Stainless Steel Scissors, Gift f","1","amazon.ca","Amazon","Edmonton","Alberta","T6T 0R","Combined TCS+MTC","30.09","1.35","6.99","0","0","0","0","0","-10.00","0","-1.35","-4.06","-7.65","0","0","15.37"
"Nov 10, 2025 4:30:41 a.m. PST","24865604201","Amazon fees","0cbecf52-85c4-4f9d-8dd3-f51daf6ea64c","","Deal participation fee","","Amazon.ca","","","","","","0","0","0","0","0","0","0","0","0","0","0","-5.00","0","0","0","-5.00"
"Nov 10, 2025 4:34:24 a.m. PST","24865604201","Amazon fees","0cbecf52-85c4-4f9d-8dd3-f51daf6ea64c","","Deal performance-based fee","","Amazon.ca","","","","","","0","0","0","0","0","0","0","0","0","0","0","-0.85","0","0","0","-0.85"
"Nov 10, 2025 4:58:00 a.m. PST","24865604201","Order","701-0008376-6298650","9B-5VGN-40SH","Dream Reach 2 Pack Kitchen Scissors, Premium All-Metal Kitchen Shears, Heavy Duty Poultry Shears for Food, Food-Grade Stainless Steel Scissors, Gift f","1","amazon.ca","Amazon","Calgary","Alberta","T3H 5G","Combined TCS+MTC","30.09","1.50","0","0","0","0","0","0","0","0","-1.50","-4.51","-7.65","0","0","17.93"
"Nov 10, 2025 5:10:36 a.m. PST","24865604201","Order","701-9949784-7493832","KF01-BBJ","Dream Reach Viking Cleaver Knife Butcher Meat Cutting Boning Knife High Carbon Steel Kitchen Axe with Sheath Home Outdoor BBQ Camping Birthday Christm","1","amazon.ca","Amazon","Vancouver","British Columbia","V6P 3V","Combined TCS+MTC","39.99","4.32","6.99","0","0","0","0","0","-10.99","0","-4.32","-5.40","-8.19","0","0","22.40"
"Nov 10, 2025 5:39:03 a.m. PST","24865604201","Order","702-3137640-5630606","9B-5VGN-40SH","Dream Reach 2 Pack Kitchen Scissors, Premium All-Metal Kitchen Shears, Heavy Duty Poultry Shears for Food, Food-Grade Stainless Steel Scissors, Gift f","1","amazon.ca","Amazon","Regina","Saskatchewan","S4X 0B","Combined TCS+MTC","30.09","2.83","0","0","0","0","0","0","-4.36","0","-2.83","-3.86","-7.65","0","0","14.22"
"Nov 10, 2025 6:19:14 a.m. PST","24865604201","Order","701-4638533-5978610","9B-5VGN-40SH","Dream Reach 2 Pack Kitchen Scissors, Premium All-Metal Kitchen Shears, Heavy Duty Poultry Shears for Food, Food-Grade Stainless Steel Scissors, Gift f","1","amazon.ca","Amazon","Hamilton","Ontario","L9C 7S","Combined TCS+MTC","30.09","3.91","3.50","0","0","0","0","0","-3.50","0","-3.91","-4.51","-7.65","0","0","17.93"
"Nov 10, 2025 6:55:13 a.m. PST","24865604201","Order","702-0053313-1769048","37-EQUL-C5MA","Dream Reach HIGH-END Series Japanese 440C Stainless 6.0"" 360° Swivel Thumb Ring Professional Barber Razor Edge Hairdressing Straight Cutting Scissors","1","amazon.ca","Amazon","Laval","Quebec","H7K 0E","Combined TCS+MTC","59.79","8.95","0","0","0","0","0","0","0","0","-8.95","-8.97","-4.99","0","0","45.83"
"Nov 10, 2025 7:02:34 a.m. PST","24865604201","Order","701-0644886-6756203","KF05-BBJ","Dream Reach Meat Cleaver Knife Heavy Duty Bone Chopper High Carbon Steel Butcher Axe Bone Cutting Knife Hand Forged Butcher Knife for Kitchen Outdoor","1","amazon.ca","Amazon","Quebec","Quebec","G1T 1W","Combined TCS+MTC","38.99","5.84","0","0","0","0","0","0","0","0","-5.84","-5.85","-9.58","0","0","23.56"
"Nov 10, 2025 7:21:47 a.m. PST","24865604201","Order","701-4890424-1048256","KF04-BBJ","Dream Reach Meat Bone Cleaver Knife for Meat Cutting Handmade Heavy Duty Butcher Axes Hand Forged Full Tang Chopper for Kitchen Outdoor BBQ Chef Gifts","1","amazon.ca","Amazon","Joliette","Quebec","J6E 0E","Combined TCS+MTC","34.99","4.72","0","0","0","0","0","0","-3.50","0","-4.72","-4.72","-8.74","0","0","18.03"
"Nov 10, 2025 7:40:38 a.m. PST","24865604201","Order","702-9541998-8904204","KF02-BBJ","Dream Reach Chef Knife, Japanese Kitchen Knife, Sharp Stainless Steel Viking Style Meat Knife with Wooden Handle, Feather Design Cooking Knife with Sh","1","amazon.ca","Amazon","Gatineau","Quebec","J9H 0K","Combined TCS+MTC","36.99","5.54","0","0","0","0","0","0","0","0","-5.54","-5.55","-7.13","0","0","24.31"
"Nov 10, 2025 8:00:22 a.m. PST","24865604201","Order","702-8919605-1649865","9B-5VGN-40SH","Dream Reach 2 Pack Kitchen Scissors, Premium All-Metal Kitchen Shears, Heavy Duty Poultry Shears for Food, Food-Grade Stainless Steel Scissors, Gift f","1","amazon.ca","Amazon","Prince George","British Columbia","V2M 5A","Combined TCS+MTC","30.39","3.65","0","0","0","0","0","0","0","0","-3.65","-4.56","-7.65","0","0","18.18"
"Nov 10, 2025 7:14:23 p.m. PST","24865604201","Refund","702-6907889-9845869","9B-5VGN-40SH","Dream Reach 2 Pack Kitchen Scissors, All-metal, No Plastic Kitchen Shears All Purpose, Heavy Duty Poultry Shears for Food, Food-Grade Stainless Steel","1","amazon.ca","Amazon","Calgary","Alberta","T2P 5P","Combined TCS+MTC","-26.59","-1.33","0","0","0","0","0","0","0","0","1.33","3.19","0","0","0","-23.40"
"Nov 10, 2025 9:17:37 p.m. PST","24865604201","Order","702-7179368-8276246","9B-5VGN-40SH","Dream Reach 2 Pack Kitchen Scissors, Premium All-Metal Kitchen Shears, Heavy Duty Poultry Shears for Food, Food-Grade Stainless Steel Scissors, Gift f","1","amazon.ca","Amazon","Coquitlam","BC","V3B 7M","Combined TCS+MTC","30.09","3.61","0","0","0","0","0","0","0","0","-3.61","-4.51","-7.65","0","0","17.93"
"Nov 10, 2025 9:59:48 p.m. PST","24865604201","Order","702-0940586-5762620","9B-5VGN-40SH","Dream Reach 2 Pack Kitchen Scissors, Premium All-Metal Kitchen Shears, Heavy Duty Poultry Shears for Food, Food-Grade Stainless Steel Scissors, Gift f","1","amazon.ca","Amazon","Calgary","Alberta","T3G 4P","Combined TCS+MTC","30.09","1.50","0","0","0","0","0","0","0","0","-1.50","-4.51","-7.65","0","0","17.93"
"Nov 10, 2025 10:10:30 p.m. PST","24865604201","Order","701-0117800-6449802","9B-5VGN-40SH","Dream Reach 2 Pack Kitchen Scissors, Premium All-Metal Kitchen Shears, Heavy Duty Poultry Shears for Food, Food-Grade Stainless Steel Scissors, Gift f","1","amazon.ca","Amazon","Burnaby","BC","V5H 4N","Combined TCS+MTC","30.09","3.25","0","0","0","0","0","0","-3.01","0","-3.25","-4.06","-8.19","0","0","14.83"
"Nov 10, 2025 10:56:21 p.m. PST","24865604201","Order","702-0310416-4664255","9B-5VGN-40SH","Dream Reach 2 Pack Kitchen Scissors, Premium All-Metal Kitchen Shears, Heavy Duty Poultry Shears for Food, Food-Grade Stainless Steel Scissors, Gift f","1","amazon.ca","Amazon","Calgary","Alberta","T2R 1C","Combined TCS+MTC","30.09","1.50","0","0","0","0","0","0","0","0","-1.50","-4.51","-7.65","0","0","17.93"
"Nov 11, 2025 1:06:31 a.m. PST","24865604201","Order","702-6380279-7005843","KF01-BBJ","Dream Reach Viking Cleaver Knife Butcher Meat Cutting Boning Knife High Carbon Steel Kitchen Axe with Sheath Home Outdoor BBQ Camping Birthday Christm","1","amazon.ca","Amazon","The Blue Mountains","Ontario","L9Y 0M","Combined TCS+MTC","39.99","5.20","0","0","0","0","0","0","0","0","-5.20","-6.00","-7.65","0","0","26.34"
"Nov 11, 2025 1:13:44 a.m. PST","24865604201","Order","701-9047973-2467419","9B-5VGN-40SH","Dream Reach 2 Pack Kitchen Scissors, Premium All-Metal Kitchen Shears, Heavy Duty Poultry Shears for Food, Food-Grade Stainless Steel Scissors, Gift f","1","amazon.ca","Amazon","Winnipeg","Manitoba","R2N 1K","Combined TCS+MTC","30.09","3.25","0","0","0","0","0","0","-3.01","0","-3.25","-4.06","-7.65","0","0","15.37"
"Nov 11, 2025 1:14:53 a.m. PST","24865604201","Order","702-8551517-3452206","CWJ02-Purple7Set-BBJ","Dream Reach Dog Grooming Scissors - 7"" Professional 6 in 1 Pet Scissors Sharp and Durable Shears Set Thinning, Chunker, Straight, Curved Shears and Co","1","amazon.ca","Amazon","Maple Ridge","British Columbia","V2W 0K","Combined TCS+MTC","42.74","4.62","0","0","0","0","0","0","-4.27","0","-4.62","-5.77","-6.74","0","0","25.96"
"Nov 11, 2025 2:14:46 a.m. PST","24865604201","Order","702-9144921-9605052","9B-5VGN-40SH","Dream Reach 2 Pack Kitchen Scissors, Premium All-Metal Kitchen Shears, Heavy Duty Poultry Shears for Food, Food-Grade Stainless Steel Scissors, Gift f","1","amazon.ca","Amazon","Calgary","Alberta","T2Z 0G","Combined TCS+MTC","30.09","1.35","0","0","0","0","0","0","-3.01","0","-1.35","-4.06","-7.65","0","0","15.37"
"Nov 11, 2025 2:28:05 a.m. PST","24865604201","Order","702-8634259-2357841","9B-5VGN-40SH","Dream Reach 2 Pack Kitchen Scissors, Premium All-Metal Kitchen Shears, Heavy Duty Poultry Shears for Food, Food-Grade Stainless Steel Scissors, Gift f","1","amazon.ca","Amazon","Calgary","Alberta","T3Z 0A","Combined TCS+MTC","30.09","1.35","0","0","0","0","0","0","-3.01","0","-1.35","-4.06","-7.65","0","0","15.37"
"Nov 11, 2025 2:35:48 a.m. PST","24865604201","Order","702-0432040-1637049","KF05-BBJ","Dream Reach Meat Cleaver Knife Heavy Duty Bone Chopper High Carbon Steel Butcher Axe Bone Cutting Knife Hand Forged Butcher Knife for Kitchen Outdoor","1","amazon.ca","Amazon","Moyie","British Columbia","V0B 2A","Combined TCS+MTC","38.99","4.68","0","0","0","0","0","0","0","0","-4.68","-5.85","-9.58","0","0","23.56"
"Nov 11, 2025 3:01:34 a.m. PST","24865604201","Order","701-5208519-2462648","9B-5VGN-40SH","Dream Reach 2 Pack Kitchen Scissors, Premium All-Metal Kitchen Shears, Heavy Duty Poultry Shears for Food, Food-Grade Stainless Steel Scissors, Gift f","1","amazon.ca","Amazon","Red Deer","Alberta","T4P 3T","Combined TCS+MTC","30.09","1.35","0","0","0","0","0","0","-3.01","0","-1.35","-4.06","-7.65","0","0","15.37"
"Nov 11, 2025 3:05:30 a.m. PST","24865604201","Order","701-1730239-8336218","KF02-BBJ","Dream Reach Chef Knife, Japanese Kitchen Knife, Sharp Stainless Steel Viking Style Meat Knife with Wooden Handle, Feather Design Cooking Knife with Sh","1","amazon.ca","Amazon","Clive","Alberta","T0C 0Y","Combined TCS+MTC","32.99","1.65","5.96","0.30","0","0","0","0","0","0","-1.95","-4.95","-13.09","0","0","20.91"
"Nov 11, 2025 4:30:36 a.m. PST","24865604201","Order","702-6489113-1775454","9B-5VGN-40SH","Dream Reach 2 Pack Kitchen Scissors, Premium All-Metal Kitchen Shears, Heavy Duty Poultry Shears for Food, Food-Grade Stainless Steel Scissors, Gift f","1","amazon.ca","Amazon","Toronto","Ontario","M6S 4M","Combined TCS+MTC","30.09","3.91","0","0","0","0","0","0","0","0","-3.91","-4.51","-7.65","0","0","17.93"
"Nov 11, 2025 4:34:12 a.m. PST","24865604201","Order","701-7691274-5969865","9B-5VGN-40SH","Dream Reach 2 Pack Kitchen Scissors, Premium All-Metal Kitchen Shears, Heavy Duty Poultry Shears for Food, Food-Grade Stainless Steel Scissors, Gift f","1","amazon.ca","Amazon","Ottawa","Ontario","K1T 2T","Combined TCS+MTC","30.09","3.91","0","0","0","0","0","0","0","0","-3.91","-4.51","-7.65","0","0","17.93"
"Nov 11, 2025 4:43:51 a.m. PST","24865604201","Amazon fees","2e150a7a-9c72-497d-9dd6-621ad56c2bf3","","Deal performance-based fee","","Amazon.ca","","","","","","0","0","0","0","0","0","0","0","0","0","0","-1.54","0","0","0","-1.54"
"Nov 11, 2025 4:50:00 a.m. PST","24865604201","Amazon fees","2e150a7a-9c72-497d-9dd6-621ad56c2bf3","","Deal participation fee","","Amazon.ca","","","","","","0","0","0","0","0","0","0","0","0","0","0","-5.00","0","0","0","-5.00"
"Nov 11, 2025 5:27:52 a.m. PST","24865604201","Order","702-2138370-5050663","9B-5VGN-40SH","Dream Reach 2 Pack Kitchen Scissors, Premium All-Metal Kitchen Shears, Heavy Duty Poultry Shears for Food, Food-Grade Stainless Steel Scissors, Gift f","1","amazon.ca","Amazon","Surrey","BC","V4N 5T","Combined TCS+MTC","30.09","3.61","0","0","0","0","0","0","0","0","-3.61","-4.51","-8.19","0","0","17.39"
"Nov 11, 2025 6:01:48 a.m. PST","24865604201","Order","702-1984821-1253835","KF01-BBJ","Dream Reach Viking Cleaver Knife Butcher Meat Cutting Boning Knife High Carbon Steel Kitchen Axe with Sheath Home Outdoor BBQ Camping Birthday Christm","1","amazon.ca","Amazon","Paradise","Newfoundland","A1L 0A","Combined TCS+MTC","39.99","6.00","0","0","0","0","0","0","0","0","-6.00","-6.00","-7.65","0","0","26.34"
"Nov 11, 2025 6:05:23 a.m. PST","24865604201","Order","702-7784529-7348200","9B-5VGN-40SH","Dream Reach 2 Pack Kitchen Scissors, Premium All-Metal Kitchen Shears, Heavy Duty Poultry Shears for Food, Food-Grade Stainless Steel Scissors, Gift f","1","amazon.ca","Amazon","Vancouver","British Columbia","V6J 4X","Combined TCS+MTC","30.09","3.25","0","0","0","0","0","0","-3.01","0","-3.25","-4.06","-8.19","0","0","14.83"
"Nov 11, 2025 6:26:06 a.m. PST","24865604201","Refund","701-0117800-6449802","9B-5VGN-40SH","Dream Reach 2 Pack Kitchen Scissors, Premium All-Metal Kitchen Shears, Heavy Duty Poultry Shears for Food, Food-Grade Stainless Steel Scissors, Gift f","1","amazon.ca","Amazon","Burnaby","BC","V5H 4N","Combined TCS+MTC","-30.09","-3.25","0","0","0","0","0","0","3.01","0","3.25","3.25","0","0","0","-23.83"
"Nov 11, 2025 7:53:58 a.m. PST","24865604201","Order","701-2700905-8904231","9B-5VGN-40SH","Dream Reach 2 Pack Kitchen Scissors, Premium All-Metal Kitchen Shears, Heavy Duty Poultry Shears for Food, Food-Grade Stainless Steel Scissors, Gift f","1","amazon.ca","Amazon","Keswick","Ontario","L4P 4B","Combined TCS+MTC","30.09","3.52","0","0","0","0","0","0","-3.01","0","-3.52","-4.06","-7.65","0","0","15.37"
"Nov 11, 2025 8:16:03 a.m. PST","24865604201","Order","701-7542121-3759462","KF04-BBJ","Dream Reach Meat Bone Cleaver Knife for Meat Cutting Handmade Heavy Duty Butcher Axes Hand Forged Full Tang Chopper for Kitchen Outdoor BBQ Chef Gifts","1","amazon.ca","Amazon","Clive","Alberta","T0C 0Y","Combined TCS+MTC","36.54","1.83","5.90","0","0","0","0","0","-5.90","0","-1.83","-5.48","-8.74","0","0","22.32"
"Nov 12, 2025 1:18:07 a.m. PST","24865604201","Order","701-8873466-1128238","9B-5VGN-40SH","Dream Reach 2 Pack Kitchen Scissors, Premium All-Metal Kitchen Shears, Heavy Duty Poultry Shears for Food, Food-Grade Stainless Steel Scissors, Gift f","1","amazon.ca","Amazon","Russell","Ontario","K4R 1C","Combined TCS+MTC","30.09","3.91","6.99","0","0","0","0","0","-6.99","0","-3.91","-4.51","-7.65","0","0","17.93"
"Nov 12, 2025 1:36:23 a.m. PST","24865604201","Order","701-4359191-7812210","KF05-BBJ","Dream Reach Meat Cleaver Knife Heavy Duty Bone Chopper High Carbon Steel Butcher Axe Bone Cutting Knife Hand Forged Butcher Knife for Kitchen Outdoor","1","amazon.ca","Amazon","Yellowhead County","Alberta","T7E 3H","Combined TCS+MTC","38.99","1.75","0","0","0","0","0","0","-3.90","0","-1.75","-5.26","-9.58","0","0","20.25"
"Nov 12, 2025 3:32:06 a.m. PST","24865604201","Order","701-5687613-2081867","9B-5VGN-40SH","Dream Reach 2 Pack Kitchen Scissors, Premium All-Metal Kitchen Shears, Heavy Duty Poultry Shears for Food, Food-Grade Stainless Steel Scissors, Gift f","1","amazon.ca","Amazon","Nolalu","Ontario","P0T 2K","Combined TCS+MTC","30.39","3.95","2.35","0","0","0","0","0","-2.35","0","-3.95","-4.56","-7.65","0","0","18.18"
"Nov 12, 2025 5:39:40 a.m. PST","24865604201","Order","701-2539978-4356261","9B-5VGN-40SH","Dream Reach 2 Pack Kitchen Scissors, Premium All-Metal Kitchen Shears, Heavy Duty Poultry Shears for Food, Food-Grade Stainless Steel Scissors, Gift f","1","amazon.ca","Amazon","Saint-Francois-D'Assise","Quebec","G0J 2N","Combined TCS+MTC","30.09","4.51","0","0","0","0","0","0","0","0","-4.51","-4.51","-7.65","0","0","17.93"
"Nov 12, 2025 6:09:21 a.m. PST","24865604201","Order","701-9877472-1080245","9B-5VGN-40SH","Dream Reach 2 Pack Kitchen Scissors, Premium All-Metal Kitchen Shears, Heavy Duty Poultry Shears for Food, Food-Grade Stainless Steel Scissors, Gift f","1","amazon.ca","Amazon","Burnaby","British Columbia","V5G 4R","Combined TCS+MTC","30.09","3.61","0","0","0","0","0","0","0","0","-3.61","-4.51","-8.19","0","0","17.39"
"Nov 12, 2025 7:38:33 a.m. PST","24865604201","Order","701-8793345-5513064","HS1901","Dream Reach 6"" Professional Hair Cutting Scissors Japan 440C Steel Thinning Scissor for Men/Women Cutting for Salon/Barber/Home (Straight Scissors)","1","amazon.ca","Amazon","Calgary","AB","T3B 2B","Combined TCS+MTC","43.99","1.98","0","0","0","0","0","0","-4.40","0","-1.98","-5.94","-6.49","0","0","27.16"
"Nov 12, 2025 8:11:27 a.m. PST","24865604201","Order","701-4587353-2693816","KF01-BBJ","Dream Reach Viking Cleaver Knife Butcher Meat Cutting Boning Knife High Carbon Steel Kitchen Axe with Sheath Home Outdoor BBQ Camping Birthday Christm","1","amazon.ca","Amazon","Tilley","New Brunswick","E7H 4X","Combined TCS+MTC","39.99","5.40","0","0","0","0","0","0","-4.00","0","-5.40","-5.40","-7.65","0","0","22.94"
"Nov 12, 2025 12:16:51 p.m. PST","24865604201","Order","701-9171365-2217804","KF01-BBJ","Dream Reach Viking Cleaver Knife Butcher Meat Cutting Boning Knife High Carbon Steel Kitchen Axe with Sheath Home Outdoor BBQ Camping Birthday Christm","1","amazon.ca","Amazon","Charlie Lake","British Columbia","V1J 8K","Combined TCS+MTC","39.99","4.32","0","0","0","0","0","0","-4.00","0","-4.32","-5.40","-7.65","0","0","22.94"
"Nov 12, 2025 2:52:52 p.m. PST","24865604201","Order","702-4711879-9501869","KF04-BBJ","Dream Reach Meat Bone Cleaver Knife for Meat Cutting Handmade Heavy Duty Butcher Axes Hand Forged Full Tang Chopper for Kitchen Outdoor BBQ Chef Gifts","1","amazon.ca","Amazon","Milton","Ontario","L9T 0N","Combined TCS+MTC","34.99","4.09","3.92","0","0","0","0","0","-7.42","0","-4.09","-4.72","-8.74","0","0","18.03"
"Nov 12, 2025 2:59:05 p.m. PST","24865604201","Order","701-1602326-6740234","9B-5VGN-40SH","Dream Reach 2 Pack Kitchen Scissors, Premium All-Metal Kitchen Shears, Heavy Duty Poultry Shears for Food, Food-Grade Stainless Steel Scissors, Gift f","1","amazon.ca","Amazon","Niverville","Manitoba","R0A 1E","Combined TCS+MTC","30.09","3.61","0","0","0","0","0","0","0","0","-3.61","-4.51","-7.65","0","0","17.93"
"Nov 12, 2025 3:20:50 p.m. PST","24865604201","Order","701-0492329-9125027","HS1901","Dream Reach 6"" Professional Hair Cutting Scissors Japan 440C Steel Thinning Scissor for Men/Women Cutting for Salon/Barber/Home (Straight Scissors)","1","amazon.ca","Amazon","Ottawa","ON","K1Y 2S","Combined TCS+MTC","43.99","5.72","3.93","0","0","0","0","0","-3.93","0","-5.72","-6.60","-6.49","0","0","30.90"
"Nov 12, 2025 6:46:23 p.m. PST","24865604201","FBA Inventory Fee","702-4853185-1423406","","Fulfilment by Amazon removal order: disposal fee","","Amazon.ca","","","","","","0","0","0","0","0","0","0","0","0","0","0","0","0","0","-0.82","-0.82"
"Nov 12, 2025 9:31:32 p.m. PST","24865604201","Order","702-2105878-3114600","CWJ02-Black7Set-BBJ","Dream Reach Dog Grooming Scissors - Professional 6 in 1 Pet Grooming Kit Sharp and Durable Shears Set Thinning, Chunker, Straight, Curved Shears and C","1","amazon.ca","Amazon","Saint-Charles-Borromee","Quebec","J6E 8Z","Combined TCS+MTC","39.41","5.90","0","0","0","0","0","0","0","0","-5.90","-5.91","-7.65","0","0","25.85"
"Nov 12, 2025 10:25:07 p.m. PST","24865604201","Order","702-7278717-4255430","9B-5VGN-40SH","Dream Reach 2 Pack Kitchen Scissors, Premium All-Metal Kitchen Shears, Heavy Duty Poultry Shears for Food, Food-Grade Stainless Steel Scissors, Gift f","1","amazon.ca","Amazon","Abbotsford","British Columbia","V2T 3B","Combined TCS+MTC","37.99","4.56","0","0","0","0","0","0","0","0","-4.56","-5.70","-8.19","0","0","24.10"
"Nov 12, 2025 10:27:35 p.m. PST","24865604201","Order","701-1090789-9004227","9B-5VGN-40SH","Dream Reach 2 Pack Kitchen Scissors, Premium All-Metal Kitchen Shears, Heavy Duty Poultry Shears for Food, Food-Grade Stainless Steel Scissors, Gift f","1","amazon.ca","Amazon","Surrey","British Columbia","V3V 6N","Combined TCS+MTC","37.99","4.56","0","0","0","0","0","0","0","0","-4.56","-5.70","-8.19","0","0","24.10"
"Nov 13, 2025 12:46:41 a.m. PST","24865604201","Refund","701-2190026-9922630","KF02-BBJ","Dream Reach Chef Knife, Japanese Kitchen Knife, Sharp Stainless Steel Viking Style Meat Knife with Wooden Handle, Feather Design Cooking Knife with Sh","1","amazon.ca","Amazon","Niagara Falls","Ontario","L2J 3P","Combined TCS+MTC","-29.99","-3.90","-6.99","0","0","0","0","0","6.99","0","3.90","3.60","0","0","0","-26.39"
"Nov 13, 2025 1:05:25 a.m. PST","24865604201","Order","702-5647657-3352232","KF02-BBJ","Dream Reach Chef Knife, Japanese Kitchen Knife, Sharp Stainless Steel Viking Style Meat Knife with Wooden Handle, Feather Design Cooking Knife with Sh","1","amazon.ca","Amazon","Haileybury","Ontario","P0J 1K","Combined TCS+MTC","43.99","5.72","0","0","0","0","0","0","0","0","-5.72","-6.60","-7.13","0","0","30.26"
"Nov 13, 2025 3:59:03 a.m. PST","24865604201","Amazon fees","f1b6bc45-d228-4399-adb9-d7303c49a907","","Coupon performance-based fee","","Amazon.ca","","","","","","0","0","0","0","0","0","0","0","0","0","0","-9.94","0","0","0","-9.94"
"Nov 13, 2025 4:00:33 a.m. PST","24865604201","Amazon fees","f1b6bc45-d228-4399-adb9-d7303c49a907","","Coupon participation fee","","Amazon.ca","","","","","","0","0","0","0","0","0","0","0","0","0","0","-2.00","0","0","0","-2.00"
"Nov 13, 2025 6:27:16 a.m. PST","24865604201","Order","701-0553746-3725028","9B-5VGN-40SH","Dream Reach 2 Pack Kitchen Scissors, Premium All-Metal Kitchen Shears, Heavy Duty Poultry Shears for Food, Food-Grade Stainless Steel Scissors, Gift f","1","amazon.ca","Amazon","Bellevue","Alberta","T0K 0C","Combined TCS+MTC","37.99","1.90","0","0","0","0","0","0","0","0","-1.90","-5.70","-7.65","0","0","24.64"
"Nov 13, 2025 6:31:18 a.m. PST","24865604201","Order","701-7070512-3476236","KF01-BBJ","Dream Reach Viking Cleaver Knife Butcher Meat Cutting Boning Knife High Carbon Steel Kitchen Axe with Sheath Home Outdoor BBQ Camping Birthday Christm","1","amazon.ca","Amazon","Victoria","British Columbia","V8N 1N","Combined TCS+MTC","39.99","4.80","0","0","0","0","0","0","0","0","-4.80","-6.00","-7.65","0","0","26.34"
"Nov 13, 2025 6:39:55 a.m. PST","24865604201","Order","702-6661878-2900201","KF05-BBJ","Dream Reach Meat Cleaver Knife Heavy Duty Bone Chopper High Carbon Steel Butcher Axe Bone Cutting Knife Hand Forged Butcher Knife for Kitchen Outdoor","1","amazon.ca","Amazon","Scarborough","Ontario","M1B 5C","Combined TCS+MTC","37.04","4.82","0","0","0","0","0","0","0","0","-4.82","-5.56","-9.58","0","0","21.90"
"Nov 13, 2025 5:57:56 p.m. PST","24865604201","Order","701-3272962-5577026","9B-5VGN-40SH","Dream Reach 2 Pack Kitchen Scissors, Premium All-Metal Kitchen Shears, Heavy Duty Poultry Shears for Food, Food-Grade Stainless Steel Scissors, Gift f","1","amazon.ca","Amazon","Woodbridge","Ontario","L4L 8S","Combined TCS+MTC","37.99","4.94","0","0","0","0","0","0","0","0","-4.94","-5.70","-7.65","0","0","24.64"
"Nov 13, 2025 11:36:15 p.m. PST","24865604201","Order","701-0423376-2719439","CWJ02-Purple7Set-BBJ","Dream Reach Dog Grooming Scissors - 7"" Professional 6 in 1 Pet Scissors Sharp and Durable Shears Set Thinning, Chunker, Straight, Curved Shears and Co","1","amazon.ca","Amazon","Bouctouche","New Brunswick","E4S 3K","Combined TCS+MTC","42.74","5.77","0","0","0","0","0","0","-4.27","0","-5.77","-5.77","-6.74","0","0","25.96"
"Nov 13, 2025 11:43:04 p.m. PST","24865604201","Order","702-4391868-5783404","KF04-BBJ","Dream Reach Meat Bone Cleaver Knife for Meat Cutting Handmade Heavy Duty Butcher Axes Hand Forged Full Tang Chopper for Kitchen Outdoor BBQ Chef Gifts","1","amazon.ca","Amazon","Edmonton","AB","T5E 4M","Combined TCS+MTC","34.99","1.75","0","0","0","0","0","0","0","0","-1.75","-5.25","-8.74","0","0","21.00"
"Nov 14, 2025 3:25:04 a.m. PST","24865604201","Order","701-4685344-2936204","9B-5VGN-40SH","Dream Reach 2 Pack Kitchen Scissors, Premium All-Metal Kitchen Shears, Heavy Duty Poultry Shears for Food, Food-Grade Stainless Steel Scissors, Gift f","1","amazon.ca","Amazon","Windsor","ON","N8X 4P","Combined TCS+MTC","37.99","4.94","0","0","0","0","0","0","0","0","-4.94","-5.70","-7.65","0","0","24.64"
"Nov 14, 2025 3:54:29 a.m. PST","24865604201","Order","702-7428257-4869818","KF05-BBJ","Dream Reach Meat Cleaver Knife Heavy Duty Bone Chopper High Carbon Steel Butcher Axe Bone Cutting Knife Hand Forged Butcher Knife for Kitchen Outdoor","1","amazon.ca","Amazon","Blumenort","Manitoba","R0A0C","Combined TCS+MTC","37.04","4.44","0","0","0","0","0","0","0","0","-4.44","-5.56","-9.58","0","0","21.90"
"Nov 14, 2025 4:06:19 a.m. PST","24865604201","Order","702-8956666-3745853","KF05-BBJ","Dream Reach Meat Cleaver Knife Heavy Duty Bone Chopper High Carbon Steel Butcher Axe Bone Cutting Knife Hand Forged Butcher Knife for Kitchen Outdoor","1","amazon.ca","Amazon","Prince George","British Columbia","V2K 4X","Combined TCS+MTC","38.99","4.21","3.26","0","0","0","0","0","-7.16","0","-4.21","-5.26","-9.58","0","0","20.25"
"Nov 14, 2025 7:19:14 a.m. PST","24865604201","Refund","702-8956666-3745853","KF05-BBJ","Dream Reach Meat Cleaver Knife Heavy Duty Bone Chopper High Carbon Steel Butcher Axe Bone Cutting Knife Hand Forged Butcher Knife for Kitchen Outdoor","1","amazon.ca","Amazon","Prince George","British Columbia","V2K 4X","Combined TCS+MTC","-38.99","-4.21","-3.26","0","0","0","0","0","7.16","0","4.21","4.21","0","0","0","-30.88"
"Nov 14, 2025 7:31:45 a.m. PST","24865604201","Order","702-7695003-0475422","9B-5VGN-40SH","Dream Reach 2 Pack Kitchen Scissors, Premium All-Metal Kitchen Shears, Heavy Duty Poultry Shears for Food, Food-Grade Stainless Steel Scissors, Gift f","1","amazon.ca","Amazon","North Gower","Ontario","K0A 2T","Combined TCS+MTC","37.99","4.94","0","0","0","0","0","0","0","0","-4.94","-5.70","-7.65","0","0","24.64"
"Nov 14, 2025 9:37:02 a.m. PST","24865604201","Order","702-9469542-4327423","9B-5VGN-40SH","Dream Reach 2 Pack Kitchen Scissors, Premium All-Metal Kitchen Shears, Heavy Duty Poultry Shears for Food, Food-Grade Stainless Steel Scissors, Gift f","1","amazon.ca","Amazon","Grand Forks","British Columbia","V0H 1H","Combined TCS+MTC","37.99","4.56","0","0","0","0","0","0","0","0","-4.56","-5.70","-8.19","0","0","24.10"
"Nov 14, 2025 7:07:40 p.m. PST","24865604201","Order","702-4502421-3002605","KF01-BBJ","Dream Reach Viking Cleaver Knife Butcher Meat Cutting Boning Knife High Carbon Steel Kitchen Axe with Sheath Home Outdoor BBQ Camping Birthday Christm","1","amazon.ca","Amazon","Comber","Ontario","N0P 1J","Combined TCS+MTC","39.99","5.20","0","0","0","0","0","0","0","0","-5.20","-6.00","-7.65","0","0","26.34"
"Nov 14, 2025 10:17:59 p.m. PST","24865604201","Order","701-8663744-8464227","37-EQUL-C5MA","Dream Reach HIGH-END Series Japanese 440C Stainless 6.0"" 360° Swivel Thumb Ring Professional Barber Razor Edge Hairdressing Straight Cutting Scissors","1","amazon.ca","Amazon","London","Ontario","N6E 1V","Combined TCS+MTC","59.79","7.00","0","0","0","0","0","0","-5.98","0","-7.00","-8.07","-4.99","0","0","40.75"
"Nov 14, 2025 10:20:20 p.m. PST","24865604201","Order","701-1857279-7901812","9B-5VGN-40SH","Dream Reach 2 Pack Kitchen Scissors, Premium All-Metal Kitchen Shears, Heavy Duty Poultry Shears for Food, Food-Grade Stainless Steel Scissors, Gift f","1","amazon.ca","Amazon","Richmond Hill","Ontario","L4S 2G","Combined TCS+MTC","37.99","3.34","0","0","0","0","0","0","-12.26","0","-3.34","-3.86","-7.65","0","0","14.22"
"Nov 15, 2025 2:51:57 a.m. PST","24967064061","Order","701-6613505-0334618","HS1901","Dream Reach 6"" Professional Hair Cutting Scissors Japan 440C Steel Thinning Scissor for Men/Women Cutting for Salon/Barber/Home (Straight Scissors)","1","amazon.ca","Amazon","Niagara Falls","Ontario","L2G5A","Combined TCS+MTC","43.99","5.15","0","0","0","0","0","0","-4.40","0","-5.15","-5.94","-6.49","0","0","27.16"
"Nov 15, 2025 3:27:13 a.m. PST","24967064061","Order","702-2219785-3264223","KF02-BBJ","Dream Reach Chef Knife, Japanese Kitchen Knife, Sharp Stainless Steel Viking Style Meat Knife with Wooden Handle, Feather Design Cooking Knife with Sh","1","amazon.ca","Amazon","Bracebridge","Ontario","P1L 1X","Combined TCS+MTC","35.14","4.57","0","0","0","0","0","0","0","0","-4.57","-5.27","-7.13","0","0","22.74"
"Nov 15, 2025 4:40:36 a.m. PST","24967064061","Order","701-4478765-1825826","HS1901","Dream Reach 6"" Professional Hair Cutting Scissors Japan 440C Steel Thinning Scissor for Men/Women Cutting for Salon/Barber/Home (Straight Scissors)","1","amazon.ca","Amazon","WINDSOR","Ontario","N8T 2W","Combined TCS+MTC","43.99","5.72","0","0","0","0","0","0","0","0","-5.72","-6.60","-6.49","0","0","30.90"
"Nov 15, 2025 5:03:12 a.m. PST","24967064061","Order","702-8290560-1690616","9B-5VGN-40SH","Dream Reach 2 Pack Kitchen Scissors, Premium All-Metal Kitchen Shears, Heavy Duty Poultry Shears for Food, Food-Grade Stainless Steel Scissors, Gift f","1","amazon.ca","Amazon","Woodstock","Ontario","N4S 4K","Combined TCS+MTC","37.99","4.94","1.75","0","0","0","0","0","-1.75","0","-4.94","-5.70","-7.65","0","0","24.64"
"Nov 15, 2025 6:05:32 a.m. PST","24967064061","Order","701-8630765-6978636","9B-5VGN-40SH","Dream Reach 2 Pack Kitchen Scissors, Premium All-Metal Kitchen Shears, Heavy Duty Poultry Shears for Food, Food-Grade Stainless Steel Scissors, Gift f","1","amazon.ca","Amazon","Victoria","BC","V8Z 7L","Combined TCS+MTC","37.99","4.56","0","0","0","0","0","0","0","0","-4.56","-5.70","-8.19","0","0","24.10"
"Nov 15, 2025 6:50:04 a.m. PST","24967064061","Order","701-4402873-3166646","9B-5VGN-40SH","Dream Reach 2 Pack Kitchen Scissors, Premium All-Metal Kitchen Shears, Heavy Duty Poultry Shears for Food, Food-Grade Stainless Steel Scissors, Gift f","1","amazon.ca","Amazon","Carleton Place","Ontario","K7C 4S","Combined TCS+MTC","37.99","4.94","0","0","0","0","0","0","0","0","-4.94","-5.70","-7.65","0","0","24.64"
"Nov 15, 2025 7:17:03 a.m. PST","24967064061","Order","702-4012053-8963421","9B-5VGN-40SH","Dream Reach 2 Pack Kitchen Scissors, Premium All-Metal Kitchen Shears, Heavy Duty Poultry Shears for Food, Food-Grade Stainless Steel Scissors, Gift f","1","amazon.ca","Amazon","Langley","British Columbia","V3A 7M","Combined TCS+MTC","37.99","4.56","6.99","0","0","0","0","0","-6.99","0","-4.56","-5.70","-8.19","0","0","24.10"
"Nov 15, 2025 9:01:17 a.m. PST","24967064061","Order","701-2647330-9371405","9B-5VGN-40SH","Dream Reach 2 Pack Kitchen Scissors, Premium All-Metal Kitchen Shears, Heavy Duty Poultry Shears for Food, Food-Grade Stainless Steel Scissors, Gift f","1","amazon.ca","Amazon","Pemberton","BC","V0N 2L","Combined TCS+MTC","37.99","4.56","0","0","0","0","0","0","0","0","-4.56","-5.70","-8.19","0","0","24.10"
"Nov 15, 2025 9:35:01 a.m. PST","24967064061","Order","702-9542196-2511465","9B-5VGN-40SH","Dream Reach 2 Pack Kitchen Scissors, Premium All-Metal Kitchen Shears, Heavy Duty Poultry Shears for Food, Food-Grade Stainless Steel Scissors, Gift f","1","amazon.ca","Amazon","Botha","Alberta","T0C 0N","Combined TCS+MTC","30.09","1.35","0","0","0","0","0","0","-3.01","0","-1.35","-4.06","-7.65","0","0","15.37"
"Nov 15, 2025 5:46:14 p.m. PST","24967064061","Order","701-9128459-8757041","9B-5VGN-40SH","Dream Reach 2 Pack Kitchen Scissors, Premium All-Metal Kitchen Shears, Heavy Duty Poultry Shears for Food, Food-Grade Stainless Steel Scissors, Gift f","1","amazon.ca","Amazon","Kenilworth","Ontario","N0G 2E","Combined TCS+MTC","37.99","4.94","0","0","0","0","0","0","0","0","-4.94","-5.70","-7.65","0","0","24.64"
"Nov 15, 2025 7:14:03 p.m. PST","24967064061","Service Fee","","","Cost of advertising","","","","","","","","0","0","0","0","0","0","0","0","0","0","0","0","0","-500.13","0","-500.13"
"Nov 15, 2025 8:11:14 p.m. PST","24967064061","Order","702-1427037-1740269","KF02-BBJ","Dream Reach Chef Knife, Japanese Kitchen Knife, Sharp Stainless Steel Viking Style Meat Knife with Wooden Handle, Feather Design Cooking Knife with Sh","1","amazon.ca","Amazon","Saint-Georges","Quebec","G5Y 0S","Combined TCS+MTC","35.14","5.26","0","0","0","0","0","0","0","0","-5.26","-5.27","-7.13","0","0","22.74"
"Nov 15, 2025 10:16:26 p.m. PST","24967064061","Order","702-1462918-7332216","KF02-BBJ","Dream Reach Chef Knife, Japanese Kitchen Knife, Sharp Stainless Steel Viking Style Meat Knife with Wooden Handle, Feather Design Cooking Knife with Sh","1","amazon.ca","Amazon","Brantford","Ontario","N3P1X","Combined TCS+MTC","35.14","4.57","3.49","0","0","0","0","0","-3.49","0","-4.57","-5.27","-7.13","0","0","22.74"
"Nov 15, 2025 10:56:14 p.m. PST","24967064061","Order","702-5030357-5313043","CWJ02-Black7Set-BBJ","Dream Reach Dog Grooming Scissors - Professional 6 in 1 Pet Grooming Kit Sharp and Durable Shears Set Thinning, Chunker, Straight, Curved Shears and C","1","amazon.ca","Amazon","Hope","British Columbia","V0X 1L","Combined TCS+MTC","39.41","4.26","5.90","0","0","0","0","0","-9.84","0","-4.26","-5.32","-7.65","0","0","22.50"
"Nov 16, 2025 1:01:55 a.m. PST","24967064061","Order","702-0966851-4735456","9B-5VGN-40SH","Dream Reach 2 Pack Kitchen Scissors, Premium All-Metal Kitchen Shears, Heavy Duty Poultry Shears for Food, Food-Grade Stainless Steel Scissors, Gift f","1","amazon.ca","Amazon","Saint John","New Brunswick","E2K 5P","Combined TCS+MTC","37.99","3.86","0","0","0","0","0","0","-12.26","0","-3.86","-3.86","-7.65","0","0","14.22"
"Nov 16, 2025 1:09:20 a.m. PST","24967064061","Order","702-3747348-3684250","KF02-BBJ","Dream Reach Chef Knife, Japanese Kitchen Knife, Sharp Stainless Steel Viking Style Meat Knife with Wooden Handle, Feather Design Cooking Knife with Sh","1","amazon.ca","Amazon","Calgary","Alberta","T2Z 5C","Combined TCS+MTC","35.14","1.76","0","0","0","0","0","0","0","0","-1.76","-5.27","-7.13","0","0","22.74"
"Nov 16, 2025 2:53:18 a.m. PST","24967064061","Order","701-0524147-3069056","9B-5VGN-40SH","Dream Reach 2 Pack Kitchen Scissors, Premium All-Metal Kitchen Shears, Heavy Duty Poultry Shears for Food, Food-Grade Stainless Steel Scissors, Gift f","1","amazon.ca","Amazon","Longview","Alberta","T0L 1H","Combined TCS+MTC","37.99","1.90","0","0","0","0","0","0","0","0","-1.90","-5.70","-7.65","0","0","24.64"
"Nov 16, 2025 2:58:24 a.m. PST","24967064061","Refund","702-1427037-1740269","KF02-BBJ","Dream Reach Chef Knife, Japanese Kitchen Knife, Sharp Stainless Steel Viking Style Meat Knife with Wooden Handle, Feather Design Cooking Knife with Sh","1","amazon.ca","Amazon","Saint-Georges","Quebec","G5Y 0S","Combined TCS+MTC","-35.14","-5.26","0","0","0","0","0","0","0","0","5.26","4.22","0","0","0","-30.92"
"Nov 16, 2025 5:55:28 a.m. PST","24967064061","Order","701-9443391-7341856","9B-5VGN-40SH","Dream Reach 2 Pack Kitchen Scissors, Premium All-Metal Kitchen Shears, Heavy Duty Poultry Shears for Food, Food-Grade Stainless Steel Scissors, Gift f","1","amazon.ca","Amazon","Laval","Quebec","H7L 4K","Combined TCS+MTC","37.99","5.69","0","0","0","0","0","0","0","0","-5.69","-5.70","-7.65","0","0","24.64"
"Nov 16, 2025 6:03:56 a.m. PST","24967064061","Order","701-7319799-7453815","9B-5VGN-40SH","Dream Reach 2 Pack Kitchen Scissors, Premium All-Metal Kitchen Shears, Heavy Duty Poultry Shears for Food, Food-Grade Stainless Steel Scissors, Gift f","1","amazon.ca","Amazon","Jonquiere","Quebec","G7T 0C","Combined TCS+MTC","37.99","5.69","0","0","0","0","0","0","0","0","-5.69","-5.70","-7.65","0","0","24.64"
"Nov 16, 2025 6:50:26 a.m. PST","24967064061","Order","702-6397440-3319445","KF05-BBJ","Dream Reach Meat Cleaver Knife Heavy Duty Bone Chopper High Carbon Steel Butcher Axe Bone Cutting Knife Hand Forged Butcher Knife for Kitchen Outdoor","1","amazon.ca","Amazon","Calgary","Alberta","T3J 0R","Combined TCS+MTC","37.04","1.85","0","0","0","0","0","0","0","0","-1.85","-5.56","-9.58","0","0","21.90"
"Nov 16, 2025 7:49:51 a.m. PST","24967064061","Transfer","","","To account ending with: 895","","","","","","","","0","0","0","0","0","0","0","0","0","0","0","0","0","0","-2,437.96","-2,437.96"
"Nov 16, 2025 4:58:41 p.m. PST","24967064061","Order","702-5586691-4200213","KF02-BBJ","Dream Reach Chef Knife, Japanese Kitchen Knife, Sharp Stainless Steel Viking Style Meat Knife with Wooden Handle, Feather Design Cooking Knife with Sh","1","amazon.ca","Amazon","Mississauga","Ontario","L5L 1C","Combined TCS+MTC","35.14","3.70","0","0","0","0","0","0","-6.65","0","-3.70","-4.27","-7.13","0","0","17.09"
"Nov 16, 2025 5:20:41 p.m. PST","24967064061","Order","701-1590498-6020268","9B-5VGN-40SH","Dream Reach 2 Pack Kitchen Scissors, Premium All-Metal Kitchen Shears, Heavy Duty Poultry Shears for Food, Food-Grade Stainless Steel Scissors, Gift f","1","amazon.ca","Amazon","Burlington","Ontario","L7P 4M","Combined TCS+MTC","37.99","4.94","0","0","0","0","0","0","0","0","-4.94","-5.70","-7.65","0","0","24.64"
"Nov 16, 2025 6:41:29 p.m. PST","24967064061","Order","701-7590322-4605806","KF05-BBJ","Dream Reach Meat Cleaver Knife Heavy Duty Bone Chopper High Carbon Steel Butcher Axe Bone Cutting Knife Hand Forged Butcher Knife for Kitchen Outdoor","1","amazon.ca","Amazon","Val Therese","Ontario","P3P 1S","Combined TCS+MTC","37.04","4.82","0","0","0","0","0","0","0","0","-4.82","-5.56","-9.58","0","0","21.90"
"Nov 16, 2025 10:45:10 p.m. PST","24967064061","Order","702-3769777-3531446","KF02-BBJ","Dream Reach Chef Knife, Japanese Kitchen Knife, Sharp Stainless Steel Viking Style Meat Knife with Wooden Handle, Feather Design Cooking Knife with Sh","1","amazon.ca","Amazon","Kelowna","British Columbia","V1Y 8C","Combined TCS+MTC","35.14","3.42","0","0","0","0","0","0","-6.65","0","-3.42","-4.27","-7.13","0","0","17.09"
"Nov 16, 2025 11:01:32 p.m. PST","24967064061","Order","701-3151401-1154653","CWJ02-Purple7Set-BBJ","Dream Reach Dog Grooming Scissors - 7"" Professional 6 in 1 Pet Scissors Sharp and Durable Shears Set Thinning, Chunker, Straight, Curved Shears and Co","1","amazon.ca","Amazon","Edmonton","Alberta","T6A 3G","Combined TCS+MTC","42.74","2.14","0","0","0","0","0","0","0","0","-2.14","-6.41","-6.74","0","0","29.59"
"Nov 16, 2025 11:05:35 p.m. PST","24967064061","Order","702-6541983-5561853","KF02-BBJ","Dream Reach Chef Knife, Japanese Kitchen Knife, Sharp Stainless Steel Viking Style Meat Knife with Wooden Handle, Feather Design Cooking Knife with Sh","1","amazon.ca","Amazon","Indian Harbour","Nova Scotia","B3Z 3P","Combined TCS+MTC","35.14","4.92","0","0","0","0","0","0","0","0","-4.92","-5.27","-7.13","0","0","22.74"
"Nov 17, 2025 12:33:44 a.m. PST","24967064061","Order","701-6804208-5349859","9B-5VGN-40SH","Dream Reach 2 Pack Kitchen Scissors, Premium All-Metal Kitchen Shears, Heavy Duty Poultry Shears for Food, Food-Grade Stainless Steel Scissors, Gift f","1","amazon.ca","Amazon","Calgary","AB","T2S 3E","Combined TCS+MTC","37.99","1.90","0","0","0","0","0","0","0","0","-1.90","-5.70","-7.65","0","0","24.64"
"Nov 17, 2025 2:44:47 a.m. PST","24967064061","Amazon fees","3caf319c-cc5a-4a78-b4b9-08d0f2767ac0","","Deal performance-based fee","","Amazon.ca","","","","","","0","0","0","0","0","0","0","0","0","0","0","-0.77","0","0","0","-0.77"
"Nov 17, 2025 2:49:42 a.m. PST","24967064061","Order","701-3016901-6537020","9B-5VGN-40SH","Dream Reach 2 Pack Kitchen Scissors, Premium All-Metal Kitchen Shears, Heavy Duty Poultry Shears for Food, Food-Grade Stainless Steel Scissors, Gift f","1","amazon.ca","Amazon","St Catharines","Ontario","L2M 2C","Combined TCS+MTC","37.99","4.94","6.99","0","0","0","0","0","-6.99","0","-4.94","-5.70","-7.65","0","0","24.64"
"Nov 17, 2025 2:57:10 a.m. PST","24967064061","Amazon fees","3caf319c-cc5a-4a78-b4b9-08d0f2767ac0","","Deal participation fee","","Amazon.ca","","","","","","0","0","0","0","0","0","0","0","0","0","0","-5.00","0","0","0","-5.00"
"Nov 17, 2025 3:49:01 a.m. PST","24967064061","Order","702-4786159-1237000","9B-5VGN-40SH","Dream Reach 2 Pack Kitchen Scissors, Premium All-Metal Kitchen Shears, Heavy Duty Poultry Shears for Food, Food-Grade Stainless Steel Scissors, Gift f","1","amazon.ca","Amazon","Gatineau","Quebec","J8P 7R","Combined TCS+MTC","37.99","5.69","0","0","0","0","0","0","0","0","-5.69","-5.70","-7.65","0","0","24.64"
"Nov 17, 2025 5:51:54 a.m. PST","24967064061","Order","702-8364670-5518634","9B-5VGN-40SH","Dream Reach 2 Pack Kitchen Scissors, Premium All-Metal Kitchen Shears, Heavy Duty Poultry Shears for Food, Food-Grade Stainless Steel Scissors, Gift f","1","amazon.ca","Amazon","Lasalle","Quebec","H8R 0C","Combined TCS+MTC","37.99","5.69","0","0","0","0","0","0","0","0","-5.69","-5.70","-7.65","0","0","24.64"
"Nov 17, 2025 6:46:56 a.m. PST","24967064061","Order","702-7408647-3985068","37-EQUL-C5MA","Dream Reach HIGH-END Series Japanese 440C Stainless 6.0"" 360° Swivel Thumb Ring Professional Barber Razor Edge Hairdressing Straight Cutting Scissors","1","amazon.ca","Amazon","Port Coquitlam","British Columbia","V3C 0C","Combined TCS+MTC","59.79","6.46","0","0","0","0","0","0","-5.98","0","-6.46","-8.07","-4.99","0","0","40.75"
"Nov 17, 2025 6:57:51 a.m. PST","24967064061","Order","701-2960737-8927417","9B-5VGN-40SH","Dream Reach 2 Pack Kitchen Scissors, Premium All-Metal Kitchen Shears, Heavy Duty Poultry Shears for Food, Food-Grade Stainless Steel Scissors, Gift f","1","amazon.ca","Amazon","Kelowna","British Columbia","V1W 3Z","Combined TCS+MTC","37.99","4.56","0","0","0","0","0","0","0","0","-4.56","-5.70","-8.19","0","0","24.10"
"Nov 17, 2025 11:43:31 p.m. PST","24967064061","Order","701-2918409-6401862","KF04-BBJ","Dream Reach Meat Bone Cleaver Knife for Meat Cutting Handmade Heavy Duty Butcher Axes Hand Forged Full Tang Chopper for Kitchen Outdoor BBQ Chef Gifts","1","amazon.ca","Amazon","Edmonton","Alberta","T5A 2P","Combined TCS+MTC","34.99","1.75","0","0","0","0","0","0","0","0","-1.75","-5.25","-8.74","0","0","21.00"
"Nov 18, 2025 12:18:41 a.m. PST","24967064061","Order","702-0556400-7134615","CWJ02-Black7Set-BBJ","Dream Reach Dog Grooming Scissors - Professional 6 in 1 Pet Grooming Kit Sharp and Durable Shears Set Thinning, Chunker, Straight, Curved Shears and C","1","amazon.ca","Amazon","Carleton Place","Ontario","K7C 4L","Combined TCS+MTC","39.41","5.12","0","0","0","0","0","0","0","0","-5.12","-5.91","-7.65","0","0","25.85"
"Nov 18, 2025 12:26:58 a.m. PST","24967064061","Order","702-2620686-5236247","9B-5VGN-40SH","Dream Reach 2 Pack Kitchen Scissors, Premium All-Metal Kitchen Shears, Heavy Duty Poultry Shears for Food, Food-Grade Stainless Steel Scissors, Gift f","1","amazon.ca","Amazon","Nipawin","Saskatchewan","S0E 1E","Combined TCS+MTC","37.99","4.18","0","0","0","0","0","0","0","0","-4.18","-5.70","-7.65","0","0","24.64"
"Nov 18, 2025 12:49:47 a.m. PST","24967064061","Order","701-9401300-5781023","9B-5VGN-40SH","Dream Reach 2 Pack Kitchen Scissors, Premium All-Metal Kitchen Shears, Heavy Duty Poultry Shears for Food, Food-Grade Stainless Steel Scissors, Gift f","1","amazon.ca","Amazon","Vancouver","British Columbia","V5X 3S","Combined TCS+MTC","37.99","4.56","3.62","0.43","0","0","0","0","0","0","-4.99","-5.70","-11.27","0","0","24.64"
"Nov 18, 2025 12:51:58 a.m. PST","24967064061","Order","701-1790204-5307422","KF04-BBJ","Dream Reach Meat Bone Cleaver Knife for Meat Cutting Handmade Heavy Duty Butcher Axes Hand Forged Full Tang Chopper for Kitchen Outdoor BBQ Chef Gifts","1","amazon.ca","Amazon","Quebec","Quebec","G1M 3A","Combined TCS+MTC","34.99","5.24","0","0","0","0","0","0","0","0","-5.24","-5.25","-8.74","0","0","21.00"
"Nov 18, 2025 3:54:22 a.m. PST","24967064061","Order","702-2693018-0724265","9B-5VGN-40SH","Dream Reach 2 Pack Kitchen Scissors, Premium All-Metal Kitchen Shears, Heavy Duty Poultry Shears for Food, Food-Grade Stainless Steel Scissors, Gift f","1","amazon.ca","Amazon","Ottawa","Ontario","K1V 9W","Combined TCS+MTC","37.99","4.94","1.75","0","0","0","0","0","-1.75","0","-4.94","-5.70","-7.65","0","0","24.64"
"Nov 18, 2025 4:39:28 a.m. PST","24967064061","Order","701-8299816-3307424","9B-5VGN-40SH","Dream Reach 2 Pack Kitchen Scissors, Premium All-Metal Kitchen Shears, Heavy Duty Poultry Shears for Food, Food-Grade Stainless Steel Scissors, Gift f","1","amazon.ca","Amazon","Vancouver","BC","V6L 3C","Combined TCS+MTC","37.99","4.56","3.50","0","0","0","0","0","-3.50","0","-4.56","-5.70","-8.19","0","0","24.10"
"Nov 18, 2025 5:26:01 a.m. PST","24967064061","Order","702-5810498-9273015","9B-5VGN-40SH","Dream Reach 2 Pack Kitchen Scissors, Premium All-Metal Kitchen Shears, Heavy Duty Poultry Shears for Food, Food-Grade Stainless Steel Scissors, Gift f","1","amazon.ca","Amazon","Thornhill","Ontario","L3T 1E","Combined TCS+MTC","37.99","4.94","3.50","0","0","0","0","0","-3.50","0","-4.94","-5.70","-7.65","0","0","24.64"
"Nov 18, 2025 5:52:22 a.m. PST","24967064061","Order","701-4808959-0112268","9B-5VGN-40SH","Dream Reach 2 Pack Kitchen Scissors, Premium All-Metal Kitchen Shears, Heavy Duty Poultry Shears for Food, Food-Grade Stainless Steel Scissors, Gift f","1","amazon.ca","Amazon","Toronto","Ontario","M3J 1P","Combined TCS+MTC","37.99","4.94","0","0","0","0","0","0","0","0","-4.94","-5.70","-7.65","0","0","24.64"
"Nov 18, 2025 6:26:31 a.m. PST","24967064061","Order","702-2181877-7505012","9B-5VGN-40SH","Dream Reach 2 Pack Kitchen Scissors, Premium All-Metal Kitchen Shears, Heavy Duty Poultry Shears for Food, Food-Grade Stainless Steel Scissors, Gift f","1","amazon.ca","Amazon","Barrie","Ontario","L4N 8S","Combined TCS+MTC","37.99","4.94","3.27","0","0","0","0","0","-3.27","0","-4.94","-5.70","-7.65","0","0","24.64"
"Nov 18, 2025 6:36:30 a.m. PST","24967064061","Order","702-7505296-1153807","9B-5VGN-40SH","Dream Reach 2 Pack Kitchen Scissors, Premium All-Metal Kitchen Shears, Heavy Duty Poultry Shears for Food, Food-Grade Stainless Steel Scissors, Gift f","1","amazon.ca","Amazon","Montreal","Quebec","H3H 0B","Combined TCS+MTC","37.99","5.69","0","0","0","0","0","0","0","0","-5.69","-5.70","-7.65","0","0","24.64"
"Nov 18, 2025 7:08:42 a.m. PST","24967064061","Order","701-4974865-1217065","CWJ02-Purple7Set-BBJ","Dream Reach Dog Grooming Scissors - 7"" Professional 6 in 1 Pet Scissors Sharp and Durable Shears Set Thinning, Chunker, Straight, Curved Shears and Co","1","amazon.ca","Amazon","Strathmore","Alberta","T1P 1C","Combined TCS+MTC","42.74","1.92","0","0","0","0","0","0","-4.27","0","-1.92","-5.77","-6.74","0","0","25.96"
"Nov 18, 2025 7:17:35 a.m. PST","24967064061","Order","701-7913392-1668216","9B-5VGN-40SH","Dream Reach 2 Pack Kitchen Scissors, Premium All-Metal Kitchen Shears, Heavy Duty Poultry Shears for Food, Food-Grade Stainless Steel Scissors, Gift f","1","amazon.ca","Amazon","Anjou","Quebec","H1J 1E","Combined TCS+MTC","37.99","5.69","0","0","0","0","0","0","0","0","-5.69","-5.70","-7.65","0","0","24.64"
"Nov 18, 2025 8:29:23 a.m. PST","24967064061","Order","702-0479080-8619460","9B-5VGN-40SH","Dream Reach 2 Pack Kitchen Scissors, Premium All-Metal Kitchen Shears, Heavy Duty Poultry Shears for Food, Food-Grade Stainless Steel Scissors, Gift f","1","amazon.ca","Amazon","Medicine Hat","Alberta","T1A 7A","Combined TCS+MTC","37.99","1.90","0","0","0","0","0","0","0","0","-1.90","-5.70","-7.65","0","0","24.64"
"Nov 18, 2025 12:18:56 p.m. PST","24967064061","Order","701-1394490-3860227","9B-5VGN-40SH","Dream Reach 2 Pack Kitchen Scissors, Premium All-Metal Kitchen Shears, Heavy Duty Poultry Shears for Food, Food-Grade Stainless Steel Scissors, Gift f","1","amazon.ca","Amazon","Melbourne","Ontario","N0L 1T","Combined TCS+MTC","37.99","4.94","0","0","0","0","0","0","0","0","-4.94","-5.70","-7.65","0","0","24.64"
"Nov 18, 2025 7:23:04 p.m. PST","24967064061","Order","701-2339102-4139409","KF04-BBJ","Dream Reach Meat Bone Cleaver Knife for Meat Cutting Handmade Heavy Duty Butcher Axes Hand Forged Full Tang Chopper for Kitchen Outdoor BBQ Chef Gifts","1","amazon.ca","Amazon","Regina","Saskatchewan","S4T 6K","Combined TCS+MTC","34.99","3.85","3.92","0","0","0","0","0","-3.92","0","-3.85","-5.25","-8.74","0","0","21.00"
"Nov 18, 2025 9:56:47 p.m. PST","24967064061","Adjustment","701-6336151-3446635","KF04-BBJ","FBA Inventory Reimbursement - Customer Return","1","","","","","","","0","0","0","0","0","0","0","0","0","0","0","0","0","0","27.80","27.80"
"Nov 19, 2025 12:35:02 a.m. PST","24967064061","Order","701-4388847-5511465","9B-5VGN-40SH","Dream Reach 2 Pack Kitchen Scissors, Premium All-Metal Kitchen Shears, Heavy Duty Poultry Shears for Food, Food-Grade Stainless Steel Scissors, Gift f","1","amazon.ca","Amazon","Lachine","Quebec","H8S3J","Combined TCS+MTC","37.99","5.69","0","0","0","0","0","0","0","0","-5.69","-5.70","-7.65","0","0","24.64"
"Nov 19, 2025 1:18:43 a.m. PST","24967064061","Order","702-4418073-3089804","9B-5VGN-40SH","Dream Reach 2 Pack Kitchen Scissors, Premium All-Metal Kitchen Shears, Heavy Duty Poultry Shears for Food, Food-Grade Stainless Steel Scissors, Gift f","1","amazon.ca","Amazon","Montmagny","Quebec","G5V 2P","Combined TCS+MTC","37.99","5.69","0","0","0","0","0","0","0","0","-5.69","-5.70","-7.65","0","0","24.64"
"Nov 19, 2025 2:11:12 a.m. PST","24967064061","Order","701-7366168-5669852","9B-5VGN-40SH","Dream Reach 2 Pack Kitchen Scissors, Premium All-Metal Kitchen Shears, Heavy Duty Poultry Shears for Food, Food-Grade Stainless Steel Scissors, Gift f","1","amazon.ca","Amazon","Scarborough","Ontario","M1C 2Y","Combined TCS+MTC","37.99","3.34","6.99","0","0","0","0","0","-19.25","0","-3.34","-3.86","-7.65","0","0","14.22"
"Nov 19, 2025 2:20:01 a.m. PST","24967064061","Refund","702-3409596-0187428","9B-5VGN-40SH","Dream Reach 2 Pack Kitchen Scissors, Premium All-Metal Kitchen Shears, Heavy Duty Poultry Shears for Food, Food-Grade Stainless Steel Scissors, Gift f","1","amazon.ca","Amazon","Langley","British Columbia","V2Y 4J","Combined TCS+MTC","-37.99","-4.56","0","0","0","0","0","0","0","0","4.56","4.56","0","0","0","-33.43"
"Nov 19, 2025 2:22:59 a.m. PST","24967064061","Refund","702-3590216-4288264","CWJ02-Black7Set-BBJ","Dream Reach Dog Grooming Scissors - Professional 6 in 1 Pet Grooming Kit Sharp and Durable Shears Set Thinning, Chunker, Straight, Curved Shears and C","1","amazon.ca","Amazon","Hamilton","Ontario","L8P 0C","Combined TCS+MTC","-39.41","-4.61","0","0","0","0","0","0","3.94","0","4.61","4.26","0","0","0","-31.21"
"Nov 19, 2025 2:45:05 a.m. PST","24967064061","Order","701-5587160-6693803","9B-5VGN-40SH","Dream Reach 2 Pack Kitchen Scissors, Premium All-Metal Kitchen Shears, Heavy Duty Poultry Shears for Food, Food-Grade Stainless Steel Scissors, Gift f","1","amazon.ca","Amazon","Etobicoke","Ontario","M9C 4Y","Combined TCS+MTC","37.99","4.94","1.75","0","0","0","0","0","-1.75","0","-4.94","-5.70","-7.65","0","0","24.64"
"Nov 19, 2025 3:10:09 a.m. PST","24967064061","Amazon fees","f2df7240-97b7-466e-b064-8da89dfa7dae","","Deal performance-based fee","","Amazon.ca","","","","","","0","0","0","0","0","0","0","0","0","0","0","-0.85","0","0","0","-0.85"
"Nov 19, 2025 3:10:38 a.m. PST","24967064061","Amazon fees","f2df7240-97b7-466e-b064-8da89dfa7dae","","Deal participation fee","","Amazon.ca","","","","","","0","0","0","0","0","0","0","0","0","0","0","-5.00","0","0","0","-5.00"
"Nov 19, 2025 3:23:33 a.m. PST","24967064061","Order","701-4986894-8197017","9B-5VGN-40SH","Dream Reach 2 Pack Kitchen Scissors, Premium All-Metal Kitchen Shears, Heavy Duty Poultry Shears for Food, Food-Grade Stainless Steel Scissors, Gift f","1","amazon.ca","Amazon","Ottawa","Ontario","K1Y 0S","Combined TCS+MTC","37.99","4.94","0","0","0","0","0","0","0","0","-4.94","-5.70","-7.65","0","0","24.64"
"Nov 19, 2025 3:32:12 a.m. PST","24967064061","Order","701-8683420-9498617","CWJ02-Black7Set-BBJ","Dream Reach Dog Grooming Scissors - Professional 6 in 1 Pet Grooming Kit Sharp and Durable Shears Set Thinning, Chunker, Straight, Curved Shears and C","1","amazon.ca","Amazon","Summerland","British Columbia","V0H 1Z","Combined TCS+MTC","39.41","4.73","3.27","0","0","0","0","0","-3.27","0","-4.73","-5.91","-7.65","0","0","25.85"
"Nov 19, 2025 3:38:22 a.m. PST","24967064061","FBA Inventory Fee","","","FBA Long-Term Storage Fee","","Amazon.ca","","","","","","0","0","0","0","0","0","0","0","0","0","0","0","0","0","-119.74","-119.74"
"Nov 19, 2025 3:44:40 a.m. PST","24967064061","Order","702-7479238-2906640","9B-5VGN-40SH","Dream Reach 2 Pack Kitchen Scissors, Premium All-Metal Kitchen Shears, Heavy Duty Poultry Shears for Food, Food-Grade Stainless Steel Scissors, Gift f","1","amazon.ca","Amazon","Chatham","ON","N7L4H","Combined TCS+MTC","37.99","4.94","0","0","0","0","0","0","0","0","-4.94","-5.70","-7.65","0","0","24.64"
"Nov 19, 2025 4:21:10 a.m. PST","24967064061","Order","701-9177032-6957832","KF04-BBJ","Dream Reach Meat Bone Cleaver Knife for Meat Cutting Handmade Heavy Duty Butcher Axes Hand Forged Full Tang Chopper for Kitchen Outdoor BBQ Chef Gifts","1","amazon.ca","Amazon","Quebec","Quebec","G1S 3X","Combined TCS+MTC","34.99","5.24","2.60","0","0","0","0","0","-2.60","0","-5.24","-5.25","-8.74","0","0","21.00"
"Nov 19, 2025 4:30:28 a.m. PST","24967064061","Order","702-9257970-3073066","KF04-BBJ","Dream Reach Meat Bone Cleaver Knife for Meat Cutting Handmade Heavy Duty Butcher Axes Hand Forged Full Tang Chopper for Kitchen Outdoor BBQ Chef Gifts","1","amazon.ca","Amazon","Ajax","Ontario","L1S 2T","Combined TCS+MTC","34.99","4.55","3.93","0","0","0","0","0","-3.93","0","-4.55","-5.25","-8.74","0","0","21.00"
"Nov 19, 2025 5:58:27 a.m. PST","24967064061","Order","701-1217173-4981045","KF02-BBJ","Dream Reach Chef Knife, Japanese Kitchen Knife, Sharp Stainless Steel Viking Style Meat Knife with Wooden Handle, Feather Design Cooking Knife with Sh","1","amazon.ca","Amazon","Dawson Creek","British Columbia","V1G 1A","Combined TCS+MTC","35.14","4.22","0","0","0","0","0","0","0","0","-4.22","-5.27","-7.13","0","0","22.74"
"Nov 19, 2025 6:16:08 a.m. PST","24967064061","Order","701-7856331-5161064","KF02-BBJ","Dream Reach Chef Knife, Japanese Kitchen Knife, Sharp Stainless Steel Viking Style Meat Knife with Wooden Handle, Feather Design Cooking Knife with Sh","1","amazon.ca","Amazon","Moncton","New Brunswick","E1C 0B","Combined TCS+MTC","35.14","5.27","0","0","0","0","0","0","0","0","-5.27","-5.27","-7.13","0","0","22.74"
"Nov 19, 2025 6:24:20 a.m. PST","24967064061","Order","702-0938123-1969806","9B-5VGN-40SH","Dream Reach 2 Pack Kitchen Scissors, Premium All-Metal Kitchen Shears, Heavy Duty Poultry Shears for Food, Food-Grade Stainless Steel Scissors, Gift f","1","amazon.ca","Amazon","Hamilton","Ontario","L8W 1C","Combined TCS+MTC","37.99","3.34","6.99","0","0","0","0","0","-19.25","0","-3.34","-3.86","-7.65","0","0","14.22"
"Nov 19, 2025 6:47:04 a.m. PST","24967064061","Order","702-1618370-0989852","KF02-BBJ","Dream Reach Chef Knife, Japanese Kitchen Knife, Sharp Stainless Steel Viking Style Meat Knife with Wooden Handle, Feather Design Cooking Knife with Sh","1","amazon.ca","Amazon","Winnipeg","Manitoba","R2V 2P","Combined TCS+MTC","35.14","4.22","0","0","0","0","0","0","0","0","-4.22","-5.27","-7.13","0","0","22.74"
"Nov 19, 2025 6:52:35 a.m. PST","24967064061","Order","702-0934075-4000224","9B-5VGN-40SH","Dream Reach 2 Pack Kitchen Scissors, Premium All-Metal Kitchen Shears, Heavy Duty Poultry Shears for Food, Food-Grade Stainless Steel Scissors, Gift f","1","amazon.ca","Amazon","Vaudreuil-Dorion","Quebec","J7V 9N","Combined TCS+MTC","37.99","3.85","0","0","0","0","0","0","-12.26","0","-3.85","-3.86","-7.65","0","0","14.22"
"Nov 19, 2025 9:54:23 a.m. PST","24967064061","Order","702-3230757-8001865","KF02-BBJ","Dream Reach Chef Knife, Japanese Kitchen Knife, Sharp Stainless Steel Viking Style Meat Knife with Wooden Handle, Feather Design Cooking Knife with Sh","1","amazon.ca","Amazon","Didsbury","Alberta","T0M 0W","Combined TCS+MTC","35.14","1.76","0","0","0","0","0","0","0","0","-1.76","-5.27","-7.13","0","0","22.74"
"Nov 19, 2025 11:13:18 a.m. PST","24967064061","Order","702-3409596-0187428","9B-5VGN-40SH","Dream Reach 2 Pack Kitchen Scissors, Premium All-Metal Kitchen Shears, Heavy Duty Poultry Shears for Food, Food-Grade Stainless Steel Scissors, Gift f","1","amazon.ca","Amazon","Langley","British Columbia","V2Y 4J","Combined TCS+MTC","37.99","4.56","0","0","0","0","0","0","0","0","-4.56","-5.70","-8.19","0","0","24.10"
"Nov 19, 2025 11:14:57 a.m. PST","24967064061","Service Fee","d7d39944-7578-4665-a9c5-63b16856a602","","Coupon Redemption Fee: Save 16% on B07XQ731FY","1","Amazon.ca","","","","","","0","0","0","0","0","0","0","0","0","0","0","0","0","-0.60","0","-0.60"
"Nov 19, 2025 11:48:56 a.m. PST","24967064061","Order","702-1388076-2929821","KF01-BBJ","Dream Reach Viking Cleaver Knife Butcher Meat Cutting Boning Knife High Carbon Steel Kitchen Axe with Sheath Home Outdoor BBQ Camping Birthday Christm","1","amazon.ca","Amazon","Uxbridge","Ontario","L9P 1R","Combined TCS+MTC","39.99","5.20","0","0","0","0","0","0","0","0","-5.20","-6.00","-7.65","0","0","26.34"
"Nov 19, 2025 2:49:46 p.m. PST","24967064061","Service Fee","","","Cost of advertising","","","","","","","","0","0","0","0","0","0","0","0","0","0","0","0","0","-500.84","0","-500.84"
"Nov 19, 2025 3:18:50 p.m. PST","24967064061","Order","702-2150952-3903416","CWJ02-Purple7Set-BBJ","Dream Reach Dog Grooming Scissors - 7"" Professional 6 in 1 Pet Scissors Sharp and Durable Shears Set Thinning, Chunker, Straight, Curved Shears and Co","1","amazon.ca","Amazon","Brampton","Ontario","L6X 0M","Combined TCS+MTC","42.74","5.00","2.51","0","0","0","0","0","-6.78","0","-5.00","-5.77","-6.74","0","0","25.96"
"Nov 19, 2025 3:53:54 p.m. PST","24967064061","Refund","702-4711879-9501869","KF04-BBJ","Dream Reach Meat Bone Cleaver Knife for Meat Cutting Handmade Heavy Duty Butcher Axes Hand Forged Full Tang Chopper for Kitchen Outdoor BBQ Chef Gifts","1","amazon.ca","Amazon","Milton","Ontario","L9T 0N","Combined TCS+MTC","-34.99","-4.09","-3.92","0","0","0","0","0","7.42","0","4.09","3.78","0","0","0","-27.71"
"Nov 19, 2025 9:04:41 p.m. PST","24967064061","Order","702-4266371-5369866","9B-5VGN-40SH","Dream Reach 2 Pack Kitchen Scissors, Premium All-Metal Kitchen Shears, Heavy Duty Poultry Shears for Food, Food-Grade Stainless Steel Scissors, Gift f","1","amazon.ca","Amazon","Cambridge","Ontario","N1R 5S","Combined TCS+MTC","37.99","3.34","0","0","0","0","0","0","-12.26","0","-3.34","-3.86","-7.65","0","0","14.22"
"Nov 19, 2025 11:54:07 p.m. PST","24967064061","Order","701-4761717-8712234","9B-5VGN-40SH","Dream Reach 2 Pack Kitchen Scissors, Premium All-Metal Kitchen Shears, Heavy Duty Poultry Shears for Food, Food-Grade Stainless Steel Scissors, Gift f","1","amazon.ca","Amazon","Granby","Quebec","J2J 2Z","Combined TCS+MTC","37.99","5.69","0","0","0","0","0","0","0","0","-5.69","-5.70","-7.65","0","0","24.64"
"Nov 20, 2025 2:48:44 a.m. PST","24967064061","Order","702-7634646-4996200","CWJ02-Black7.5Set-BBJ","Dream Reach Dog Grooming Scissors - Professional 7.5 Inch Pet Scissors Sharp and Durable Shears Set Thinning, Chunker, Straight, Curved Shears and Com","1","amazon.ca","Amazon","Dunmore","Alberta","T1B 0R","Combined TCS+MTC","42.74","1.92","0","0","0","0","0","0","-4.27","0","-1.92","-5.77","-7.65","0","0","25.05"
"Nov 20, 2025 4:10:46 a.m. PST","24967064061","Order","701-2922165-1341047","9B-5VGN-40SH","Dream Reach 2 Pack Kitchen Scissors, Premium All-Metal Kitchen Shears, Heavy Duty Poultry Shears for Food, Food-Grade Stainless Steel Scissors, Gift f","1","amazon.ca","Amazon","Kingston","Ontario","K7M 9G","Combined TCS+MTC","37.99","3.34","0","0","0","0","0","0","-12.26","0","-3.34","-3.86","-7.65","0","0","14.22"
"Nov 20, 2025 4:48:20 a.m. PST","24967064061","Order","702-7910353-1718637","9B-5VGN-40SH","Dream Reach 2 Pack Kitchen Scissors, Premium All-Metal Kitchen Shears, Heavy Duty Poultry Shears for Food, Food-Grade Stainless Steel Scissors, Gift f","1","amazon.ca","Amazon","Mississauga","Ontario","L5R 4E","Combined TCS+MTC","37.99","4.94","6.99","0","0","0","0","0","-6.99","0","-4.94","-5.70","-7.65","0","0","24.64"
"Nov 20, 2025 5:26:05 a.m. PST","24967064061","Order","702-8341768-2828230","9B-5VGN-40SH","Dream Reach 2 Pack Kitchen Scissors, Premium All-Metal Kitchen Shears, Heavy Duty Poultry Shears for Food, Food-Grade Stainless Steel Scissors, Gift f","1","amazon.ca","Amazon","Coaticook","Quebec","J1A 1T","Combined TCS+MTC","37.99","5.69","0","0","0","0","0","0","0","0","-5.69","-5.70","-7.65","0","0","24.64"
"Nov 20, 2025 5:40:01 a.m. PST","24967064061","FBA Inventory Fee","701-8136451-7120219","","Fulfilment by Amazon removal order: disposal fee","","Amazon.ca","","","","","","0","0","0","0","0","0","0","0","0","0","0","0","0","0","-0.88","-0.88"
"Nov 20, 2025 9:30:31 a.m. PST","24967064061","Order","701-4362172-3369049","9B-5VGN-40SH","Dream Reach 2 Pack Kitchen Scissors, Premium All-Metal Kitchen Shears, Heavy Duty Poultry Shears for Food, Food-Grade Stainless Steel Scissors, Gift f","1","amazon.ca","Amazon","Orleans","Ontario","K1C 7J","Combined TCS+MTC","37.99","4.94","0","0","0","0","0","0","0","0","-4.94","-5.70","-7.65","0","0","24.64"
"Nov 20, 2025 11:23:00 a.m. PST","24967064061","Order","701-9129705-9639432","9B-5VGN-40SH","Dream Reach 2 Pack Kitchen Scissors, Premium All-Metal Kitchen Shears, Heavy Duty Poultry Shears for Food, Food-Grade Stainless Steel Scissors, Gift f","1","amazon.ca","Amazon","Edmonton","Alberta","T5R 4L","Combined TCS+MTC","37.99","1.29","0","0","0","0","0","0","-12.26","0","-1.29","-3.86","-7.65","0","0","14.22"
"Nov 20, 2025 1:32:07 p.m. PST","24967064061","Order","701-5030143-2191442","9B-5VGN-40SH","Dream Reach 2 Pack Kitchen Scissors, Premium All-Metal Kitchen Shears, Heavy Duty Poultry Shears for Food, Food-Grade Stainless Steel Scissors, Gift f","1","amazon.ca","Amazon","Sylvan Lake","Alberta","T4S 0G","Combined TCS+MTC","37.99","1.29","0","0","0","0","0","0","-12.26","0","-1.29","-3.86","-7.65","0","0","14.22"
"Nov 20, 2025 5:11:57 p.m. PST","24967064061","FBA Inventory Fee","Haq6iIElLg","","Fulfilment by Amazon removal order: disposal fee","","Amazon.ca","","","","","","0","0","0","0","0","0","0","0","0","0","0","0","0","0","-1.18","-1.18"
"Nov 20, 2025 11:04:28 p.m. PST","24967064061","Order","701-7249072-6523456","KF01-BBJ","Dream Reach Viking Cleaver Knife Butcher Meat Cutting Boning Knife High Carbon Steel Kitchen Axe with Sheath Home Outdoor BBQ Camping Birthday Christm","1","amazon.ca","Amazon","Saint charles de bellechasse","Quebec","G0R2T","Combined TCS+MTC","39.99","5.99","0","0","0","0","0","0","0","0","-5.99","-6.00","-7.65","0","0","26.34"
"Nov 20, 2025 11:37:45 p.m. PST","24967064061","Order","702-9558340-6249825","9B-5VGN-40SH","Dream Reach 2 Pack Kitchen Scissors, Premium All-Metal Kitchen Shears, Heavy Duty Poultry Shears for Food, Food-Grade Stainless Steel Scissors, Gift f","1","amazon.ca","Amazon","Vancouver","BC","V6B 1K","Combined TCS+MTC","37.99","4.56","0","0","0","0","0","0","0","0","-4.56","-5.70","-8.19","0","0","24.10"
"Nov 21, 2025 12:54:22 a.m. PST","24967064061","Order","701-6577399-1967434","CWJ02-Black7.5Set-BBJ","Dream Reach Dog Grooming Scissors - Professional 7.5 Inch Pet Scissors Sharp and Durable Shears Set Thinning, Chunker, Straight, Curved Shears and Com","1","amazon.ca","Amazon","Langford","British Columbia","V9B 6Z","Combined TCS+MTC","42.74","4.62","0","0","0","0","0","0","-4.27","0","-4.62","-5.77","-7.65","0","0","25.05"
"Nov 21, 2025 1:20:14 a.m. PST","24967064061","Order","701-7588896-6425050","CWJ02-Purple7Set-BBJ","Dream Reach Dog Grooming Scissors - 7"" Professional 6 in 1 Pet Scissors Sharp and Durable Shears Set Thinning, Chunker, Straight, Curved Shears and Co","1","amazon.ca","Amazon","Brockville","Ontario","K6V 4H","Combined TCS+MTC","58.49","7.60","0","0","0","0","0","0","0","0","-7.60","-8.77","-6.74","0","0","42.98"
"Nov 21, 2025 1:21:18 a.m. PST","24967064061","Order","701-1674246-3049042","9B-5VGN-40SH","Dream Reach 2 Pack Kitchen Scissors, Premium All-Metal Kitchen Shears, Heavy Duty Poultry Shears for Food, Food-Grade Stainless Steel Scissors, Gift f","1","amazon.ca","Amazon","Saint-Vallier","Quebec","G0R 4J","Combined TCS+MTC","37.99","5.69","0","0","0","0","0","0","0","0","-5.69","-5.70","-7.65","0","0","24.64"
"Nov 21, 2025 4:46:35 a.m. PST","24967064061","Order","701-0636526-3664216","9B-5VGN-40SH","Dream Reach 2 Pack Kitchen Scissors, Premium All-Metal Kitchen Shears, Heavy Duty Poultry Shears for Food, Food-Grade Stainless Steel Scissors, Gift f","1","amazon.ca","Amazon","Newmarket","Ontario","L3X0A","Combined TCS+MTC","29.99","3.90","2.33","0","0","0","0","0","-2.33","0","-3.90","-4.50","-7.65","0","0","17.84"
"Nov 21, 2025 6:01:38 a.m. PST","24967064061","Order","701-6445943-3657044","KF04-BBJ","Dream Reach Meat Bone Cleaver Knife for Meat Cutting Handmade Heavy Duty Butcher Axes Hand Forged Full Tang Chopper for Kitchen Outdoor BBQ Chef Gifts","1","amazon.ca","Amazon","Edmonton","Alberta","T6H 5S","Combined TCS+MTC","34.99","1.75","0","0","0","0","0","0","0","0","-1.75","-5.25","-8.74","0","0","21.00"
"Nov 21, 2025 6:05:36 a.m. PST","24967064061","Order","701-0920000-7869017","KF02-BBJ","Dream Reach Chef Knife, Japanese Kitchen Knife, Sharp Stainless Steel Viking Style Meat Knife with Wooden Handle, Feather Design Cooking Knife with Sh","1","amazon.ca","Amazon","Telkwa","British Columbia","V0J 2X","Combined TCS+MTC","35.14","3.42","0","0","0","0","0","0","-6.65","0","-3.42","-4.27","-7.13","0","0","17.09"
"Nov 21, 2025 6:19:55 a.m. PST","24967064061","Order","702-3771042-3706616","KF05-BBJ","Dream Reach Meat Cleaver Knife Heavy Duty Bone Chopper High Carbon Steel Butcher Axe Bone Cutting Knife Hand Forged Butcher Knife for Kitchen Outdoor","1","amazon.ca","Amazon","Toronto","Ontario","M6H3G","Combined TCS+MTC","37.04","4.82","0","0","0","0","0","0","0","0","-4.82","-5.56","-9.58","0","0","21.90"
"Nov 21, 2025 7:53:26 a.m. PST","24967064061","Order","702-6324495-1732252","9B-5VGN-40SH","Dream Reach 2 Pack Kitchen Scissors, Premium All-Metal Kitchen Shears, Heavy Duty Poultry Shears for Food, Food-Grade Stainless Steel Scissors, Gift f","1","amazon.ca","Amazon","Morris","Manitoba","R0G 1K","Combined TCS+MTC","37.99","4.56","5.90","0","0","0","0","0","-5.90","0","-4.56","-5.70","-7.65","0","0","24.64"
"Nov 21, 2025 11:47:44 a.m. PST","24967064061","Order","702-1339156-4465056","CWJ02-Black7Set-BBJ","Dream Reach Dog Grooming Scissors - Professional 6 in 1 Pet Grooming Kit Sharp and Durable Shears Set Thinning, Chunker, Straight, Curved Shears and C","1","amazon.ca","Amazon","Fort Qu'Appelle","Saskatchewan","S0G 1S","Combined TCS+MTC","39.41","4.34","2.74","0","0","0","0","0","-2.74","0","-4.34","-5.91","-7.65","0","0","25.85"
"Nov 21, 2025 6:03:01 p.m. PST","24967064061","Order","S01-0639470-7464468","KF04-BBJ","Dream Reach Meat Bone Cleaver Knife for Meat Cutting Handmade Heavy Duty Butcher Axes Hand Forged Full Tang Chopper for Kitchen Outdoor BBQ Chef Gifts Idea Men Black","1","siprod.stores.amazon.ca","Amazon","HAMILTON","ON","L9C 2G","","0","0","0","0","0","0","0","0","0","0","0","0","-3.82","0","0","-3.82"
"Nov 21, 2025 6:03:01 p.m. PST","24967064061","Order","S01-0639470-7464468","","FBA transportation fee","","siprod.stores.amazon.ca","Amazon","HAMILTON","ON","L9C 2G","","0","0","0","0","0","0","0","0","0","0","0","0","0","0","-8.27","-8.27"
"Nov 21, 2025 6:52:27 p.m. PST","24967064061","Order","701-4849007-4754603","9B-5VGN-40SH","Dream Reach 2 Pack Kitchen Scissors, Premium All-Metal Kitchen Shears, Heavy Duty Poultry Shears for Food, Food-Grade Stainless Steel Scissors, Gift f","1","amazon.ca","Amazon","Saint-Jean-Sur-Richelieu","Quebec","J2W 2G","Combined TCS+MTC","29.99","4.49","0","0","0","0","0","0","0","0","-4.49","-4.50","-7.65","0","0","17.84"
"Nov 21, 2025 9:26:32 p.m. PST","24967064061","Order","701-6950671-9282662","HS1901","Dream Reach 6"" Professional Hair Cutting Scissors Japan 440C Steel Thinning Scissor for Men/Women Cutting for Salon/Barber/Home (Straight Scissors)","1","amazon.ca","Amazon","Longueuil","Quebec","J4M 2A","Combined TCS+MTC","43.99","5.93","0","0","0","0","0","0","-4.40","0","-5.93","-5.94","-6.49","0","0","27.16"
"Nov 21, 2025 9:39:48 p.m. PST","24967064061","Refund","702-6398302-1024260","KF05-BBJ","Dream Reach Meat Cleaver Knife Heavy Duty Bone Chopper High Carbon Steel Butcher Axe Bone Cutting Knife Hand Forged Butcher Knife for Kitchen Outdoor","1","amazon.ca","Amazon","Saint-Leonard","Quebec","H1S 1N","Combined TCS+MTC","-35.69","-5.34","-3.49","0","0","0","0","0","3.49","0","5.34","4.28","0","0","0","-31.41"
"Nov 21, 2025 11:05:06 p.m. PST","24967064061","Order","702-8244803-4963417","CD-5RZQ-GSIY","Dream Reach 8.0 Inch Twin Tailed Rainbow Curved Blade Pet Grooming Scissors Dog Hair Cutting Shears with Case (Curved Scissors)","1","amazon.ca","Amazon","St Catharines","Ontario","L2P 2T","Combined TCS+MTC","39.99","4.68","0","0","0","0","0","0","-4.00","0","-4.68","-5.40","-6.49","0","0","24.10"
"Nov 22, 2025 12:33:45 a.m. PST","24967064061","Order","701-7126016-1865807","KF04-BBJ","Dream Reach Meat Bone Cleaver Knife for Meat Cutting Handmade Heavy Duty Butcher Axes Hand Forged Full Tang Chopper for Kitchen Outdoor BBQ Chef Gifts","1","amazon.ca","Amazon","Edmonton","Alberta","T6V 1T","Combined TCS+MTC","34.99","1.75","3.93","0","0","0","0","0","-3.93","0","-1.75","-5.25","-8.74","0","0","21.00"
"Nov 22, 2025 2:38:47 a.m. PST","24967064061","Order","701-3896220-0249021","9B-5VGN-40SH","Dream Reach 2 Pack Kitchen Scissors, Premium All-Metal Kitchen Shears, Heavy Duty Poultry Shears for Food, Food-Grade Stainless Steel Scissors, Gift f","1","amazon.ca","Amazon","Vancouver","British Columbia","V6B 6A","Combined TCS+MTC","29.99","3.60","6.99","0","0","0","0","0","-6.99","0","-3.60","-4.50","-8.19","0","0","17.30"
"Nov 22, 2025 2:46:30 a.m. PST","24967064061","Amazon fees","2f51ba77-3a9c-4106-98eb-4314dfd837cb","","Deal participation fee","","Amazon.ca","","","","","","0","0","0","0","0","0","0","0","0","0","0","-5.00","0","0","0","-5.00"
"Nov 22, 2025 2:49:06 a.m. PST","24967064061","Amazon fees","2f51ba77-3a9c-4106-98eb-4314dfd837cb","","Deal performance-based fee","","Amazon.ca","","","","","","0","0","0","0","0","0","0","0","0","0","0","-2.06","0","0","0","-2.06"
"Nov 22, 2025 3:28:36 a.m. PST","24967064061","Order","701-6474677-9130613","9B-5VGN-40SH","Dream Reach 2 Pack Kitchen Scissors, Premium All-Metal Kitchen Shears, Heavy Duty Poultry Shears for Food, Food-Grade Stainless Steel Scissors, Gift f","1","amazon.ca","Amazon","Calgary","Alberta","T3B 6A","Combined TCS+MTC","29.99","1.50","0","0","0","0","0","0","0","0","-1.50","-4.50","-7.65","0","0","17.84"
"Nov 22, 2025 3:30:37 a.m. PST","24967064061","Order","702-6398302-1024260","KF05-BBJ","Dream Reach Meat Cleaver Knife Heavy Duty Bone Chopper High Carbon Steel Butcher Axe Bone Cutting Knife Hand Forged Butcher Knife for Kitchen Outdoor","1","amazon.ca","Amazon","Saint-Leonard","Quebec","H1S 1N","Combined TCS+MTC","35.69","5.34","3.49","0","0","0","0","0","-3.49","0","-5.34","-5.35","-9.58","0","0","20.76"
"Nov 22, 2025 4:02:56 a.m. PST","24967064061","Order","702-7558898-0065828","9B-5VGN-40SH","Dream Reach 2 Pack Kitchen Scissors, Premium All-Metal Kitchen Shears, Heavy Duty Poultry Shears for Food, Food-Grade Stainless Steel Scissors, Gift f","1","amazon.ca","Amazon","Larder Lake","Ontario","P0K 1L","Combined TCS+MTC","37.99","4.94","3.27","0","0","0","0","0","-3.27","0","-4.94","-5.70","-7.65","0","0","24.64"
"Nov 22, 2025 4:05:37 a.m. PST","24967064061","Order","701-6391077-5060234","9B-5VGN-40SH","Dream Reach 2 Pack Kitchen Scissors, Premium All-Metal Kitchen Shears, Heavy Duty Poultry Shears for Food, Food-Grade Stainless Steel Scissors, Gift f","1","amazon.ca","Amazon","Calgary","Alberta","T2T 2P","Combined TCS+MTC","37.99","1.90","0","0","0","0","0","0","0","0","-1.90","-5.70","-7.65","0","0","24.64"
"Nov 22, 2025 6:28:48 a.m. PST","24967064061","Order","702-9066921-2905805","9B-5VGN-40SH","Dream Reach 2 Pack Kitchen Scissors, Premium All-Metal Kitchen Shears, Heavy Duty Poultry Shears for Food, Food-Grade Stainless Steel Scissors, Gift f","1","amazon.ca","Amazon","Moncton","New Brunswick","E1C 1L","Combined TCS+MTC","37.99","5.70","0","0","0","0","0","0","0","0","-5.70","-5.70","-7.65","0","0","24.64"
"Nov 22, 2025 7:23:27 a.m. PST","24967064061","Order","701-3039874-2436255","KF01-BBJ","Dream Reach Viking Cleaver Knife Butcher Meat Cutting Boning Knife High Carbon Steel Kitchen Axe with Sheath Home Outdoor BBQ Camping Birthday Christm","1","amazon.ca","Amazon","La Ronge","Saskatchewan","S0J 1L","Combined TCS+MTC","39.99","4.40","2.61","0","0","0","0","0","-2.61","0","-4.40","-6.00","-8.19","0","0","25.80"
"Nov 22, 2025 7:31:00 a.m. PST","24967064061","Order","701-6614810-8527441","9B-5VGN-40SH","Dream Reach 2 Pack Kitchen Scissors, Premium All-Metal Kitchen Shears, Heavy Duty Poultry Shears for Food, Food-Grade Stainless Steel Scissors, Gift f","2","amazon.ca","Amazon","Vancouver","British Columbia","V5T 1E","Combined TCS+MTC","75.98","9.12","0","0","0","0","0","0","0","0","-9.12","-11.40","-15.30","0","0","49.28"
"Nov 22, 2025 8:02:14 a.m. PST","24967064061","Order","701-8003713-9296251","9B-5VGN-40SH","Dream Reach 2 Pack Kitchen Scissors, Premium All-Metal Kitchen Shears, Heavy Duty Poultry Shears for Food, Food-Grade Stainless Steel Scissors, Gift f","1","amazon.ca","Amazon","brossard","Quebec","J4Y 0B","Combined TCS+MTC","29.99","4.49","0","0","0","0","0","0","0","0","-4.49","-4.50","-7.65","0","0","17.84"
"Nov 22, 2025 11:01:29 a.m. PST","24967064061","Order","702-1195222-3185039","KF01-BBJ","Dream Reach Viking Cleaver Knife Butcher Meat Cutting Boning Knife High Carbon Steel Kitchen Axe with Sheath Home Outdoor BBQ Camping Birthday Christm","1","amazon.ca","Amazon","TORONTO","Ontario","M1K 4R","Combined TCS+MTC","38.24","4.97","0","0","0","0","0","0","0","0","-4.97","-5.74","-7.65","0","0","24.85"
"Nov 22, 2025 12:22:33 p.m. PST","24967064061","Order","702-2946642-5539444","KF05-BBJ","Dream Reach Meat Cleaver Knife Heavy Duty Bone Chopper High Carbon Steel Butcher Axe Bone Cutting Knife Hand Forged Butcher Knife for Kitchen Outdoor","1","amazon.ca","Amazon","Calgary","Alberta","T1Y 3L","Combined TCS+MTC","45.99","2.30","0","0","0","0","0","0","0","0","-2.30","-6.90","-10.25","0","0","28.84"
"Nov 22, 2025 1:20:42 p.m. PST","24967064061","Service Fee","","","Cost of advertising","","","","","","","","0","0","0","0","0","0","0","0","0","0","0","0","0","-502.33","0","-502.33"
"Nov 22, 2025 3:40:58 p.m. PST","24967064061","Order","701-4877944-1726639","9B-5VGN-40SH","Dream Reach 2 Pack Kitchen Scissors, Premium All-Metal Kitchen Shears, Heavy Duty Poultry Shears for Food, Food-Grade Stainless Steel Scissors, Gift f","1","amazon.ca","Amazon","Montreal","Quebec","H4E 1W","Combined TCS+MTC","29.99","4.49","0","0","0","0","0","0","0","0","-4.49","-4.50","-7.65","0","0","17.84"
"Nov 22, 2025 8:13:26 p.m. PST","24967064061","Order","702-1142548-0561801","9B-5VGN-40SH","Dream Reach 2 Pack Kitchen Scissors, Premium All-Metal Kitchen Shears, Heavy Duty Poultry Shears for Food, Food-Grade Stainless Steel Scissors, Gift f","1","amazon.ca","Amazon","Mississauga","Ontario","L5A 2V","Combined TCS+MTC","37.99","4.94","2.39","0","0","0","0","0","-2.39","0","-4.94","-5.70","-7.65","0","0","24.64"
"Nov 22, 2025 10:35:52 p.m. PST","24967064061","Order","701-6299580-3427413","9B-5VGN-40SH","Dream Reach 2 Pack Kitchen Scissors, Premium All-Metal Kitchen Shears, Heavy Duty Poultry Shears for Food, Food-Grade Stainless Steel Scissors, Gift f","1","amazon.ca","Amazon","London","Ontario","N6G 0V","Combined TCS+MTC","29.99","3.90","0","0","0","0","0","0","0","0","-3.90","-4.50","-7.65","0","0","17.84"
"Nov 22, 2025 11:20:14 p.m. PST","24967064061","Order","701-5692780-2186600","KF02-BBJ","Dream Reach Chef Knife, Japanese Kitchen Knife, Sharp Stainless Steel Viking Style Meat Knife with Wooden Handle, Feather Design Cooking Knife with Sh","1","amazon.ca","Amazon","Cobourg","Ontario","K9A3P","Combined TCS+MTC","43.99","5.72","0","0","0","0","0","0","0","0","-5.72","-6.60","-7.13","0","0","30.26"
"Nov 23, 2025 2:43:30 a.m. PST","24967064061","Order","701-8041575-1236211","KF01-BBJ","Dream Reach Viking Cleaver Knife Butcher Meat Cutting Boning Knife High Carbon Steel Kitchen Axe with Sheath Home Outdoor BBQ Camping Birthday Christm","1","amazon.ca","Amazon","St-Onesime","Quebec","G0R 3W","Combined TCS+MTC","39.99","5.99","0","0","0","0","0","0","0","0","-5.99","-6.00","-7.65","0","0","26.34"
"Nov 23, 2025 3:29:08 a.m. PST","24967064061","Amazon fees","f661e091-2f42-46fb-8ab3-5c1e2159e4e4","","Coupon participation fee","","Amazon.ca","","","","","","0","0","0","0","0","0","0","0","0","0","0","-2.00","0","0","0","-2.00"
"Nov 23, 2025 3:35:02 a.m. PST","24967064061","Amazon fees","f661e091-2f42-46fb-8ab3-5c1e2159e4e4","","Coupon performance-based fee","","Amazon.ca","","","","","","0","0","0","0","0","0","0","0","0","0","0","-9.01","0","0","0","-9.01"
"Nov 23, 2025 3:39:21 a.m. PST","24967064061","Amazon fees","747cef76-d284-4269-b70f-5c1232d4f7a6","","Coupon participation fee","","Amazon.ca","","","","","","0","0","0","0","0","0","0","0","0","0","0","-2.00","0","0","0","-2.00"
"Nov 23, 2025 3:50:05 a.m. PST","24967064061","Amazon fees","747cef76-d284-4269-b70f-5c1232d4f7a6","","Coupon performance-based fee","","Amazon.ca","","","","","","0","0","0","0","0","0","0","0","0","0","0","-6.74","0","0","0","-6.74"
"Nov 23, 2025 3:53:06 a.m. PST","24967064061","Amazon fees","8ed652fb-53a3-4771-a61e-015c9d94f409","","Coupon participation fee","","Amazon.ca","","","","","","0","0","0","0","0","0","0","0","0","0","0","-2.00","0","0","0","-2.00"
"Nov 23, 2025 4:00:34 a.m. PST","24967064061","Order","701-4715504-0223404","9B-5VGN-40SH","Dream Reach 2 Pack Kitchen Scissors, Premium All-Metal Kitchen Shears, Heavy Duty Poultry Shears for Food, Food-Grade Stainless Steel Scissors, Gift f","1","amazon.ca","Amazon","Ottawa","Ontario","K1C 3J","Combined TCS+MTC","37.99","4.94","0","0","0","0","0","0","0","0","-4.94","-5.70","-7.65","0","0","24.64"
"Nov 23, 2025 4:02:10 a.m. PST","24967064061","Order","701-1929371-4151415","9B-5VGN-40SH","Dream Reach 2 Pack Kitchen Scissors, Premium All-Metal Kitchen Shears, Heavy Duty Poultry Shears for Food, Food-Grade Stainless Steel Scissors, Gift f","1","amazon.ca","Amazon","Red Deer","Alberta","T4N 3B","Combined TCS+MTC","29.99","1.50","0","0","0","0","0","0","0","0","-1.50","-4.50","-7.65","0","0","17.84"
"Nov 23, 2025 4:42:32 a.m. PST","24967064061","Order","701-7945241-5274649","9B-5VGN-40SH","Dream Reach 2 Pack Kitchen Scissors, Premium All-Metal Kitchen Shears, Heavy Duty Poultry Shears for Food, Food-Grade Stainless Steel Scissors, Gift f","1","amazon.ca","Amazon","Vancouver","British Columbia","V5T 0E","Combined TCS+MTC","29.99","3.60","6.99","0","0","0","0","0","-6.99","0","-3.60","-4.50","-8.19","0","0","17.30"
"Nov 23, 2025 4:46:13 a.m. PST","24967064061","Order","701-6111936-7810609","9B-5VGN-40SH","Dream Reach 2 Pack Kitchen Scissors, Premium All-Metal Kitchen Shears, Heavy Duty Poultry Shears for Food, Food-Grade Stainless Steel Scissors, Gift f","1","amazon.ca","Amazon","Midland","Ontario","L4R 2B","Combined TCS+MTC","29.99","3.90","0","0","0","0","0","0","0","0","-3.90","-4.50","-7.65","0","0","17.84"
"Nov 23, 2025 4:49:39 a.m. PST","24967064061","Order","702-3541284-1580240","KF01-BBJ","Dream Reach Viking Cleaver Knife Butcher Meat Cutting Boning Knife High Carbon Steel Kitchen Axe with Sheath Home Outdoor BBQ Camping Birthday Christm","1","amazon.ca","Amazon","Strathmore","Alberta","T1P1G","Combined TCS+MTC","39.99","2.00","0","0","0","0","0","0","0","0","-2.00","-6.00","-8.19","0","0","25.80"
"Nov 23, 2025 6:50:53 a.m. PST","24967064061","Order","701-2173303-8289039","9B-5VGN-40SH","Dream Reach 2 Pack Kitchen Scissors, Premium All-Metal Kitchen Shears, Heavy Duty Poultry Shears for Food, Food-Grade Stainless Steel Scissors, Gift f","1","amazon.ca","Amazon","Banff","Alberta","T1L 1B","Combined TCS+MTC","29.99","1.50","0","0","0","0","0","0","0","0","-1.50","-4.50","-7.65","0","0","17.84"
"Nov 23, 2025 7:08:52 a.m. PST","24967064061","Order","702-8565331-7774633","9B-5VGN-40SH","Dream Reach 2 Pack Kitchen Scissors, Premium All-Metal Kitchen Shears, Heavy Duty Poultry Shears for Food, Food-Grade Stainless Steel Scissors, Gift f","1","amazon.ca","Amazon","Wasaga beach","Ontario","L9Z 2C","Combined TCS+MTC","29.99","3.90","0","0","0","0","0","0","0","0","-3.90","-4.50","-7.65","0","0","17.84"
"Nov 23, 2025 8:19:31 a.m. PST","24967064061","Order","702-0456466-2186635","9B-5VGN-40SH","Dream Reach 2 Pack Kitchen Scissors, Premium All-Metal Kitchen Shears, Heavy Duty Poultry Shears for Food, Food-Grade Stainless Steel Scissors, Gift f","1","amazon.ca","Amazon","Barrie","Ontario","L4N 5P","Combined TCS+MTC","37.99","4.94","0","0","0","0","0","0","0","0","-4.94","-5.70","-7.65","0","0","24.64"
"Nov 23, 2025 9:33:16 a.m. PST","24967064061","Order","701-1240687-8894617","9B-5VGN-40SH","Dream Reach 2 Pack Kitchen Scissors, Premium All-Metal Kitchen Shears, Heavy Duty Poultry Shears for Food, Food-Grade Stainless Steel Scissors, Gift f","1","amazon.ca","Amazon","Foothills","Alberta","T1S 6B","Combined TCS+MTC","37.99","1.29","3.93","0","0","0","0","0","-16.19","0","-1.29","-3.86","-7.65","0","0","14.22"
"Nov 23, 2025 12:21:46 p.m. PST","24967064061","Order","701-6525454-5141059","CWJ02-Black7.5Set-BBJ","Dream Reach Dog Grooming Scissors - Professional 7.5 Inch Pet Scissors Sharp and Durable Shears Set Thinning, Chunker, Straight, Curved Shears and Com","1","amazon.ca","Amazon","Oakbank","Manitoba","R5N 0C","Combined TCS+MTC","42.74","4.62","2.94","0","0","0","0","0","-7.21","0","-4.62","-5.77","-7.65","0","0","25.05"
"Nov 23, 2025 3:45:48 p.m. PST","24967064061","Order","S01-3459158-5581268","KF02-BBJ","Dream Reach Chef Knife, Japanese Kitchen Knife, Sharp Stainless Steel Viking Style Meat Knife with Wooden Handle, Feather Design Cooking Knife with Sheath & Gift Box, Gift for Men and Chefs","1","siprod.stores.amazon.ca","Amazon","FAIRVIEW","AB","T0H 1L","","0","0","0","0","0","0","0","0","0","0","0","0","-3.82","0","0","-3.82"
"Nov 23, 2025 3:45:48 p.m. PST","24967064061","Order","S01-3459158-5581268","","FBA transportation fee","","siprod.stores.amazon.ca","Amazon","FAIRVIEW","AB","T0H 1L","","0","0","0","0","0","0","0","0","0","0","0","0","0","0","-7.01","-7.01"
"Nov 23, 2025 9:24:17 p.m. PST","24967064061","Order","701-9076940-6697830","9B-5VGN-40SH","Dream Reach 2 Pack Kitchen Scissors, Premium All-Metal Kitchen Shears, Heavy Duty Poultry Shears for Food, Food-Grade Stainless Steel Scissors, Gift f","1","amazon.ca","Amazon","Port Hope","Ontario","L1A 3V","Combined TCS+MTC","29.99","3.90","0","0","0","0","0","0","0","0","-3.90","-4.50","-7.65","0","0","17.84"
"Nov 23, 2025 10:50:53 p.m. PST","24967064061","Order","702-4513899-1818619","9B-5VGN-40SH","Dream Reach 2 Pack Kitchen Scissors, Premium All-Metal Kitchen Shears, Heavy Duty Poultry Shears for Food, Food-Grade Stainless Steel Scissors, Gift f","1","amazon.ca","Amazon","St. Albert","Alberta","T8N 7Z","Combined TCS+MTC","29.99","1.50","0","0","0","0","0","0","0","0","-1.50","-4.50","-7.65","0","0","17.84"
"Nov 23, 2025 11:57:36 p.m. PST","24967064061","Order","702-3663669-7241050","KF02-BBJ","Dream Reach Chef Knife, Japanese Kitchen Knife, Sharp Stainless Steel Viking Style Meat Knife with Wooden Handle, Feather Design Cooking Knife with Sh","1","amazon.ca","Amazon","Keswick","Ontario","L4P 3L","Combined TCS+MTC","37.40","3.70","0","0","0","0","0","0","-8.91","0","-3.70","-4.27","-7.13","0","0","17.09"
"Nov 24, 2025 12:59:07 a.m. PST","24967064061","Order","702-8800425-3154627","9B-5VGN-40SH","Dream Reach 2 Pack Kitchen Scissors, Premium All-Metal Kitchen Shears, Heavy Duty Poultry Shears for Food, Food-Grade Stainless Steel Scissors, Gift f","1","amazon.ca","Amazon","Stirling","Ontario","K0K3E","Combined TCS+MTC","29.99","3.90","0","0","0","0","0","0","0","0","-3.90","-4.50","-7.65","0","0","17.84"
"Nov 24, 2025 1:08:33 a.m. PST","24967064061","Order","702-2095388-7805015","9B-5VGN-40SH","Dream Reach 2 Pack Kitchen Scissors, Premium All-Metal Kitchen Shears, Heavy Duty Poultry Shears for Food, Food-Grade Stainless Steel Scissors, Gift f","1","amazon.ca","Amazon","Windsor","Ontario","N8T 1L","Combined TCS+MTC","29.99","3.90","6.99","0","0","0","0","0","-6.99","0","-3.90","-4.50","-7.65","0","0","17.84"
"Nov 24, 2025 1:18:40 a.m. PST","24967064061","Order","702-1726887-3586600","HS1901","Dream Reach 6"" Professional Hair Cutting Scissors Japan 440C Steel Thinning Scissor for Men/Women Cutting for Salon/Barber/Home (Straight Scissors)","1","amazon.ca","Amazon","Montreal","Quebec","H1Y 2L","Combined TCS+MTC","43.99","5.93","0","0","0","0","0","0","-4.40","0","-5.93","-5.94","-6.49","0","0","27.16"
"Nov 24, 2025 2:27:41 a.m. PST","24967064061","Order","702-4665888-4486611","9B-5VGN-40SH","Dream Reach 2 Pack Kitchen Scissors, Premium All-Metal Kitchen Shears, Heavy Duty Poultry Shears for Food, Food-Grade Stainless Steel Scissors, Gift f","1","amazon.ca","Amazon","Warman","Saskatchewan","S0K 4S","Combined TCS+MTC","29.99","3.30","0","0","0","0","0","0","0","0","-3.30","-4.50","-7.65","0","0","17.84"
"Nov 24, 2025 3:46:49 a.m. PST","24967064061","Order","701-9368727-7233802","CWJ02-Black7Set-BBJ","Dream Reach Dog Grooming Scissors - Professional 6 in 1 Pet Grooming Kit Sharp and Durable Shears Set Thinning, Chunker, Straight, Curved Shears and C","1","amazon.ca","Amazon","Conception Bay South","Newfoundland","A1W 5M","Combined TCS+MTC","39.41","5.91","0","0","0","0","0","0","0","0","-5.91","-5.91","-7.65","0","0","25.85"
"Nov 24, 2025 3:48:16 a.m. PST","24967064061","Order","702-2849659-3028250","9B-5VGN-40SH","Dream Reach 2 Pack Kitchen Scissors, Premium All-Metal Kitchen Shears, Heavy Duty Poultry Shears for Food, Food-Grade Stainless Steel Scissors, Gift f","1","amazon.ca","Amazon","Leduc","Alberta","T9E 6N","Combined TCS+MTC","29.99","1.50","6.99","0","0","0","0","0","-6.99","0","-1.50","-4.50","-7.65","0","0","17.84"
"Nov 24, 2025 4:30:37 a.m. PST","24967064061","Order","701-7447648-3040212","KF05-BBJ","Dream Reach Meat Cleaver Knife Heavy Duty Bone Chopper High Carbon Steel Butcher Axe Bone Cutting Knife Hand Forged Butcher Knife for Kitchen Outdoor","1","amazon.ca","Amazon","Portage La Prairie","Manitoba","R1N 3L","Combined TCS+MTC","35.69","4.28","10.10","1.21","0","0","0","0","0","0","-5.49","-5.35","-19.68","0","0","20.76"
"Nov 24, 2025 5:18:49 a.m. PST","24967064061","Order","702-6696132-4609843","9B-5VGN-40SH","Dream Reach 2 Pack Kitchen Scissors, Premium All-Metal Kitchen Shears, Heavy Duty Poultry Shears for Food, Food-Grade Stainless Steel Scissors, Gift f","1","amazon.ca","Amazon","Gatineau","Quebec","J9A 3K","Combined TCS+MTC","29.99","4.49","0","0","0","0","0","0","0","0","-4.49","-4.50","-7.65","0","0","17.84"
"Nov 24, 2025 6:30:36 a.m. PST","24967064061","Order","701-9503020-8938622","9B-5VGN-40SH","Dream Reach 2 Pack Kitchen Scissors, Premium All-Metal Kitchen Shears, Heavy Duty Poultry Shears for Food, Food-Grade Stainless Steel Scissors, Gift f","1","amazon.ca","Amazon","Etobicoke","Ontario","M9A 0C","Combined TCS+MTC","29.99","3.90","0","0","0","0","0","0","0","0","-3.90","-4.50","-7.65","0","0","17.84"
"Nov 24, 2025 7:24:42 a.m. PST","24967064061","Order","701-9828345-1265012","9B-5VGN-40SH","Dream Reach 2 Pack Kitchen Scissors, Premium All-Metal Kitchen Shears, Heavy Duty Poultry Shears for Food, Food-Grade Stainless Steel Scissors, Gift f","1","amazon.ca","Amazon","Surrey","BC","V3Z0M","Combined TCS+MTC","29.99","3.60","6.99","0","0","0","0","0","-6.99","0","-3.60","-4.50","-8.19","0","0","17.30"
"Nov 24, 2025 7:53:48 a.m. PST","24967064061","Order","702-9352441-9705065","9B-5VGN-40SH","Dream Reach 2 Pack Kitchen Scissors, Premium All-Metal Kitchen Shears, Heavy Duty Poultry Shears for Food, Food-Grade Stainless Steel Scissors, Gift f","1","amazon.ca","Amazon","Richmond","British Columbia","V7C 5T","Combined TCS+MTC","29.99","3.60","6.99","0","0","0","0","0","-6.99","0","-3.60","-4.50","-8.19","0","0","17.30"
"Nov 24, 2025 7:58:30 a.m. PST","24967064061","Order","701-3031132-1649808","9B-5VGN-40SH","Dream Reach 2 Pack Kitchen Scissors, Premium All-Metal Kitchen Shears, Heavy Duty Poultry Shears for Food, Food-Grade Stainless Steel Scissors, Gift f","1","amazon.ca","Amazon","St-Amable","QC","J0L 1N","Combined TCS+MTC","29.99","4.49","0","0","0","0","0","0","0","0","-4.49","-4.50","-7.65","0","0","17.84"
"Nov 24, 2025 8:07:58 a.m. PST","24967064061","Order","702-5726897-3594646","9B-5VGN-40SH","Dream Reach 2 Pack Kitchen Scissors, Premium All-Metal Kitchen Shears, Heavy Duty Poultry Shears for Food, Food-Grade Stainless Steel Scissors, Gift f","1","amazon.ca","Amazon","St. Albert","Alberta","T8N 0K","Combined TCS+MTC","29.99","1.50","0","0","0","0","0","0","0","0","-1.50","-4.50","-7.65","0","0","17.84"
"Nov 24, 2025 8:13:19 a.m. PST","24967064061","Order","702-6520791-7366635","KF05-BBJ","Dream Reach Meat Cleaver Knife Heavy Duty Bone Chopper High Carbon Steel Butcher Axe Bone Cutting Knife Hand Forged Butcher Knife for Kitchen Outdoor","1","amazon.ca","Amazon","Scarborough","Ontario","M1B 5N","Combined TCS+MTC","35.69","4.64","0","0","0","0","0","0","0","0","-4.64","-5.35","-9.58","0","0","20.76"
"Nov 24, 2025 4:27:51 p.m. PST","24967064061","FBA Inventory Fee","702-1427037-1740269","","Fulfilment by Amazon removal order: disposal fee","","Amazon.ca","","","","","","0","0","0","0","0","0","0","0","0","0","0","0","0","0","-0.82","-0.82"
"Nov 24, 2025 5:19:45 p.m. PST","24967064061","Order","S01-2710106-6693265","KF04-BBJ","Dream Reach Meat Bone Cleaver Knife for Meat Cutting Handmade Heavy Duty Butcher Axes Hand Forged Full Tang Chopper for Kitchen Outdoor BBQ Chef Gifts Idea Men Black","1","siprod.stores.amazon.ca","Amazon","PENTICTON","BC","V2A 0A","","0","0","0","0","0","0","0","0","0","0","0","0","-3.82","0","0","-3.82"
"Nov 24, 2025 5:19:45 p.m. PST","24967064061","Order","S01-2710106-6693265","","FBA transportation fee","","siprod.stores.amazon.ca","Amazon","PENTICTON","BC","V2A 0A","","0","0","0","0","0","0","0","0","0","0","0","0","0","0","-8.27","-8.27"
"Nov 24, 2025 5:50:27 p.m. PST","24967064061","Service Fee","","","Cost of advertising","","","","","","","","0","0","0","0","0","0","0","0","0","0","0","0","0","-506.75","0","-506.75"
"Nov 24, 2025 6:38:25 p.m. PST","24967064061","Order","701-8442332-5474612","9B-5VGN-40SH","Dream Reach 2 Pack Kitchen Scissors, Premium All-Metal Kitchen Shears, Heavy Duty Poultry Shears for Food, Food-Grade Stainless Steel Scissors, Gift f","1","amazon.ca","Amazon","Candiac","Québec","J5R0T","Combined TCS+MTC","29.99","4.49","0","0","0","0","0","0","0","0","-4.49","-4.50","-7.65","0","0","17.84"
"Nov 24, 2025 8:30:56 p.m. PST","24967064061","Order","702-1351748-7440209","9B-5VGN-40SH","Dream Reach 2 Pack Kitchen Scissors, Premium All-Metal Kitchen Shears, Heavy Duty Poultry Shears for Food, Food-Grade Stainless Steel Scissors, Gift f","1","amazon.ca","Amazon","Antigonish county","Nova Scotia","B0H 1A","Combined TCS+MTC","30.09","3.60","0","0","0","0","0","0","-4.36","0","-3.60","-3.86","-7.65","0","0","14.22"
"Nov 24, 2025 10:27:58 p.m. PST","24967064061","Order","702-6151216-0706654","9B-5VGN-40SH","Dream Reach 2 Pack Kitchen Scissors, Premium All-Metal Kitchen Shears, Heavy Duty Poultry Shears for Food, Food-Grade Stainless Steel Scissors, Gift f","1","amazon.ca","Amazon","Stittsville","Ontario","K2V 0N","Combined TCS+MTC","29.99","3.90","0","0","0","0","0","0","0","0","-3.90","-4.50","-7.65","0","0","17.84"
"Nov 24, 2025 10:44:51 p.m. PST","24967064061","Order","701-7172282-9057013","9B-5VGN-40SH","Dream Reach 2 Pack Kitchen Scissors, Premium All-Metal Kitchen Shears, Heavy Duty Poultry Shears for Food, Food-Grade Stainless Steel Scissors, Gift f","1","amazon.ca","Amazon","Red Deer","Alberta","T4R 0L","Combined TCS+MTC","29.99","1.50","0","0","0","0","0","0","0","0","-1.50","-4.50","-7.65","0","0","17.84"
"Nov 24, 2025 11:52:37 p.m. PST","24967064061","Order","702-1381415-0783445","CWJ02-Purple7Set-BBJ","Dream Reach Dog Grooming Scissors - 7"" Professional 6 in 1 Pet Scissors Sharp and Durable Shears Set Thinning, Chunker, Straight, Curved Shears and Co","1","amazon.ca","Amazon","Kingston","ON","K7K6T","Combined TCS+MTC","49.71","6.46","0","0","0","0","0","0","0","0","-6.46","-7.46","-6.74","0","0","35.51"
"Nov 25, 2025 12:16:09 a.m. PST","24967064061","Order","702-3564345-5189838","9B-5VGN-40SH","Dream Reach 2 Pack Kitchen Scissors, Premium All-Metal Kitchen Shears, Heavy Duty Poultry Shears for Food, Food-Grade Stainless Steel Scissors, Gift f","1","amazon.ca","Amazon","Rusagonis","New Brunswick","E3B 0J","Combined TCS+MTC","29.99","4.50","0","0","0","0","0","0","0","0","-4.50","-4.50","-7.65","0","0","17.84"
"Nov 25, 2025 12:21:52 a.m. PST","24967064061","Order","702-7499710-6401850","9B-5VGN-40SH","Dream Reach 2 Pack Kitchen Scissors, Premium All-Metal Kitchen Shears, Heavy Duty Poultry Shears for Food, Food-Grade Stainless Steel Scissors, Gift f","1","amazon.ca","Amazon","Calgary","Alberta","T3N 1R","Combined TCS+MTC","29.99","1.50","0","0","0","0","0","0","0","0","-1.50","-4.50","-7.65","0","0","17.84"
"Nov 25, 2025 12:26:11 a.m. PST","24967064061","Order","702-3931915-1113037","9B-5VGN-40SH","Dream Reach 2 Pack Kitchen Scissors, Premium All-Metal Kitchen Shears, Heavy Duty Poultry Shears for Food, Food-Grade Stainless Steel Scissors, Gift f","1","amazon.ca","Amazon","Vaudreuil-Dorion","Quebec","J7V 9M","Combined TCS+MTC","29.99","4.49","0","0","0","0","0","0","0","0","-4.49","-4.50","-7.65","0","0","17.84"
"Nov 25, 2025 1:24:05 a.m. PST","24967064061","Order","702-0691446-9171422","HS1901","Dream Reach 6"" Professional Hair Cutting Scissors Japan 440C Steel Thinning Scissor for Men/Women Cutting for Salon/Barber/Home (Straight Scissors)","1","amazon.ca","Amazon","Mississauga","Ontario","L5R 3K","Combined TCS+MTC","43.99","5.72","3.92","0","0","0","0","0","-3.92","0","-5.72","-6.60","-6.49","0","0","30.90"
"Nov 25, 2025 1:41:31 a.m. PST","24967064061","Order","702-3866195-2806637","9B-5VGN-40SH","Dream Reach 2 Pack Kitchen Scissors, Premium All-Metal Kitchen Shears, Heavy Duty Poultry Shears for Food, Food-Grade Stainless Steel Scissors, Gift f","1","amazon.ca","Amazon","North York","Ontario","M2J 0H","Combined TCS+MTC","29.99","3.90","0","0","0","0","0","0","0","0","-3.90","-4.50","-7.65","0","0","17.84"
"Nov 25, 2025 1:52:41 a.m. PST","24967064061","Order","701-4575022-2035426","9B-5VGN-40SH","Dream Reach 2 Pack Kitchen Scissors, Premium All-Metal Kitchen Shears, Heavy Duty Poultry Shears for Food, Food-Grade Stainless Steel Scissors, Gift f","1","amazon.ca","Amazon","Stouffville","Ontario","L4A 2E","Combined TCS+MTC","29.99","3.90","0","0","0","0","0","0","0","0","-3.90","-4.50","-7.65","0","0","17.84"
"Nov 25, 2025 2:03:50 a.m. PST","24967064061","Order","701-9027601-3345032","CWJ02-Black7.5Set-BBJ","Dream Reach Dog Grooming Scissors - Professional 7.5 Inch Pet Scissors Sharp and Durable Shears Set Thinning, Chunker, Straight, Curved Shears and Com","1","amazon.ca","Amazon","Hamilton","Ontario","L8H 5R","Combined TCS+MTC","49.71","6.46","3.49","0","0","0","0","0","-3.49","0","-6.46","-7.46","-7.65","0","0","34.60"
"Nov 25, 2025 3:17:24 a.m. PST","24967064061","Order","702-7182794-9832236","9B-5VGN-40SH","Dream Reach 2 Pack Kitchen Scissors, Premium All-Metal Kitchen Shears, Heavy Duty Poultry Shears for Food, Food-Grade Stainless Steel Scissors, Gift f","1","amazon.ca","Amazon","Blind River","Ontario","P0R 1B","Combined TCS+MTC","29.99","3.90","0","0","0","0","0","0","0","0","-3.90","-4.50","-7.65","0","0","17.84"
"Nov 25, 2025 3:33:14 a.m. PST","24967064061","Order","701-9215451-2639408","9B-5VGN-40SH","Dream Reach 2 Pack Kitchen Scissors, Premium All-Metal Kitchen Shears, Heavy Duty Poultry Shears for Food, Food-Grade Stainless Steel Scissors, Gift f","1","amazon.ca","Amazon","Mississauga","Ontario","L4W 2M","Combined TCS+MTC","29.99","3.90","3.49","0","0","0","0","0","-3.49","0","-3.90","-4.50","-7.65","0","0","17.84"
"Nov 25, 2025 4:43:06 a.m. PST","24967064061","Order","701-8137548-0857867","9B-5VGN-40SH","Dream Reach 2 Pack Kitchen Scissors, Premium All-Metal Kitchen Shears, Heavy Duty Poultry Shears for Food, Food-Grade Stainless Steel Scissors, Gift f","1","amazon.ca","Amazon","Devon","Alberta","T9G 1C","Combined TCS+MTC","37.99","1.29","5.90","0","0","0","0","0","-18.16","0","-1.29","-3.86","-7.65","0","0","14.22"
"Nov 25, 2025 5:38:28 a.m. PST","24967064061","Order","701-8997816-1175428","KF02-BBJ","Dream Reach Chef Knife, Japanese Kitchen Knife, Sharp Stainless Steel Viking Style Meat Knife with Wooden Handle, Feather Design Cooking Knife with Sh","1","amazon.ca","Amazon","Grande Prairie","Alberta","T8V 0P","Combined TCS+MTC","37.40","1.87","0","0","0","0","0","0","0","0","-1.87","-5.61","-7.13","0","0","24.66"
"Nov 25, 2025 5:52:01 a.m. PST","24967064061","Order","701-3612081-4685055","KF02-BBJ","Dream Reach Chef Knife, Japanese Kitchen Knife, Sharp Stainless Steel Viking Style Meat Knife with Wooden Handle, Feather Design Cooking Knife with Sh","1","amazon.ca","Amazon","Telkwa","British Columbia","V0J2X","Combined TCS+MTC","35.14","4.22","0","0","0","0","0","0","0","0","-4.22","-5.27","-7.13","0","0","22.74"
"Nov 25, 2025 6:00:12 a.m. PST","24967064061","Order","701-7097012-9736241","8FS01-BJ","Dream Reach Dog Thinning Scissors - 8 Inch Professional Pet Grooming Shears with Adjustable Screw, Sharp Trimming Scissors for Dogs and Cats","1","amazon.ca","Amazon","Chilliwack","British Columbia","V4Z 0A","Combined TCS+MTC","39.99","4.80","0","0","0","0","0","0","0","0","-4.80","-6.00","-6.74","0","0","27.25"
"Nov 25, 2025 7:14:42 a.m. PST","24967064061","Order","701-3632387-3821860","KF04-BBJ","Dream Reach Meat Bone Cleaver Knife for Meat Cutting Handmade Heavy Duty Butcher Axes Hand Forged Full Tang Chopper for Kitchen Outdoor BBQ Chef Gifts","1","amazon.ca","Amazon","Edmonton","Alberta","T6B 3S","Combined TCS+MTC","42.99","1.57","0","0","0","0","0","0","-11.50","0","-1.57","-4.72","-8.74","0","0","18.03"
"Nov 25, 2025 7:23:58 a.m. PST","24967064061","Order","702-6758502-3499421","9B-5VGN-40SH","Dream Reach 2 Pack Kitchen Scissors, Premium All-Metal Kitchen Shears, Heavy Duty Poultry Shears for Food, Food-Grade Stainless Steel Scissors, Gift f","1","amazon.ca","Amazon","Vancouver","British Columbia","V6C 0A","Combined TCS+MTC","29.99","3.60","6.99","0","0","0","0","0","-6.99","0","-3.60","-4.50","-8.19","0","0","17.30"
"Nov 25, 2025 7:55:00 a.m. PST","24967064061","Order","702-6077788-5676216","9B-5VGN-40SH","Dream Reach 2 Pack Kitchen Scissors, Premium All-Metal Kitchen Shears, Heavy Duty Poultry Shears for Food, Food-Grade Stainless Steel Scissors, Gift f","1","amazon.ca","Amazon","Calgary","Alberta","T3G 4E","Combined TCS+MTC","29.99","1.50","0","0","0","0","0","0","0","0","-1.50","-4.50","-7.65","0","0","17.84"
"Nov 25, 2025 7:59:31 a.m. PST","24967064061","Order","702-8626331-0168269","9B-5VGN-40SH","Dream Reach 2 Pack Kitchen Scissors, Premium All-Metal Kitchen Shears, Heavy Duty Poultry Shears for Food, Food-Grade Stainless Steel Scissors, Gift f","1","amazon.ca","Amazon","Calgary","Alberta","T2G 4L","Combined TCS+MTC","29.99","1.50","0","0","0","0","0","0","0","0","-1.50","-4.50","-7.65","0","0","17.84"
"Nov 25, 2025 8:13:26 a.m. PST","24967064061","Order","702-6605404-9711465","8FS02-BJ","Dream Reach Dog Curved Scissors - 8 Inch Professional Pet Grooming Shears with Adjustable Screw for Trimming Face and Paws","1","amazon.ca","Amazon","Chateauguay","QC","J6K 1K","Combined TCS+MTC","39.99","5.99","0","0","0","0","0","0","0","0","-5.99","-6.00","-6.49","0","0","27.50"
"Nov 25, 2025 8:13:26 a.m. PST","24967064061","Order","702-6605404-9711465","8FS01-BJ","Dream Reach Dog Thinning Scissors - 8 Inch Professional Pet Grooming Shears with Adjustable Screw, Sharp Trimming Scissors for Dogs and Cats","1","amazon.ca","Amazon","Chateauguay","QC","J6K 1K","Combined TCS+MTC","39.99","5.99","0","0","0","0","0","0","0","0","-5.99","-6.00","-6.74","0","0","27.25"
"Nov 25, 2025 8:38:16 a.m. PST","24967064061","Order","702-1563288-6473802","9B-5VGN-40SH","Dream Reach 2 Pack Kitchen Scissors, Premium All-Metal Kitchen Shears, Heavy Duty Poultry Shears for Food, Food-Grade Stainless Steel Scissors, Gift f","1","amazon.ca","Amazon","Fisher Branch","MB","R0C0Z","Combined TCS+MTC","37.99","4.56","0","0","0","0","0","0","0","0","-4.56","-5.70","-7.65","0","0","24.64"
"Nov 25, 2025 10:03:10 a.m. PST","24967064061","Order","702-8323375-5195450","9B-5VGN-40SH","Dream Reach 2 Pack Kitchen Scissors, Premium All-Metal Kitchen Shears, Heavy Duty Poultry Shears for Food, Food-Grade Stainless Steel Scissors, Gift f","1","amazon.ca","Amazon","Edmonton","Alberta","T6L 6M","Combined TCS+MTC","29.99","1.50","0","0","0","0","0","0","0","0","-1.50","-4.50","-7.65","0","0","17.84"
"Nov 25, 2025 11:30:30 a.m. PST","24967064061","Order","701-7615970-7791460","HS1901","Dream Reach 6"" Professional Hair Cutting Scissors Japan 440C Steel Thinning Scissor for Men/Women Cutting for Salon/Barber/Home (Straight Scissors)","1","amazon.ca","Amazon","Alma","Quebec","G8E 1B","Combined TCS+MTC","43.99","5.93","0","0","0","0","0","0","-4.40","0","-5.93","-5.94","-6.49","0","0","27.16"
"Nov 25, 2025 2:00:38 p.m. PST","24967064061","FBA Inventory Fee","701-1754147-4819460","","Fulfilment by Amazon removal order: disposal fee","","Amazon.ca","","","","","","0","0","0","0","0","0","0","0","0","0","0","0","0","0","-3.85","-3.85"
"Nov 25, 2025 4:25:43 p.m. PST","24967064061","Order","701-3785855-7244210","UV-VZCJ-GMU9","Dream Reach 7.0 Inch Barber Scissors Shear Curved - Hair Cutting Scissors Two-Way Bent Blade Scissor Japanese 440C Steel - Hair Stylists Shears with T","1","amazon.ca","Amazon","Oakville","Ontario","L6K 3J","Combined TCS+MTC","43.99","5.72","0","0","0","0","0","0","0","0","-5.72","-6.60","-6.49","0","0","30.90"
"Nov 25, 2025 5:22:12 p.m. PST","24967064061","Order","702-7871127-9669016","9B-5VGN-40SH","Dream Reach 2 Pack Kitchen Scissors, Premium All-Metal Kitchen Shears, Heavy Duty Poultry Shears for Food, Food-Grade Stainless Steel Scissors, Gift f","1","amazon.ca","Amazon","Aurora","Ontario","L4G0W","Combined TCS+MTC","29.99","3.90","0","0","0","0","0","0","0","0","-3.90","-4.50","-7.65","0","0","17.84"
"Nov 25, 2025 10:36:44 p.m. PST","24967064061","Order","701-8262407-1838624","9B-5VGN-40SH","Dream Reach 2 Pack Kitchen Scissors, Premium All-Metal Kitchen Shears, Heavy Duty Poultry Shears for Food, Food-Grade Stainless Steel Scissors, Gift f","1","amazon.ca","Amazon","Edmonton","AB","T6J 6X","Combined TCS+MTC","29.99","1.50","3.93","0","0","0","0","0","-3.93","0","-1.50","-4.50","-8.19","0","0","17.30"
"Nov 25, 2025 11:06:56 p.m. PST","24967064061","Order","702-1599777-3702617","9B-5VGN-40SH","Dream Reach 2 Pack Kitchen Scissors, Premium All-Metal Kitchen Shears, Heavy Duty Poultry Shears for Food, Food-Grade Stainless Steel Scissors, Gift f","1","amazon.ca","Amazon","Kingston","Ontario","K7K 5E","Combined TCS+MTC","29.99","3.90","0","0","0","0","0","0","0","0","-3.90","-4.50","-7.65","0","0","17.84"
"Nov 25, 2025 11:11:30 p.m. PST","24967064061","Order","701-7020199-5347449","9B-5VGN-40SH","Dream Reach 2 Pack Kitchen Scissors, Premium All-Metal Kitchen Shears, Heavy Duty Poultry Shears for Food, Food-Grade Stainless Steel Scissors, Gift f","1","amazon.ca","Amazon","Gatineau","Quebec","J8T 8E","Combined TCS+MTC","29.99","4.49","3.93","0","0","0","0","0","-3.93","0","-4.49","-4.50","-7.65","0","0","17.84"
"Nov 25, 2025 11:20:29 p.m. PST","24967064061","Order","701-8435141-4853867","9B-5VGN-40SH","Dream Reach 2 Pack Kitchen Scissors, Premium All-Metal Kitchen Shears, Heavy Duty Poultry Shears for Food, Food-Grade Stainless Steel Scissors, Gift f","1","amazon.ca","Amazon","Red Deer","AB","T4N 2K","Combined TCS+MTC","29.99","1.50","0","0","0","0","0","0","0","0","-1.50","-4.50","-7.65","0","0","17.84"
"Nov 26, 2025 12:04:54 a.m. PST","24967064061","Order","702-6605404-9711465","8FS03-BJ","Dream Reach Dog Chunker Scissors - 8 Inch Ergonomic Professional Pet Grooming Shears with Adjustable Screw, Thinning Scissors with Ergonomic Handle","1","amazon.ca","Amazon","Chateauguay","QC","J6K 1K","Combined TCS+MTC","39.99","5.99","0","0","0","0","0","0","0","0","-5.99","-6.00","-6.49","0","0","27.50"
"Nov 26, 2025 12:53:46 a.m. PST","24967064061","Order","701-4098229-9928234","KF05-BBJ","Dream Reach Meat Cleaver Knife Heavy Duty Bone Chopper High Carbon Steel Butcher Axe Bone Cutting Knife Hand Forged Butcher Knife for Kitchen Outdoor","1","amazon.ca","Amazon","Lac-Beauport","QC","G3B 0G","Combined TCS+MTC","35.69","5.34","3.92","0","0","0","0","0","-3.92","0","-5.34","-5.35","-9.58","0","0","20.76"
"Nov 26, 2025 1:03:52 a.m. PST","24967064061","Order","702-1725405-4039469","9B-5VGN-40SH","Dream Reach 2 Pack Kitchen Scissors, Premium All-Metal Kitchen Shears, Heavy Duty Poultry Shears for Food, Food-Grade Stainless Steel Scissors, Gift f","1","amazon.ca","Amazon","Calgary","AB","T3G5B","Combined TCS+MTC","29.99","1.50","0","0","0","0","0","0","0","0","-1.50","-4.50","-7.65","0","0","17.84"
"Nov 26, 2025 1:34:44 a.m. PST","24967064061","Order","701-1095161-5981825","9B-5VGN-40SH","Dream Reach 2 Pack Kitchen Scissors, Premium All-Metal Kitchen Shears, Heavy Duty Poultry Shears for Food, Food-Grade Stainless Steel Scissors, Gift f","1","amazon.ca","Amazon","Cote Saint-Luc","Quebec","H3X 4B","Combined TCS+MTC","29.99","4.49","0","0","0","0","0","0","0","0","-4.49","-4.50","-7.65","0","0","17.84"
"Nov 26, 2025 1:39:24 a.m. PST","24967064061","Order","702-8102644-9155445","KF01-BBJ","Dream Reach Viking Cleaver Knife Butcher Meat Cutting Boning Knife High Carbon Steel Kitchen Axe with Sheath Home Outdoor BBQ Camping Birthday Christm","1","amazon.ca","Amazon","Maliotenam","Quebec","G4R 4K","Combined TCS+MTC","38.24","5.73","0","0","0","0","0","0","0","0","-5.73","-5.74","-7.65","0","0","24.85"
"Nov 26, 2025 1:40:02 a.m. PST","24967064061","Order","701-0551062-9781822","KF01-BBJ","Dream Reach Viking Cleaver Knife Butcher Meat Cutting Boning Knife High Carbon Steel Kitchen Axe with Sheath Home Outdoor BBQ Camping Birthday Christm","1","amazon.ca","Amazon","Windsor","Ontario","N8Y 2G","Combined TCS+MTC","38.24","4.97","0","0","0","0","0","0","0","0","-4.97","-5.74","-7.65","0","0","24.85"
"Nov 26, 2025 2:00:11 a.m. PST","24967064061","Order","701-3471835-4472224","8FS03-BJ","Dream Reach Dog Chunker Scissors - 8 Inch Ergonomic Professional Pet Grooming Shears with Adjustable Screw, Thinning Scissors with Ergonomic Handle","1","amazon.ca","Amazon","Calgary","Alberta","T2A0W","Combined TCS+MTC","39.99","2.00","0","0","0","0","0","0","0","0","-2.00","-6.00","-6.49","0","0","27.50"
"Nov 26, 2025 2:15:16 a.m. PST","24967064061","Order","702-4789174-7897023","9B-5VGN-40SH","Dream Reach 2 Pack Kitchen Scissors, Premium All-Metal Kitchen Shears, Heavy Duty Poultry Shears for Food, Food-Grade Stainless Steel Scissors, Gift f","1","amazon.ca","Amazon","Kingsville","Ontario","N9Y 4C","Combined TCS+MTC","29.99","3.90","6.99","0","0","0","0","0","-6.99","0","-3.90","-4.50","-7.65","0","0","17.84"
"Nov 26, 2025 2:20:10 a.m. PST","24967064061","Order","701-8168505-5090628","9B-5VGN-40SH","Dream Reach 2 Pack Kitchen Scissors, Premium All-Metal Kitchen Shears, Heavy Duty Poultry Shears for Food, Food-Grade Stainless Steel Scissors, Gift f","1","amazon.ca","Amazon","Winnipeg","Manitoba","R3R 3Z","Combined TCS+MTC","29.99","3.60","6.24","0.75","0","0","0","0","0","0","-4.35","-4.50","-13.89","0","0","17.84"
"Nov 26, 2025 3:18:16 a.m. PST","24967064061","Order","701-7372671-8550613","B07XR7N1CB-01","Hair Cutting Scissors Set, Professional Barber Thinning Haircut Scissors Kit","1","amazon.ca","Amazon","Winnipeg","Manitoba","R2G 0B","Combined TCS+MTC","42.99","5.16","3.92","0","0","0","0","0","-3.92","0","-5.16","-6.45","-5.68","0","0","30.86"
"Nov 26, 2025 3:18:26 a.m. PST","24967064061","Amazon fees","f9b05107-a826-47f4-aee1-b2068a638c0f","","Deal performance-based fee","","Amazon.ca","","","","","","0","0","0","0","0","0","0","0","0","0","0","-0.96","0","0","0","-0.96"
"Nov 26, 2025 3:19:41 a.m. PST","24967064061","Amazon fees","f9b05107-a826-47f4-aee1-b2068a638c0f","","Deal participation fee","","Amazon.ca","","","","","","0","0","0","0","0","0","0","0","0","0","0","-5.00","0","0","0","-5.00"
"Nov 26, 2025 3:32:21 a.m. PST","24967064061","Order","702-5701683-7191453","KF05-BBJ","Dream Reach Meat Cleaver Knife Heavy Duty Bone Chopper High Carbon Steel Butcher Axe Bone Cutting Knife Hand Forged Butcher Knife for Kitchen Outdoor","1","amazon.ca","Amazon","Les Cedres","Quebec","J7T 1W","Combined TCS+MTC","35.69","5.34","0","0","0","0","0","0","0","0","-5.34","-5.35","-9.58","0","0","20.76"
"Nov 26, 2025 4:20:29 a.m. PST","24967064061","Order","702-2027856-8863415","9B-5VGN-40SH","Dream Reach 2 Pack Kitchen Scissors, Premium All-Metal Kitchen Shears, Heavy Duty Poultry Shears for Food, Food-Grade Stainless Steel Scissors, Gift f","1","amazon.ca","Amazon","Carnduff","Saskatchewan","S0C0S","Combined TCS+MTC","29.99","3.30","0","0","0","0","0","0","0","0","-3.30","-4.50","-7.65","0","0","17.84"
"Nov 26, 2025 4:26:45 a.m. PST","24967064061","Order","702-5651896-9338608","9B-5VGN-40SH","Dream Reach 2 Pack Kitchen Scissors, Premium All-Metal Kitchen Shears, Heavy Duty Poultry Shears for Food, Food-Grade Stainless Steel Scissors, Gift f","1","amazon.ca","Amazon","Vancouver","British Columbia","V6E 1L","Combined TCS+MTC","29.99","3.60","2.33","0","0","0","0","0","-2.33","0","-3.60","-4.50","-8.19","0","0","17.30"
"Nov 26, 2025 4:30:12 a.m. PST","24967064061","Order","702-8188877-5845829","KF05-BBJ","Dream Reach Meat Cleaver Knife Heavy Duty Bone Chopper High Carbon Steel Butcher Axe Bone Cutting Knife Hand Forged Butcher Knife for Kitchen Outdoor","1","amazon.ca","Amazon","Maple Ridge","British Columbia","V2X 3R","Combined TCS+MTC","35.69","4.28","0","0","0","0","0","0","0","0","-4.28","-5.35","-9.58","0","0","20.76"
"Nov 26, 2025 4:47:16 a.m. PST","24967064061","Order","701-6102123-1313863","9B-5VGN-40SH","Dream Reach 2 Pack Kitchen Scissors, Premium All-Metal Kitchen Shears, Heavy Duty Poultry Shears for Food, Food-Grade Stainless Steel Scissors, Gift f","1","amazon.ca","Amazon","Burnaby","British Columbia","V5E 1A","Combined TCS+MTC","29.99","3.60","0","0","0","0","0","0","0","0","-3.60","-4.50","-8.19","0","0","17.30"
"Nov 26, 2025 5:02:30 a.m. PST","24967064061","Order","702-7241358-4191446","HS1901","Dream Reach 6"" Professional Hair Cutting Scissors Japan 440C Steel Thinning Scissor for Men/Women Cutting for Salon/Barber/Home (Straight Scissors)","1","amazon.ca","Amazon","Ste-Marguerite-Du-Lac-Masson","Quebec","J0T 1L","Combined TCS+MTC","43.99","6.59","0","0","0","0","0","0","0","0","-6.59","-6.60","-6.49","0","0","30.90"
"Nov 26, 2025 5:53:39 a.m. PST","24967064061","Order","702-4119908-2141832","9B-5VGN-40SH","Dream Reach 2 Pack Kitchen Scissors, Premium All-Metal Kitchen Shears, Heavy Duty Poultry Shears for Food, Food-Grade Stainless Steel Scissors, Gift f","1","amazon.ca","Amazon","London","Ontario","N5V 1N","Combined TCS+MTC","29.99","3.90","6.99","0","0","0","0","0","-6.99","0","-3.90","-4.50","-7.65","0","0","17.84"
"Nov 26, 2025 6:31:06 a.m. PST","24967064061","Order","702-5718021-5881844","9B-5VGN-40SH","Dream Reach 2 Pack Kitchen Scissors, Premium All-Metal Kitchen Shears, Heavy Duty Poultry Shears for Food, Food-Grade Stainless Steel Scissors, Gift f","1","amazon.ca","Amazon","Thetford Mines","Quebec","G6H 1S","Combined TCS+MTC","29.99","4.49","0","0","0","0","0","0","0","0","-4.49","-4.50","-7.65","0","0","17.84"
"Nov 26, 2025 6:59:05 a.m. PST","24967064061","Order","702-6090748-7548231","9B-5VGN-40SH","Dream Reach 2 Pack Kitchen Scissors, Premium All-Metal Kitchen Shears, Heavy Duty Poultry Shears for Food, Food-Grade Stainless Steel Scissors, Gift f","1","amazon.ca","Amazon","Miramichi","New Brunswick","E1N 1H","Combined TCS+MTC","29.99","4.50","0","0","0","0","0","0","0","0","-4.50","-4.50","-7.65","0","0","17.84"
"Nov 26, 2025 7:19:26 a.m. PST","24967064061","Order","701-4955472-0912266","KF02-BBJ","Dream Reach Chef Knife, Japanese Kitchen Knife, Sharp Stainless Steel Viking Style Meat Knife with Wooden Handle, Feather Design Cooking Knife with Sh","1","amazon.ca","Amazon","Saint-Felicien","Quebec","G8K 1Z","Combined TCS+MTC","37.40","5.60","0","0","0","0","0","0","0","0","-5.60","-5.61","-7.13","0","0","24.66"
"Nov 26, 2025 7:54:47 a.m. PST","24967064061","Refund","701-3272962-5577026","9B-5VGN-40SH","Dream Reach 2 Pack Kitchen Scissors, Premium All-Metal Kitchen Shears, Heavy Duty Poultry Shears for Food, Food-Grade Stainless Steel Scissors, Gift f","1","amazon.ca","Amazon","Woodbridge","Ontario","L4L 8S","Combined TCS+MTC","-37.99","-4.94","0","0","0","0","0","0","0","0","4.94","4.56","0","0","0","-33.43"
"Nov 26, 2025 7:55:05 a.m. PST","24967064061","Order","701-4302901-7298658","37-EQUL-C5MA","Dream Reach HIGH-END Series Japanese 440C Stainless 6.0"" 360° Swivel Thumb Ring Professional Barber Razor Edge Hairdressing Straight Cutting Scissors","1","amazon.ca","Amazon","Edmonton","Alberta","T5X 4H","Combined TCS+MTC","43.99","2.20","0","0","0","0","0","0","0","0","-2.20","-6.60","-4.99","0","0","32.40"
"Nov 26, 2025 9:54:40 a.m. PST","24967064061","Refund","701-7020199-5347449","9B-5VGN-40SH","Dream Reach 2 Pack Kitchen Scissors, Premium All-Metal Kitchen Shears, Heavy Duty Poultry Shears for Food, Food-Grade Stainless Steel Scissors, Gift f","1","amazon.ca","Amazon","Gatineau","Quebec","J8T 8E","Combined TCS+MTC","-29.99","-4.49","-3.93","0","0","0","0","0","3.93","0","4.49","3.60","0","0","0","-26.39"
"Nov 26, 2025 11:59:53 a.m. PST","24967064061","Order","701-8969979-2817049","9B-5VGN-40SH","Dream Reach 2 Pack Kitchen Scissors, Premium All-Metal Kitchen Shears, Heavy Duty Poultry Shears for Food, Food-Grade Stainless Steel Scissors, Gift f","1","amazon.ca","Amazon","New River Beach","NB","E5J1H","Combined TCS+MTC","29.99","4.50","0","0","0","0","0","0","0","0","-4.50","-4.50","-7.65","0","0","17.84"
"Nov 26, 2025 12:49:28 p.m. PST","24967064061","Order","701-8722361-8531430","KF01-BBJ","Dream Reach Viking Cleaver Knife Butcher Meat Cutting Boning Knife High Carbon Steel Kitchen Axe with Sheath Home Outdoor BBQ Camping Birthday Christm","1","amazon.ca","Amazon","Victoria","British Columbia","V9E 2C","Combined TCS+MTC","38.24","4.32","5.90","0","0","0","0","0","-8.15","0","-4.32","-5.40","-8.19","0","0","22.40"
"Nov 26, 2025 2:18:35 p.m. PST","24967064061","Order","702-1014169-0375452","KF01-BBJ","Dream Reach Viking Cleaver Knife Butcher Meat Cutting Boning Knife High Carbon Steel Kitchen Axe with Sheath Home Outdoor BBQ Camping Birthday Christm","1","amazon.ca","Amazon","Mont-Laurier","Quebec","J9L 3G","Combined TCS+MTC","38.24","5.73","2.61","0","0","0","0","0","-2.61","0","-5.73","-5.74","-7.65","0","0","24.85"
"Nov 26, 2025 6:20:35 p.m. PST","24967064061","Order","702-6381992-4874663","KF02-BBJ","Dream Reach Chef Knife, Japanese Kitchen Knife, Sharp Stainless Steel Viking Style Meat Knife with Wooden Handle, Feather Design Cooking Knife with Sh","1","amazon.ca","Amazon","Sicamous","British Columbia","V0E 2V","Combined TCS+MTC","29.99","3.60","0","0","0","0","0","0","0","0","-3.60","-4.50","-7.13","0","0","18.36"
"Nov 26, 2025 7:13:36 p.m. PST","24967064061","Refund","701-8041575-1236211","KF01-BBJ","Dream Reach Viking Cleaver Knife Butcher Meat Cutting Boning Knife High Carbon Steel Kitchen Axe with Sheath Home Outdoor BBQ Camping Birthday Christm","1","amazon.ca","Amazon","St-Onesime","Quebec","G0R 3W","Combined TCS+MTC","-39.99","-5.99","0","0","0","0","0","0","0","0","5.99","4.80","0","0","0","-35.19"
"Nov 26, 2025 8:06:00 p.m. PST","24967064061","Order","702-7012186-7788248","9B-5VGN-40SH","Dream Reach 2 Pack Kitchen Scissors, Premium All-Metal Kitchen Shears, Heavy Duty Poultry Shears for Food, Food-Grade Stainless Steel Scissors, Gift f","1","amazon.ca","Amazon","Toronto","Ontario","M6H 3Z","Combined TCS+MTC","29.99","3.90","0","0","0","0","0","0","0","0","-3.90","-4.50","-7.65","0","0","17.84"
"Nov 26, 2025 10:23:47 p.m. PST","24967064061","Order","702-4459922-1034604","9B-5VGN-40SH","Dream Reach 2 Pack Kitchen Scissors, Premium All-Metal Kitchen Shears, Heavy Duty Poultry Shears for Food, Food-Grade Stainless Steel Scissors, Gift f","1","amazon.ca","Amazon","Calgary","Alberta","T3A 5M","Combined TCS+MTC","29.99","1.50","0","0","0","0","0","0","0","0","-1.50","-4.50","-7.65","0","0","17.84"
"Nov 26, 2025 10:30:00 p.m. PST","24967064061","Order","702-3407266-8245859","9B-5VGN-40SH","Dream Reach 2 Pack Kitchen Scissors, Premium All-Metal Kitchen Shears, Heavy Duty Poultry Shears for Food, Food-Grade Stainless Steel Scissors, Gift f","1","amazon.ca","Amazon","West Vancouver","British Columbia","V7V 1Z","Combined TCS+MTC","29.99","3.60","5.49","0.66","0","0","0","0","0","0","-4.26","-4.50","-14.06","0","0","16.92"
"Nov 27, 2025 12:50:48 a.m. PST","24967064061","Order","701-1312018-8622637","KF02-BBJ","Dream Reach Chef Knife, Japanese Kitchen Knife, Sharp Stainless Steel Viking Style Meat Knife with Wooden Handle, Feather Design Cooking Knife with Sh","1","amazon.ca","Amazon","Causapscal","Québec","G0J 1J","Combined TCS+MTC","37.40","5.60","0","0","0","0","0","0","0","0","-5.60","-5.61","-7.13","0","0","24.66"
"Nov 27, 2025 1:00:05 a.m. PST","24967064061","Order","702-0343851-9641010","9B-5VGN-40SH","Dream Reach 2 Pack Kitchen Scissors, Premium All-Metal Kitchen Shears, Heavy Duty Poultry Shears for Food, Food-Grade Stainless Steel Scissors, Gift f","1","amazon.ca","Amazon","Spruce Grove","Alberta","T7X 0R","Combined TCS+MTC","29.99","1.50","0","0","0","0","0","0","0","0","-1.50","-4.50","-7.65","0","0","17.84"
"Nov 27, 2025 3:15:49 a.m. PST","24967064061","Order","S01-7348745-2224453","KF02-BBJ","Dream Reach Chef Knife, Japanese Kitchen Knife, Sharp Stainless Steel Viking Style Meat Knife with Wooden Handle, Feather Design Cooking Knife with Sheath & Gift Box, Gift for Men and Chefs","1","siprod.stores.amazon.ca","Amazon","WELLAND","ON","L3B 1T","","0","0","0","0","0","0","0","0","0","0","0","0","-4.09","0","0","-4.09"
"Nov 27, 2025 3:15:49 a.m. PST","24967064061","Order","S01-7348745-2224453","","FBA transportation fee","","siprod.stores.amazon.ca","Amazon","WELLAND","ON","L3B 1T","","0","0","0","0","0","0","0","0","0","0","0","0","0","0","-7.50","-7.50"
"Nov 27, 2025 4:15:49 a.m. PST","24967064061","Order","701-5995613-0009065","9B-5VGN-40SH","Dream Reach 2 Pack Kitchen Scissors, Premium All-Metal Kitchen Shears, Heavy Duty Poultry Shears for Food, Food-Grade Stainless Steel Scissors, Gift f","1","amazon.ca","Amazon","White Rock","British Columbia","V4B 1A","Combined TCS+MTC","29.99","3.60","0","0","0","0","0","0","0","0","-3.60","-4.50","-8.19","0","0","17.30"
"Nov 27, 2025 4:25:04 a.m. PST","24967064061","Order","702-0314080-3849012","9B-5VGN-40SH","Dream Reach 2 Pack Kitchen Scissors, Premium All-Metal Kitchen Shears, Heavy Duty Poultry Shears for Food, Food-Grade Stainless Steel Scissors, Gift f","1","amazon.ca","Amazon","Mississauga","Ontario","L5N 7N","Combined TCS+MTC","29.99","3.90","6.99","0","0","0","0","0","-6.99","0","-3.90","-4.50","-7.65","0","0","17.84"
"Nov 27, 2025 4:26:51 a.m. PST","24967064061","Order","702-4152854-1704211","9B-5VGN-40SH","Dream Reach 2 Pack Kitchen Scissors, Premium All-Metal Kitchen Shears, Heavy Duty Poultry Shears for Food, Food-Grade Stainless Steel Scissors, Gift f","1","amazon.ca","Amazon","Waterloo","Ontario","N2J 2K","Combined TCS+MTC","29.99","3.90","0","0","0","0","0","0","0","0","-3.90","-4.50","-7.65","0","0","17.84"
"Nov 27, 2025 4:36:40 a.m. PST","24967064061","Order","702-5280963-7167446","9B-5VGN-40SH","Dream Reach 2 Pack Kitchen Scissors, Premium All-Metal Kitchen Shears, Heavy Duty Poultry Shears for Food, Food-Grade Stainless Steel Scissors, Gift f","1","amazon.ca","Amazon","Windsor","Ontario","N8Y 4C","Combined TCS+MTC","29.99","3.90","0","0","0","0","0","0","0","0","-3.90","-4.50","-7.65","0","0","17.84"
"Nov 27, 2025 6:20:22 a.m. PST","24967064061","Order","701-2309890-9867419","KF01-BBJ","Dream Reach Viking Cleaver Knife Butcher Meat Cutting Boning Knife High Carbon Steel Kitchen Axe with Sheath Home Outdoor BBQ Camping Birthday Christm","1","amazon.ca","Amazon","Sherwood Park","Alberta","T8A 6B","Combined TCS+MTC","38.24","1.91","3.92","0","0","0","0","0","-3.92","0","-1.91","-5.74","-7.65","0","0","24.85"
"Nov 27, 2025 6:20:32 a.m. PST","24967064061","Order","701-4112377-6518625","9B-5VGN-40SH","Dream Reach 2 Pack Kitchen Scissors, Premium All-Metal Kitchen Shears, Heavy Duty Poultry Shears for Food, Food-Grade Stainless Steel Scissors, Gift f","1","amazon.ca","Amazon","Gatineau","Quebec","J8M 1B","Combined TCS+MTC","29.99","4.49","0","0","0","0","0","0","0","0","-4.49","-4.50","-7.65","0","0","17.84"
"Nov 27, 2025 6:53:43 a.m. PST","24967064061","Order","701-8567362-9117021","9B-5VGN-40SH","Dream Reach 2 Pack Kitchen Scissors, Premium All-Metal Kitchen Shears, Heavy Duty Poultry Shears for Food, Food-Grade Stainless Steel Scissors, Gift f","1","amazon.ca","Amazon","Thornbury","Ontario","N0H 2P","Combined TCS+MTC","29.99","3.90","0","0","0","0","0","0","0","0","-3.90","-4.50","-7.65","0","0","17.84"
"Nov 27, 2025 7:09:53 a.m. PST","24967064061","Order","702-5140870-9711456","9B-5VGN-40SH","Dream Reach 2 Pack Kitchen Scissors, Premium All-Metal Kitchen Shears, Heavy Duty Poultry Shears for Food, Food-Grade Stainless Steel Scissors, Gift f","1","amazon.ca","Amazon","Fort Saskatchewan","Alberta","T8L 0L","Combined TCS+MTC","29.99","1.50","0","0","0","0","0","0","0","0","-1.50","-4.50","-7.65","0","0","17.84"
"Nov 27, 2025 7:11:08 a.m. PST","24967064061","Order","702-6829842-4508219","8FS03-BJ","Dream Reach Dog Chunker Scissors - 8 Inch Ergonomic Professional Pet Grooming Shears with Adjustable Screw, Thinning Scissors with Ergonomic Handle","1","amazon.ca","Amazon","Dundas","Ontario","L9H 1V","Combined TCS+MTC","39.99","5.20","0","0","0","0","0","0","0","0","-5.20","-6.00","-6.49","0","0","27.50"
"Nov 27, 2025 7:32:50 a.m. PST","24967064061","Order","701-8224415-3165016","9B-5VGN-40SH","Dream Reach 2 Pack Kitchen Scissors, Premium All-Metal Kitchen Shears, Heavy Duty Poultry Shears for Food, Food-Grade Stainless Steel Scissors, Gift f","1","amazon.ca","Amazon","Toronto","Ontario","M5A 0M","Combined TCS+MTC","29.99","3.90","0","0","0","0","0","0","0","0","-3.90","-4.50","-7.65","0","0","17.84"
"Nov 27, 2025 7:48:03 a.m. PST","24967064061","Order","702-2647315-9268255","9B-5VGN-40SH","Dream Reach 2 Pack Kitchen Scissors, Premium All-Metal Kitchen Shears, Heavy Duty Poultry Shears for Food, Food-Grade Stainless Steel Scissors, Gift f","1","amazon.ca","Amazon","Surrey","British Columbia","V4N 0R","Combined TCS+MTC","29.99","3.60","6.99","0","0","0","0","0","-6.99","0","-3.60","-4.50","-8.19","0","0","17.30"
"Nov 27, 2025 7:57:43 a.m. PST","24967064061","Order","702-4709588-1595416","KF02-BBJ","Dream Reach Chef Knife, Japanese Kitchen Knife, Sharp Stainless Steel Viking Style Meat Knife with Wooden Handle, Feather Design Cooking Knife with Sh","1","amazon.ca","Amazon","WINDSOR","Quebec","J1S 1N","Combined TCS+MTC","37.40","5.60","5.90","0","0","0","0","0","-5.90","0","-5.60","-5.61","-7.13","0","0","24.66"
"Nov 27, 2025 8:21:06 a.m. PST","24967064061","Order","702-7096169-4228253","9B-5VGN-40SH","Dream Reach 2 Pack Kitchen Scissors, Premium All-Metal Kitchen Shears, Heavy Duty Poultry Shears for Food, Food-Grade Stainless Steel Scissors, Gift f","1","amazon.ca","Amazon","Burford","Ontario","N0E 1A","Combined TCS+MTC","29.99","3.90","0","0","0","0","0","0","0","0","-3.90","-4.50","-7.65","0","0","17.84"
"Nov 27, 2025 8:52:22 a.m. PST","24967064061","Order","702-0707264-3957026","9B-5VGN-40SH","Dream Reach 2 Pack Kitchen Scissors, Premium All-Metal Kitchen Shears, Heavy Duty Poultry Shears for Food, Food-Grade Stainless Steel Scissors, Gift f","1","amazon.ca","Amazon","Pickering","Ontario","L1V 5N","Combined TCS+MTC","29.99","3.90","0","0","0","0","0","0","0","0","-3.90","-4.50","-7.65","0","0","17.84"
"Nov 27, 2025 9:44:42 a.m. PST","24967064061","Order","702-9094019-2633862","9B-5VGN-40SH","Dream Reach 2 Pack Kitchen Scissors, Premium All-Metal Kitchen Shears, Heavy Duty Poultry Shears for Food, Food-Grade Stainless Steel Scissors, Gift f","1","amazon.ca","Amazon","Whitby","Ontario","L1N 7K","Combined TCS+MTC","29.99","3.90","0","0","0","0","0","0","0","0","-3.90","-4.50","-7.65","0","0","17.84"
"Nov 27, 2025 1:58:01 p.m. PST","24967064061","Order","S01-4980274-5268459","KF02-BBJ","Dream Reach Chef Knife, Japanese Kitchen Knife, Sharp Stainless Steel Viking Style Meat Knife with Wooden Handle, Feather Design Cooking Knife with Sheath & Gift Box, Gift for Men and Chefs","1","siprod.stores.amazon.ca","Amazon","KIRKLAND LAKE","ON","P2N 3B","","0","0","0","0","0","0","0","0","0","0","0","0","-3.82","0","0","-3.82"
"Nov 27, 2025 1:58:01 p.m. PST","24967064061","Order","S01-4980274-5268459","","FBA transportation fee","","siprod.stores.amazon.ca","Amazon","KIRKLAND LAKE","ON","P2N 3B","","0","0","0","0","0","0","0","0","0","0","0","0","0","0","-7.01","-7.01"
"Nov 27, 2025 3:21:17 p.m. PST","24967064061","Adjustment","","KF05-BBJ","FBA Inventory Reimbursement - General Adjustment","1","","","","","","","0","0","0","0","0","0","0","0","0","0","0","0","0","0","-30.90","-30.90"
"Nov 27, 2025 3:56:18 p.m. PST","24967064061","Order","S01-3735745-4563629","KF04-BBJ","Dream Reach Meat Bone Cleaver Knife for Meat Cutting Handmade Heavy Duty Butcher Axes Hand Forged Full Tang Chopper for Kitchen Outdoor BBQ Chef Gifts Idea Men Black","1","siprod.stores.amazon.ca","Amazon","LAC BROCHET","MB","R0B 2E","","0","0","0","0","0","0","0","0","0","0","0","0","-3.82","0","0","-3.82"
"Nov 27, 2025 3:56:18 p.m. PST","24967064061","Order","S01-3735745-4563629","","FBA transportation fee","","siprod.stores.amazon.ca","Amazon","LAC BROCHET","MB","R0B 2E","","0","0","0","0","0","0","0","0","0","0","0","0","0","0","-8.27","-8.27"
"Nov 27, 2025 4:13:01 p.m. PST","24967064061","Order","S01-1865207-7010032","KF02-BBJ","Dream Reach Chef Knife, Japanese Kitchen Knife, Sharp Stainless Steel Viking Style Meat Knife with Wooden Handle, Feather Design Cooking Knife with Sheath & Gift Box, Gift for Men and Chefs","1","siprod.stores.amazon.ca","Amazon","NEW WESTMINSTER","BC","V3L 1E","","0","0","0","0","0","0","0","0","0","0","0","0","-4.09","0","0","-4.09"
"Nov 27, 2025 4:13:01 p.m. PST","24967064061","Order","S01-1865207-7010032","","FBA transportation fee","","siprod.stores.amazon.ca","Amazon","NEW WESTMINSTER","BC","V3L 1E","","0","0","0","0","0","0","0","0","0","0","0","0","0","0","-7.50","-7.50"
"Nov 27, 2025 5:34:44 p.m. PST","24967064061","Order","S01-2322981-5897260","KF02-BBJ","Dream Reach Chef Knife, Japanese Kitchen Knife, Sharp Stainless Steel Viking Style Meat Knife with Wooden Handle, Feather Design Cooking Knife with Sheath & Gift Box, Gift for Men and Chefs","1","siprod.stores.amazon.ca","Amazon","PENTICTON","BC","V2A 5J","","0","0","0","0","0","0","0","0","0","0","0","0","-4.09","0","0","-4.09"
"Nov 27, 2025 5:34:44 p.m. PST","24967064061","Order","S01-2322981-5897260","","FBA transportation fee","","siprod.stores.amazon.ca","Amazon","PENTICTON","BC","V2A 5J","","0","0","0","0","0","0","0","0","0","0","0","0","0","0","-7.50","-7.50"
"Nov 27, 2025 7:45:05 p.m. PST","24967064061","Service Fee","","","Cost of advertising","","","","","","","","0","0","0","0","0","0","0","0","0","0","0","0","0","-502.00","0","-502.00"
"Nov 27, 2025 10:45:57 p.m. PST","24967064061","Order","701-1843073-3990648","WanJian","Dream Reach Professional Dog Grooming Straight, Curved, Thinning/Blending/Chunking Scissors Kit, JP-440C Stainless Steel Pet Cat Hair Cutting/Trimming","1","amazon.ca","Amazon","Tillsonburg","Ontario","N4G 5M","Combined TCS+MTC","33.99","3.76","0","0","0","0","0","0","-5.10","0","-3.76","-4.33","-6.49","0","0","18.07"
"Nov 27, 2025 11:08:38 p.m. PST","24967064061","Order","701-5966351-0146600","9B-5VGN-40SH","Dream Reach 2 Pack Kitchen Scissors, Premium All-Metal Kitchen Shears, Heavy Duty Poultry Shears for Food, Food-Grade Stainless Steel Scissors, Gift f","1","amazon.ca","Amazon","Nanaimo","British Columbia","V9T 1L","Combined TCS+MTC","29.99","3.60","0","0","0","0","0","0","0","0","-3.60","-4.50","-8.19","0","0","17.30"
"Nov 27, 2025 11:10:23 p.m. PST","24967064061","Order","702-6531129-2956208","8FS02-BJ","Dream Reach Dog Curved Scissors - 8 Inch Professional Pet Grooming Shears with Adjustable Screw for Trimming Face and Paws","1","amazon.ca","Amazon","Bowmanville","Ontario","L1C 1A","Combined TCS+MTC","39.99","4.42","2.51","0","0","0","0","0","-8.51","0","-4.42","-5.10","-6.49","0","0","22.40"
"Nov 27, 2025 11:13:54 p.m. PST","24967064061","Order","702-1597066-2402630","9B-5VGN-40SH","Dream Reach 2 Pack Kitchen Scissors, Premium All-Metal Kitchen Shears, Heavy Duty Poultry Shears for Food, Food-Grade Stainless Steel Scissors, Gift f","1","amazon.ca","Amazon","Verdun","Quebec","H4G 2R","Combined TCS+MTC","29.99","4.49","0","0","0","0","0","0","0","0","-4.49","-4.50","-7.65","0","0","17.84"
"Nov 27, 2025 11:25:42 p.m. PST","24967064061","Order","701-3570313-7744230","9B-5VGN-40SH","Dream Reach 2 Pack Kitchen Scissors, Premium All-Metal Kitchen Shears, Heavy Duty Poultry Shears for Food, Food-Grade Stainless Steel Scissors, Gift f","1","amazon.ca","Amazon","Waterloo","Québec","J0E 2N","Combined TCS+MTC","29.99","4.49","0","0","0","0","0","0","0","0","-4.49","-4.50","-7.65","0","0","17.84"
"Nov 27, 2025 11:43:06 p.m. PST","24967064061","Order","702-6900544-6640206","9B-5VGN-40SH","Dream Reach 2 Pack Kitchen Scissors, Premium All-Metal Kitchen Shears, Heavy Duty Poultry Shears for Food, Food-Grade Stainless Steel Scissors, Gift f","2","amazon.ca","Amazon","Ste-Marguerite du lac Masson","Québec","J0T 1L","Combined TCS+MTC","59.98","8.98","0","0","0","0","0","0","0","0","-8.98","-9.00","-15.30","0","0","35.68"
"Nov 27, 2025 11:58:32 p.m. PST","24967064061","Order","702-2353990-2321851","KF01-BBJ","Dream Reach Viking Cleaver Knife Butcher Meat Cutting Boning Knife High Carbon Steel Kitchen Axe with Sheath Home Outdoor BBQ Camping Birthday Christm","1","amazon.ca","Amazon","Calgary","AB","T2M 4H","Combined TCS+MTC","38.24","1.63","0","0","0","0","0","0","-5.74","0","-1.63","-4.88","-8.19","0","0","19.43"
"Nov 28, 2025 1:23:48 a.m. PST","24967064061","Order","S01-7366505-9857217","KF02-BBJ","Dream Reach Chef Knife, Japanese Kitchen Knife, Sharp Stainless Steel Viking Style Meat Knife with Wooden Handle, Feather Design Cooking Knife with Sheath & Gift Box, Gift for Men and Chefs","2","siprod.stores.amazon.ca","Amazon","PICTON","ON","K0K 2T","","0","0","0","0","0","0","0","0","0","0","0","0","-7.64","0","0","-7.64"
"Nov 28, 2025 1:23:48 a.m. PST","24967064061","Order","S01-7366505-9857217","","FBA transportation fee","","siprod.stores.amazon.ca","Amazon","PICTON","ON","K0K 2T","","0","0","0","0","0","0","0","0","0","0","0","0","0","0","-8.12","-8.12"
"Nov 28, 2025 2:46:28 a.m. PST","24967064061","Order","702-5624541-6773043","KF02-BBJ","Dream Reach Chef Knife, Japanese Kitchen Knife, Sharp Stainless Steel Viking Style Meat Knife with Wooden Handle, Feather Design Cooking Knife with Sh","1","amazon.ca","Amazon","Grimsby","Ontario","L3M 3M","Combined TCS+MTC","28.49","3.70","1.75","0","0","0","0","0","-1.75","0","-3.70","-4.27","-7.13","0","0","17.09"
"Nov 28, 2025 3:36:27 a.m. PST","24967064061","Order","702-3420741-0621863","9B-5VGN-40SH","Dream Reach 2 Pack Kitchen Scissors, Premium All-Metal Kitchen Shears, Heavy Duty Poultry Shears for Food, Food-Grade Stainless Steel Scissors, Gift f","1","amazon.ca","Amazon","Saint-Lazare","Quebec","J7T 1Y","Combined TCS+MTC","29.99","4.49","0","0","0","0","0","0","0","0","-4.49","-4.50","-7.65","0","0","17.84"
"Nov 28, 2025 4:08:41 a.m. PST","24967064061","Order","701-0488353-0013824","KF02-BBJ","Dream Reach Chef Knife, Japanese Kitchen Knife, Sharp Stainless Steel Viking Style Meat Knife with Wooden Handle, Feather Design Cooking Knife with Sh","1","amazon.ca","Amazon","Surrey","British Columbia","V3S 0A","Combined TCS+MTC","37.40","4.49","0","0","0","0","0","0","0","0","-4.49","-5.61","-7.13","0","0","24.66"
"Nov 28, 2025 4:20:44 a.m. PST","24967064061","Order","701-5793243-3020213","KF01-BBJ","Dream Reach Viking Cleaver Knife Butcher Meat Cutting Boning Knife High Carbon Steel Kitchen Axe with Sheath Home Outdoor BBQ Camping Birthday Christm","1","amazon.ca","Amazon","Grande Prairie","Alberta","T8W 2J","Combined TCS+MTC","38.24","1.91","0","0","0","0","0","0","0","0","-1.91","-5.74","-8.19","0","0","24.31"
"Nov 28, 2025 4:27:43 a.m. PST","24967064061","Order","701-8701592-4093801","HS1901","Dream Reach 6"" Professional Hair Cutting Scissors Japan 440C Steel Thinning Scissor for Men/Women Cutting for Salon/Barber/Home (Straight Scissors)","1","amazon.ca","Amazon","Lakeville Carleton Co","New Brunswick","E7K 1W","Combined TCS+MTC","43.99","6.60","0","0","0","0","0","0","0","0","-6.60","-6.60","-6.49","0","0","30.90"
"Nov 28, 2025 5:35:06 a.m. PST","24967064061","Order","702-3280946-6913001","9B-5VGN-40SH","Dream Reach 2 Pack Kitchen Scissors, Premium All-Metal Kitchen Shears, Heavy Duty Poultry Shears for Food, Food-Grade Stainless Steel Scissors, Gift f","1","amazon.ca","Amazon","Oakville","Ontario","L6L 3N","Combined TCS+MTC","25.73","3.34","3.50","0","0","0","0","0","-3.50","0","-3.34","-3.86","-7.65","0","0","14.22"
"Nov 28, 2025 5:41:01 a.m. PST","24967064061","Order","701-5930596-0267424","9B-5VGN-40SH","Dream Reach 2 Pack Kitchen Scissors, Premium All-Metal Kitchen Shears, Heavy Duty Poultry Shears for Food, Food-Grade Stainless Steel Scissors, Gift f","1","amazon.ca","Amazon","Maple","Ontario","L6A 1E","Combined TCS+MTC","25.73","3.34","3.50","0","0","0","0","0","-3.50","0","-3.34","-3.86","-7.65","0","0","14.22"
"Nov 28, 2025 6:59:47 a.m. PST","24967064061","Order","701-2010957-9272246","9B-5VGN-40SH","Dream Reach 2 Pack Kitchen Scissors, Premium All-Metal Kitchen Shears, Heavy Duty Poultry Shears for Food, Food-Grade Stainless Steel Scissors, Gift f","1","amazon.ca","Amazon","Longueuil","Quebec","J4K 2Y","Combined TCS+MTC","25.73","3.85","0","0","0","0","0","0","0","0","-3.85","-3.86","-7.65","0","0","14.22"
"Nov 28, 2025 7:23:34 a.m. PST","24967064061","Order","702-8699710-2169809","9B-5VGN-40SH","Dream Reach 2 Pack Kitchen Scissors, Premium All-Metal Kitchen Shears, Heavy Duty Poultry Shears for Food, Food-Grade Stainless Steel Scissors, Gift f","1","amazon.ca","Amazon","Vancouver","British Columbia","V5R 4P","Combined TCS+MTC","25.73","3.09","6.99","0","0","0","0","0","-6.99","0","-3.09","-3.86","-8.19","0","0","13.68"
"Nov 28, 2025 7:36:59 a.m. PST","24967064061","Order","S01-6940754-1503661","KF02-BBJ","Dream Reach Chef Knife, Japanese Kitchen Knife, Sharp Stainless Steel Viking Style Meat Knife with Wooden Handle, Feather Design Cooking Knife with Sheath & Gift Box, Gift for Men and Chefs","1","siprod.stores.amazon.ca","Amazon","WHEATLAND COUNTY","AB","T1P 0Z","","0","0","0","0","0","0","0","0","0","0","0","0","-3.82","0","0","-3.82"
"Nov 28, 2025 7:36:59 a.m. PST","24967064061","Order","S01-6940754-1503661","","FBA transportation fee","","siprod.stores.amazon.ca","Amazon","WHEATLAND COUNTY","AB","T1P 0Z","","0","0","0","0","0","0","0","0","0","0","0","0","0","0","-7.01","-7.01"
"Nov 28, 2025 7:50:55 a.m. PST","24967064061","Order","702-0143294-4517808","9B-5VGN-40SH","Dream Reach 2 Pack Kitchen Scissors, Premium All-Metal Kitchen Shears, Heavy Duty Poultry Shears for Food, Food-Grade Stainless Steel Scissors, Gift f","1","amazon.ca","Amazon","Grande Prairie","Alberta","T8V 1C","Combined TCS+MTC","29.99","1.50","0","0","0","0","0","0","0","0","-1.50","-4.50","-7.65","0","0","17.84"
"Nov 28, 2025 1:31:39 p.m. PST","24967064061","FBA Inventory Fee","702-4711879-9501869","","Fulfilment by Amazon removal order: disposal fee","","Amazon.ca","","","","","","0","0","0","0","0","0","0","0","0","0","0","0","0","0","-1.62","-1.62"
"Nov 28, 2025 4:28:22 p.m. PST","24967064061","Order","S01-6840469-5151638","KF02-BBJ","Dream Reach Chef Knife, Japanese Kitchen Knife, Sharp Stainless Steel Viking Style Meat Knife with Wooden Handle, Feather Design Cooking Knife with Sheath & Gift Box, Gift for Men and Chefs","1","siprod.stores.amazon.ca","Amazon","KITIMAT","BC","V8C 0B","","0","0","0","0","0","0","0","0","0","0","0","0","-4.09","0","0","-4.09"
"Nov 28, 2025 4:28:22 p.m. PST","24967064061","Order","S01-6840469-5151638","","FBA transportation fee","","siprod.stores.amazon.ca","Amazon","KITIMAT","BC","V8C 0B","","0","0","0","0","0","0","0","0","0","0","0","0","0","0","-7.50","-7.50"
"Nov 28, 2025 4:41:40 p.m. PST","24967064061","Order","701-3434365-8283415","KF02-BBJ","Dream Reach Chef Knife, Japanese Kitchen Knife, Sharp Stainless Steel Viking Style Meat Knife with Wooden Handle, Feather Design Cooking Knife with Sh","1","amazon.ca","Amazon","Chicoutimi","Quebec","G7J 4T","Combined TCS+MTC","28.49","4.27","0","0","0","0","0","0","0","0","-4.27","-4.27","-7.13","0","0","17.09"
"Nov 28, 2025 4:45:48 p.m. PST","24967064061","Order","S01-1536622-4446858","KF02-BBJ","Dream Reach Chef Knife, Japanese Kitchen Knife, Sharp Stainless Steel Viking Style Meat Knife with Wooden Handle, Feather Design Cooking Knife with Sheath & Gift Box, Gift for Men and Chefs","1","siprod.stores.amazon.ca","Amazon","NORTH BATTLEFORD","SK","S9A 3P","","0","0","0","0","0","0","0","0","0","0","0","0","-4.09","0","0","-4.09"
"Nov 28, 2025 4:45:48 p.m. PST","24967064061","Order","S01-1536622-4446858","","FBA transportation fee","","siprod.stores.amazon.ca","Amazon","NORTH BATTLEFORD","SK","S9A 3P","","0","0","0","0","0","0","0","0","0","0","0","0","0","0","-7.50","-7.50"
"Nov 28, 2025 8:24:36 p.m. PST","24967064061","Order","702-8737927-4409039","9B-5VGN-40SH","Dream Reach 2 Pack Kitchen Scissors, Premium All-Metal Kitchen Shears, Heavy Duty Poultry Shears for Food, Food-Grade Stainless Steel Scissors, Gift f","1","amazon.ca","Amazon","Toronto","Ontario","M5J 1V","Combined TCS+MTC","25.73","3.34","0","0","0","0","0","0","0","0","-3.34","-3.86","-7.65","0","0","14.22"
"Nov 28, 2025 9:33:26 p.m. PST","24967064061","Order","702-8124755-0441007","9B-5VGN-40SH","Dream Reach 2 Pack Kitchen Scissors, Premium All-Metal Kitchen Shears, Heavy Duty Poultry Shears for Food, Food-Grade Stainless Steel Scissors, Gift f","1","amazon.ca","Amazon","Shawinigan","QC","G9N 6T","Combined TCS+MTC","25.73","3.85","0","0","0","0","0","0","0","0","-3.85","-3.86","-7.65","0","0","14.22"
"Nov 28, 2025 10:33:20 p.m. PST","24967064061","Order","701-2813435-6827444","9B-5VGN-40SH","Dream Reach 2 Pack Kitchen Scissors, Premium All-Metal Kitchen Shears, Heavy Duty Poultry Shears for Food, Food-Grade Stainless Steel Scissors, Gift f","1","amazon.ca","Amazon","Calgary","Alberta","T3K 3Y","Combined TCS+MTC","25.73","1.29","0","0","0","0","0","0","0","0","-1.29","-3.86","-7.65","0","0","14.22"
"Nov 28, 2025 11:03:59 p.m. PST","24967064061","Order","701-0299536-7176241","9B-5VGN-40SH","Dream Reach 2 Pack Kitchen Scissors, Premium All-Metal Kitchen Shears, Heavy Duty Poultry Shears for Food, Food-Grade Stainless Steel Scissors, Gift f","1","amazon.ca","Amazon","Toronto","Ontario","M4L 2V","Combined TCS+MTC","29.99","3.90","0","0","0","0","0","0","0","0","-3.90","-4.50","-7.65","0","0","17.84"
"Nov 28, 2025 11:10:55 p.m. PST","24967064061","Order","702-5130359-8505847","9B-5VGN-40SH","Dream Reach 2 Pack Kitchen Scissors, Premium All-Metal Kitchen Shears, Heavy Duty Poultry Shears for Food, Food-Grade Stainless Steel Scissors, Gift f","1","amazon.ca","Amazon","Abbotsford","British Columbia","V2T 6W","Combined TCS+MTC","25.73","3.09","0","0","0","0","0","0","0","0","-3.09","-3.86","-8.19","0","0","13.68"
"Nov 29, 2025 12:04:55 a.m. PST","24967064061","Order","701-8069403-1082615","9B-5VGN-40SH","Dream Reach 2 Pack Kitchen Scissors, Premium All-Metal Kitchen Shears, Heavy Duty Poultry Shears for Food, Food-Grade Stainless Steel Scissors, Gift f","1","amazon.ca","Amazon","Gibsons","British Columbia","V0N 1V","Combined TCS+MTC","25.73","3.09","0","0","0","0","0","0","0","0","-3.09","-3.86","-8.19","0","0","13.68"
"Nov 29, 2025 12:49:36 a.m. PST","24967064061","Order","702-8410243-6109009","9B-5VGN-40SH","Dream Reach 2 Pack Kitchen Scissors, Premium All-Metal Kitchen Shears, Heavy Duty Poultry Shears for Food, Food-Grade Stainless Steel Scissors, Gift f","1","amazon.ca","Amazon","Grande Prairie","Alberta","T8W 2G","Combined TCS+MTC","25.73","1.29","0","0","0","0","0","0","0","0","-1.29","-3.86","-7.65","0","0","14.22"
"Nov 29, 2025 12:52:43 a.m. PST","24967064061","Order","702-4331822-4875448","9B-5VGN-40SH","Dream Reach 2 Pack Kitchen Scissors, Premium All-Metal Kitchen Shears, Heavy Duty Poultry Shears for Food, Food-Grade Stainless Steel Scissors, Gift f","1","amazon.ca","Amazon","Markham","Ontario","L6C 2A","Combined TCS+MTC","25.73","3.34","6.99","0","0","0","0","0","-6.99","0","-3.34","-3.86","-7.65","0","0","14.22"
"Nov 29, 2025 12:58:15 a.m. PST","24967064061","Order","701-8430848-5664221","9B-5VGN-40SH","Dream Reach 2 Pack Kitchen Scissors, Premium All-Metal Kitchen Shears, Heavy Duty Poultry Shears for Food, Food-Grade Stainless Steel Scissors, Gift f","1","amazon.ca","Amazon","Calgary","Alberta","T3M 2L","Combined TCS+MTC","25.73","1.29","0","0","0","0","0","0","0","0","-1.29","-3.86","-7.65","0","0","14.22"
"Nov 29, 2025 1:27:46 a.m. PST","25070279451","Order","701-0340647-2677043","KF04-BBJ","Dream Reach Meat Bone Cleaver Knife for Meat Cutting Handmade Heavy Duty Butcher Axes Hand Forged Full Tang Chopper for Kitchen Outdoor BBQ Chef Gifts","1","amazon.ca","Amazon","Calgary","Alberta","T2Y 3R","Combined TCS+MTC","31.49","1.57","6.99","0","0","0","0","0","-6.99","0","-1.57","-4.72","-8.74","0","0","18.03"
"Nov 29, 2025 1:32:40 a.m. PST","25070279451","Order","701-1212319-7802617","9B-5VGN-40SH","Dream Reach 2 Pack Kitchen Scissors, Premium All-Metal Kitchen Shears, Heavy Duty Poultry Shears for Food, Food-Grade Stainless Steel Scissors, Gift f","1","amazon.ca","Amazon","Elm Creek","Manitoba","R0G 0N","Combined TCS+MTC","29.99","3.60","0","0","0","0","0","0","0","0","-3.60","-4.50","-7.65","0","0","17.84"
"Nov 29, 2025 1:37:07 a.m. PST","25070279451","Order","701-9980104-2213853","9B-5VGN-40SH","Dream Reach 2 Pack Kitchen Scissors, Premium All-Metal Kitchen Shears, Heavy Duty Poultry Shears for Food, Food-Grade Stainless Steel Scissors, Gift f","1","amazon.ca","Amazon","Kingston","Ontario","K7K 6R","Combined TCS+MTC","25.73","3.34","0","0","0","0","0","0","0","0","-3.34","-3.86","-7.65","0","0","14.22"
"Nov 29, 2025 3:00:30 a.m. PST","25070279451","Order","701-9594778-1975405","KF04-BBJ","Dream Reach Meat Bone Cleaver Knife for Meat Cutting Handmade Heavy Duty Butcher Axes Hand Forged Full Tang Chopper for Kitchen Outdoor BBQ Chef Gifts","1","amazon.ca","Amazon","Toronto","Ontario","M9B 1A","Combined TCS+MTC","42.99","4.75","5.90","0","0","0","0","0","-12.35","0","-4.75","-5.48","-8.74","0","0","22.32"
"Nov 29, 2025 3:36:19 a.m. PST","25070279451","Order","702-8977630-5605848","KF02-BBJ","Dream Reach Chef Knife, Japanese Kitchen Knife, Sharp Stainless Steel Viking Style Meat Knife with Wooden Handle, Feather Design Cooking Knife with Sh","2","amazon.ca","Amazon","Calgary","AB","T3H 3L","Combined TCS+MTC","56.98","2.84","6.99","0","0","0","0","0","-6.99","0","-2.84","-8.54","-14.26","0","0","34.18"
"Nov 29, 2025 3:51:52 a.m. PST","25070279451","Order","701-8394611-5640253","9B-5VGN-40SH","Dream Reach 2 Pack Kitchen Scissors, Premium All-Metal Kitchen Shears, Heavy Duty Poultry Shears for Food, Food-Grade Stainless Steel Scissors, Gift f","2","amazon.ca","Amazon","Kelowna","British Columbia","V1W 3W","Combined TCS+MTC","59.98","7.20","0","0","0","0","0","0","0","0","-7.20","-9.00","-15.30","0","0","35.68"
"Nov 29, 2025 4:00:56 a.m. PST","25070279451","Order","701-3154689-7525032","KF02-BBJ","Dream Reach Chef Knife, Japanese Kitchen Knife, Sharp Stainless Steel Viking Style Meat Knife with Wooden Handle, Feather Design Cooking Knife with Sh","1","amazon.ca","Amazon","Duhamel","Alberta","T0B 3L","Combined TCS+MTC","37.40","1.59","0","0","0","0","0","0","-5.61","0","-1.59","-4.77","-7.13","0","0","19.89"
"Nov 29, 2025 4:46:21 a.m. PST","25070279451","Order","702-2629304-0901004","9B-5VGN-40SH","Dream Reach 2 Pack Kitchen Scissors, Premium All-Metal Kitchen Shears, Heavy Duty Poultry Shears for Food, Food-Grade Stainless Steel Scissors, Gift f","1","amazon.ca","Amazon","Surrey","British Columbia","V3Z 0Z","Combined TCS+MTC","25.73","3.09","0","0","0","0","0","0","0","0","-3.09","-3.86","-7.65","0","0","14.22"
"Nov 29, 2025 5:18:35 a.m. PST","25070279451","Order","702-4556734-1297824","9B-5VGN-40SH","Dream Reach 2 Pack Kitchen Scissors, Premium All-Metal Kitchen Shears, Heavy Duty Poultry Shears for Food, Food-Grade Stainless Steel Scissors, Gift f","1","amazon.ca","Amazon","Brampton","Ontario","L6S 4Z","Combined TCS+MTC","25.73","3.34","6.99","0","0","0","0","0","-6.99","0","-3.34","-3.86","-7.65","0","0","14.22"
"Nov 29, 2025 6:11:47 a.m. PST","25070279451","Refund","701-9594778-1975405","KF04-BBJ","Dream Reach Meat Bone Cleaver Knife for Meat Cutting Handmade Heavy Duty Butcher Axes Hand Forged Full Tang Chopper for Kitchen Outdoor BBQ Chef Gifts","1","amazon.ca","Amazon","Toronto","Ontario","M9B 1A","Combined TCS+MTC","-42.99","-4.75","-5.90","0","0","0","0","0","12.35","0","4.75","4.38","0","0","0","-32.16"
"Nov 29, 2025 6:26:07 a.m. PST","25070279451","Order","701-9364682-8805030","KF04-BBJ","Dream Reach Meat Bone Cleaver Knife for Meat Cutting Handmade Heavy Duty Butcher Axes Hand Forged Full Tang Chopper for Kitchen Outdoor BBQ Chef Gifts","1","amazon.ca","Amazon","Toronto","Ontario","M9B 1A","Combined TCS+MTC","31.49","4.09","0","0","0","0","0","0","0","0","-4.09","-4.72","-8.74","0","0","18.03"
"Nov 29, 2025 6:31:23 a.m. PST","25070279451","Order","701-9829025-1935406","9B-5VGN-40SH","Dream Reach 2 Pack Kitchen Scissors, Premium All-Metal Kitchen Shears, Heavy Duty Poultry Shears for Food, Food-Grade Stainless Steel Scissors, Gift f","1","amazon.ca","Amazon","Edmonton","Alberta","T5Y 0P","Combined TCS+MTC","25.73","1.29","0","0","0","0","0","0","0","0","-1.29","-3.86","-7.65","0","0","14.22"
"Nov 29, 2025 6:37:42 a.m. PST","25070279451","Order","702-3476176-1381061","9B-5VGN-40SH","Dream Reach 2 Pack Kitchen Scissors, Premium All-Metal Kitchen Shears, Heavy Duty Poultry Shears for Food, Food-Grade Stainless Steel Scissors, Gift f","1","amazon.ca","Amazon","Verdun","Quebec","H3E 0C","Combined TCS+MTC","25.73","3.85","0","0","0","0","0","0","0","0","-3.85","-3.86","-7.65","0","0","14.22"
"Nov 29, 2025 7:08:53 a.m. PST","25070279451","Order","S01-6694609-6566026","KF02-BBJ","Dream Reach Chef Knife, Japanese Kitchen Knife, Sharp Stainless Steel Viking Style Meat Knife with Wooden Handle, Feather Design Cooking Knife with Sheath & Gift Box, Gift for Men and Chefs","1","siprod.stores.amazon.ca","Amazon","CONCEPTION BAY SOUTH","NL","A1X 6N","","0","0","0","0","0","0","0","0","0","0","0","0","-3.82","0","0","-3.82"
"Nov 29, 2025 7:08:53 a.m. PST","25070279451","Order","S01-6694609-6566026","","FBA transportation fee","","siprod.stores.amazon.ca","Amazon","CONCEPTION BAY SOUTH","NL","A1X 6N","","0","0","0","0","0","0","0","0","0","0","0","0","0","0","-7.01","-7.01"
"Nov 29, 2025 7:40:20 a.m. PST","25070279451","Order","702-3240090-4577002","CWJ02-Black7.5Set-BBJ","Dream Reach Dog Grooming Scissors - Professional 7.5 Inch Pet Scissors Sharp and Durable Shears Set Thinning, Chunker, Straight, Curved Shears and Com","1","amazon.ca","Amazon","New Maryland","New Brunswick","E3C 1E","Combined TCS+MTC","49.71","7.46","0","0","0","0","0","0","0","0","-7.46","-7.46","-7.65","0","0","34.60"
"Nov 29, 2025 7:44:10 a.m. PST","25070279451","Order","702-9576868-6777865","KF05-BBJ","Dream Reach Meat Cleaver Knife Heavy Duty Bone Chopper High Carbon Steel Butcher Axe Bone Cutting Knife Hand Forged Butcher Knife for Kitchen Outdoor","1","amazon.ca","Amazon","Edmonton","AB","T5E 4M","Combined TCS+MTC","35.69","1.78","0","0","0","0","0","0","0","0","-1.78","-5.35","-9.58","0","0","20.76"
"Nov 29, 2025 7:46:36 a.m. PST","25070279451","Order","702-1322033-9174664","9B-5VGN-40SH","Dream Reach 2 Pack Kitchen Scissors, Premium All-Metal Kitchen Shears, Heavy Duty Poultry Shears for Food, Food-Grade Stainless Steel Scissors, Gift f","1","amazon.ca","Amazon","Vancouver","British Columbia","V5P 4K","Combined TCS+MTC","25.73","3.09","1.75","0","0","0","0","0","-1.75","0","-3.09","-3.86","-8.19","0","0","13.68"
"Nov 29, 2025 7:56:21 a.m. PST","25070279451","Order","702-5415575-5677846","9B-5VGN-40SH","Dream Reach 2 Pack Kitchen Scissors, Premium All-Metal Kitchen Shears, Heavy Duty Poultry Shears for Food, Food-Grade Stainless Steel Scissors, Gift f","1","amazon.ca","Amazon","Pierrefonds","QC","H9K 1K","Combined TCS+MTC","25.73","3.85","0","0","0","0","0","0","0","0","-3.85","-3.86","-7.65","0","0","14.22"
"Nov 29, 2025 7:59:01 a.m. PST","25070279451","Order","702-5685316-6512228","9B-5VGN-40SH","Dream Reach 2 Pack Kitchen Scissors, Premium All-Metal Kitchen Shears, Heavy Duty Poultry Shears for Food, Food-Grade Stainless Steel Scissors, Gift f","1","amazon.ca","Amazon","Surrey","British Columbia","V3T 4R","Combined TCS+MTC","25.73","3.09","2.33","0","0","0","0","0","-2.33","0","-3.09","-3.86","-8.19","0","0","13.68"
"Nov 29, 2025 9:00:03 a.m. PST","25070279451","FBA Inventory Fee","zkFKT/gCYj","","Fulfilment by Amazon removal order: disposal fee","","Amazon.ca","","","","","","0","0","0","0","0","0","0","0","0","0","0","0","0","0","-3.85","-3.85"
"Nov 29, 2025 10:00:02 a.m. PST","25070279451","Order","701-0530470-9033801","9B-5VGN-40SH","Dream Reach 2 Pack Kitchen Scissors, Premium All-Metal Kitchen Shears, Heavy Duty Poultry Shears for Food, Food-Grade Stainless Steel Scissors, Gift f","1","amazon.ca","Amazon","Etobicoke","Ontario","M8V 3W","Combined TCS+MTC","25.73","3.34","0","0","0","0","0","0","0","0","-3.34","-3.86","-7.65","0","0","14.22"
"Nov 29, 2025 11:07:11 a.m. PST","25070279451","Order","702-9900951-8516219","HS1901","Dream Reach 6"" Professional Hair Cutting Scissors Japan 440C Steel Thinning Scissor for Men/Women Cutting for Salon/Barber/Home (Straight Scissors)","1","amazon.ca","Amazon","Ottawa","Ontario","K4A 1P","Combined TCS+MTC","43.99","4.86","0","0","0","0","0","0","-6.60","0","-4.86","-5.61","-6.49","0","0","25.29"
"Nov 29, 2025 11:08:24 a.m. PST","25070279451","Order","702-3938909-2244219","KF02-BBJ","Dream Reach Chef Knife, Japanese Kitchen Knife, Sharp Stainless Steel Viking Style Meat Knife with Wooden Handle, Feather Design Cooking Knife with Sh","1","amazon.ca","Amazon","Ardrossan","Alberta","T8E 2A","Combined TCS+MTC","28.49","1.42","0","0","0","0","0","0","0","0","-1.42","-4.27","-7.13","0","0","17.09"
"Nov 29, 2025 12:00:08 p.m. PST","25070279451","Order","702-3868880-8272262","9B-5VGN-40SH","Dream Reach 2 Pack Kitchen Scissors, Premium All-Metal Kitchen Shears, Heavy Duty Poultry Shears for Food, Food-Grade Stainless Steel Scissors, Gift f","1","amazon.ca","Amazon","Rodney","Ontario","N0L 2C","Combined TCS+MTC","25.73","3.34","0","0","0","0","0","0","0","0","-3.34","-3.86","-7.65","0","0","14.22"
"Nov 29, 2025 1:05:37 p.m. PST","25070279451","Order","S01-0066639-5573207","KF02-BBJ","Dream Reach Chef Knife, Japanese Kitchen Knife, Sharp Stainless Steel Viking Style Meat Knife with Wooden Handle, Feather Design Cooking Knife with Sheath & Gift Box, Gift for Men and Chefs","1","siprod.stores.amazon.ca","Amazon","EASTERN PASSAGE","NS","B3G 1E","","0","0","0","0","0","0","0","0","0","0","0","0","-3.82","0","0","-3.82"
"Nov 29, 2025 1:05:37 p.m. PST","25070279451","Order","S01-0066639-5573207","","FBA transportation fee","","siprod.stores.amazon.ca","Amazon","EASTERN PASSAGE","NS","B3G 1E","","0","0","0","0","0","0","0","0","0","0","0","0","0","0","-7.01","-7.01"
"Nov 29, 2025 1:27:58 p.m. PST","25070279451","Order","701-4148623-6050632","9B-5VGN-40SH","Dream Reach 2 Pack Kitchen Scissors, Premium All-Metal Kitchen Shears, Heavy Duty Poultry Shears for Food, Food-Grade Stainless Steel Scissors, Gift f","1","amazon.ca","Amazon","Okotoks","Alberta","T1S 1R","Combined TCS+MTC","25.73","1.29","0","0","0","0","0","0","0","0","-1.29","-3.86","-8.19","0","0","13.68"
"Nov 29, 2025 2:39:09 p.m. PST","25070279451","Order","701-4246697-8718647","9B-5VGN-40SH","Dream Reach 2 Pack Kitchen Scissors, Premium All-Metal Kitchen Shears, Heavy Duty Poultry Shears for Food, Food-Grade Stainless Steel Scissors, Gift f","1","amazon.ca","Amazon","Oakville","Ontario","L6L 2T","Combined TCS+MTC","25.73","3.34","0","0","0","0","0","0","0","0","-3.34","-3.86","-7.65","0","0","14.22"
"Nov 29, 2025 3:48:25 p.m. PST","25070279451","Order","S01-5238914-5319669","KF04-BBJ","Dream Reach Meat Bone Cleaver Knife for Meat Cutting Handmade Heavy Duty Butcher Axes Hand Forged Full Tang Chopper for Kitchen Outdoor BBQ Chef Gifts Idea Men Black","1","siprod.stores.amazon.ca","Amazon","GRIMSHAW","AB","T0H 0B","","0","0","0","0","0","0","0","0","0","0","0","0","-3.82","0","0","-3.82"
"Nov 29, 2025 3:48:25 p.m. PST","25070279451","Order","S01-5238914-5319669","","FBA transportation fee","","siprod.stores.amazon.ca","Amazon","GRIMSHAW","AB","T0H 0B","","0","0","0","0","0","0","0","0","0","0","0","0","0","0","-8.27","-8.27"
"Nov 29, 2025 4:23:44 p.m. PST","25070279451","Order","S01-2181959-3066056","KF02-BBJ","Dream Reach Chef Knife, Japanese Kitchen Knife, Sharp Stainless Steel Viking Style Meat Knife with Wooden Handle, Feather Design Cooking Knife with Sheath & Gift Box, Gift for Men and Chefs","1","siprod.stores.amazon.ca","Amazon","WETASKIWIN","AB","T9A 2P","","0","0","0","0","0","0","0","0","0","0","0","0","-4.09","0","0","-4.09"
"Nov 29, 2025 4:23:44 p.m. PST","25070279451","Order","S01-2181959-3066056","","FBA transportation fee","","siprod.stores.amazon.ca","Amazon","WETASKIWIN","AB","T9A 2P","","0","0","0","0","0","0","0","0","0","0","0","0","0","0","-7.50","-7.50"
"Nov 29, 2025 6:24:39 p.m. PST","25070279451","Order","S01-8111768-5068446","KF04-BBJ","Dream Reach Meat Bone Cleaver Knife for Meat Cutting Handmade Heavy Duty Butcher Axes Hand Forged Full Tang Chopper for Kitchen Outdoor BBQ Chef Gifts Idea Men Black","1","siprod.stores.amazon.ca","Amazon","SAINT-GEORGES","QC","G5Y 5B","","0","0","0","0","0","0","0","0","0","0","0","0","-3.82","0","0","-3.82"
"Nov 29, 2025 6:24:39 p.m. PST","25070279451","Order","S01-8111768-5068446","","FBA transportation fee","","siprod.stores.amazon.ca","Amazon","SAINT-GEORGES","QC","G5Y 5B","","0","0","0","0","0","0","0","0","0","0","0","0","0","0","-8.27","-8.27"
"Nov 29, 2025 6:55:17 p.m. PST","25070279451","Order","701-6057612-7548225","37-EQUL-C5MA","Dream Reach HIGH-END Series Japanese 440C Stainless 6.0"" 360° Swivel Thumb Ring Professional Barber Razor Edge Hairdressing Straight Cutting Scissors","1","amazon.ca","Amazon","SAINT-CÔME-LINIÈRES","Québec","G0M 1J","Combined TCS+MTC","43.99","6.59","0","0","0","0","0","0","0","0","-6.59","-6.60","-4.99","0","0","32.40"
"Nov 29, 2025 7:26:29 p.m. PST","25070279451","Order","701-1187623-2779436","9B-5VGN-40SH","Dream Reach 2 Pack Kitchen Scissors, Premium All-Metal Kitchen Shears, Heavy Duty Poultry Shears for Food, Food-Grade Stainless Steel Scissors, Gift f","1","amazon.ca","Amazon","Windsor","Ontario","N8Y 3N","Combined TCS+MTC","25.73","3.34","0","0","0","0","0","0","0","0","-3.34","-3.86","-7.65","0","0","14.22"
"Nov 29, 2025 9:14:03 p.m. PST","25070279451","Order","702-9633971-2066631","9B-5VGN-40SH","Dream Reach 2 Pack Kitchen Scissors, Premium All-Metal Kitchen Shears, Heavy Duty Poultry Shears for Food, Food-Grade Stainless Steel Scissors, Gift f","1","amazon.ca","Amazon","Ste-martine","Quebec","J0S 1V","Combined TCS+MTC","25.73","3.85","0","0","0","0","0","0","0","0","-3.85","-3.86","-7.65","0","0","14.22"
"Nov 29, 2025 10:34:40 p.m. PST","25070279451","Order","702-8756784-0651410","9B-5VGN-40SH","Dream Reach 2 Pack Kitchen Scissors, Premium All-Metal Kitchen Shears, Heavy Duty Poultry Shears for Food, Food-Grade Stainless Steel Scissors, Gift f","1","amazon.ca","Amazon","Ottawa","Ontario","K1L 6R","Combined TCS+MTC","25.73","3.34","0","0","0","0","0","0","0","0","-3.34","-3.86","-7.65","0","0","14.22"
"Nov 29, 2025 11:21:37 p.m. PST","25070279451","Order","702-2783741-6247409","9B-5VGN-40SH","Dream Reach 2 Pack Kitchen Scissors, Premium All-Metal Kitchen Shears, Heavy Duty Poultry Shears for Food, Food-Grade Stainless Steel Scissors, Gift f","1","amazon.ca","Amazon","Halifax","NS","B3K1Y","Combined TCS+MTC","25.73","3.60","0","0","0","0","0","0","0","0","-3.60","-3.86","-7.65","0","0","14.22"
"Nov 29, 2025 11:55:20 p.m. PST","25070279451","Order","701-2184938-5501842","KF04-BBJ","Dream Reach Meat Bone Cleaver Knife for Meat Cutting Handmade Heavy Duty Butcher Axes Hand Forged Full Tang Chopper for Kitchen Outdoor BBQ Chef Gifts","1","amazon.ca","Amazon","Surrey","British Columbia","V4N 6E","Combined TCS+MTC","31.49","3.78","0","0","0","0","0","0","0","0","-3.78","-4.72","-8.74","0","0","18.03"
"Nov 30, 2025 12:53:47 a.m. PST","25070279451","Order","S01-2111866-6139634","KF02-BBJ","Dream Reach Chef Knife, Japanese Kitchen Knife, Sharp Stainless Steel Viking Style Meat Knife with Wooden Handle, Feather Design Cooking Knife with Sheath & Gift Box, Gift for Men and Chefs","1","siprod.stores.amazon.ca","Amazon","PICKERING","ON","L1W 3G","","0","0","0","0","0","0","0","0","0","0","0","0","-3.82","0","0","-3.82"
"Nov 30, 2025 12:53:47 a.m. PST","25070279451","Order","S01-2111866-6139634","","FBA transportation fee","","siprod.stores.amazon.ca","Amazon","PICKERING","ON","L1W 3G","","0","0","0","0","0","0","0","0","0","0","0","0","0","0","-7.01","-7.01"
"Nov 30, 2025 1:23:28 a.m. PST","25070279451","Order","701-4104726-3861862","9B-5VGN-40SH","Dream Reach 2 Pack Kitchen Scissors, Premium All-Metal Kitchen Shears, Heavy Duty Poultry Shears for Food, Food-Grade Stainless Steel Scissors, Gift f","1","amazon.ca","Amazon","Quebec","Quebec","G3K 2L","Combined TCS+MTC","25.73","3.85","0","0","0","0","0","0","0","0","-3.85","-3.86","-7.65","0","0","14.22"
"Nov 30, 2025 1:52:09 a.m. PST","25070279451","Order","702-0301068-2169836","9B-5VGN-40SH","Dream Reach 2 Pack Kitchen Scissors, Premium All-Metal Kitchen Shears, Heavy Duty Poultry Shears for Food, Food-Grade Stainless Steel Scissors, Gift f","1","amazon.ca","Amazon","Calgary","Alberta","T3K 6K","Combined TCS+MTC","25.73","1.29","0","0","0","0","0","0","0","0","-1.29","-3.86","-7.65","0","0","14.22"
"Nov 30, 2025 2:00:33 a.m. PST","25070279451","Order","702-2481280-8291463","9B-5VGN-40SH","Dream Reach 2 Pack Kitchen Scissors, Premium All-Metal Kitchen Shears, Heavy Duty Poultry Shears for Food, Food-Grade Stainless Steel Scissors, Gift f","1","amazon.ca","Amazon","Daveyuville","Quebec","G0Z1C","Combined TCS+MTC","25.73","3.85","0","0","0","0","0","0","0","0","-3.85","-3.86","-7.65","0","0","14.22"
"Nov 30, 2025 2:30:14 a.m. PST","25070279451","Order","701-1822253-2142637","37-EQUL-C5MA","Dream Reach HIGH-END Series Japanese 440C Stainless 6.0"" 360° Swivel Thumb Ring Professional Barber Razor Edge Hairdressing Straight Cutting Scissors","1","amazon.ca","Amazon","Medicine Hat","Alberta","T1B 0G","Combined TCS+MTC","43.99","1.87","0","0","0","0","0","0","-6.60","0","-1.87","-5.61","-4.99","0","0","26.79"
"Nov 30, 2025 2:30:23 a.m. PST","25070279451","Order","702-7767406-7674609","9B-5VGN-40SH","Dream Reach 2 Pack Kitchen Scissors, Premium All-Metal Kitchen Shears, Heavy Duty Poultry Shears for Food, Food-Grade Stainless Steel Scissors, Gift f","1","amazon.ca","Amazon","Victoria","BC","V9C0C","Combined TCS+MTC","25.73","3.09","0","0","0","0","0","0","0","0","-3.09","-3.86","-8.19","0","0","13.68"
"Nov 30, 2025 2:52:19 a.m. PST","25070279451","Order","702-0821106-6984252","9B-5VGN-40SH","Dream Reach 2 Pack Kitchen Scissors, Premium All-Metal Kitchen Shears, Heavy Duty Poultry Shears for Food, Food-Grade Stainless Steel Scissors, Gift f","1","amazon.ca","Amazon","Regina","Saskatchewan","S4R 1Z","Combined TCS+MTC","25.73","2.83","0","0","0","0","0","0","0","0","-2.83","-3.86","-7.65","0","0","14.22"
"Nov 30, 2025 2:54:41 a.m. PST","25070279451","Order","702-1066648-9649813","KF02-BBJ","Dream Reach Chef Knife, Japanese Kitchen Knife, Sharp Stainless Steel Viking Style Meat Knife with Wooden Handle, Feather Design Cooking Knife with Sh","1","amazon.ca","Amazon","Watson","Saskatchewan","S0K 4V","Combined TCS+MTC","28.49","3.13","3.27","0","0","0","0","0","-3.27","0","-3.13","-4.27","-7.13","0","0","17.09"
"Nov 30, 2025 3:11:45 a.m. PST","25070279451","Order","701-9700171-9707430","KF02-BBJ","Dream Reach Chef Knife, Japanese Kitchen Knife, Sharp Stainless Steel Viking Style Meat Knife with Wooden Handle, Feather Design Cooking Knife with Sh","1","amazon.ca","Amazon","Medicine Hat","Alberta","T1B 1C","Combined TCS+MTC","28.49","1.42","0","0","0","0","0","0","0","0","-1.42","-4.27","-7.13","0","0","17.09"
"Nov 30, 2025 3:15:05 a.m. PST","25070279451","Order","701-7658069-8825039","9B-5VGN-40SH","Dream Reach 2 Pack Kitchen Scissors, Premium All-Metal Kitchen Shears, Heavy Duty Poultry Shears for Food, Food-Grade Stainless Steel Scissors, Gift f","1","amazon.ca","Amazon","Toronto","Ontario","M4J 3P","Combined TCS+MTC","25.73","3.34","0","0","0","0","0","0","0","0","-3.34","-3.86","-7.65","0","0","14.22"
"Nov 30, 2025 3:27:46 a.m. PST","25070279451","Order","702-7702498-1118626","9B-5VGN-40SH","Dream Reach 2 Pack Kitchen Scissors, Premium All-Metal Kitchen Shears, Heavy Duty Poultry Shears for Food, Food-Grade Stainless Steel Scissors, Gift f","1","amazon.ca","Amazon","Edmonton","Alberta","T6W 2T","Combined TCS+MTC","25.73","1.29","0","0","0","0","0","0","0","0","-1.29","-3.86","-7.65","0","0","14.22"
"Nov 30, 2025 3:42:15 a.m. PST","25070279451","Order","702-0806203-2681016","KF05-BBJ","Dream Reach Meat Cleaver Knife Heavy Duty Bone Chopper High Carbon Steel Butcher Axe Bone Cutting Knife Hand Forged Butcher Knife for Kitchen Outdoor","1","amazon.ca","Amazon","Kirkland","Quebec","H9J 2J","Combined TCS+MTC","35.09","5.25","0","0","0","0","0","0","0","0","-5.25","-5.26","-9.58","0","0","20.25"
"Nov 30, 2025 3:59:11 a.m. PST","25070279451","Order","701-4507081-5245067","KF02-BBJ","Dream Reach Chef Knife, Japanese Kitchen Knife, Sharp Stainless Steel Viking Style Meat Knife with Wooden Handle, Feather Design Cooking Knife with Sh","1","amazon.ca","Amazon","Aylmer","Ontario","N5H 2R","Combined TCS+MTC","28.49","3.70","0","0","0","0","0","0","0","0","-3.70","-4.27","-7.13","0","0","17.09"
"Nov 30, 2025 4:00:43 a.m. PST","25070279451","Order","701-4382433-7978637","9B-5VGN-40SH","Dream Reach 2 Pack Kitchen Scissors, Premium All-Metal Kitchen Shears, Heavy Duty Poultry Shears for Food, Food-Grade Stainless Steel Scissors, Gift f","1","amazon.ca","Amazon","Calgary","Alberta","T2Z 0X","Combined TCS+MTC","25.73","1.29","0","0","0","0","0","0","0","0","-1.29","-3.86","-8.19","0","0","13.68"
"Nov 30, 2025 4:02:11 a.m. PST","25070279451","Order","702-6488150-0635443","KF02-BBJ","Dream Reach Chef Knife, Japanese Kitchen Knife, Sharp Stainless Steel Viking Style Meat Knife with Wooden Handle, Feather Design Cooking Knife with Sh","1","amazon.ca","Amazon","Kelowna","BC","V1W 3K","Combined TCS+MTC","28.49","3.42","0","0","0","0","0","0","0","0","-3.42","-4.27","-7.13","0","0","17.09"
"Nov 30, 2025 4:14:48 a.m. PST","25070279451","Order","701-8692431-9508236","KF02-BBJ","Dream Reach Chef Knife, Japanese Kitchen Knife, Sharp Stainless Steel Viking Style Meat Knife with Wooden Handle, Feather Design Cooking Knife with Sh","1","amazon.ca","Amazon","Wetaskiwin","Alberta","T9A 3T","Combined TCS+MTC","28.49","1.42","0","0","0","0","0","0","0","0","-1.42","-4.27","-7.13","0","0","17.09"
"Nov 30, 2025 4:26:12 a.m. PST","25070279451","Order","701-5319961-6845026","9B-5VGN-40SH","Dream Reach 2 Pack Kitchen Scissors, Premium All-Metal Kitchen Shears, Heavy Duty Poultry Shears for Food, Food-Grade Stainless Steel Scissors, Gift f","1","amazon.ca","Amazon","Winnipeg","Manitoba","R3P 2V","Combined TCS+MTC","25.73","3.09","0","0","0","0","0","0","0","0","-3.09","-3.86","-7.65","0","0","14.22"
"Nov 30, 2025 4:32:28 a.m. PST","25070279451","Order","701-6233681-2249842","9B-5VGN-40SH","Dream Reach 2 Pack Kitchen Scissors, Premium All-Metal Kitchen Shears, Heavy Duty Poultry Shears for Food, Food-Grade Stainless Steel Scissors, Gift f","1","amazon.ca","Amazon","Thornhill","Ontario","L3T 1K","Combined TCS+MTC","25.73","3.34","0","0","0","0","0","0","0","0","-3.34","-3.86","-7.65","0","0","14.22"
"Nov 30, 2025 5:06:27 a.m. PST","25070279451","Order","701-6046413-9956221","8FS01-BJ","Dream Reach Dog Thinning Scissors - 8 Inch Professional Pet Grooming Shears with Adjustable Screw, Sharp Trimming Scissors for Dogs and Cats","1","amazon.ca","Amazon","Winnipeg","Manitoba","R2M 1X","Combined TCS+MTC","39.99","4.08","3.99","0.48","0","0","0","0","-6.00","0","-4.56","-5.10","-10.73","0","0","22.15"
"Nov 30, 2025 5:34:13 a.m. PST","25070279451","Order","702-8179038-2101029","9B-5VGN-40SH","Dream Reach 2 Pack Kitchen Scissors, Premium All-Metal Kitchen Shears, Heavy Duty Poultry Shears for Food, Food-Grade Stainless Steel Scissors, Gift f","1","amazon.ca","Amazon","Nanoose Bay","British Columbia","V9P 9L","Combined TCS+MTC","25.73","3.09","0","0","0","0","0","0","0","0","-3.09","-3.86","-8.19","0","0","13.68"
"Nov 30, 2025 5:51:49 a.m. PST","25070279451","Order","701-0608084-9412247","9B-5VGN-40SH","Dream Reach 2 Pack Kitchen Scissors, Premium All-Metal Kitchen Shears, Heavy Duty Poultry Shears for Food, Food-Grade Stainless Steel Scissors, Gift f","1","amazon.ca","Amazon","toronto","ontario","M6E 2P","Combined TCS+MTC","25.73","3.34","3.50","0","0","0","0","0","-3.50","0","-3.34","-3.86","-7.65","0","0","14.22"
"Nov 30, 2025 5:53:59 a.m. PST","25070279451","Order","701-4473745-9333029","9B-5VGN-40SH","Dream Reach 2 Pack Kitchen Scissors, Premium All-Metal Kitchen Shears, Heavy Duty Poultry Shears for Food, Food-Grade Stainless Steel Scissors, Gift f","1","amazon.ca","Amazon","St Catharines","Ontario","L2R 3H","Combined TCS+MTC","25.73","3.34","0","0","0","0","0","0","0","0","-3.34","-3.86","-7.65","0","0","14.22"
"Nov 30, 2025 6:24:33 a.m. PST","25070279451","Order","701-0091873-2089879","KF01-BBJ","Dream Reach Viking Cleaver Knife Butcher Meat Cutting Boning Knife High Carbon Steel Kitchen Axe with Sheath Home Outdoor BBQ Camping Birthday Christm","1","amazon.ca","Amazon","McDougall","Ontario","P2A 2W","Combined TCS+MTC","35.99","4.68","0","0","0","0","0","0","0","0","-4.68","-5.40","-8.19","0","0","22.40"
"Nov 30, 2025 6:51:04 a.m. PST","25070279451","Order","701-3351285-9305867","9B-5VGN-40SH","Dream Reach 2 Pack Kitchen Scissors, Premium All-Metal Kitchen Shears, Heavy Duty Poultry Shears for Food, Food-Grade Stainless Steel Scissors, Gift f","1","amazon.ca","Amazon","Taber","Alberta","T1G 1G","Combined TCS+MTC","25.73","1.29","0","0","0","0","0","0","0","0","-1.29","-3.86","-7.65","0","0","14.22"
"Nov 30, 2025 6:59:13 a.m. PST","25070279451","Order","702-9218673-8764234","KF02-BBJ","Dream Reach Chef Knife, Japanese Kitchen Knife, Sharp Stainless Steel Viking Style Meat Knife with Wooden Handle, Feather Design Cooking Knife with Sh","1","amazon.ca","Amazon","Shannonville","Ontario","K0K 3A","Combined TCS+MTC","28.49","3.70","0","0","0","0","0","0","0","0","-3.70","-4.27","-7.13","0","0","17.09"
"Nov 30, 2025 7:10:05 a.m. PST","25070279451","Order","702-3147711-2213855","KF04-BBJ","Dream Reach Meat Bone Cleaver Knife for Meat Cutting Handmade Heavy Duty Butcher Axes Hand Forged Full Tang Chopper for Kitchen Outdoor BBQ Chef Gifts","1","amazon.ca","Amazon","Kitimat","British Columbia","V8C 2B","Combined TCS+MTC","42.99","4.38","0","0","0","0","0","0","-6.45","0","-4.38","-5.48","-9.35","0","0","21.71"
"Nov 30, 2025 7:31:07 a.m. PST","25070279451","Order","701-7918157-8339413","9B-5VGN-40SH","Dream Reach 2 Pack Kitchen Scissors, Premium All-Metal Kitchen Shears, Heavy Duty Poultry Shears for Food, Food-Grade Stainless Steel Scissors, Gift f","1","amazon.ca","Amazon","Spruce Grove","Alberta","T7X 0S","Combined TCS+MTC","25.73","1.29","6.99","0","0","0","0","0","-6.99","0","-1.29","-3.86","-7.65","0","0","14.22"
"Nov 30, 2025 7:37:00 a.m. PST","25070279451","Order","702-1176798-3507422","9B-5VGN-40SH","Dream Reach 2 Pack Kitchen Scissors, Premium All-Metal Kitchen Shears, Heavy Duty Poultry Shears for Food, Food-Grade Stainless Steel Scissors, Gift f","1","amazon.ca","Amazon","Calgary","Alberta","T3J 3B","Combined TCS+MTC","25.73","1.29","0","0","0","0","0","0","0","0","-1.29","-3.86","-7.65","0","0","14.22"
"Nov 30, 2025 7:48:29 a.m. PST","25070279451","Transfer","","","To account ending with: 895","","","","","","","","0","0","0","0","0","0","0","0","0","0","0","0","0","0","-2,020.89","-2,020.89"
"Nov 30, 2025 7:52:23 a.m. PST","25070279451","Order","702-0805952-8904249","9B-5VGN-40SH","Dream Reach 2 Pack Kitchen Scissors, Premium All-Metal Kitchen Shears, Heavy Duty Poultry Shears for Food, Food-Grade Stainless Steel Scissors, Gift f","1","amazon.ca","Amazon","Gatineau","Quebec","J8L 3V","Combined TCS+MTC","25.73","3.85","0","0","0","0","0","0","0","0","-3.85","-3.86","-7.65","0","0","14.22"
"Nov 30, 2025 7:55:41 a.m. PST","25070279451","Order","701-3598278-7053059","KF02-BBJ","Dream Reach Chef Knife, Japanese Kitchen Knife, Sharp Stainless Steel Viking Style Meat Knife with Wooden Handle, Feather Design Cooking Knife with Sh","1","amazon.ca","Amazon","Saint-Leon-Le-Grand","Quebec","G0J 2W","Combined TCS+MTC","28.49","4.27","0","0","0","0","0","0","0","0","-4.27","-4.27","-7.13","0","0","17.09"
"Nov 30, 2025 7:55:41 a.m. PST","25070279451","Order","701-3598278-7053059","KF04-BBJ","Dream Reach Meat Bone Cleaver Knife for Meat Cutting Handmade Heavy Duty Butcher Axes Hand Forged Full Tang Chopper for Kitchen Outdoor BBQ Chef Gifts","1","amazon.ca","Amazon","Saint-Leon-Le-Grand","Quebec","G0J 2W","Combined TCS+MTC","31.49","4.72","0","0","0","0","0","0","0","0","-4.72","-4.72","-8.74","0","0","18.03"
"Nov 30, 2025 8:09:11 a.m. PST","25070279451","Order","702-8994925-3350611","9B-5VGN-40SH","Dream Reach 2 Pack Kitchen Scissors, Premium All-Metal Kitchen Shears, Heavy Duty Poultry Shears for Food, Food-Grade Stainless Steel Scissors, Gift f","1","amazon.ca","Amazon","Lethbridge","AB","T1K 7L","Combined TCS+MTC","25.73","1.29","0","0","0","0","0","0","0","0","-1.29","-3.86","-7.65","0","0","14.22"
"Nov 30, 2025 8:21:44 a.m. PST","25070279451","Order","702-1265873-1571421","9B-5VGN-40SH","Dream Reach 2 Pack Kitchen Scissors, Premium All-Metal Kitchen Shears, Heavy Duty Poultry Shears for Food, Food-Grade Stainless Steel Scissors, Gift f","1","amazon.ca","Amazon","Laval","Quebec","H7P0C","Combined TCS+MTC","25.73","3.85","0","0","0","0","0","0","0","0","-3.85","-3.86","-7.65","0","0","14.22"
"Nov 30, 2025 8:23:11 a.m. PST","25070279451","Order","701-0389207-4143438","9B-5VGN-40SH","Dream Reach 2 Pack Kitchen Scissors, Premium All-Metal Kitchen Shears, Heavy Duty Poultry Shears for Food, Food-Grade Stainless Steel Scissors, Gift f","1","amazon.ca","Amazon","Burnaby","British Columbia","V5E 1H","Combined TCS+MTC","25.73","3.09","6.99","0","0","0","0","0","-6.99","0","-3.09","-3.86","-8.19","0","0","13.68"
"Nov 30, 2025 9:04:11 a.m. PST","25070279451","Refund","702-2481280-8291463","9B-5VGN-40SH","Dream Reach 2 Pack Kitchen Scissors, Premium All-Metal Kitchen Shears, Heavy Duty Poultry Shears for Food, Food-Grade Stainless Steel Scissors, Gift f","1","amazon.ca","Amazon","Daveyuville","Quebec","G0Z1C","Combined TCS+MTC","-25.73","-3.85","0","0","0","0","0","0","0","0","3.85","3.09","0","0","0","-22.64"
"Nov 30, 2025 1:27:33 p.m. PST","25070279451","Order","702-5827876-2939446","9B-5VGN-40SH","Dream Reach 2 Pack Kitchen Scissors, Premium All-Metal Kitchen Shears, Heavy Duty Poultry Shears for Food, Food-Grade Stainless Steel Scissors, Gift f","1","amazon.ca","Amazon","BRAMPTON","ON","L6R0J","Combined TCS+MTC","25.73","3.34","0","0","0","0","0","0","0","0","-3.34","-3.86","-7.65","0","0","14.22"
"Nov 30, 2025 3:07:53 p.m. PST","25070279451","Service Fee","","","Cost of advertising","","","","","","","","0","0","0","0","0","0","0","0","0","0","0","0","0","-501.56","0","-501.56"
"Nov 30, 2025 3:15:10 p.m. PST","25070279451","Order","701-6801221-7458654","KF02-BBJ","Dream Reach Chef Knife, Japanese Kitchen Knife, Sharp Stainless Steel Viking Style Meat Knife with Wooden Handle, Feather Design Cooking Knife with Sh","1","amazon.ca","Amazon","Whitecourt","Alberta","T7S 1G","Combined TCS+MTC","28.49","1.42","0","0","0","0","0","0","0","0","-1.42","-4.27","-7.13","0","0","17.09"
"Nov 30, 2025 3:22:45 p.m. PST","25070279451","Order","702-0579933-4658661","KF05-BBJ","Dream Reach Meat Cleaver Knife Heavy Duty Bone Chopper High Carbon Steel Butcher Axe Bone Cutting Knife Hand Forged Butcher Knife for Kitchen Outdoor","1","amazon.ca","Amazon","Toronto","Ontario","M1N 2X","Combined TCS+MTC","35.09","4.56","0","0","0","0","0","0","0","0","-4.56","-5.26","-9.58","0","0","20.25"
"Nov 30, 2025 3:35:39 p.m. PST","25070279451","Order","702-8028166-8209045","KF04-BBJ","Dream Reach Meat Bone Cleaver Knife for Meat Cutting Handmade Heavy Duty Butcher Axes Hand Forged Full Tang Chopper for Kitchen Outdoor BBQ Chef Gifts","1","amazon.ca","Amazon","Montreal","Quebec","H4N 2V","Combined TCS+MTC","31.49","4.72","0","0","0","0","0","0","0","0","-4.72","-4.72","-8.74","0","0","18.03"
"Nov 30, 2025 3:52:49 p.m. PST","25070279451","Order","701-4374720-4931454","9B-5VGN-40SH","Dream Reach 2 Pack Kitchen Scissors, Premium All-Metal Kitchen Shears, Heavy Duty Poultry Shears for Food, Food-Grade Stainless Steel Scissors, Gift f","1","amazon.ca","Amazon","Calgary","Alberta","T2Y0K","Combined TCS+MTC","25.73","1.29","0","0","0","0","0","0","0","0","-1.29","-3.86","-7.65","0","0","14.22"
"Nov 30, 2025 8:29:58 p.m. PST","25070279451","Order","701-6554496-1653011","KF01-BBJ","Dream Reach Viking Cleaver Knife Butcher Meat Cutting Boning Knife High Carbon Steel Kitchen Axe with Sheath Home Outdoor BBQ Camping Birthday Christm","1","amazon.ca","Amazon","Port Burwell","ON","N0J1T","Combined TCS+MTC","35.99","4.68","0","0","0","0","0","0","0","0","-4.68","-5.40","-8.19","0","0","22.40"
"Nov 30, 2025 8:55:20 p.m. PST","25070279451","Order","701-1824366-1040244","HS1901","Dream Reach 6"" Professional Hair Cutting Scissors Japan 440C Steel Thinning Scissor for Men/Women Cutting for Salon/Barber/Home (Straight Scissors)","1","amazon.ca","Amazon","Saint-Jerome","Quebec","J7Y 3M","Combined TCS+MTC","43.99","5.60","0","0","0","0","0","0","-6.60","0","-5.60","-5.61","-6.49","0","0","25.29"
"Nov 30, 2025 10:19:39 p.m. PST","25070279451","Order","702-7988578-5581856","9B-5VGN-40SH","Dream Reach 2 Pack Kitchen Scissors, Premium All-Metal Kitchen Shears, Heavy Duty Poultry Shears for Food, Food-Grade Stainless Steel Scissors, Gift f","1","amazon.ca","Amazon","Pointe-Claire","Quebec","H9S 4X","Combined TCS+MTC","25.73","3.85","0","0","0","0","0","0","0","0","-3.85","-3.86","-7.65","0","0","14.22"
"Nov 30, 2025 10:57:57 p.m. PST","25070279451","Refund","701-6554496-1653011","KF01-BBJ","Dream Reach Viking Cleaver Knife Butcher Meat Cutting Boning Knife High Carbon Steel Kitchen Axe with Sheath Home Outdoor BBQ Camping Birthday Christm","1","amazon.ca","Amazon","Port Burwell","ON","N0J1T","Combined TCS+MTC","-35.99","-4.68","0","0","0","0","0","0","0","0","4.68","4.32","0","0","0","-31.67"
"Nov 30, 2025 11:02:53 p.m. PST","25070279451","Order","701-5598776-2346658","9B-5VGN-40SH","Dream Reach 2 Pack Kitchen Scissors, Premium All-Metal Kitchen Shears, Heavy Duty Poultry Shears for Food, Food-Grade Stainless Steel Scissors, Gift f","1","amazon.ca","Amazon","Longueuil","Quebec","J4M 1J","Combined TCS+MTC","25.73","3.85","0","0","0","0","0","0","0","0","-3.85","-3.86","-7.65","0","0","14.22"
"Nov 30, 2025 11:22:18 p.m. PST","25070279451","Order","702-6952718-0784216","9B-5VGN-40SH","Dream Reach 2 Pack Kitchen Scissors, Premium All-Metal Kitchen Shears, Heavy Duty Poultry Shears for Food, Food-Grade Stainless Steel Scissors, Gift f","1","amazon.ca","Amazon","Saint-Leonard","Quebec","H1R 3Y","Combined TCS+MTC","25.73","3.85","0","0","0","0","0","0","0","0","-3.85","-3.86","-7.65","0","0","14.22"
