"Includes Amazon Marketplace, Fulfillment by Amazon (FBA), and Amazon Webstore transactions"
"All amounts in CAD, unless specified"
"Definitions:"
"Sales tax collected: Includes sales tax collected from buyers for product sales, shipping, and gift wrap."
"Selling fees: Includes variable closing fees and referral fees."
"Other transaction fees: Includes shipping chargebacks and shipping holdbacks."
"Other: Includes non-order transaction amounts. For more details, see the ""Type"" and ""Description"" columns for each order ID."
"date/time","settlement id","type","order id","sku","description","quantity","marketplace","fulfillment","order city","order state","order postal","tax collection model","product sales","product sales tax","shipping credits","shipping credits tax","gift wrap credits","gift wrap credits tax","Regulatory fee","Tax on regulatory fee","promotional rebates","promotional rebates tax","marketplace withheld tax","selling fees","fba fees","other transaction fees","other","total"
"Oct 1, 2025 12:32:34 a.m. PDT","24554906781","Order","702-9660298-5672259","9B-5VGN-40SH","Dream Reach 2-Pack Kitchen Scissors, Heavy Duty Poultry Shears for Food, Food-Grade Stainless Steel Kitchen Scissors, Japanese Style Shears for Meat &","1","amazon.ca","Amazon","Langley","British Columbia","V3A 1B","Combined TCS+MTC","37.99","4.56","6.99","0","0","0","0","0","-6.99","0","-4.56","-5.70","-7.74","0","0","24.55"
"Oct 1, 2025 2:11:08 a.m. PDT","24554906781","Order","702-9921257-7581006","KF01-BBJ","Dream Reach Viking Cleaver Knife Butcher Meat Cutting Boning Knife High Carbon Steel Kitchen Axe with Sheath Home Outdoor BBQ Camping Birthday Christm","1","amazon.ca","Amazon","108 Mile Ranch","British Columbia","V0K 2Z","Combined TCS+MTC","59.99","4.32","5.90","0","0","0","0","0","-29.90","0","-4.32","-5.40","-7.74","0","0","22.85"
"Oct 1, 2025 2:27:58 a.m. PDT","24554906781","Order","701-3291771-2751402","9B-5VGN-40SH","Dream Reach 2-Pack Kitchen Scissors, Heavy Duty Poultry Shears for Food, Food-Grade Stainless Steel Kitchen Scissors, Japanese Style Shears for Meat &","2","amazon.ca","Amazon","Winnipeg","Manitoba","R3X 0N","Combined TCS+MTC","75.98","9.12","0","0","0","0","0","0","0","0","-9.12","-11.40","-14.46","0","0","50.12"
"Oct 1, 2025 3:23:46 a.m. PDT","24554906781","Order","702-6161335-2853816","9B-5VGN-40SH","Dream Reach 2-Pack Kitchen Scissors, Heavy Duty Poultry Shears for Food, Food-Grade Stainless Steel Kitchen Scissors, Japanese Style Shears for Meat &","1","amazon.ca","Amazon","Victoria","British Columbia","V8Z 5K","Combined TCS+MTC","37.99","4.56","0","0","0","0","0","0","0","0","-4.56","-5.70","-7.74","0","0","24.55"
"Oct 1, 2025 5:48:18 a.m. PDT","24554906781","Order","702-9648719-2676221","9B-5VGN-40SH","Dream Reach 2-Pack Kitchen Scissors, Heavy Duty Poultry Shears for Food, Food-Grade Stainless Steel Kitchen Scissors, Japanese Style Shears for Meat &","1","amazon.ca","Amazon","Kirkland","Quebec","H9H 3K","Combined TCS+MTC","37.99","5.69","0","0","0","0","0","0","0","0","-5.69","-5.70","-7.23","0","0","25.06"
"Oct 1, 2025 6:12:27 a.m. PDT","24554906781","Order","702-1743046-3649049","HS1901","Dream Reach 6"" Professional Hair Cutting Scissors Japan 440C Steel Thinning Scissor for Men/Women Cutting for Salon/Barber/Home (Straight Scissors)","1","amazon.ca","Amazon","Calgary","Alberta","T2A 1Y","Combined TCS+MTC","43.99","2.20","6.99","0","0","0","0","0","-6.99","0","-2.20","-6.60","-6.12","0","0","31.27"
"Oct 1, 2025 6:30:15 a.m. PDT","24554906781","Order","702-4591861-1162626","9B-5VGN-40SH","Dream Reach 2-Pack Kitchen Scissors, Heavy Duty Poultry Shears for Food, Food-Grade Stainless Steel Kitchen Scissors, Japanese Style Shears for Meat &","1","amazon.ca","Amazon","Utopia","Ontario","L0M 1T","Combined TCS+MTC","37.99","4.94","0","0","0","0","0","0","0","0","-4.94","-5.70","-7.23","0","0","25.06"
"Oct 1, 2025 7:44:27 a.m. PDT","24554906781","Order","702-5078855-9540238","HS1901","Dream Reach 6"" Professional Hair Cutting Scissors Japan 440C Steel Thinning Scissor for Men/Women Cutting for Salon/Barber/Home (Straight Scissors)","1","amazon.ca","Amazon","Carman","Manitoba","R0G 0J","Combined TCS+MTC","43.99","5.28","0","0","0","0","0","0","0","0","-5.28","-6.60","-6.12","0","0","31.27"
"Oct 1, 2025 12:21:40 p.m. PDT","24554906781","Service Fee","c1241908-8091-44d1-b452-19ee900173d9","","Coupon Redemption Fee: Save 10% on Hair Cutting Scissors save 10","1","Amazon.ca","","","","","","0","0","0","0","0","0","0","0","0","0","0","0","0","-0.60","0","-0.60"
"Oct 1, 2025 4:38:35 p.m. PDT","24554906781","Order","702-6670495-0010650","9B-5VGN-40SH","Dream Reach 2-Pack Kitchen Scissors, Heavy Duty Poultry Shears for Food, Food-Grade Stainless Steel Kitchen Scissors, Japanese Style Shears for Meat &","1","amazon.ca","Amazon","Sooke","British Columbia","V9Z 0K","Combined TCS+MTC","37.99","4.56","0","0","0","0","0","0","0","0","-4.56","-5.70","-7.23","0","0","25.06"
"Oct 1, 2025 7:57:59 p.m. PDT","24554906781","Refund","701-6420693-6091457","9B-5VGN-40SH","Dream Reach 2-Pack Kitchen Scissors, Heavy Duty Poultry Shears for Food, Food-Grade Stainless Steel Kitchen Scissors, Japanese Style Shears for Meat &","1","amazon.ca","Amazon","Westmount","Quebec","H3Z 3L","Combined TCS+MTC","-37.99","-5.69","0","0","0","0","0","0","0","0","5.69","4.56","0","0","0","-33.43"
"Oct 2, 2025 12:58:34 a.m. PDT","24554906781","Order","701-6420693-6091457","9B-5VGN-40SH","Dream Reach 2-Pack Kitchen Scissors, Heavy Duty Poultry Shears for Food, Food-Grade Stainless Steel Kitchen Scissors, Japanese Style Shears for Meat &","1","amazon.ca","Amazon","Westmount","Quebec","H3Z 3L","Combined TCS+MTC","37.99","5.69","0","0","0","0","0","0","0","0","-5.69","-5.70","-7.23","0","0","25.06"
"Oct 2, 2025 1:23:51 a.m. PDT","24554906781","Order","701-4436123-7624254","9B-5VGN-40SH","Dream Reach 2-Pack Kitchen Scissors, Heavy Duty Poultry Shears for Food, Food-Grade Stainless Steel Kitchen Scissors, Japanese Style Shears for Meat &","1","amazon.ca","Amazon","NORTH VANCOUVER","BC","V7R 1T","Combined TCS+MTC","37.99","4.56","0","0","0","0","0","0","0","0","-4.56","-5.70","-7.74","0","0","24.55"
"Oct 2, 2025 2:36:34 a.m. PDT","24554906781","Order","702-3084528-5243456","37-EQUL-C5MA","Dream Reach HIGH-END Series Japanese 440C Stainless 6.0"" 360° Swivel Thumb Ring Professional Barber Razor Edge Hairdressing Straight Cutting Scissors","1","amazon.ca","Amazon","sudbury","Ontario","P3G 1L","Combined TCS+MTC","59.79","7.77","0","0","0","0","0","0","0","0","-7.77","-8.97","-4.71","0","0","46.11"
"Oct 2, 2025 2:38:28 a.m. PDT","24554906781","Order","702-7176848-4176213","9B-5VGN-40SH","Dream Reach 2-Pack Kitchen Scissors, Heavy Duty Poultry Shears for Food, Food-Grade Stainless Steel Kitchen Scissors, Japanese Style Shears for Meat &","1","amazon.ca","Amazon","Calgary","Alberta","T3A 4W","Combined TCS+MTC","37.99","1.90","0","0","0","0","0","0","0","0","-1.90","-5.70","-7.23","0","0","25.06"
"Oct 2, 2025 2:38:49 a.m. PDT","24554906781","Order","702-6474345-9833011","BBJK06-Set6","Dream Reach Chef Knife Set - 6PCS Hand Forged Black Butcher Knife Set for Meat Cutting, Serbian Cleavers with A Roll Bag for Kitchen Camping BBQ Outdo","1","amazon.ca","Amazon","Brockville","Ontario","K6V 3E","Combined TCS+MTC","139.99","18.20","0","0","0","0","0","0","0","0","-18.20","-21.00","-10.77","0","0","108.22"
"Oct 2, 2025 3:46:50 a.m. PDT","24554906781","Order","702-4421187-5020261","9B-5VGN-40SH","Dream Reach 2-Pack Kitchen Scissors, Heavy Duty Poultry Shears for Food, Food-Grade Stainless Steel Kitchen Scissors, Japanese Style Shears for Meat &","1","amazon.ca","Amazon","Eel River Bar First Nation","New Brunswick","E8C 2Y","Combined TCS+MTC","37.99","5.70","0","0","0","0","0","0","0","0","-5.70","-5.70","-7.23","0","0","25.06"
"Oct 2, 2025 4:02:14 a.m. PDT","24554906781","Order","701-2153424-6284229","9B-5VGN-40SH","Dream Reach 2Pcs Kitchen Scissors, All-Metal, No Plastic Kitchen Scissors All Purpose, Heavy Duty Poultry Shears for Food, Food-Grade Stainless Steel","1","amazon.ca","Amazon","Calgary","Alberta","T2Z 0G","Combined TCS+MTC","37.99","1.90","3.50","0","0","0","0","0","-3.50","0","-1.90","-5.70","-7.23","0","0","25.06"
"Oct 2, 2025 4:52:58 a.m. PDT","24554906781","Service Fee","","","Cost of advertising","","","","","","","","0","0","0","0","0","0","0","0","0","0","0","0","0","-433.05","0","-433.05"
"Oct 2, 2025 6:05:20 a.m. PDT","24554906781","Order","702-5045437-0192220","9B-5VGN-40SH","Dream Reach 2Pcs Kitchen Scissors, All-Metal, No Plastic Kitchen Scissors All Purpose, Heavy Duty Poultry Shears for Food, Food-Grade Stainless Steel","1","amazon.ca","Amazon","Scarborough","Ontario","M1E 1V","Combined TCS+MTC","37.99","4.94","0","0","0","0","0","0","0","0","-4.94","-5.70","-7.23","0","0","25.06"
"Oct 2, 2025 8:40:44 a.m. PDT","24554906781","Order","701-4650183-2233038","KF05-BBJ","Dream Reach Meat Cleaver Knife Heavy Duty Bone Chopper High Carbon Steel Butcher Axe Bone Cutting Knife Hand Forged Butcher Knife for Kitchen Outdoor","1","amazon.ca","Amazon","Englishtown","Nova Scotia","B0C 1H","Combined TCS+MTC","49.99","7.00","0","0","0","0","0","0","0","0","-7.00","-7.50","-9.04","0","0","33.45"
"Oct 2, 2025 11:00:48 a.m. PDT","24554906781","Order","702-2267512-8094646","9B-5VGN-40SH","Dream Reach 2-Pack Kitchen Scissors, Heavy Duty Poultry Shears for Food, Food-Grade Stainless Steel Kitchen Scissors, Japanese Style Shears for Meat &","1","amazon.ca","Amazon","Toronto","Ontario","M6B 4J","Combined TCS+MTC","37.99","4.94","0","0","0","0","0","0","0","0","-4.94","-5.70","-7.23","0","0","25.06"
"Oct 2, 2025 12:21:41 p.m. PDT","24554906781","Service Fee","c1241908-8091-44d1-b452-19ee900173d9","","Coupon Redemption Fee: Save 10% on Hair Cutting Scissors save 10","1","Amazon.ca","","","","","","0","0","0","0","0","0","0","0","0","0","0","0","0","-0.60","0","-0.60"
"Oct 2, 2025 11:48:29 p.m. PDT","24554906781","Order","701-0187598-5980274","KF04-BBJ","Dream Reach Meat Bone Cleaver Knife for Meat Cutting Handmade Heavy Duty Butcher Axes Hand Forged Full Tang Chopper for Kitchen Outdoor BBQ Chef Gifts","1","amazon.ca","Amazon","Fort Saskatchewan","Alberta","T8L 0T","Combined TCS+MTC","46.99","1.88","0","0","0","0","0","0","-9.40","0","-1.88","-5.64","-8.25","0","0","23.70"
"Oct 3, 2025 12:29:27 a.m. PDT","24554906781","Order","702-7849582-7365855","9B-5VGN-40SH","Dream Reach 2-Pack Kitchen Scissors, Heavy Duty Poultry Shears for Food, Food-Grade Stainless Steel Kitchen Scissors, Japanese Style Shears for Meat &","1","amazon.ca","Amazon","Bouctouche Sud","New Brunswick","E4S 5G","Combined TCS+MTC","37.99","5.70","2.74","0","0","0","0","0","-2.74","0","-5.70","-5.70","-7.23","0","0","25.06"
"Oct 3, 2025 1:04:51 a.m. PDT","24554906781","Order","702-7339775-3361045","9B-5VGN-40SH","Dream Reach 2Pcs Kitchen Scissors, All-Metal, No Plastic Kitchen Scissors All Purpose, Heavy Duty Poultry Shears for Food, Food-Grade Stainless Steel","1","amazon.ca","Amazon","Edmonton","Alberta","T5E 5G","Combined TCS+MTC","37.99","1.90","0","0","0","0","0","0","0","0","-1.90","-5.70","-7.23","0","0","25.06"
"Oct 3, 2025 2:38:30 a.m. PDT","24554906781","Order","702-4901249-8723447","BBJK06-Set3","Dream Reach Butcher Knife Set - 3PCS Black Cleaver Knives Kit for Meat Cutting BBQ Outdoor Hand Forged Serbian Chef Cleaver for Mother Father Gift Ide","1","amazon.ca","Amazon","North York","Ontario","M9M 2X","Combined TCS+MTC","102.99","13.39","6.99","0","0","0","0","0","-6.99","0","-13.39","-15.45","-9.04","0","0","78.50"
"Oct 3, 2025 5:50:12 a.m. PDT","24554906781","Order","702-2859904-5445806","9B-5VGN-40SH","Dream Reach 2Pcs Kitchen Scissors, All-Metal, No Plastic Kitchen Scissors All Purpose, Heavy Duty Poultry Shears for Food, Food-Grade Stainless Steel","1","amazon.ca","Amazon","Uxbridge","ON","L9P 1R","Combined TCS+MTC","37.99","4.94","0","0","0","0","0","0","0","0","-4.94","-5.70","-7.23","0","0","25.06"
"Oct 3, 2025 6:47:36 a.m. PDT","24554906781","Order","701-4739328-1442619","B07CG6HSQ9-01","Dream Reach Professional 6 inches Hair Cutting Scissors Barber Scissors Kit Hair Thinning Shears Set -Japanese 440C Stainless Steel Hairdressing Sciss","1","amazon.ca","Amazon","Portugal Cove-St Philips","Newfoundland","A1M 2P","Combined TCS+MTC","46.99","7.05","0","0","0","0","0","0","0","0","-7.05","-7.05","-6.36","0","0","33.58"
"Oct 3, 2025 8:42:04 a.m. PDT","24554906781","Order","701-1172441-8233005","9B-5VGN-40SH","Dream Reach 2-Pack Kitchen Scissors, Heavy Duty Poultry Shears for Food, Food-Grade Stainless Steel Kitchen Scissors, Japanese Style Shears for Meat &","1","amazon.ca","Amazon","Brandon","Manitoba","R7B 0Y","Combined TCS+MTC","37.99","4.56","0","0","0","0","0","0","0","0","-4.56","-5.70","-7.23","0","0","25.06"
"Oct 3, 2025 4:59:34 p.m. PDT","24554906781","Service Fee","","","Subscription","","Amazon.ca","","","","","","0","0","0","0","0","0","0","0","0","0","0","0","0","0","-12.61","-12.61"
"Oct 3, 2025 8:05:48 p.m. PDT","24554906781","Order","701-6041425-5809850","37-EQUL-C5MA","Dream Reach HIGH-END Series Japanese 440C Stainless 6.0"" 360° Swivel Thumb Ring Professional Barber Razor Edge Hairdressing Straight Cutting Scissors","1","amazon.ca","Amazon","North Vancouver","British Columbia","V7P 3G","Combined TCS+MTC","59.79","7.17","0","0","0","0","0","0","0","0","-7.17","-8.97","-4.71","0","0","46.11"
"Oct 3, 2025 10:21:17 p.m. PDT","24554906781","Order","S01-1693396-2490817","KF05-BBJ","Dream Reach Meat Cleaver Knife Heavy Duty Bone Chopper High Carbon Steel Butcher Axe Bone Cutting Knife Hand Forged Butcher Knife for Kitchen Outdoor BBQ","1","siprod.stores.amazon.ca","Amazon","MARKHAM","ON","L3R 0C","","0","0","0","0","0","0","0","0","0","0","0","0","-3.64","0","0","-3.64"
"Oct 3, 2025 10:21:17 p.m. PDT","24554906781","Order","S01-1693396-2490817","","FBA transportation fee","","siprod.stores.amazon.ca","Amazon","MARKHAM","ON","L3R 0C","","0","0","0","0","0","0","0","0","0","0","0","0","0","0","-8.93","-8.93"
"Oct 4, 2025 12:11:37 a.m. PDT","24554906781","Order","702-3888146-6498613","HS1901","Dream Reach 6"" Professional Hair Cutting Scissors Japan 440C Steel Thinning Scissor for Men/Women Cutting for Salon/Barber/Home (Straight Scissors)","1","amazon.ca","Amazon","North York","ON","M2M 0A","Combined TCS+MTC","43.99","5.15","0","0","0","0","0","0","-4.40","0","-5.15","-5.94","-6.12","0","0","27.53"
"Oct 4, 2025 2:13:40 a.m. PDT","24554906781","Order","702-9058990-6222605","9B-5VGN-40SH","Dream Reach 2Pcs Kitchen Scissors, All-Metal, No Plastic Kitchen Scissors All Purpose, Heavy Duty Poultry Shears for Food, Food-Grade Stainless Steel","1","amazon.ca","Amazon","London","Ontario","N6H 2G","Combined TCS+MTC","37.99","4.94","1.75","0","0","0","0","0","-1.75","0","-4.94","-5.70","-7.23","0","0","25.06"
"Oct 4, 2025 2:17:39 a.m. PDT","24554906781","Order","702-3228327-3757011","KF04-BBJ","Dream Reach Meat Bone Cleaver Knife for Meat Cutting Handmade Heavy Duty Butcher Axes Hand Forged Full Tang Chopper for Kitchen Outdoor BBQ Chef Gifts","1","amazon.ca","Amazon","Edmonton","Alberta","T5Z 3W","Combined TCS+MTC","46.99","1.88","0","0","0","0","0","0","-9.40","0","-1.88","-5.64","-8.25","0","0","23.70"
"Oct 4, 2025 3:11:23 a.m. PDT","24662753831","Order","701-8874275-8770652","9B-5VGN-40SH","Dream Reach 2Pcs Kitchen Scissors, All-Metal, No Plastic Kitchen Scissors All Purpose, Heavy Duty Poultry Shears for Food, Food-Grade Stainless Steel","1","amazon.ca","Amazon","Dwight","Ontario","P0A 1H","Combined TCS+MTC","37.99","4.94","0","0","0","0","0","0","0","0","-4.94","-5.70","-7.23","0","0","25.06"
"Oct 4, 2025 5:04:07 a.m. PDT","24662753831","Order","702-1766876-0284225","9B-5VGN-40SH","Dream Reach 2Pcs Kitchen Scissors, All-Metal, No Plastic Kitchen Scissors All Purpose, Heavy Duty Poultry Shears for Food, Food-Grade Stainless Steel","1","amazon.ca","Amazon","Saint-Raymond","Quebec","G3L 1P","Combined TCS+MTC","37.99","5.69","0","0","0","0","0","0","0","0","-5.69","-5.70","-7.23","0","0","25.06"
"Oct 4, 2025 5:12:48 a.m. PDT","24662753831","Order","701-6890753-2484256","9B-5VGN-40SH","Dream Reach 2-Pack Kitchen Scissors, Heavy Duty Poultry Shears for Food, Food-Grade Stainless Steel Kitchen Scissors, Japanese Style Shears for Meat &","1","amazon.ca","Amazon","St. Albert","Alberta","T8N 4G","Combined TCS+MTC","37.99","1.90","5.90","0","0","0","0","0","-5.90","0","-1.90","-5.70","-7.23","0","0","25.06"
"Oct 4, 2025 5:21:05 a.m. PDT","24662753831","Order","701-4671301-8486615","KF04-BBJ","Dream Reach Meat Bone Cleaver Knife for Meat Cutting Handmade Heavy Duty Butcher Axes Hand Forged Full Tang Chopper for Kitchen Outdoor BBQ Chef Gifts","1","amazon.ca","Amazon","Terrebonne","Quebec","J7M 1W","Combined TCS+MTC","46.99","7.04","0","0","0","0","0","0","0","0","-7.04","-7.05","-8.25","0","0","31.69"
"Oct 4, 2025 5:42:36 a.m. PDT","24662753831","Order","702-2204025-1845048","9B-5VGN-40SH","Dream Reach 2Pcs Kitchen Scissors, All-Metal, No Plastic Kitchen Scissors All Purpose, Heavy Duty Poultry Shears for Food, Food-Grade Stainless Steel","1","amazon.ca","Amazon","Demorestville","Ontario","K0K 1W","Combined TCS+MTC","37.99","4.94","0","0","0","0","0","0","0","0","-4.94","-5.70","-7.23","0","0","25.06"
"Oct 4, 2025 5:54:44 a.m. PDT","24662753831","Order","702-1813176-1834629","KF05-BBJ","Dream Reach Meat Cleaver Knife Heavy Duty Bone Chopper High Carbon Steel Butcher Axe Bone Cutting Knife Hand Forged Butcher Knife for Kitchen Outdoor","1","amazon.ca","Amazon","Lasalle","Quebec","H8N 1A","Combined TCS+MTC","49.99","7.49","0","0","0","0","0","0","0","0","-7.49","-7.50","-9.04","0","0","33.45"
"Oct 4, 2025 6:05:36 a.m. PDT","24662753831","Order","701-4789780-6642618","9B-5VGN-40SH","Dream Reach 2Pcs Kitchen Scissors, All-Metal, No Plastic Kitchen Scissors All Purpose, Heavy Duty Poultry Shears for Food, Food-Grade Stainless Steel","1","amazon.ca","Amazon","Innisfil","Ontario","L9S0P","Combined TCS+MTC","37.99","4.94","0","0","0","0","0","0","0","0","-4.94","-5.70","-7.23","0","0","25.06"
"Oct 4, 2025 7:03:12 a.m. PDT","24662753831","Order","701-7450663-1053846","9B-5VGN-40SH","Dream Reach 2Pcs Kitchen Scissors, All-Metal, No Plastic Kitchen Scissors All Purpose, Heavy Duty Poultry Shears for Food, Food-Grade Stainless Steel","1","amazon.ca","Amazon","Halifax","Nova Scotia","B3H 1B","Combined TCS+MTC","37.99","5.32","0","0","0","0","0","0","0","0","-5.32","-5.70","-7.23","0","0","25.06"
"Oct 4, 2025 8:05:34 a.m. PDT","24662753831","Order","702-4015376-6237064","9B-5VGN-40SH","Dream Reach 2Pcs Kitchen Scissors, All-Metal, No Plastic Kitchen Scissors All Purpose, Heavy Duty Poultry Shears for Food, Food-Grade Stainless Steel","1","amazon.ca","Amazon","Sherwood Park","Alberta","T8A 4L","Combined TCS+MTC","37.99","1.90","2.33","0","0","0","0","0","-2.33","0","-1.90","-5.70","-7.23","0","0","25.06"
"Oct 4, 2025 8:34:45 a.m. PDT","24662753831","Refund","701-6041425-5809850","37-EQUL-C5MA","Dream Reach HIGH-END Series Japanese 440C Stainless 6.0"" 360° Swivel Thumb Ring Professional Barber Razor Edge Hairdressing Straight Cutting Scissors","1","amazon.ca","Amazon","North Vancouver","British Columbia","V7P 3G","Combined TCS+MTC","-59.79","-7.17","0","0","0","0","0","0","0","0","7.17","7.18","0","0","0","-52.61"
"Oct 4, 2025 11:36:47 a.m. PDT","24662753831","Order","702-1702239-2566628","9B-5VGN-40SH","Dream Reach 2Pcs Kitchen Scissors, All-Metal, No Plastic Kitchen Scissors All Purpose, Heavy Duty Poultry Shears for Food, Food-Grade Stainless Steel","1","amazon.ca","Amazon","Gatineau","Quebec","J8R 0B","Combined TCS+MTC","37.99","5.69","0","0","0","0","0","0","0","0","-5.69","-5.70","-7.23","0","0","25.06"
"Oct 4, 2025 12:20:11 p.m. PDT","24662753831","Service Fee","b5359a6a-a930-4bc2-a15f-ef7ba85ceab1","","Coupon Redemption Fee: Save 10% on Meat Cleaver Knife","2","Amazon.ca","","","","","","0","0","0","0","0","0","0","0","0","0","0","0","0","-1.20","0","-1.20"
"Oct 4, 2025 12:20:56 p.m. PDT","24662753831","Service Fee","c1241908-8091-44d1-b452-19ee900173d9","","Coupon Redemption Fee: Save 10% on Hair Cutting Scissors save 10","2","Amazon.ca","","","","","","0","0","0","0","0","0","0","0","0","0","0","0","0","-1.20","0","-1.20"
"Oct 4, 2025 9:40:34 p.m. PDT","24662753831","","b5d4b48c-4bc6-4a88-b464-4e6804dfe302","","秒杀-2025/09/11 9-2-56-827","","Amazon.ca","","","","","","0","0","0","0","0","0","0","0","0","0","0","0","0","-20.00","0","-20.00"
"Oct 5, 2025 1:23:50 a.m. PDT","24662753831","Order","702-2736400-6041842","Scissors04B6.5","Dream Reach 6.5"" Downward Curved Dog Grooming Scissors Shears for Grooming Face and Paws Safety Round Tips Shears Trimming Cutting Scissors for Dog Ca","1","amazon.ca","Amazon","Sault Ste. Marie","Ontario","P6A 6E","Combined TCS+MTC","45.99","5.98","0","0","0","0","0","0","0","0","-5.98","-6.90","-6.12","0","0","32.97"
"Oct 5, 2025 2:08:41 a.m. PDT","24662753831","Order","701-0352024-7297869","9B-5VGN-40SH","Dream Reach 2Pcs Kitchen Scissors, All-Metal, No Plastic Kitchen Scissors All Purpose, Heavy Duty Poultry Shears for Food, Food-Grade Stainless Steel","1","amazon.ca","Amazon","FENELON FALLS","Ontario","K0M1N","Combined TCS+MTC","37.99","4.94","0","0","0","0","0","0","0","0","-4.94","-5.70","-7.23","0","0","25.06"
"Oct 5, 2025 3:08:36 a.m. PDT","24662753831","Order","702-2746018-2723418","9B-5VGN-40SH","Dream Reach 2Pcs Kitchen Scissors, All-Metal, No Plastic Kitchen Scissors All Purpose, Heavy Duty Poultry Shears for Food, Food-Grade Stainless Steel","1","amazon.ca","Amazon","Saint-Eustache","Québec","J7P 1W","Combined TCS+MTC","37.99","5.69","0","0","0","0","0","0","0","0","-5.69","-5.70","-7.23","0","0","25.06"
"Oct 5, 2025 4:09:25 a.m. PDT","24662753831","Order","701-6466936-8123408","9B-5VGN-40SH","Dream Reach 2Pcs Kitchen Scissors, All-Metal, No Plastic Kitchen Scissors All Purpose, Heavy Duty Poultry Shears for Food, Food-Grade Stainless Steel","1","amazon.ca","Amazon","Guelph","ON","N1K1W","Combined TCS+MTC","37.99","3.34","6.99","0","0","0","0","0","-19.25","0","-3.34","-3.86","-7.23","0","0","14.64"
"Oct 5, 2025 4:56:15 a.m. PDT","24662753831","Order","702-0449194-7168234","9B-5VGN-40SH","Dream Reach 2-Pack Kitchen Scissors, Heavy Duty Poultry Shears for Food, Food-Grade Stainless Steel Kitchen Scissors, Japanese Style Shears for Meat &","1","amazon.ca","Amazon","Brampton","Ontario","L6T 4B","Combined TCS+MTC","37.99","4.94","0","0","0","0","0","0","0","0","-4.94","-5.70","-7.23","0","0","25.06"
"Oct 5, 2025 5:51:03 a.m. PDT","24662753831","Order","702-4659501-6538658","KF01-BBJ","Dream Reach Viking Cleaver Knife Butcher Meat Cutting Boning Knife High Carbon Steel Kitchen Axe with Sheath Home Outdoor BBQ Camping Birthday Christm","1","amazon.ca","Amazon","Oro-Medonte","Ontario","L0L 2L","Combined TCS+MTC","59.99","7.80","0","0","0","0","0","0","0","0","-7.80","-9.00","-7.23","0","0","43.76"
"Oct 5, 2025 6:44:43 a.m. PDT","24662753831","Order","701-9960062-0003438","9B-5VGN-40SH","Dream Reach 2Pcs Kitchen Scissors, All-Metal, No Plastic Kitchen Scissors All Purpose, Heavy Duty Poultry Shears for Food, Food-Grade Stainless Steel","1","amazon.ca","Amazon","Windsor","Ontario","N9B 2K","Combined TCS+MTC","37.99","4.94","0","0","0","0","0","0","0","0","-4.94","-5.70","-7.23","0","0","25.06"
"Oct 5, 2025 7:03:59 a.m. PDT","24662753831","Order","701-6913472-1041820","37-EQUL-C5MA","Dream Reach HIGH-END Series Japanese 440C Stainless 6.0"" 360° Swivel Thumb Ring Professional Barber Razor Edge Hairdressing Straight Cutting Scissors","1","amazon.ca","Amazon","Montreal","Quebec","H1C 2E","Combined TCS+MTC","59.79","8.95","0","0","0","0","0","0","0","0","-8.95","-8.97","-4.71","0","0","46.11"
"Oct 5, 2025 8:29:46 a.m. PDT","24662753831","Order","701-6820091-3409843","9B-5VGN-40SH","Dream Reach 2Pcs Kitchen Scissors, All-Metal, No Plastic Kitchen Scissors All Purpose, Heavy Duty Poultry Shears for Food, Food-Grade Stainless Steel","1","amazon.ca","Amazon","Vancouver","British Columbia","V5X 1Z","Combined TCS+MTC","37.99","4.56","0","0","0","0","0","0","0","0","-4.56","-5.70","-7.23","0","0","25.06"
"Oct 5, 2025 8:30:25 a.m. PDT","24662753831","Order","702-8902569-1349844","9B-5VGN-40SH","Dream Reach 2Pcs Kitchen Scissors, All-Metal, No Plastic Kitchen Scissors All Purpose, Heavy Duty Poultry Shears for Food, Food-Grade Stainless Steel","1","amazon.ca","Amazon","Edmonton","Alberta","T6J 5V","Combined TCS+MTC","37.99","1.90","0","0","0","0","0","0","0","0","-1.90","-5.70","-7.23","0","0","25.06"
"Oct 5, 2025 8:34:18 a.m. PDT","24662753831","Transfer","","","To account ending with: 895","","","","","","","","0","0","0","0","0","0","0","0","0","0","0","0","0","0","-1,781.65","-1,781.65"
"Oct 5, 2025 8:40:44 a.m. PDT","24662753831","Order","702-3990994-6089004","9B-5VGN-40SH","Dream Reach 2Pcs Kitchen Scissors, All-Metal, No Plastic Kitchen Scissors All Purpose, Heavy Duty Poultry Shears for Food, Food-Grade Stainless Steel","1","amazon.ca","Amazon","Repentigny","Quebec","J5Z 2Y","Combined TCS+MTC","37.99","3.85","0","0","0","0","0","0","-12.26","0","-3.85","-3.86","-7.23","0","0","14.64"
"Oct 5, 2025 8:41:39 a.m. PDT","24662753831","Order","701-9386669-8401821","9B-5VGN-40SH","Dream Reach 2Pcs Kitchen Scissors, All-Metal, No Plastic Kitchen Scissors All Purpose, Heavy Duty Poultry Shears for Food, Food-Grade Stainless Steel","1","amazon.ca","Amazon","Woodbridge","Ontario","L4H 1S","Combined TCS+MTC","37.99","3.34","0","0","0","0","0","0","-12.26","0","-3.34","-3.86","-7.23","0","0","14.64"
"Oct 5, 2025 8:59:04 a.m. PDT","24662753831","Order","702-6299793-3614622","9B-5VGN-40SH","Dream Reach 2Pcs Kitchen Scissors, All-Metal, No Plastic Kitchen Scissors All Purpose, Heavy Duty Poultry Shears for Food, Food-Grade Stainless Steel","1","amazon.ca","Amazon","Abbotsford","British Columbia","V2T 2C","Combined TCS+MTC","37.99","4.56","0","0","0","0","0","0","0","0","-4.56","-5.70","-7.74","0","0","24.55"
"Oct 5, 2025 10:44:22 p.m. PDT","24662753831","Order","S01-4830411-9298805","KF05-BBJ","Dream Reach Meat Cleaver Knife Heavy Duty Bone Chopper High Carbon Steel Butcher Axe Bone Cutting Knife Hand Forged Butcher Knife for Kitchen Outdoor BBQ","1","siprod.stores.amazon.ca","Amazon","MILTON","ON","L9T 7E","","0","0","0","0","0","0","0","0","0","0","0","0","-3.64","0","0","-3.64"
"Oct 5, 2025 10:44:22 p.m. PDT","24662753831","Order","S01-4830411-9298805","","FBA transportation fee","","siprod.stores.amazon.ca","Amazon","MILTON","ON","L9T 7E","","0","0","0","0","0","0","0","0","0","0","0","0","0","0","-8.93","-8.93"
"Oct 5, 2025 11:48:41 p.m. PDT","24662753831","Order","701-3882951-0729815","9B-5VGN-40SH","Dream Reach 2Pcs Kitchen Scissors, All-Metal, No Plastic Kitchen Scissors All Purpose, Heavy Duty Poultry Shears for Food, Food-Grade Stainless Steel","1","amazon.ca","Amazon","Hiawatha First Nation","ON","K9J 0E","Combined TCS+MTC","37.99","4.94","0","0","0","0","0","0","0","0","-4.94","-5.70","-7.23","0","0","25.06"
"Oct 6, 2025 12:16:41 a.m. PDT","24662753831","Order","701-5533675-0465811","9B-5VGN-40SH","Dream Reach 2Pcs Kitchen Scissors, All-Metal, No Plastic Kitchen Scissors All Purpose, Heavy Duty Poultry Shears for Food, Food-Grade Stainless Steel","1","amazon.ca","Amazon","Stouffville","Ontario","L4A 4B","Combined TCS+MTC","37.99","3.34","0","0","0","0","0","0","-12.26","0","-3.34","-3.86","-7.23","0","0","14.64"
"Oct 6, 2025 1:02:49 a.m. PDT","24662753831","Order","702-1242770-6757865","9B-5VGN-40SH","Dream Reach 2Pcs Kitchen Scissors, All-Metal, No Plastic Kitchen Scissors All Purpose, Heavy Duty Poultry Shears for Food, Food-Grade Stainless Steel","1","amazon.ca","Amazon","St Albert","Ontario","K0A 3C","Combined TCS+MTC","37.99","4.94","0","0","0","0","0","0","0","0","-4.94","-5.70","-7.23","0","0","25.06"
"Oct 6, 2025 1:18:02 a.m. PDT","24662753831","Order","701-6187267-0963429","9B-5VGN-40SH","Dream Reach 2Pcs Kitchen Scissors, All-Metal, No Plastic Kitchen Scissors All Purpose, Heavy Duty Poultry Shears for Food, Food-Grade Stainless Steel","1","amazon.ca","Amazon","Victoriaville","Quebec","G6P 1A","Combined TCS+MTC","37.99","3.85","0","0","0","0","0","0","-12.26","0","-3.85","-3.86","-7.23","0","0","14.64"
"Oct 6, 2025 1:34:24 a.m. PDT","24662753831","Order","702-7828165-4116222","9B-5VGN-40SH","Dream Reach 2Pcs Kitchen Scissors, All-Metal, No Plastic Kitchen Scissors All Purpose, Heavy Duty Poultry Shears for Food, Food-Grade Stainless Steel","1","amazon.ca","Amazon","Duart","Ontario","N0L 1H","Combined TCS+MTC","37.99","3.34","0","0","0","0","0","0","-12.26","0","-3.34","-3.86","-7.23","0","0","14.64"
"Oct 6, 2025 2:00:22 a.m. PDT","24662753831","Order","702-5402360-7813809","9B-5VGN-40SH","Dream Reach 2Pcs Kitchen Scissors, All-Metal, No Plastic Kitchen Scissors All Purpose, Heavy Duty Poultry Shears for Food, Food-Grade Stainless Steel","1","amazon.ca","Amazon","Whitby","Ontario","L1N 0H","Combined TCS+MTC","37.99","3.34","0","0","0","0","0","0","-12.26","0","-3.34","-3.86","-7.23","0","0","14.64"
"Oct 6, 2025 2:14:25 a.m. PDT","24662753831","Order","701-3994323-5298607","9B-5VGN-40SH","Dream Reach 2Pcs Kitchen Scissors, All-Metal, No Plastic Kitchen Scissors All Purpose, Heavy Duty Poultry Shears for Food, Food-Grade Stainless Steel","1","amazon.ca","Amazon","Toronto","Ontario","M5S 2R","Combined TCS+MTC","37.99","4.94","3.50","0","0","0","0","0","-3.50","0","-4.94","-5.70","-7.23","0","0","25.06"
"Oct 6, 2025 2:44:49 a.m. PDT","24662753831","Refund","701-9011702-0094624","9B-5VGN-40SH","Dream Reach 2Pcs Kitchen Scissors, All-Metal, No Plastic Kitchen Scissors All Purpose, Heavy Duty Poultry Shears for Food, Food-Grade Stainless Steel","1","amazon.ca","Amazon","Edmonton","Alberta","T5A 3S","Combined TCS+MTC","-37.99","-1.90","-3.49","0","0","0","0","0","3.49","0","1.90","4.56","0","0","0","-33.43"
"Oct 6, 2025 2:49:40 a.m. PDT","24662753831","Order","702-2447386-2270624","HS1901","Dream Reach 6"" Professional Hair Cutting Scissors Japan 440C Steel Thinning Scissor for Men/Women Cutting for Salon/Barber/Home (Straight Scissors)","1","amazon.ca","Amazon","Dartmouth","Nova Scotia","B2W 2M","Combined TCS+MTC","43.99","6.16","0","0","0","0","0","0","0","0","-6.16","-6.60","-6.12","0","0","31.27"
"Oct 6, 2025 2:57:47 a.m. PDT","24662753831","Order","701-5367027-5345811","9B-5VGN-40SH","Dream Reach 2Pcs Kitchen Scissors, All-Metal, No Plastic Kitchen Scissors All Purpose, Heavy Duty Poultry Shears for Food, Food-Grade Stainless Steel","1","amazon.ca","Amazon","North Vancouver","British Columbia","V7N 2L","Combined TCS+MTC","37.99","4.56","0","0","0","0","0","0","0","0","-4.56","-5.70","-7.23","0","0","25.06"
"Oct 6, 2025 3:04:17 a.m. PDT","24662753831","Order","701-4134291-0736233","9B-5VGN-40SH","Dream Reach 2Pcs Kitchen Scissors, All-Metal, No Plastic Kitchen Scissors All Purpose, Heavy Duty Poultry Shears for Food, Food-Grade Stainless Steel","1","amazon.ca","Amazon","Saint-Leonard","Quebec","H1P 3N","Combined TCS+MTC","37.99","3.85","0","0","0","0","0","0","-12.26","0","-3.85","-3.86","-7.23","0","0","14.64"
"Oct 6, 2025 4:59:23 a.m. PDT","24662753831","Order","702-0519831-6401065","KF05-BBJ","Dream Reach Meat Cleaver Knife Heavy Duty Bone Chopper High Carbon Steel Butcher Axe Bone Cutting Knife Hand Forged Butcher Knife for Kitchen Outdoor","1","amazon.ca","Amazon","Chemainus","British Columbia","V0R 1K","Combined TCS+MTC","49.99","6.00","0","0","0","0","0","0","0","0","-6.00","-7.50","-9.04","0","0","33.45"
"Oct 6, 2025 5:37:57 a.m. PDT","24662753831","Order","701-1876384-0257039","9B-5VGN-40SH","Dream Reach 2Pcs Kitchen Scissors, All-Metal, No Plastic Kitchen Scissors All Purpose, Heavy Duty Poultry Shears for Food, Food-Grade Stainless Steel","1","amazon.ca","Amazon","Ancaster","Ontario","L9K 0H","Combined TCS+MTC","37.99","4.94","0","0","0","0","0","0","0","0","-4.94","-5.70","-7.23","0","0","25.06"
"Oct 6, 2025 6:31:17 a.m. PDT","24662753831","Order","701-8066928-9575435","9B-5VGN-40SH","Dream Reach 2Pcs Kitchen Scissors, All-Metal, No Plastic Kitchen Scissors All Purpose, Heavy Duty Poultry Shears for Food, Food-Grade Stainless Steel","1","amazon.ca","Amazon","Edmonton","AB","T6K 2Y","Combined TCS+MTC","37.99","1.90","3.49","0","0","0","0","0","-3.49","0","-1.90","-5.70","-7.23","0","0","25.06"
"Oct 6, 2025 6:56:26 a.m. PDT","24662753831","Order","701-8929926-7172210","KF01-BBJ","Dream Reach Viking Cleaver Knife Butcher Meat Cutting Boning Knife High Carbon Steel Kitchen Axe with Sheath Home Outdoor BBQ Camping Birthday Christm","1","amazon.ca","Amazon","St-Jerome","Quebec","J5L 1T","Combined TCS+MTC","59.99","8.98","0","0","0","0","0","0","0","0","-8.98","-9.00","-7.23","0","0","43.76"
"Oct 6, 2025 8:09:41 a.m. PDT","24662753831","Order","701-9011702-0094624","9B-5VGN-40SH","Dream Reach 2Pcs Kitchen Scissors, All-Metal, No Plastic Kitchen Scissors All Purpose, Heavy Duty Poultry Shears for Food, Food-Grade Stainless Steel","1","amazon.ca","Amazon","Edmonton","Alberta","T5A 3S","Combined TCS+MTC","37.99","1.90","3.49","0","0","0","0","0","-3.49","0","-1.90","-5.70","-7.23","0","0","25.06"
"Oct 6, 2025 8:54:25 a.m. PDT","24662753831","Order","701-4527908-9139409","9B-5VGN-40SH","Dream Reach 2Pcs Kitchen Scissors, All-Metal, No Plastic Kitchen Scissors All Purpose, Heavy Duty Poultry Shears for Food, Food-Grade Stainless Steel","1","amazon.ca","Amazon","Ruscom Station","Ontario","N0R 1R","Combined TCS+MTC","37.99","4.94","0","0","0","0","0","0","0","0","-4.94","-5.70","-7.23","0","0","25.06"
"Oct 6, 2025 10:43:31 a.m. PDT","24662753831","Order","701-8967147-5763452","HS1901","Dream Reach 6"" Professional Hair Cutting Scissors Japan 440C Steel Thinning Scissor for Men/Women Cutting for Salon/Barber/Home (Straight Scissors)","1","amazon.ca","Amazon","Oshawa","Ontario","L1K 0K","Combined TCS+MTC","43.99","5.15","0","0","0","0","0","0","-4.40","0","-5.15","-5.94","-6.12","0","0","27.53"
"Oct 6, 2025 11:19:18 a.m. PDT","24662753831","Order","702-0534279-2042608","9B-5VGN-40SH","Dream Reach 2Pcs Kitchen Scissors, All-Metal, No Plastic Kitchen Scissors All Purpose, Heavy Duty Poultry Shears for Food, Food-Grade Stainless Steel","1","amazon.ca","Amazon","North Saanich","British Columbia","V8L 1M","Combined TCS+MTC","37.99","4.56","0","0","0","0","0","0","0","0","-4.56","-5.70","-7.74","0","0","24.55"
"Oct 6, 2025 12:18:59 p.m. PDT","24662753831","Service Fee","c1241908-8091-44d1-b452-19ee900173d9","","Coupon Redemption Fee: Save 10% on Hair Cutting Scissors save 10","2","Amazon.ca","","","","","","0","0","0","0","0","0","0","0","0","0","0","0","0","-1.20","0","-1.20"
"Oct 6, 2025 5:15:25 p.m. PDT","24662753831","Refund","702-2330821-9544262","HS1901","Dream Reach 6"" Professional Hair Cutting Scissors Japan 440C Steel Thinning Scissor for Men/Women Cutting for Salon/Barber/Home (Straight Scissors)","1","amazon.ca","Amazon","York","Ontario","M9N 1L","Combined TCS+MTC","-43.99","-5.72","0","0","0","0","0","0","0","0","5.72","5.28","0","0","0","-38.71"
"Oct 6, 2025 10:17:45 p.m. PDT","24662753831","Refund","701-0319165-3365061","KF05-BBJ","Dream Reach Meat Cleaver Knife Heavy Duty Bone Chopper High Carbon Steel Butcher Axe Bone Cutting Knife Hand Forged Butcher Knife for Kitchen Outdoor","1","amazon.ca","Amazon","Stouffville","Ontario","L4A 5C","Combined TCS+MTC","-49.99","-4.87","-3.93","0","0","0","0","0","16.43","0","4.87","4.50","0","0","0","-32.99"
"Oct 6, 2025 11:50:27 p.m. PDT","24662753831","Order","701-5289368-9303429","9B-5VGN-40SH","Dream Reach 2Pcs Kitchen Scissors, All-Metal, No Plastic Kitchen Scissors All Purpose, Heavy Duty Poultry Shears for Food, Food-Grade Stainless Steel","1","amazon.ca","Amazon","Laval","Quebec","H7R 6H","Combined TCS+MTC","37.99","5.69","11.54","1.73","0","0","0","0","0","0","-7.42","-5.70","-18.77","0","0","25.06"
"Oct 7, 2025 12:47:57 a.m. PDT","24662753831","Order","701-1411234-1634623","9B-5VGN-40SH","Dream Reach 2Pcs Kitchen Scissors, All-Metal, No Plastic Kitchen Scissors All Purpose, Heavy Duty Poultry Shears for Food, Food-Grade Stainless Steel","1","amazon.ca","Amazon","St. John's","Newfoundland","A1H 0A","Combined TCS+MTC","37.99","5.70","0","0","0","0","0","0","0","0","-5.70","-5.70","-7.23","0","0","25.06"
"Oct 7, 2025 1:16:55 a.m. PDT","24662753831","Order","701-1592339-7964243","9B-5VGN-40SH","Dream Reach 2Pcs Kitchen Scissors, All-Metal, No Plastic Kitchen Scissors All Purpose, Heavy Duty Poultry Shears for Food, Food-Grade Stainless Steel","1","amazon.ca","Amazon","Deroche","British Columbia","V0M1G","Combined TCS+MTC","37.99","1.90","0","0","0","0","0","0","0","0","-1.90","-5.70","-7.74","0","0","24.55"
"Oct 7, 2025 1:31:57 a.m. PDT","24662753831","Order","702-0879439-4332245","9B-5VGN-40SH","Dream Reach 2Pcs Kitchen Scissors, All-Metal, No Plastic Kitchen Scissors All Purpose, Heavy Duty Poultry Shears for Food, Food-Grade Stainless Steel","1","amazon.ca","Amazon","Richmond Hill","Ontario","L4C 6C","Combined TCS+MTC","37.99","4.94","2.33","0","0","0","0","0","-2.33","0","-4.94","-5.70","-7.23","0","0","25.06"
"Oct 7, 2025 1:33:50 a.m. PDT","24662753831","Order","702-9993538-1410650","9B-5VGN-40SH","Dream Reach 2Pcs Kitchen Scissors, All-Metal, No Plastic Kitchen Scissors All Purpose, Heavy Duty Poultry Shears for Food, Food-Grade Stainless Steel","1","amazon.ca","Amazon","Laval","Quebec","H7T 0J","Combined TCS+MTC","37.99","5.69","0","0","0","0","0","0","0","0","-5.69","-5.70","-7.23","0","0","25.06"
"Oct 7, 2025 2:56:52 a.m. PDT","24662753831","Order","702-2591802-6352204","9B-5VGN-40SH","Dream Reach 2Pcs Kitchen Scissors, All-Metal, No Plastic Kitchen Scissors All Purpose, Heavy Duty Poultry Shears for Food, Food-Grade Stainless Steel","1","amazon.ca","Amazon","Woodlawn","Ontario","K0A 3M","Combined TCS+MTC","37.99","4.94","0","0","0","0","0","0","0","0","-4.94","-5.70","-7.23","0","0","25.06"
"Oct 7, 2025 3:02:47 a.m. PDT","24662753831","Order","701-6760377-4671427","9B-5VGN-40SH","Dream Reach 2Pcs Kitchen Scissors, All-Metal, No Plastic Kitchen Scissors All Purpose, Heavy Duty Poultry Shears for Food, Food-Grade Stainless Steel","1","amazon.ca","Amazon","Winnipeg","MB","R2K 3H","Combined TCS+MTC","37.99","3.09","0","0","0","0","0","0","-12.26","0","-3.09","-3.86","-7.23","0","0","14.64"
"Oct 7, 2025 3:14:54 a.m. PDT","24662753831","Order","701-4184180-0577054","9B-5VGN-40SH","Dream Reach 2Pcs Kitchen Scissors, All-Metal, No Plastic Kitchen Scissors All Purpose, Heavy Duty Poultry Shears for Food, Food-Grade Stainless Steel","1","amazon.ca","Amazon","Unity","Saskatchewan","S0K 4L","Combined TCS+MTC","37.99","4.18","0","0","0","0","0","0","0","0","-4.18","-5.70","-7.23","0","0","25.06"
"Oct 7, 2025 4:06:59 a.m. PDT","24662753831","Order","702-0259638-1864220","9B-5VGN-40SH","Dream Reach 2Pcs Kitchen Scissors, All-Metal, No Plastic Kitchen Scissors All Purpose, Heavy Duty Poultry Shears for Food, Food-Grade Stainless Steel","1","amazon.ca","Amazon","Warman","Saskatchewan","S0K 0A","Combined TCS+MTC","37.99","4.18","0","0","0","0","0","0","0","0","-4.18","-5.70","-7.23","0","0","25.06"
"Oct 7, 2025 4:07:09 a.m. PDT","24662753831","Order","701-2210725-3413801","HS1901","Dream Reach 6"" Professional Hair Cutting Scissors Japan 440C Steel Thinning Scissor for Men/Women Cutting for Salon/Barber/Home (Straight Scissors)","1","amazon.ca","Amazon","Sherbrooke","Quebec","J1N 1C","Combined TCS+MTC","43.99","5.93","0","0","0","0","0","0","-4.40","0","-5.93","-5.94","-6.12","0","0","27.53"
"Oct 7, 2025 4:29:08 a.m. PDT","24662753831","Amazon fees","69335c9c-9603-48e4-a0cb-61009fffa115","","Coupon participation fee","","Amazon.ca","","","","","","0","0","0","0","0","0","0","0","0","0","0","-2.00","0","0","0","-2.00"
"Oct 7, 2025 4:37:45 a.m. PDT","24662753831","Order","701-9450753-4630629","9B-5VGN-40SH","Dream Reach 2Pcs Kitchen Scissors, All-Metal, No Plastic Kitchen Scissors All Purpose, Heavy Duty Poultry Shears for Food, Food-Grade Stainless Steel","1","amazon.ca","Amazon","Lery","Quebec","J6N 1A","Combined TCS+MTC","37.99","3.85","0","0","0","0","0","0","-12.26","0","-3.85","-3.86","-7.23","0","0","14.64"
"Oct 7, 2025 6:02:53 a.m. PDT","24662753831","Order","701-0206187-7281818","9B-5VGN-40SH","Dream Reach 2Pcs Kitchen Scissors, All-Metal, No Plastic Kitchen Scissors All Purpose, Heavy Duty Poultry Shears for Food, Food-Grade Stainless Steel","1","amazon.ca","Amazon","Richmond","British Columbia","V6V 2L","Combined TCS+MTC","37.99","4.56","0","0","0","0","0","0","0","0","-4.56","-5.70","-7.74","0","0","24.55"
"Oct 7, 2025 6:55:17 a.m. PDT","24662753831","Order","701-4470896-5302617","9B-5VGN-40SH","Dream Reach 2Pcs Kitchen Scissors, All-Metal, No Plastic Kitchen Scissors All Purpose, Heavy Duty Poultry Shears for Food, Food-Grade Stainless Steel","1","amazon.ca","Amazon","Dundas","Ontario","L9H 6X","Combined TCS+MTC","37.99","4.94","0","0","0","0","0","0","0","0","-4.94","-5.70","-7.23","0","0","25.06"
"Oct 7, 2025 7:06:10 a.m. PDT","24662753831","Order","702-1273100-1343411","9B-5VGN-40SH","Dream Reach 2Pcs Kitchen Scissors, All-Metal, No Plastic Kitchen Scissors All Purpose, Heavy Duty Poultry Shears for Food, Food-Grade Stainless Steel","1","amazon.ca","Amazon","Bracebridge","Ontario","P1L 1W","Combined TCS+MTC","37.99","3.34","0","0","0","0","0","0","-12.26","0","-3.34","-3.86","-7.23","0","0","14.64"
"Oct 7, 2025 7:18:48 a.m. PDT","24662753831","Order","701-0329444-7694644","9B-5VGN-40SH","Dream Reach 2Pcs Kitchen Scissors, All-Metal, No Plastic Kitchen Scissors All Purpose, Heavy Duty Poultry Shears for Food, Food-Grade Stainless Steel","1","amazon.ca","Amazon","Maple Ridge","BC","V2X3S","Combined TCS+MTC","37.99","4.56","6.99","0","0","0","0","0","-6.99","0","-4.56","-5.70","-7.74","0","0","24.55"
"Oct 7, 2025 8:01:47 a.m. PDT","24662753831","Order","701-2470681-7312234","KF02-BBJ","Dream Reach Feather Viking Knife - 5.9"" Japanese Boning Knife Handmade Cooking Butcher Cleaver for Meat Cutting with Sheath","1","amazon.ca","Amazon","mission","British Columbia","V4S 1B","Combined TCS+MTC","58.49","3.60","6.99","0","0","0","0","0","-35.49","0","-3.60","-4.50","-7.20","0","0","18.29"
"Oct 7, 2025 8:21:16 a.m. PDT","24662753831","Order","701-3693946-9317043","KF04-BBJ","Dream Reach Meat Bone Cleaver Knife for Meat Cutting Handmade Heavy Duty Butcher Axes Hand Forged Full Tang Chopper for Kitchen Outdoor BBQ Chef Gifts","1","amazon.ca","Amazon","Dixonville","Alberta","T0H 1E","Combined TCS+MTC","46.99","2.35","0","0","0","0","0","0","0","0","-2.35","-7.05","-8.25","0","0","31.69"
"Oct 7, 2025 8:43:39 a.m. PDT","24662753831","Order","701-0319165-3365061","KF05-BBJ","Dream Reach Meat Cleaver Knife Heavy Duty Bone Chopper High Carbon Steel Butcher Axe Bone Cutting Knife Hand Forged Butcher Knife for Kitchen Outdoor","1","amazon.ca","Amazon","Stouffville","Ontario","L4A 5C","Combined TCS+MTC","49.99","4.87","3.93","0","0","0","0","0","-16.43","0","-4.87","-5.62","-9.04","0","0","22.83"
"Oct 7, 2025 8:47:04 a.m. PDT","24662753831","Service Fee","","","Cost of advertising","","","","","","","","0","0","0","0","0","0","0","0","0","0","0","0","0","-505.48","0","-505.48"
"Oct 7, 2025 8:59:05 a.m. PDT","24662753831","FBA Inventory Fee","","","FBA storage fee","","Amazon.ca","","","","","","0","0","0","0","0","0","0","0","0","0","0","0","0","0","-365.50","-365.50"
"Oct 7, 2025 9:50:36 a.m. PDT","24662753831","Order","702-2223342-7970620","9B-5VGN-40SH","Dream Reach 2Pcs Kitchen Scissors, All-Metal, No Plastic Kitchen Scissors All Purpose, Heavy Duty Poultry Shears for Food, Food-Grade Stainless Steel","1","amazon.ca","Amazon","Stouffville","Ontario","L4A 4B","Combined TCS+MTC","37.99","4.94","0","0","0","0","0","0","0","0","-4.94","-5.70","-7.23","0","0","25.06"
"Oct 7, 2025 3:45:38 p.m. PDT","24662753831","","93dc168e-d20c-4728-8d08-ad4cb32c418b","","秒杀-2025/09/05 2-39-17-347","","Amazon.ca","","","","","","0","0","0","0","0","0","0","0","0","0","0","0","0","-20.00","0","-20.00"
"Oct 7, 2025 8:09:16 p.m. PDT","24662753831","Order","702-6862911-3635401","CWJ02-Black7.5Set-BBJ","Dream Reach Dog Grooming Scissors - Professional 7.5 Inch Pet Scissors Sharp and Durable Shears Set Thinning, Chunker, Straight, Curved Shears and Com","1","amazon.ca","Amazon","Billtown","Nova Scotia","B4N3V","Combined TCS+MTC","59.99","8.40","0","0","0","0","0","0","0","0","-8.40","-9.00","-7.23","0","0","43.76"
"Oct 7, 2025 10:12:59 p.m. PDT","24662753831","Order","701-7192888-6078645","9B-5VGN-40SH","Dream Reach 2Pcs Kitchen Scissors, All-Metal, No Plastic Kitchen Scissors All Purpose, Heavy Duty Poultry Shears for Food, Food-Grade Stainless Steel","1","amazon.ca","Amazon","Calgary","Alberta","T2E 7J","Combined TCS+MTC","37.99","1.90","0","0","0","0","0","0","0","0","-1.90","-5.70","-7.23","0","0","25.06"
"Oct 7, 2025 10:49:19 p.m. PDT","24662753831","Refund","702-2223342-7970620","9B-5VGN-40SH","Dream Reach 2Pcs Kitchen Scissors, All-Metal, No Plastic Kitchen Scissors All Purpose, Heavy Duty Poultry Shears for Food, Food-Grade Stainless Steel","1","amazon.ca","Amazon","Stouffville","Ontario","L4A 4B","Combined TCS+MTC","-37.99","-4.94","0","0","0","0","0","0","0","0","4.94","4.56","0","0","0","-33.43"
"Oct 8, 2025 1:46:46 a.m. PDT","24662753831","Order","701-4081118-2035411","HS1901","Dream Reach 6"" Professional Hair Cutting Scissors Japan 440C Steel Thinning Scissor for Men/Women Cutting for Salon/Barber/Home (Straight Scissors)","1","amazon.ca","Amazon","Ladysmith","British Columbia","V9G 1H","Combined TCS+MTC","43.99","5.28","0","0","0","0","0","0","0","0","-5.28","-6.60","-6.12","0","0","31.27"
"Oct 8, 2025 2:07:42 a.m. PDT","24662753831","Order","701-1959800-6765055","KF01-BBJ","Dream Reach Viking Cleaver Knife Butcher Meat Cutting Boning Knife High Carbon Steel Kitchen Axe with Sheath Home Outdoor BBQ Camping Birthday Christm","1","amazon.ca","Amazon","Slave Lake","Alberta","T0G 2A","Combined TCS+MTC","59.99","1.80","0","0","0","0","0","0","-24.00","0","-1.80","-5.40","-7.23","0","0","23.36"
"Oct 8, 2025 8:21:57 a.m. PDT","24662753831","Order","701-8532748-3970640","9B-5VGN-40SH","Dream Reach 2Pcs Kitchen Scissors, All-Metal, No Plastic Kitchen Scissors All Purpose, Heavy Duty Poultry Shears for Food, Food-Grade Stainless Steel","1","amazon.ca","Amazon","Ratter Corner","NB","E4E 4B","Combined TCS+MTC","37.99","3.86","0","0","0","0","0","0","-12.26","0","-3.86","-3.86","-7.23","0","0","14.64"
"Oct 8, 2025 8:38:08 a.m. PDT","24662753831","Order","701-2431860-7113014","9B-5VGN-40SH","Dream Reach 2Pcs Kitchen Scissors, All-Metal, No Plastic Kitchen Scissors All Purpose, Heavy Duty Poultry Shears for Food, Food-Grade Stainless Steel","1","amazon.ca","Amazon","Spaniard's Bay","Newfoundland","A0A 3X","Combined TCS+MTC","37.99","5.70","0","0","0","0","0","0","0","0","-5.70","-5.70","-7.23","0","0","25.06"
"Oct 8, 2025 8:40:42 a.m. PDT","24662753831","Order","701-1742278-8041014","9B-5VGN-40SH","Dream Reach 2Pcs Kitchen Scissors, All-Metal, No Plastic Kitchen Scissors All Purpose, Heavy Duty Poultry Shears for Food, Food-Grade Stainless Steel","1","amazon.ca","Amazon","Brantford","Ontario","N3T 0R","Combined TCS+MTC","37.99","4.94","0","0","0","0","0","0","0","0","-4.94","-5.70","-7.23","0","0","25.06"
"Oct 8, 2025 8:43:13 a.m. PDT","24662753831","Order","702-5871138-9837849","XX03","Dream Reach 7.0 Inches Professional Pet Cat Dog Grooming Shears Scissors, Straight and Curved Scissors, Thinning/Blending/Chunking Scissors Kit (Chunk","1","amazon.ca","Amazon","Delta","BC","V4K 1E","Combined TCS+MTC","36.99","4.44","0","0","0","0","0","0","0","0","-4.44","-5.55","-6.12","0","0","25.32"
"Oct 8, 2025 8:58:24 a.m. PDT","24662753831","Refund","701-1742278-8041014","9B-5VGN-40SH","Dream Reach 2Pcs Kitchen Scissors, All-Metal, No Plastic Kitchen Scissors All Purpose, Heavy Duty Poultry Shears for Food, Food-Grade Stainless Steel","1","amazon.ca","Amazon","Brantford","Ontario","N3T 0R","Combined TCS+MTC","-37.99","-4.94","0","0","0","0","0","0","0","0","4.94","4.56","0","0","0","-33.43"
"Oct 8, 2025 8:59:21 a.m. PDT","24662753831","Order","701-6608267-4705859","9B-5VGN-40SH","Dream Reach 2Pcs Kitchen Scissors, All-Metal, No Plastic Kitchen Scissors All Purpose, Heavy Duty Poultry Shears for Food, Food-Grade Stainless Steel","1","amazon.ca","Amazon","Sylvan Lake","Alberta","T4S 0T","Combined TCS+MTC","37.99","1.90","0","0","0","0","0","0","0","0","-1.90","-5.70","-7.23","0","0","25.06"
"Oct 8, 2025 10:18:49 a.m. PDT","24662753831","Order","702-5456723-9185828","KF02-BBJ","Dream Reach Feather Viking Knife - 5.9"" Japanese Boning Knife Handmade Cooking Butcher Cleaver for Meat Cutting with Sheath","1","amazon.ca","Amazon","St. Albert","Alberta","T8N 1R","Combined TCS+MTC","58.49","2.92","0","0","0","0","0","0","0","0","-2.92","-8.77","-6.73","0","0","42.99"
"Oct 8, 2025 10:38:43 a.m. PDT","24662753831","FBA Inventory Fee","701-6041425-5809850","","Fulfilment by Amazon removal order: disposal fee","","Amazon.ca","","","","","","0","0","0","0","0","0","0","0","0","0","0","0","0","0","-0.39","-0.39"
"Oct 8, 2025 11:35:12 a.m. PDT","24662753831","Order","702-7000838-3958645","9B-5VGN-40SH","Dream Reach 2Pcs Kitchen Scissors, All-Metal, No Plastic Kitchen Scissors All Purpose, Heavy Duty Poultry Shears for Food, Food-Grade Stainless Steel","1","amazon.ca","Amazon","Calgary","Alberta","T2Z 2M","Combined TCS+MTC","37.99","1.29","5.90","0","0","0","0","0","-18.16","0","-1.29","-3.86","-7.23","0","0","14.64"
"Oct 8, 2025 3:25:50 p.m. PDT","24662753831","Order","702-0008030-0963457","9B-5VGN-40SH","Dream Reach 2Pcs Kitchen Scissors, All-Metal, No Plastic Kitchen Scissors All Purpose, Heavy Duty Poultry Shears for Food, Food-Grade Stainless Steel","1","amazon.ca","Amazon","Fort McMurray","Alberta","T9K 0S","Combined TCS+MTC","37.99","1.90","0","0","0","0","0","0","0","0","-1.90","-5.70","-7.23","0","0","25.06"
"Oct 8, 2025 7:57:50 p.m. PDT","24662753831","Order","702-4890820-5659422","KF04-BBJ","Dream Reach Meat Bone Cleaver Knife for Meat Cutting Handmade Heavy Duty Butcher Axes Hand Forged Full Tang Chopper for Kitchen Outdoor BBQ Chef Gifts","1","amazon.ca","Amazon","Winnipeg","Manitoba","R3E 1H","Combined TCS+MTC","46.99","5.64","2.94","0","0","0","0","0","-2.94","0","-5.64","-7.05","-8.25","0","0","31.69"
"Oct 8, 2025 8:03:00 p.m. PDT","24662753831","Order","701-6232948-0673800","9B-5VGN-40SH","Dream Reach 2Pcs Kitchen Scissors, All-Metal, No Plastic Kitchen Scissors All Purpose, Heavy Duty Poultry Shears for Food, Food-Grade Stainless Steel","1","amazon.ca","Amazon","Grafton","Ontario","K0K 2G","Combined TCS+MTC","37.99","4.94","0","0","0","0","0","0","0","0","-4.94","-5.70","-7.23","0","0","25.06"
"Oct 8, 2025 9:49:02 p.m. PDT","24662753831","Order","701-3863515-9614652","9B-5VGN-40SH","Dream Reach 2Pcs Kitchen Scissors, All-Metal, No Plastic Kitchen Scissors All Purpose, Heavy Duty Poultry Shears for Food, Food-Grade Stainless Steel","1","amazon.ca","Amazon","North Vancouver","British Columbia","V7L 3C","Combined TCS+MTC","37.99","4.56","0","0","0","0","0","0","0","0","-4.56","-5.70","-7.74","0","0","24.55"
"Oct 8, 2025 10:52:10 p.m. PDT","24662753831","Order","702-4215984-2309836","KF01-BBJ","Dream Reach Viking Cleaver Knife Butcher Meat Cutting Boning Knife High Carbon Steel Kitchen Axe with Sheath Home Outdoor BBQ Camping Birthday Christm","1","amazon.ca","Amazon","Courtice","Ontario","L1E 2X","Combined TCS+MTC","59.99","4.68","0","0","0","0","0","0","-24.00","0","-4.68","-5.40","-7.23","0","0","23.36"
"Oct 8, 2025 11:53:47 p.m. PDT","24662753831","Order","702-0764220-7837025","9B-5VGN-40SH","Dream Reach 2Pcs Kitchen Scissors, All-Metal, No Plastic Kitchen Scissors All Purpose, Heavy Duty Poultry Shears for Food, Food-Grade Stainless Steel","1","amazon.ca","Amazon","Ameliasburg","Ontario","K0K 1A","Combined TCS+MTC","37.99","4.94","0","0","0","0","0","0","0","0","-4.94","-5.70","-7.23","0","0","25.06"
"Oct 9, 2025 1:47:30 a.m. PDT","24662753831","Order","701-4428927-0685809","KF04-BBJ","Dream Reach Meat Bone Cleaver Knife for Meat Cutting Handmade Heavy Duty Butcher Axes Hand Forged Full Tang Chopper for Kitchen Outdoor BBQ Chef Gifts","1","amazon.ca","Amazon","Coal Harbour","British Columbia","V0N 1K","Combined TCS+MTC","46.99","4.51","0","0","0","0","0","0","-9.40","0","-4.51","-5.64","-8.83","0","0","23.12"
"Oct 9, 2025 2:13:42 a.m. PDT","24662753831","Order","701-6040448-3500248","KF04-BBJ","Dream Reach Meat Bone Cleaver Knife for Meat Cutting Handmade Heavy Duty Butcher Axes Hand Forged Full Tang Chopper for Kitchen Outdoor BBQ Chef Gifts","1","amazon.ca","Amazon","Mississauga","Ontario","L5V 2A","Combined TCS+MTC","46.99","6.11","6.99","0","0","0","0","0","-6.99","0","-6.11","-7.05","-8.25","0","0","31.69"
"Oct 9, 2025 2:13:46 a.m. PDT","24662753831","Order","702-2066569-5927463","9B-5VGN-40SH","Dream Reach 2Pcs Kitchen Scissors, All-Metal, No Plastic Kitchen Scissors All Purpose, Heavy Duty Poultry Shears for Food, Food-Grade Stainless Steel","1","amazon.ca","Amazon","Saint-Godefroi","QC","G0C3C","Combined TCS+MTC","37.99","5.69","0","0","0","0","0","0","0","0","-5.69","-5.70","-7.23","0","0","25.06"
"Oct 9, 2025 2:19:03 a.m. PDT","24662753831","Order","702-4030107-7085069","HS1901","Dream Reach 6"" Professional Hair Cutting Scissors Japan 440C Steel Thinning Scissor for Men/Women Cutting for Salon/Barber/Home (Straight Scissors)","1","amazon.ca","Amazon","Abbotsford","British Columbia","V2S 2A","Combined TCS+MTC","43.99","3.53","0","0","0","0","0","0","-14.60","0","-3.53","-4.41","-6.12","0","0","18.86"
"Oct 9, 2025 4:13:28 a.m. PDT","24662753831","Amazon fees","a7c2ae38-6a0a-4609-bdf0-df6783530b42","","Coupon participation fee","","Amazon.ca","","","","","","0","0","0","0","0","0","0","0","0","0","0","-2.00","0","0","0","-2.00"
"Oct 9, 2025 5:49:18 a.m. PDT","24662753831","Order","701-5060946-1649804","9B-5VGN-40SH","Dream Reach 2Pcs Kitchen Scissors, All-Metal, No Plastic Kitchen Scissors All Purpose, Heavy Duty Poultry Shears for Food, Food-Grade Stainless Steel","1","amazon.ca","Amazon","Binbrook","Ontario","L0R 1C","Combined TCS+MTC","37.99","4.94","3.46","0","0","0","0","0","-3.46","0","-4.94","-5.70","-7.23","0","0","25.06"
"Oct 9, 2025 5:52:47 a.m. PDT","24662753831","Order","702-0426306-2289849","HS1901","Dream Reach 6"" Professional Hair Cutting Scissors Japan 440C Steel Thinning Scissor for Men/Women Cutting for Salon/Barber/Home (Straight Scissors)","1","amazon.ca","Amazon","Hamilton","Ontario","L8W 2M","Combined TCS+MTC","43.99","3.25","0","0","0","0","0","0","-19.00","0","-3.25","-3.75","-6.12","0","0","15.12"
"Oct 9, 2025 7:08:43 a.m. PDT","24662753831","Order","702-6826345-4985025","9B-5VGN-40SH","Dream Reach 2Pcs Kitchen Scissors, All-Metal, No Plastic Kitchen Scissors All Purpose, Heavy Duty Poultry Shears for Food, Food-Grade Stainless Steel","1","amazon.ca","Amazon","Edmonton","Alberta","T5T 2C","Combined TCS+MTC","37.99","1.90","0","0","0","0","0","0","0","0","-1.90","-5.70","-7.23","0","0","25.06"
"Oct 9, 2025 8:13:49 a.m. PDT","24662753831","Order","701-2660715-7483400","9B-5VGN-40SH","Dream Reach 2Pcs Kitchen Scissors, All-Metal, No Plastic Kitchen Scissors All Purpose, Heavy Duty Poultry Shears for Food, Food-Grade Stainless Steel","1","amazon.ca","Amazon","Cote Saint-Luc","Quebec","H4W 2E","Combined TCS+MTC","37.99","5.69","0","0","0","0","0","0","0","0","-5.69","-5.70","-7.23","0","0","25.06"
"Oct 9, 2025 9:05:29 a.m. PDT","24662753831","Order","701-6553226-8479467","9B-5VGN-40SH","Dream Reach 2Pcs Kitchen Scissors, All-Metal, No Plastic Kitchen Scissors All Purpose, Heavy Duty Poultry Shears for Food, Food-Grade Stainless Steel","1","amazon.ca","Amazon","Stoney Creek","Ontario","L8E 5L","Combined TCS+MTC","37.99","4.94","3.92","0","0","0","0","0","-3.92","0","-4.94","-5.70","-7.23","0","0","25.06"
"Oct 9, 2025 9:46:50 a.m. PDT","24662753831","Order","702-8525738-1149026","XX03","Dream Reach 7.0 Inches Professional Pet Cat Dog Grooming Shears Scissors, Straight and Curved Scissors, Thinning/Blending/Chunking Scissors Kit (Chunk","1","amazon.ca","Amazon","Greely","ON","K4P 0A","Combined TCS+MTC","36.99","4.81","0","0","0","0","0","0","0","0","-4.81","-5.55","-6.12","0","0","25.32"
"Oct 9, 2025 12:19:19 p.m. PDT","24662753831","Service Fee","c1241908-8091-44d1-b452-19ee900173d9","","Coupon Redemption Fee: Save 10% on Hair Cutting Scissors save 10","1","Amazon.ca","","","","","","0","0","0","0","0","0","0","0","0","0","0","0","0","-0.60","0","-0.60"
"Oct 9, 2025 3:11:58 p.m. PDT","24662753831","FBA Inventory Fee","701-1742278-8041014","","Fulfilment by Amazon removal order: disposal fee","","Amazon.ca","","","","","","0","0","0","0","0","0","0","0","0","0","0","0","0","0","-0.82","-0.82"
"Oct 10, 2025 12:17:12 a.m. PDT","24662753831","Order","701-2584335-1287467","CWJ02-Purple7Set-BBJ","Dream Reach Dog Grooming Scissors - 7"" Professional 6 in 1 Pet Scissors Sharp and Durable Shears Set Thinning, Chunker, Straight, Curved Shears and Co","1","amazon.ca","Amazon","Laval","Quebec","H7P 0M","Combined TCS+MTC","59.99","8.98","0","0","0","0","0","0","0","0","-8.98","-9.00","-6.36","0","0","44.63"
"Oct 10, 2025 1:01:02 a.m. PDT","24662753831","Order","701-4066151-5703427","9B-5VGN-40SH","Dream Reach 2Pcs Kitchen Scissors, All-Metal, No Plastic Kitchen Scissors All Purpose, Heavy Duty Poultry Shears for Food, Food-Grade Stainless Steel","1","amazon.ca","Amazon","Lac des plages","Quebec","J0T 1K","Combined TCS+MTC","37.99","5.69","3.80","0.57","0","0","0","0","0","0","-6.26","-5.70","-11.03","0","0","25.06"
"Oct 10, 2025 1:23:06 a.m. PDT","24662753831","Order","701-3818477-8338643","HS1901","Dream Reach 6"" Professional Hair Cutting Scissors Japan 440C Steel Thinning Scissor for Men/Women Cutting for Salon/Barber/Home (Straight Scissors)","1","amazon.ca","Amazon","OSHAWA","Ontario","L1H 5Y","Combined TCS+MTC","43.99","5.15","6.99","0","0","0","0","0","-11.39","0","-5.15","-5.94","-6.12","0","0","27.53"
"Oct 10, 2025 1:48:56 a.m. PDT","24662753831","Order","702-8946454-4317839","HS1901","Dream Reach 6"" Professional Hair Cutting Scissors Japan 440C Steel Thinning Scissor for Men/Women Cutting for Salon/Barber/Home (Straight Scissors)","1","amazon.ca","Amazon","La Corne","Quebec","J0Y1R","Combined TCS+MTC","43.99","3.74","0","0","0","0","0","0","-19.00","0","-3.74","-3.75","-6.12","0","0","15.12"
"Oct 10, 2025 2:19:30 a.m. PDT","24662753831","Order","702-3309839-0345826","KF05-BBJ","Dream Reach Meat Cleaver Knife Heavy Duty Bone Chopper High Carbon Steel Butcher Axe Bone Cutting Knife Hand Forged Butcher Knife for Kitchen Outdoor","1","amazon.ca","Amazon","FORT MCMURRAY","AB","T9H3A","Combined TCS+MTC","49.99","2.25","5.90","0","0","0","0","0","-10.90","0","-2.25","-6.75","-9.04","0","0","29.20"
"Oct 10, 2025 2:58:52 a.m. PDT","24662753831","Order","701-2564685-2943458","9B-5VGN-40SH","Dream Reach 2Pcs Kitchen Scissors, All-Metal, No Plastic Kitchen Scissors All Purpose, Heavy Duty Poultry Shears for Food, Food-Grade Stainless Steel","1","amazon.ca","Amazon","Cap-St-Ignace","Québec","G0R 1H","Combined TCS+MTC","37.99","5.69","0","0","0","0","0","0","0","0","-5.69","-5.70","-7.23","0","0","25.06"
"Oct 10, 2025 3:01:35 a.m. PDT","24662753831","Amazon fees","15cbf520-bdaa-4907-b614-0450d40edce9","","Deal participation fee","","Amazon.ca","","","","","","0","0","0","0","0","0","0","0","0","0","0","-5.00","0","0","0","-5.00"
"Oct 10, 2025 3:07:50 a.m. PDT","24662753831","Amazon fees","15cbf520-bdaa-4907-b614-0450d40edce9","","Deal performance-based fee","","Amazon.ca","","","","","","0","0","0","0","0","0","0","0","0","0","0","-1.32","0","0","0","-1.32"
"Oct 10, 2025 4:18:58 a.m. PDT","24662753831","Order","701-5339811-0185056","9B-5VGN-40SH","Dream Reach 2Pcs Kitchen Scissors, All-Metal, No Plastic Kitchen Scissors All Purpose, Heavy Duty Poultry Shears for Food, Food-Grade Stainless Steel","1","amazon.ca","Amazon","Calgary","Alberta","T3K 3R","Combined TCS+MTC","37.99","1.90","1.40","0","0","0","0","0","-1.40","0","-1.90","-5.70","-7.23","0","0","25.06"
"Oct 10, 2025 5:39:55 a.m. PDT","24662753831","Order","702-3549032-4030602","KF01-BBJ","Dream Reach Viking Cleaver Knife Butcher Meat Cutting Boning Knife High Carbon Steel Kitchen Axe with Sheath Home Outdoor BBQ Camping Birthday Christm","1","amazon.ca","Amazon","Niagara Falls","Ontario","L2G 3H","Combined TCS+MTC","59.99","7.80","0","0","0","0","0","0","0","0","-7.80","-9.00","-7.23","0","0","43.76"
"Oct 10, 2025 5:51:52 a.m. PDT","24662753831","Order","701-4540081-9625047","KF02-BBJ","Dream Reach Feather Viking Knife - 5.9"" Japanese Boning Knife Handmade Cooking Butcher Cleaver for Meat Cutting with Sheath","1","amazon.ca","Amazon","Whitby","Ontario","L1N 4Y","Combined TCS+MTC","58.49","7.60","6.99","0","0","0","0","0","-6.99","0","-7.60","-8.77","-6.73","0","0","42.99"
"Oct 10, 2025 7:25:37 a.m. PDT","24662753831","Order","702-2474799-1949008","9B-5VGN-40SH","Dream Reach 2Pcs Kitchen Scissors, All-Metal, No Plastic Kitchen Scissors All Purpose, Heavy Duty Poultry Shears for Food, Food-Grade Stainless Steel","1","amazon.ca","Amazon","Kelowna","British Columbia","V1Y 7B","Combined TCS+MTC","37.99","4.56","0","0","0","0","0","0","0","0","-4.56","-5.70","-7.74","0","0","24.55"
"Oct 10, 2025 8:50:15 a.m. PDT","24662753831","Order","701-8028407-9600230","KF02-BBJ","Dream Reach Feather Viking Knife - 5.9"" Japanese Boning Knife Handmade Cooking Butcher Cleaver for Meat Cutting with Sheath","1","amazon.ca","Amazon","Stewiacke","Nova Scotia","B0N 2J","Combined TCS+MTC","58.49","4.20","0","0","0","0","0","0","-28.50","0","-4.20","-4.50","-6.73","0","0","18.76"
"Oct 10, 2025 9:00:46 a.m. PDT","24662753831","Refund","701-8028407-9600230","KF02-BBJ","Dream Reach Feather Viking Knife - 5.9"" Japanese Boning Knife Handmade Cooking Butcher Cleaver for Meat Cutting with Sheath","1","amazon.ca","Amazon","Stewiacke","Nova Scotia","B0N 2J","Combined TCS+MTC","-58.49","-4.20","0","0","0","0","0","0","28.50","0","4.20","3.60","0","0","0","-26.39"
"Oct 10, 2025 11:01:39 a.m. PDT","24662753831","Service Fee","","","Cost of advertising","","","","","","","","0","0","0","0","0","0","0","0","0","0","0","0","0","-504.52","0","-504.52"
"Oct 10, 2025 12:04:04 p.m. PDT","24662753831","Order","701-5226838-8385853","KF04-BBJ","Dream Reach Meat Bone Cleaver Knife for Meat Cutting Handmade Heavy Duty Butcher Axes Hand Forged Full Tang Chopper for Kitchen Outdoor BBQ Chef Gifts","1","amazon.ca","Amazon","Wickham","Quebec","J0C 1S","Combined TCS+MTC","46.99","7.04","3.93","0","0","0","0","0","-3.93","0","-7.04","-7.05","-8.25","0","0","31.69"
"Oct 10, 2025 3:57:15 p.m. PDT","24662753831","Order","S01-4133306-2430840","KF05-BBJ","Dream Reach Meat Cleaver Knife Heavy Duty Bone Chopper High Carbon Steel Butcher Axe Bone Cutting Knife Hand Forged Butcher Knife for Kitchen Outdoor BBQ","1","siprod.stores.amazon.ca","Amazon","TORONTO","ON","M3A 2B","","0","0","0","0","0","0","0","0","0","0","0","0","-3.64","0","0","-3.64"
"Oct 10, 2025 3:57:15 p.m. PDT","24662753831","Order","S01-4133306-2430840","","FBA transportation fee","","siprod.stores.amazon.ca","Amazon","TORONTO","ON","M3A 2B","","0","0","0","0","0","0","0","0","0","0","0","0","0","0","-8.93","-8.93"
"Oct 10, 2025 5:09:14 p.m. PDT","24662753831","FBA Inventory Fee","701-7773244-5737836","","Fulfilment by Amazon removal order: disposal fee","","Amazon.ca","","","","","","0","0","0","0","0","0","0","0","0","0","0","0","0","0","-0.39","-0.39"
"Oct 10, 2025 10:20:51 p.m. PDT","24662753831","Order","701-7751925-0141833","KF01-BBJ","Dream Reach Viking Cleaver Knife Butcher Meat Cutting Boning Knife High Carbon Steel Kitchen Axe with Sheath Home Outdoor BBQ Camping Birthday Christm","1","amazon.ca","Amazon","Saint-Jean-Sur-Richelieu","Quebec","J2X 2L","Combined TCS+MTC","59.99","8.98","0","0","0","0","0","0","0","0","-8.98","-9.00","-7.23","0","0","43.76"
"Oct 11, 2025 1:14:19 a.m. PDT","24662753831","Order","702-0209690-9216215","9B-5VGN-40SH","Dream Reach 2Pcs Kitchen Scissors, All-Metal, No Plastic Kitchen Scissors All Purpose, Heavy Duty Poultry Shears for Food, Food-Grade Stainless Steel","1","amazon.ca","Amazon","Belle River","Ontario","N8L 0C","Combined TCS+MTC","37.99","4.94","0","0","0","0","0","0","0","0","-4.94","-5.70","-7.23","0","0","25.06"
"Oct 11, 2025 2:04:14 a.m. PDT","24662753831","Order","702-0160065-9889809","9B-5VGN-40SH","Dream Reach 2Pcs Kitchen Scissors, All-Metal, No Plastic Kitchen Scissors All Purpose, Heavy Duty Poultry Shears for Food, Food-Grade Stainless Steel","1","amazon.ca","Amazon","Newmarket","Ontario","L3X 0B","Combined TCS+MTC","37.99","4.94","6.99","0","0","0","0","0","-6.99","0","-4.94","-5.70","-7.23","0","0","25.06"
"Oct 11, 2025 2:39:54 a.m. PDT","24662753831","Order","701-6524303-4521846","KF05-BBJ","Dream Reach Meat Cleaver Knife Heavy Duty Bone Chopper High Carbon Steel Butcher Axe Bone Cutting Knife Hand Forged Butcher Knife for Kitchen Outdoor","1","amazon.ca","Amazon","Chemainus","British Columbia","V0R 1K","Combined TCS+MTC","49.99","5.40","0","0","0","0","0","0","-5.00","0","-5.40","-6.75","-9.04","0","0","29.20"
"Oct 11, 2025 2:50:44 a.m. PDT","24662753831","Amazon fees","934ced2f-ea61-409e-97e0-c88470d5ddf2","","Deal performance-based fee","","Amazon.ca","","","","","","0","0","0","0","0","0","0","0","0","0","0","-1.04","0","0","0","-1.04"
"Oct 11, 2025 2:52:46 a.m. PDT","24662753831","Order","701-5716692-7224248","HS1901","Dream Reach 6"" Professional Hair Cutting Scissors Japan 440C Steel Thinning Scissor for Men/Women Cutting for Salon/Barber/Home (Straight Scissors)","1","amazon.ca","Amazon","Kitchener","Ontario","N2A 2N","Combined TCS+MTC","43.99","3.25","3.27","0","0","0","0","0","-22.27","0","-3.25","-3.75","-6.12","0","0","15.12"
"Oct 11, 2025 2:54:37 a.m. PDT","24662753831","Amazon fees","934ced2f-ea61-409e-97e0-c88470d5ddf2","","Deal participation fee","","Amazon.ca","","","","","","0","0","0","0","0","0","0","0","0","0","0","-5.00","0","0","0","-5.00"
"Oct 11, 2025 4:21:09 a.m. PDT","24662753831","Order","701-0657930-0881853","9B-5VGN-40SH","Dream Reach 2Pcs Kitchen Scissors, All-Metal, No Plastic Kitchen Scissors All Purpose, Heavy Duty Poultry Shears for Food, Food-Grade Stainless Steel","1","amazon.ca","Amazon","Carleton Place","Ontario","K7C 2P","Combined TCS+MTC","37.99","4.94","0","0","0","0","0","0","0","0","-4.94","-5.70","-7.23","0","0","25.06"
"Oct 11, 2025 5:06:32 a.m. PDT","24662753831","Order","702-1369584-5220241","9B-5VGN-40SH","Dream Reach 2Pcs Kitchen Scissors, All-Metal, No Plastic Kitchen Scissors All Purpose, Heavy Duty Poultry Shears for Food, Food-Grade Stainless Steel","1","amazon.ca","Amazon","Kitchener","Ontario","N2E 4C","Combined TCS+MTC","37.99","4.94","6.99","0","0","0","0","0","-6.99","0","-4.94","-5.70","-7.23","0","0","25.06"
"Oct 11, 2025 5:34:45 a.m. PDT","24662753831","Order","701-0473196-8691405","9B-5VGN-40SH","Dream Reach 2Pcs Kitchen Scissors, All-Metal, No Plastic Kitchen Scissors All Purpose, Heavy Duty Poultry Shears for Food, Food-Grade Stainless Steel","1","amazon.ca","Amazon","Niagara on the Lake","Ontario","L0S 1J","Combined TCS+MTC","37.99","4.94","0","0","0","0","0","0","0","0","-4.94","-5.70","-7.23","0","0","25.06"
"Oct 11, 2025 7:17:09 a.m. PDT","24662753831","Order","701-5197639-3963405","37-EQUL-C5MA","Dream Reach HIGH-END Series Japanese 440C Stainless 6.0"" 360° Swivel Thumb Ring Professional Barber Razor Edge Hairdressing Straight Cutting Scissors","1","amazon.ca","Amazon","Okotoks","Alberta","T1S 1T","Combined TCS+MTC","59.79","2.99","6.99","0","0","0","0","0","-6.99","0","-2.99","-8.97","-4.71","0","0","46.11"
"Oct 11, 2025 9:12:19 a.m. PDT","24662753831","Order","702-4860520-5008256","9B-5VGN-40SH","Dream Reach 2-Pack Kitchen Scissors, Heavy Duty Poultry Shears for Food, Food-Grade Stainless Steel Kitchen Scissors, Japanese Style Shears for Meat &","1","amazon.ca","Amazon","Iqaluit","Nunavut","X0A 0H","Combined TCS+MTC","37.99","1.90","0","0","0","0","0","0","0","0","-1.90","-5.70","-7.23","0","0","25.06"
"Oct 11, 2025 9:37:48 a.m. PDT","24662753831","Order","702-9153209-1651448","9B-5VGN-40SH","Dream Reach 2Pcs Kitchen Scissors, All-Metal, No Plastic Kitchen Scissors All Purpose, Heavy Duty Poultry Shears for Food, Food-Grade Stainless Steel","1","amazon.ca","Amazon","Ryley","Alberta","T0B 4A","Combined TCS+MTC","37.99","1.90","0","0","0","0","0","0","0","0","-1.90","-5.70","-7.23","0","0","25.06"
"Oct 12, 2025 2:05:50 a.m. PDT","24662753831","Order","701-7937729-4082614","9B-5VGN-40SH","Dream Reach 2Pcs Kitchen Scissors, All-Metal, No Plastic Kitchen Scissors All Purpose, Heavy Duty Poultry Shears for Food, Food-Grade Stainless Steel","1","amazon.ca","Amazon","Calgary","Alberta","T2T 3M","Combined TCS+MTC","37.99","1.90","0","0","0","0","0","0","0","0","-1.90","-5.70","-7.23","0","0","25.06"
"Oct 12, 2025 3:43:28 a.m. PDT","24662753831","Order","701-9215669-9487400","KF05-BBJ","Dream Reach Meat Cleaver Knife Heavy Duty Bone Chopper High Carbon Steel Butcher Axe Bone Cutting Knife Hand Forged Butcher Knife for Kitchen Outdoor","1","amazon.ca","Amazon","Calgary","Alberta","T2Z 3Y","Combined TCS+MTC","49.99","2.50","6.99","0","0","0","0","0","-6.99","0","-2.50","-7.50","-9.04","0","0","33.45"
"Oct 12, 2025 6:26:16 a.m. PDT","24662753831","Order","701-7952545-7713016","9B-5VGN-40SH","Dream Reach 2Pcs Kitchen Scissors, All-Metal, No Plastic Kitchen Scissors All Purpose, Heavy Duty Poultry Shears for Food, Food-Grade Stainless Steel","1","amazon.ca","Amazon","North Bay","Ontario","P1B 0G","Combined TCS+MTC","37.99","4.94","5.90","0","0","0","0","0","-5.90","0","-4.94","-5.70","-7.23","0","0","25.06"
"Oct 12, 2025 10:10:34 a.m. PDT","24662753831","Order","701-5019724-4907439","KF01-BBJ","Dream Reach Viking Cleaver Knife Butcher Meat Cutting Boning Knife High Carbon Steel Kitchen Axe with Sheath Home Outdoor BBQ Camping Birthday Christm","1","amazon.ca","Amazon","Winnipeg","Manitoba","R2W 0K","Combined TCS+MTC","59.99","7.20","0","0","0","0","0","0","0","0","-7.20","-9.00","-7.23","0","0","43.76"
"Oct 12, 2025 3:51:44 p.m. PDT","24662753831","Order","702-0717028-4602631","HS1901","Dream Reach 6"" Professional Hair Cutting Scissors Japan 440C Steel Thinning Scissor for Men/Women Cutting for Salon/Barber/Home (Straight Scissors)","1","amazon.ca","Amazon","Toronto","Ontario","M5R 1X","Combined TCS+MTC","43.99","5.72","0","0","0","0","0","0","0","0","-5.72","-6.60","-6.12","0","0","31.27"
"Oct 12, 2025 4:10:03 p.m. PDT","24662753831","Order","702-2567060-1828210","9B-5VGN-40SH","Dream Reach 2Pcs Kitchen Scissors, All-Metal, No Plastic Kitchen Scissors All Purpose, Heavy Duty Poultry Shears for Food, Food-Grade Stainless Steel","1","amazon.ca","Amazon","Toronto","Ontario","M6J 2B","Combined TCS+MTC","37.99","4.94","0","0","0","0","0","0","0","0","-4.94","-5.70","-7.23","0","0","25.06"
"Oct 12, 2025 5:18:15 p.m. PDT","24662753831","Refund","701-3863515-9614652","9B-5VGN-40SH","Dream Reach 2Pcs Kitchen Scissors, All-Metal, No Plastic Kitchen Scissors All Purpose, Heavy Duty Poultry Shears for Food, Food-Grade Stainless Steel","1","amazon.ca","Amazon","North Vancouver","British Columbia","V7L 3C","Combined TCS+MTC","-37.99","-4.56","0","0","0","0","0","0","0","0","4.56","4.56","0","0","0","-33.43"
"Oct 12, 2025 10:50:31 p.m. PDT","24662753831","Order","702-5935728-0327448","9B-5VGN-40SH","Dream Reach 2Pcs Kitchen Scissors, All-Metal, No Plastic Kitchen Scissors All Purpose, Heavy Duty Poultry Shears for Food, Food-Grade Stainless Steel","1","amazon.ca","Amazon","Port Rowan","ON","N0E 1M","Combined TCS+MTC","37.99","4.94","3.80","0.49","0","0","0","0","0","0","-5.43","-5.70","-11.03","0","0","25.06"
"Oct 12, 2025 11:35:27 p.m. PDT","24662753831","Order","702-4091695-3922655","KF04-BBJ","Dream Reach Meat Bone Cleaver Knife for Meat Cutting Handmade Heavy Duty Butcher Axes Hand Forged Full Tang Chopper for Kitchen Outdoor BBQ Chef Gifts","1","amazon.ca","Amazon","Thornhill","Ontario","L3T 2S","Combined TCS+MTC","46.99","6.11","0","0","0","0","0","0","0","0","-6.11","-7.05","-8.25","0","0","31.69"
"Oct 13, 2025 12:50:56 a.m. PDT","24662753831","Service Fee","","","Cost of advertising","","","","","","","","0","0","0","0","0","0","0","0","0","0","0","0","0","-502.37","0","-502.37"
"Oct 13, 2025 2:13:42 a.m. PDT","24662753831","Order","701-2681178-5609062","9B-5VGN-40SH","Dream Reach 2Pcs Kitchen Scissors, All-Metal, No Plastic Kitchen Scissors All Purpose, Heavy Duty Poultry Shears for Food, Food-Grade Stainless Steel","1","amazon.ca","Amazon","North York","Ontario","M6B 3A","Combined TCS+MTC","37.99","4.94","3.50","0","0","0","0","0","-3.50","0","-4.94","-5.70","-7.23","0","0","25.06"
"Oct 13, 2025 4:36:49 a.m. PDT","24662753831","Order","701-5125109-3131426","9B-5VGN-40SH","Dream Reach 2Pcs Kitchen Scissors, All-Metal, No Plastic Kitchen Scissors All Purpose, Heavy Duty Poultry Shears for Food, Food-Grade Stainless Steel","1","amazon.ca","Amazon","Saint-Calixte","Quebec","J0K 1Z","Combined TCS+MTC","37.99","5.69","0","0","0","0","0","0","0","0","-5.69","-5.70","-7.23","0","0","25.06"
"Oct 13, 2025 5:02:05 a.m. PDT","24662753831","Order","702-8073171-4542618","9B-5VGN-40SH","Dream Reach 2Pcs Kitchen Scissors, All-Metal, No Plastic Kitchen Scissors All Purpose, Heavy Duty Poultry Shears for Food, Food-Grade Stainless Steel","1","amazon.ca","Amazon","Markham","Ontario","L3R 9J","Combined TCS+MTC","37.99","4.94","0","0","0","0","0","0","0","0","-4.94","-5.70","-7.23","0","0","25.06"
"Oct 13, 2025 6:16:51 a.m. PDT","24662753831","Order","702-3287019-5214633","9B-5VGN-40SH","Dream Reach 2Pcs Kitchen Scissors, All-Metal, No Plastic Kitchen Scissors All Purpose, Heavy Duty Poultry Shears for Food, Food-Grade Stainless Steel","1","amazon.ca","Amazon","Chilliwack","British Columbia","V2P 2S","Combined TCS+MTC","37.99","4.56","6.99","0","0","0","0","0","-6.99","0","-4.56","-5.70","-7.74","0","0","24.55"
"Oct 13, 2025 6:41:31 a.m. PDT","24662753831","Order","701-9220659-9057814","9B-5VGN-40SH","Dream Reach 2Pcs Kitchen Scissors, All-Metal, No Plastic Kitchen Scissors All Purpose, Heavy Duty Poultry Shears for Food, Food-Grade Stainless Steel","1","amazon.ca","Amazon","Calgary","Alberta","T2M 3R","Combined TCS+MTC","37.99","1.90","6.99","0","0","0","0","0","-6.99","0","-1.90","-5.70","-7.23","0","0","25.06"
"Oct 13, 2025 9:01:56 a.m. PDT","24662753831","Refund","702-4091695-3922655","KF04-BBJ","Dream Reach Meat Bone Cleaver Knife for Meat Cutting Handmade Heavy Duty Butcher Axes Hand Forged Full Tang Chopper for Kitchen Outdoor BBQ Chef Gifts","1","amazon.ca","Amazon","Thornhill","Ontario","L3T 2S","Combined TCS+MTC","-46.99","-6.11","0","0","0","0","0","0","0","0","6.11","5.64","0","0","0","-41.35"
"Oct 13, 2025 5:06:56 p.m. PDT","24662753831","Order","702-8701354-2811461","9B-5VGN-40SH","Dream Reach 2Pcs Kitchen Scissors, All-Metal, No Plastic Kitchen Scissors All Purpose, Heavy Duty Poultry Shears for Food, Food-Grade Stainless Steel","1","amazon.ca","Amazon","Kinnear Settlement","New Brunswick","E4Z 5A","Combined TCS+MTC","37.99","5.70","0","0","0","0","0","0","0","0","-5.70","-5.70","-7.23","0","0","25.06"
"Oct 13, 2025 7:01:54 p.m. PDT","24662753831","Order","701-6336151-3446635","KF04-BBJ","Dream Reach Meat Bone Cleaver Knife for Meat Cutting Handmade Heavy Duty Butcher Axes Hand Forged Full Tang Chopper for Kitchen Outdoor BBQ Chef Gifts","1","amazon.ca","Amazon","Vancouver","British Columbia","V5W 2G","Combined TCS+MTC","42.99","5.16","8.82","1.06","0","0","0","0","0","0","-6.22","-6.45","-18.27","0","0","27.09"
"Oct 13, 2025 8:16:35 p.m. PDT","24662753831","Order","702-8866138-5668209","CD-5RZQ-GSIY","Dream Reach 8.0 Inch Twin Tailed Rainbow Curved Blade Pet Grooming Scissors Dog Hair Cutting Shears with Case (Curved Scissors)","4","amazon.ca","Amazon","Belle River","ON","N0R1A","Combined TCS+MTC","159.96","16.64","0","0","0","0","0","0","-31.99","0","-16.64","-19.20","-16.79","0","0","91.98"
"Oct 14, 2025 2:04:51 a.m. PDT","24662753831","Order","701-4225623-0425856","KF02-BBJ","Dream Reach Feather Viking Knife - 5.9"" Japanese Boning Knife Handmade Cooking Butcher Cleaver for Meat Cutting with Sheath","1","amazon.ca","Amazon","Caledon","Ontario","L7K 0K","Combined TCS+MTC","43.99","5.72","0","0","0","0","0","0","0","0","-5.72","-6.60","-6.73","0","0","30.66"
"Oct 14, 2025 2:24:46 a.m. PDT","24662753831","Order","702-9762327-8898656","9B-5VGN-40SH","Dream Reach 2 Pack Kitchen Scissors, All-metal, No Plastic Kitchen Shears All Purpose, Heavy Duty Poultry Shears for Food, Food-Grade Stainless Steel","1","amazon.ca","Amazon","London","Ontario","N6M 1M","Combined TCS+MTC","37.99","4.94","6.99","0","0","0","0","0","-6.99","0","-4.94","-5.70","-7.23","0","0","25.06"
"Oct 14, 2025 3:31:47 a.m. PDT","24662753831","Order","701-2604797-3708215","9B-5VGN-40SH","Dream Reach 2Pcs Kitchen Scissors, All-Metal, No Plastic Kitchen Scissors All Purpose, Heavy Duty Poultry Shears for Food, Food-Grade Stainless Steel","1","amazon.ca","Amazon","Hamilton","Ontario","L8E 3G","Combined TCS+MTC","37.99","4.94","0","0","0","0","0","0","0","0","-4.94","-5.70","-7.23","0","0","25.06"
"Oct 14, 2025 5:45:29 a.m. PDT","24662753831","Refund","701-6336151-3446635","KF04-BBJ","Dream Reach Meat Bone Cleaver Knife for Meat Cutting Handmade Heavy Duty Butcher Axes Hand Forged Full Tang Chopper for Kitchen Outdoor BBQ Chef Gifts","1","amazon.ca","Amazon","Vancouver","British Columbia","V5W 2G","Combined TCS+MTC","-42.99","-5.16","-8.82","-1.06","0","0","0","0","0","0","6.22","5.16","9.44","0","0","-37.21"
"Oct 14, 2025 7:27:52 a.m. PDT","24662753831","Order","701-2066872-1615404","9B-5VGN-40SH","Dream Reach 2Pcs Kitchen Scissors, All-Metal, No Plastic Kitchen Scissors All Purpose, Heavy Duty Poultry Shears for Food, Food-Grade Stainless Steel","1","amazon.ca","Amazon","Richmond","British Columbia","V6Y 1K","Combined TCS+MTC","37.99","4.56","3.93","0","0","0","0","0","-3.93","0","-4.56","-5.70","-7.74","0","0","24.55"
"Oct 14, 2025 7:58:56 a.m. PDT","24662753831","Order","701-3742975-5061843","9B-5VGN-40SH","Dream Reach 2Pcs Kitchen Scissors, All-Metal, No Plastic Kitchen Scissors All Purpose, Heavy Duty Poultry Shears for Food, Food-Grade Stainless Steel","1","amazon.ca","Amazon","Woodbridge","Ontario","L4L 8S","Combined TCS+MTC","37.99","4.94","0","0","0","0","0","0","0","0","-4.94","-5.70","-7.23","0","0","25.06"
"Oct 14, 2025 1:58:24 p.m. PDT","24662753831","Order","701-7475123-2873058","KF05-BBJ","Dream Reach Meat Cleaver Knife Heavy Duty Bone Chopper High Carbon Steel Butcher Axe Bone Cutting Knife Hand Forged Butcher Knife for Kitchen Outdoor","1","amazon.ca","Amazon","Sturgis","Saskatchewan","S0A 4A","Combined TCS+MTC","49.99","5.50","0","0","0","0","0","0","0","0","-5.50","-7.50","-9.04","0","0","33.45"
"Oct 14, 2025 4:59:05 p.m. PDT","24662753831","Order","702-7720568-6765845","9B-5VGN-40SH","Dream Reach 2Pcs Kitchen Scissors, All-Metal, No Plastic Kitchen Scissors All Purpose, Heavy Duty Poultry Shears for Food, Food-Grade Stainless Steel","1","amazon.ca","Amazon","Montreal","Quebec","H2M 1R","Combined TCS+MTC","37.99","5.69","2.74","0","0","0","0","0","-2.74","0","-5.69","-5.70","-7.23","0","0","25.06"
"Oct 14, 2025 8:54:28 p.m. PDT","24662753831","Order","702-2932515-8232246","9B-5VGN-40SH","Dream Reach 2 Pack Kitchen Scissors, All-metal, No Plastic Kitchen Shears All Purpose, Heavy Duty Poultry Shears for Food, Food-Grade Stainless Steel","1","amazon.ca","Amazon","Ste-Catherine","Québec","J5C 1S","Combined TCS+MTC","37.99","5.69","0","0","0","0","0","0","0","0","-5.69","-5.70","-7.23","0","0","25.06"
"Oct 14, 2025 11:36:54 p.m. PDT","24662753831","Order","701-0961544-7610605","KF05-BBJ","Dream Reach Meat Cleaver Knife Heavy Duty Bone Chopper High Carbon Steel Butcher Axe Bone Cutting Knife Hand Forged Butcher Knife for Kitchen Outdoor","1","amazon.ca","Amazon","Wooler","ON","K0K 3M","Combined TCS+MTC","45.99","5.98","0","0","0","0","0","0","0","0","-5.98","-6.90","-9.04","0","0","30.05"
"Oct 15, 2025 1:36:48 a.m. PDT","24662753831","Order","702-6997712-7051416","9B-5VGN-40SH","Dream Reach 2 Pack Kitchen Scissors, All-metal, No Plastic Kitchen Shears All Purpose, Heavy Duty Poultry Shears for Food, Food-Grade Stainless Steel","1","amazon.ca","Amazon","Ottawa","Ontario","K2J 5N","Combined TCS+MTC","26.59","3.46","6.99","0","0","0","0","0","-6.99","0","-3.46","-3.99","-7.23","0","0","15.37"
"Oct 15, 2025 2:11:39 a.m. PDT","24662753831","Order","701-5348184-2769818","9B-5VGN-40SH","Dream Reach 2 Pack Kitchen Scissors, All-metal, No Plastic Kitchen Shears All Purpose, Heavy Duty Poultry Shears for Food, Food-Grade Stainless Steel","1","amazon.ca","Amazon","Vancouver","British Columbia","V5X 0C","Combined TCS+MTC","26.59","3.19","3.50","0","0","0","0","0","-3.50","0","-3.19","-3.99","-7.74","0","0","14.86"
"Oct 15, 2025 2:31:24 a.m. PDT","24662753831","Order","702-8633330-3382619","CWJ02-Purple7Set-BBJ","Dream Reach Dog Grooming Scissors - 7"" Professional 6 in 1 Pet Scissors Sharp and Durable Shears Set Thinning, Chunker, Straight, Curved Shears and Co","1","amazon.ca","Amazon","Belleville","Ontario","K8N 4Z","Combined TCS+MTC","41.99","5.46","0","0","0","0","0","0","0","0","-5.46","-6.30","-6.36","0","0","29.33"
"Oct 15, 2025 6:29:10 a.m. PDT","24662753831","Order","702-0699780-0351423","9B-5VGN-40SH","Dream Reach 2Pcs Kitchen Scissors, All-Metal, No Plastic Kitchen Scissors All Purpose, Heavy Duty Poultry Shears for Food, Food-Grade Stainless Steel","1","amazon.ca","Amazon","Courtenay","British Columbia","V9N 9N","Combined TCS+MTC","37.99","4.56","0","0","0","0","0","0","0","0","-4.56","-5.70","-7.74","0","0","24.55"
"Oct 15, 2025 6:59:20 a.m. PDT","24662753831","Order","701-4090672-1449043","KF04-BBJ","Dream Reach Meat Bone Cleaver Knife for Meat Cutting Handmade Heavy Duty Butcher Axes Hand Forged Full Tang Chopper for Kitchen Outdoor BBQ Chef Gifts","1","amazon.ca","Amazon","vancouver","British Columbia","V5T2S","Combined TCS+MTC","34.39","4.13","6.99","0","0","0","0","0","-6.99","0","-4.13","-5.16","-8.83","0","0","20.40"
"Oct 15, 2025 7:36:46 a.m. PDT","24662753831","Order","701-8980052-8797026","9B-5VGN-40SH","Dream Reach 2 Pack Kitchen Scissors, All-metal, No Plastic Kitchen Shears All Purpose, Heavy Duty Poultry Shears for Food, Food-Grade Stainless Steel","1","amazon.ca","Amazon","Montreal","Quebec","H1T 3K","Combined TCS+MTC","37.99","5.69","0","0","0","0","0","0","0","0","-5.69","-5.70","-7.23","0","0","25.06"
"Oct 15, 2025 7:38:47 a.m. PDT","24662753831","Order","702-9230752-4685824","9B-5VGN-40SH","Dream Reach 2 Pack Kitchen Scissors, All-metal, No Plastic Kitchen Shears All Purpose, Heavy Duty Poultry Shears for Food, Food-Grade Stainless Steel","1","amazon.ca","Amazon","Surrey","British Columbia","V3T 1P","Combined TCS+MTC","26.59","3.19","6.99","0","0","0","0","0","-6.99","0","-3.19","-3.99","-7.74","0","0","14.86"
"Oct 15, 2025 8:51:36 a.m. PDT","24662753831","Order","702-7932746-0527407","9B-5VGN-40SH","Dream Reach 2 Pack Kitchen Scissors, All-metal, No Plastic Kitchen Shears All Purpose, Heavy Duty Poultry Shears for Food, Food-Grade Stainless Steel","1","amazon.ca","Amazon","St Catharines","Ontario","L2N 6V","Combined TCS+MTC","26.59","3.46","0","0","0","0","0","0","0","0","-3.46","-3.99","-7.23","0","0","15.37"
"Oct 15, 2025 10:11:29 a.m. PDT","24662753831","Amazon fees","c4078900-f9ed-4f89-bdec-032bd9e92054","","Coupon performance-based fee","","Amazon.ca","","","","","","0","0","0","0","0","0","0","0","0","0","0","-1.92","0","0","0","-1.92"
"Oct 15, 2025 10:15:32 a.m. PDT","24662753831","Amazon fees","c85aa51b-59eb-4e61-9308-ff62cc9f02ad","","Coupon participation fee","","Amazon.ca","","","","","","0","0","0","0","0","0","0","0","0","0","0","-2.00","0","0","0","-2.00"
"Oct 15, 2025 10:28:38 a.m. PDT","24662753831","Amazon fees","c4078900-f9ed-4f89-bdec-032bd9e92054","","Coupon participation fee","","Amazon.ca","","","","","","0","0","0","0","0","0","0","0","0","0","0","-2.00","0","0","0","-2.00"
"Oct 15, 2025 10:29:48 a.m. PDT","24662753831","Amazon fees","a8bd4416-ed9b-4f75-9c06-3cbdc9c3b83c","","Coupon participation fee","","Amazon.ca","","","","","","0","0","0","0","0","0","0","0","0","0","0","-2.00","0","0","0","-2.00"
"Oct 15, 2025 12:26:59 p.m. PDT","24662753831","Refund","701-9495575-7301823","9B-5VGN-40SH","Dream Reach 2 Pack Kitchen Scissors, All-metal, No Plastic Kitchen Shears All Purpose, Heavy Duty Poultry Shears for Food, Food-Grade Stainless Steel","1","amazon.ca","Amazon","Red Deer","AB","T4R 1W","Combined TCS+MTC","-26.59","-1.33","0","0","0","0","0","0","0","0","1.33","3.19","0","0","0","-23.40"
"Oct 15, 2025 12:27:38 p.m. PDT","24662753831","Order","701-6071304-1287442","BBJK06-Set6","Dream Reach 6PCS Kitchen Knife Set, Kitchen Knives, Butcher Knife Set, Chef Knife Set, Meat Cleaver Knife, High-Hardness Steel Knives with Ergonomic W","1","amazon.ca","Amazon","Ottawa","Ontario","K1B 4L","Combined TCS+MTC","67.99","8.84","0","0","0","0","0","0","0","0","-8.84","-10.20","-10.77","0","0","47.02"
"Oct 15, 2025 2:00:50 p.m. PDT","24662753831","Order","702-9942167-5009828","9B-5VGN-40SH","Dream Reach 2 Pack Kitchen Scissors, All-metal, No Plastic Kitchen Shears All Purpose, Heavy Duty Poultry Shears for Food, Food-Grade Stainless Steel","1","amazon.ca","Amazon","Brossard","Quebec","J4Y 1X","Combined TCS+MTC","26.59","3.98","0","0","0","0","0","0","0","0","-3.98","-3.99","-7.23","0","0","15.37"
"Oct 15, 2025 3:30:25 p.m. PDT","24662753831","Order","701-3287619-4101824","KF05-BBJ","Dream Reach Meat Cleaver Knife Heavy Duty Bone Chopper High Carbon Steel Butcher Axe Bone Cutting Knife Hand Forged Butcher Knife for Kitchen Outdoor","1","amazon.ca","Amazon","Brooks","Alberta","T1R 0H","Combined TCS+MTC","36.79","1.84","0","0","0","0","0","0","0","0","-1.84","-5.52","-9.04","0","0","22.23"
"Oct 15, 2025 8:30:54 p.m. PDT","24662753831","Order","701-8724193-7562628","Scissors04B6","Dream Reach 6"" Upward Curved Dog Grooming Scissors Shears for Grooming Face and Paws Safety Shears Trimming Cutting Scissors for Dog Cat Pet Black","1","amazon.ca","Amazon","Amherstburg","Ontario","N9V 3R","Combined TCS+MTC","30.09","3.91","0","0","0","0","0","0","0","0","-3.91","-4.51","-6.12","0","0","19.46"
"Oct 15, 2025 10:20:17 p.m. PDT","24662753831","Order","702-9209475-9703406","9B-5VGN-40SH","Dream Reach 2 Pack Kitchen Scissors, All-metal, No Plastic Kitchen Shears All Purpose, Heavy Duty Poultry Shears for Food, Food-Grade Stainless Steel","1","amazon.ca","Amazon","Fort McMurray","Alberta","T9K 0L","Combined TCS+MTC","26.59","1.33","0","0","0","0","0","0","0","0","-1.33","-3.99","-7.23","0","0","15.37"
"Oct 16, 2025 12:03:46 a.m. PDT","24662753831","Order","701-0256592-8379419","9B-5VGN-40SH","Dream Reach 2 Pack Kitchen Scissors, All-metal, No Plastic Kitchen Shears All Purpose, Heavy Duty Poultry Shears for Food, Food-Grade Stainless Steel","1","amazon.ca","Amazon","Kamloops","British Columbia","V2B 6B","Combined TCS+MTC","26.59","3.19","0","0","0","0","0","0","0","0","-3.19","-3.99","-7.74","0","0","14.86"
"Oct 16, 2025 1:14:18 a.m. PDT","24662753831","Order","701-2845003-0704216","9B-5VGN-40SH","Dream Reach 2 Pack Kitchen Scissors, All-metal, No Plastic Kitchen Shears All Purpose, Heavy Duty Poultry Shears for Food, Food-Grade Stainless Steel","1","amazon.ca","Amazon","Windsor","Ontario","N8S4K","Combined TCS+MTC","26.59","3.46","6.99","0","0","0","0","0","-6.99","0","-3.46","-3.99","-7.23","0","0","15.37"
"Oct 16, 2025 2:24:23 a.m. PDT","24662753831","Order","701-7606357-0593806","9B-5VGN-40SH","Dream Reach 2 Pack Kitchen Scissors, All-metal, No Plastic Kitchen Shears All Purpose, Heavy Duty Poultry Shears for Food, Food-Grade Stainless Steel","1","amazon.ca","Amazon","Etobicoke","Ontario","M9W 1V","Combined TCS+MTC","26.59","3.46","0","0","0","0","0","0","0","0","-3.46","-3.99","-7.23","0","0","15.37"
"Oct 16, 2025 2:30:47 a.m. PDT","24662753831","Order","701-0521956-0879451","KF01-BBJ","Dream Reach Viking Cleaver Knife Butcher Meat Cutting Boning Knife High Carbon Steel Kitchen Axe with Sheath Home Outdoor BBQ Camping Birthday Christm","1","amazon.ca","Amazon","Pincourt","Quebec","J7W 3P","Combined TCS+MTC","39.99","5.99","0","0","0","0","0","0","0","0","-5.99","-6.00","-7.23","0","0","26.76"
"Oct 16, 2025 3:01:06 a.m. PDT","24662753831","Order","702-8175928-6640251","9B-5VGN-40SH","Dream Reach 2 Pack Kitchen Scissors, All-metal, No Plastic Kitchen Shears All Purpose, Heavy Duty Poultry Shears for Food, Food-Grade Stainless Steel","1","amazon.ca","Amazon","Calgary","Alberta","T2J 2H","Combined TCS+MTC","26.59","1.33","0","0","0","0","0","0","0","0","-1.33","-3.99","-7.23","0","0","15.37"
"Oct 16, 2025 3:38:11 a.m. PDT","24662753831","Order","702-3331133-3706669","KF01-BBJ","Dream Reach Viking Cleaver Knife Butcher Meat Cutting Boning Knife High Carbon Steel Kitchen Axe with Sheath Home Outdoor BBQ Camping Birthday Christm","1","amazon.ca","Amazon","Castlegar","British Columbia","V1N 2W","Combined TCS+MTC","49.99","6.00","5.90","0","0","0","0","0","-5.90","0","-6.00","-7.50","-7.74","0","0","34.75"
"Oct 16, 2025 3:44:41 a.m. PDT","24662753831","Order","702-8560295-6349801","9B-5VGN-40SH","Dream Reach 2 Pack Kitchen Scissors, All-metal, No Plastic Kitchen Shears All Purpose, Heavy Duty Poultry Shears for Food, Food-Grade Stainless Steel","1","amazon.ca","Amazon","Saint-Augustin-De-Desmaures","Quebec","G3A 1W","Combined TCS+MTC","26.59","3.98","0","0","0","0","0","0","0","0","-3.98","-3.99","-7.23","0","0","15.37"
"Oct 16, 2025 6:07:58 a.m. PDT","24662753831","Order","701-1052474-5064214","9B-5VGN-40SH","Dream Reach 2 Pack Kitchen Scissors, All-metal, No Plastic Kitchen Shears All Purpose, Heavy Duty Poultry Shears for Food, Food-Grade Stainless Steel","1","amazon.ca","Amazon","Calgary","Alberta","T3P 0W","Combined TCS+MTC","26.59","1.33","6.99","0","0","0","0","0","-6.99","0","-1.33","-3.99","-7.23","0","0","15.37"
"Oct 16, 2025 6:14:07 a.m. PDT","24662753831","Order","701-2910009-5905046","9B-5VGN-40SH","Dream Reach 2 Pack Kitchen Scissors, All-metal, No Plastic Kitchen Shears All Purpose, Heavy Duty Poultry Shears for Food, Food-Grade Stainless Steel","1","amazon.ca","Amazon","Oshawa","Ontario","L1K 0B","Combined TCS+MTC","26.59","3.46","0","0","0","0","0","0","0","0","-3.46","-3.99","-7.23","0","0","15.37"
"Oct 16, 2025 6:20:49 a.m. PDT","24662753831","Order","702-0229006-7957816","HS1901","Dream Reach 6"" Professional Hair Cutting Scissors Japan 440C Steel Thinning Scissor for Men/Women Cutting for Salon/Barber/Home (Straight Scissors)","1","amazon.ca","Amazon","Saint-Joseph-De-Lepage","Quebec","G5H 3K","Combined TCS+MTC","43.99","5.93","0","0","0","0","0","0","-4.40","0","-5.93","-5.94","-6.12","0","0","27.53"
"Oct 16, 2025 6:40:58 a.m. PDT","24662753831","Order","702-8750154-8193824","KF02-BBJ","Dream Reach Feather Viking Knife - 5.9"" Japanese Boning Knife Handmade Cooking Butcher Cleaver for Meat Cutting with Sheath","1","amazon.ca","Amazon","Scarborough","Ontario","M1K 2G","Combined TCS+MTC","35.19","4.57","0","0","0","0","0","0","0","0","-4.57","-5.28","-6.73","0","0","23.18"
"Oct 16, 2025 7:20:39 a.m. PDT","24662753831","FBA Inventory Fee","702-2330821-9544262","","Fulfilment by Amazon removal order: disposal fee","","Amazon.ca","","","","","","0","0","0","0","0","0","0","0","0","0","0","0","0","0","-0.36","-0.36"
"Oct 16, 2025 7:32:04 a.m. PDT","24662753831","Order","701-2440853-4313055","HS1901","Dream Reach 6"" Professional Hair Cutting Scissors Japan 440C Steel Thinning Scissor for Men/Women Cutting for Salon/Barber/Home (Straight Scissors)","1","amazon.ca","Amazon","Orangeville","Ontario","L9W 1J","Combined TCS+MTC","30.79","4.00","0","0","0","0","0","0","0","0","-4.00","-4.62","-6.12","0","0","20.05"
"Oct 16, 2025 8:46:25 a.m. PDT","24662753831","Order","701-7676024-3263406","KF02-BBJ","Dream Reach Feather Viking Knife - 5.9"" Japanese Boning Knife Handmade Cooking Butcher Cleaver for Meat Cutting with Sheath","1","amazon.ca","Amazon","Saint John","New Brunswick","E2K 2M","Combined TCS+MTC","43.99","6.60","3.92","0","0","0","0","0","-3.92","0","-6.60","-6.60","-6.73","0","0","30.66"
"Oct 16, 2025 12:17:56 p.m. PDT","24662753831","Order","701-9495575-7301823","9B-5VGN-40SH","Dream Reach 2 Pack Kitchen Scissors, All-metal, No Plastic Kitchen Shears All Purpose, Heavy Duty Poultry Shears for Food, Food-Grade Stainless Steel","1","amazon.ca","Amazon","Red Deer","AB","T4R 1W","Combined TCS+MTC","26.59","1.33","0","0","0","0","0","0","0","0","-1.33","-3.99","-7.23","0","0","15.37"
"Oct 16, 2025 12:30:32 p.m. PDT","24662753831","Order","702-7987911-7293033","9B-5VGN-40SH","Dream Reach 2 Pack Kitchen Scissors, All-metal, No Plastic Kitchen Shears All Purpose, Heavy Duty Poultry Shears for Food, Food-Grade Stainless Steel","1","amazon.ca","Amazon","Stoney Creek","Ontario","L8J2S","Combined TCS+MTC","26.59","3.46","0","0","0","0","0","0","0","0","-3.46","-3.99","-7.23","0","0","15.37"
"Oct 16, 2025 5:07:23 p.m. PDT","24662753831","Refund","701-7606357-0593806","9B-5VGN-40SH","Dream Reach 2 Pack Kitchen Scissors, All-metal, No Plastic Kitchen Shears All Purpose, Heavy Duty Poultry Shears for Food, Food-Grade Stainless Steel","1","amazon.ca","Amazon","Etobicoke","Ontario","M9W 1V","Combined TCS+MTC","-26.59","-3.46","0","0","0","0","0","0","0","0","3.46","3.19","0","0","0","-23.40"
"Oct 16, 2025 6:36:18 p.m. PDT","24662753831","Order","702-4268030-2262637","HS1901","Dream Reach 6"" Professional Hair Cutting Scissors Japan 440C Steel Thinning Scissor for Men/Women Cutting for Salon/Barber/Home (Straight Scissors)","1","amazon.ca","Amazon","Wasaga Beach","On","L9Z3A","Combined TCS+MTC","30.79","4.00","0","0","0","0","0","0","0","0","-4.00","-4.62","-6.12","0","0","20.05"
"Oct 16, 2025 10:00:05 p.m. PDT","24662753831","Order","701-6483038-2180254","KF01-BBJ","Dream Reach Viking Cleaver Knife Butcher Meat Cutting Boning Knife High Carbon Steel Kitchen Axe with Sheath Home Outdoor BBQ Camping Birthday Christm","1","amazon.ca","Amazon","Elora","ON","N0B 1S","Combined TCS+MTC","39.99","5.20","0","0","0","0","0","0","0","0","-5.20","-6.00","-7.23","0","0","26.76"
"Oct 17, 2025 12:16:50 a.m. PDT","24662753831","Order","702-5615370-9956200","BBJK06-Set6","Dream Reach 6PCS Kitchen Knife Set, Kitchen Knives, Butcher Knife Set, Chef Knife Set, Meat Cleaver Knife, High-Hardness Steel Knives with Ergonomic W","1","amazon.ca","Amazon","Maple Ridge","British Columbia","V2W 0C","Combined TCS+MTC","67.99","8.16","6.99","0","0","0","0","0","-6.99","0","-8.16","-10.20","-11.52","0","0","46.27"
"Oct 17, 2025 12:47:21 a.m. PDT","24662753831","Order","701-1855358-0127466","9B-5VGN-40SH","Dream Reach 2 Pack Kitchen Scissors, All-metal, No Plastic Kitchen Shears All Purpose, Heavy Duty Poultry Shears for Food, Food-Grade Stainless Steel","1","amazon.ca","Amazon","Spruce Grove","Alberta","T7X 1R","Combined TCS+MTC","26.59","1.33","0","0","0","0","0","0","0","0","-1.33","-3.99","-7.23","0","0","15.37"
"Oct 17, 2025 12:50:09 a.m. PDT","24662753831","Order","702-8918521-6189836","9B-5VGN-40SH","Dream Reach 2 Pack Kitchen Scissors, All-metal, No Plastic Kitchen Shears All Purpose, Heavy Duty Poultry Shears for Food, Food-Grade Stainless Steel","1","amazon.ca","Amazon","Milton","Ontario","L9T 4W","Combined TCS+MTC","26.59","3.46","0","0","0","0","0","0","0","0","-3.46","-3.99","-7.23","0","0","15.37"
"Oct 17, 2025 1:31:54 a.m. PDT","24662753831","Order","701-4485557-6377034","9B-5VGN-40SH","Dream Reach 2 Pack Kitchen Scissors, All-metal, No Plastic Kitchen Shears All Purpose, Heavy Duty Poultry Shears for Food, Food-Grade Stainless Steel","1","amazon.ca","Amazon","Vaughan","Ontario","L4L 9R","Combined TCS+MTC","26.59","3.46","0","0","0","0","0","0","0","0","-3.46","-3.99","-7.23","0","0","15.37"
"Oct 17, 2025 1:47:56 a.m. PDT","24662753831","Order","702-7050656-3581863","9B-5VGN-40SH","Dream Reach 2 Pack Kitchen Scissors, All-metal, No Plastic Kitchen Shears All Purpose, Heavy Duty Poultry Shears for Food, Food-Grade Stainless Steel","1","amazon.ca","Amazon","Cambridge","Ontario","N1R 5K","Combined TCS+MTC","26.59","3.46","0","0","0","0","0","0","0","0","-3.46","-3.99","-7.23","0","0","15.37"
"Oct 17, 2025 2:36:46 a.m. PDT","24662753831","Order","702-1575230-5105051","9B-5VGN-40SH","Dream Reach 2 Pack Kitchen Scissors, All-metal, No Plastic Kitchen Shears All Purpose, Heavy Duty Poultry Shears for Food, Food-Grade Stainless Steel","1","amazon.ca","Amazon","Mississauga","Ontario","L4Z 3R","Combined TCS+MTC","37.99","4.94","6.99","0","0","0","0","0","-6.99","0","-4.94","-5.70","-7.23","0","0","25.06"
"Oct 17, 2025 3:03:49 a.m. PDT","24662753831","Order","702-9141355-3437848","9B-5VGN-40SH","Dream Reach 2 Pack Kitchen Scissors, All-metal, No Plastic Kitchen Shears All Purpose, Heavy Duty Poultry Shears for Food, Food-Grade Stainless Steel","1","amazon.ca","Amazon","Maple Ridge","British Columbia","V2X 2K","Combined TCS+MTC","26.59","3.19","0","0","0","0","0","0","0","0","-3.19","-3.99","-7.74","0","0","14.86"
"Oct 17, 2025 3:15:44 a.m. PDT","24662753831","Order","702-0435408-6841811","BBJK06-Set6","Dream Reach 6PCS Kitchen Knife Set, Kitchen Knives, Butcher Knife Set, Chef Knife Set, Meat Cleaver Knife, High-Hardness Steel Knives with Ergonomic W","1","amazon.ca","Amazon","Campbellford","Ontario","K0L 1L","Combined TCS+MTC","67.99","8.84","0","0","0","0","0","0","0","0","-8.84","-10.20","-10.77","0","0","47.02"
"Oct 17, 2025 3:23:56 a.m. PDT","24662753831","Order","701-2879696-7805006","BBJK06-Set6","Dream Reach 6PCS Kitchen Knife Set, Kitchen Knives, Butcher Knife Set, Chef Knife Set, Meat Cleaver Knife, High-Hardness Steel Knives with Ergonomic W","1","amazon.ca","Amazon","Ballinafad","Ontario","N0B 1H","Combined TCS+MTC","67.99","8.84","0","0","0","0","0","0","0","0","-8.84","-10.20","-10.77","0","0","47.02"
"Oct 17, 2025 3:30:38 a.m. PDT","24662753831","Order","701-4331857-3170633","9B-5VGN-40SH","Dream Reach 2 Pack Kitchen Scissors, All-metal, No Plastic Kitchen Shears All Purpose, Heavy Duty Poultry Shears for Food, Food-Grade Stainless Steel","1","amazon.ca","Amazon","Peterborough","Ontario","K9H 6K","Combined TCS+MTC","26.59","3.46","0","0","0","0","0","0","0","0","-3.46","-3.99","-7.23","0","0","15.37"
"Oct 17, 2025 4:10:32 a.m. PDT","24662753831","Order","701-6944738-0301832","KF02-BBJ","Dream Reach Feather Viking Knife - 5.9"" Japanese Boning Knife Handmade Cooking Butcher Cleaver for Meat Cutting with Sheath","1","amazon.ca","Amazon","Kelowna","British Columbia","V1Y 6H","Combined TCS+MTC","35.19","4.22","0","0","0","0","0","0","0","0","-4.22","-5.28","-6.73","0","0","23.18"
"Oct 17, 2025 4:27:43 a.m. PDT","24662753831","Order","702-8664176-4384262","HS1901","Dream Reach 6"" Professional Hair Cutting Scissors Japan 440C Steel Thinning Scissor for Men/Women Cutting for Salon/Barber/Home (Straight Scissors)","1","amazon.ca","Amazon","Gatineau","Quebec","J8R 3M","Combined TCS+MTC","30.79","4.61","0","0","0","0","0","0","0","0","-4.61","-4.62","-6.12","0","0","20.05"
"Oct 17, 2025 5:00:48 a.m. PDT","24662753831","Order","701-3672594-0217853","CWJ02-Purple7Set-BBJ","Dream Reach Dog Grooming Scissors - 7"" Professional 6 in 1 Pet Scissors Sharp and Durable Shears Set Thinning, Chunker, Straight, Curved Shears and Co","1","amazon.ca","Amazon","Parkland county","AB","T7Y 0E","Combined TCS+MTC","41.99","2.10","0","0","0","0","0","0","0","0","-2.10","-6.30","-6.36","0","0","29.33"
"Oct 17, 2025 5:01:16 a.m. PDT","24662753831","Order","701-8161278-6917025","9B-5VGN-40SH","Dream Reach 2 Pack Kitchen Scissors, All-metal, No Plastic Kitchen Shears All Purpose, Heavy Duty Poultry Shears for Food, Food-Grade Stainless Steel","1","amazon.ca","Amazon","SURREY","BC","V3W 2W","Combined TCS+MTC","26.59","1.33","0","0","0","0","0","0","0","0","-1.33","-3.99","-7.74","0","0","14.86"
"Oct 17, 2025 5:15:55 a.m. PDT","24662753831","Order","702-7558783-6500215","9B-5VGN-40SH","Dream Reach 2 Pack Kitchen Scissors, All-metal, No Plastic Kitchen Shears All Purpose, Heavy Duty Poultry Shears for Food, Food-Grade Stainless Steel","1","amazon.ca","Amazon","Calgary","Alberta","T2T 2T","Combined TCS+MTC","26.59","1.33","0","0","0","0","0","0","0","0","-1.33","-3.99","-7.23","0","0","15.37"
"Oct 17, 2025 5:23:48 a.m. PDT","24662753831","Order","702-9865756-6919445","9B-5VGN-40SH","Dream Reach 2 Pack Kitchen Scissors, All-metal, No Plastic Kitchen Shears All Purpose, Heavy Duty Poultry Shears for Food, Food-Grade Stainless Steel","1","amazon.ca","Amazon","Amherstview","Ontario","K7N 1H","Combined TCS+MTC","26.59","3.46","0","0","0","0","0","0","0","0","-3.46","-3.99","-7.23","0","0","15.37"
"Oct 17, 2025 5:43:00 a.m. PDT","24662753831","Order","702-4322328-9311412","9B-5VGN-40SH","Dream Reach 2 Pack Kitchen Scissors, All-metal, No Plastic Kitchen Shears All Purpose, Heavy Duty Poultry Shears for Food, Food-Grade Stainless Steel","1","amazon.ca","Amazon","Quebec","Quebec","G1S 2P","Combined TCS+MTC","37.99","5.69","0","0","0","0","0","0","0","0","-5.69","-5.70","-7.23","0","0","25.06"
"Oct 17, 2025 6:02:01 a.m. PDT","24662753831","Order","702-8191564-7537039","9B-5VGN-40SH","Dream Reach 2 Pack Kitchen Scissors, All-metal, No Plastic Kitchen Shears All Purpose, Heavy Duty Poultry Shears for Food, Food-Grade Stainless Steel","1","amazon.ca","Amazon","Windsor","Ontario","N9B 3S","Combined TCS+MTC","26.59","3.46","0","0","0","0","0","0","0","0","-3.46","-3.99","-7.23","0","0","15.37"
"Oct 17, 2025 6:06:08 a.m. PDT","24662753831","Order","702-7795051-1561845","9B-5VGN-40SH","Dream Reach 2 Pack Kitchen Scissors, All-metal, No Plastic Kitchen Shears All Purpose, Heavy Duty Poultry Shears for Food, Food-Grade Stainless Steel","1","amazon.ca","Amazon","Hamilton","Ontario","L8H 1N","Combined TCS+MTC","26.59","3.46","0","0","0","0","0","0","0","0","-3.46","-3.99","-7.23","0","0","15.37"
"Oct 17, 2025 6:23:08 a.m. PDT","24662753831","Order","702-0500397-2681055","KF01-BBJ","Dream Reach Viking Cleaver Knife Butcher Meat Cutting Boning Knife High Carbon Steel Kitchen Axe with Sheath Home Outdoor BBQ Camping Birthday Christm","1","amazon.ca","Amazon","Edmonton","Alberta","T6K 0N","Combined TCS+MTC","39.99","2.00","0","0","0","0","0","0","0","0","-2.00","-6.00","-7.74","0","0","26.25"
"Oct 17, 2025 6:53:07 a.m. PDT","24662753831","Order","702-7762963-2620212","9B-5VGN-40SH","Dream Reach 2 Pack Kitchen Scissors, All-metal, No Plastic Kitchen Shears All Purpose, Heavy Duty Poultry Shears for Food, Food-Grade Stainless Steel","1","amazon.ca","Amazon","Rockwood","Ontario","N0B 2K","Combined TCS+MTC","26.59","3.46","0","0","0","0","0","0","0","0","-3.46","-3.99","-7.23","0","0","15.37"
"Oct 17, 2025 7:08:52 a.m. PDT","24662753831","Order","702-9586385-7092228","CWJ02-Black7.5Set-BBJ","Dream Reach Dog Grooming Scissors - Professional 7.5 Inch Pet Scissors Sharp and Durable Shears Set Thinning, Chunker, Straight, Curved Shears and Com","2","amazon.ca","Amazon","Pointe-Claire","Quebec","H9R 2W","Combined TCS+MTC","80.38","12.04","0","0","0","0","0","0","0","0","-12.04","-12.06","-14.46","0","0","53.86"
"Oct 17, 2025 7:36:17 a.m. PDT","24662753831","Order","701-5142849-1726666","HS1901","Dream Reach 6"" Professional Hair Cutting Scissors Japan 440C Steel Thinning Scissor for Men/Women Cutting for Salon/Barber/Home (Straight Scissors)","1","amazon.ca","Amazon","Melvern Square","Nova Scotia","B0P 1R","Combined TCS+MTC","30.79","4.31","0","0","0","0","0","0","0","0","-4.31","-4.62","-6.12","0","0","20.05"
"Oct 17, 2025 8:00:14 a.m. PDT","24662753831","Order","701-8594127-3360226","9B-5VGN-40SH","Dream Reach 2 Pack Kitchen Scissors, All-metal, No Plastic Kitchen Shears All Purpose, Heavy Duty Poultry Shears for Food, Food-Grade Stainless Steel","1","amazon.ca","Amazon","North York","Ontario","M3H 0B","Combined TCS+MTC","26.59","3.46","0","0","0","0","0","0","0","0","-3.46","-3.99","-7.23","0","0","15.37"
"Oct 17, 2025 8:13:39 a.m. PDT","24662753831","Order","702-9025742-1726636","9B-5VGN-40SH","Dream Reach 2 Pack Kitchen Scissors, All-metal, No Plastic Kitchen Shears All Purpose, Heavy Duty Poultry Shears for Food, Food-Grade Stainless Steel","1","amazon.ca","Amazon","Langdon","Alberta","T0J 1X","Combined TCS+MTC","26.59","1.33","0","0","0","0","0","0","0","0","-1.33","-3.99","-7.23","0","0","15.37"
"Oct 17, 2025 8:29:33 a.m. PDT","24662753831","Order","702-2473330-2969068","9B-5VGN-40SH","Dream Reach 2 Pack Kitchen Scissors, All-metal, No Plastic Kitchen Shears All Purpose, Heavy Duty Poultry Shears for Food, Food-Grade Stainless Steel","1","amazon.ca","Amazon","Ottawa","Ontario","K2H 8J","Combined TCS+MTC","26.59","3.46","6.99","0","0","0","0","0","-6.99","0","-3.46","-3.99","-7.23","0","0","15.37"
"Oct 17, 2025 9:02:41 a.m. PDT","24662753831","Order","701-1247032-9589044","9B-5VGN-40SH","Dream Reach 2 Pack Kitchen Scissors, All-metal, No Plastic Kitchen Shears All Purpose, Heavy Duty Poultry Shears for Food, Food-Grade Stainless Steel","1","amazon.ca","Amazon","Bolton","ON","L7E 2H","Combined TCS+MTC","26.59","3.46","0","0","0","0","0","0","0","0","-3.46","-3.99","-7.23","0","0","15.37"
"Oct 17, 2025 9:06:35 a.m. PDT","24662753831","Order","702-5174263-4923455","9B-5VGN-40SH","Dream Reach 2 Pack Kitchen Scissors, All-metal, No Plastic Kitchen Shears All Purpose, Heavy Duty Poultry Shears for Food, Food-Grade Stainless Steel","1","amazon.ca","Amazon","Guelph","Ontario","N1G 3Z","Combined TCS+MTC","26.59","3.46","0","0","0","0","0","0","0","0","-3.46","-3.99","-7.23","0","0","15.37"
"Oct 17, 2025 9:29:02 a.m. PDT","24662753831","Order","702-2312121-3873803","9B-5VGN-40SH","Dream Reach 2 Pack Kitchen Scissors, All-metal, No Plastic Kitchen Shears All Purpose, Heavy Duty Poultry Shears for Food, Food-Grade Stainless Steel","1","amazon.ca","Amazon","Saint-Anicet","Quebec","J0S 1M","Combined TCS+MTC","26.59","3.98","0","0","0","0","0","0","0","0","-3.98","-3.99","-7.23","0","0","15.37"
"Oct 17, 2025 11:51:58 a.m. PDT","24662753831","Order","702-2336861-9692232","9B-5VGN-40SH","Dream Reach 2 Pack Kitchen Scissors, All-metal, No Plastic Kitchen Shears All Purpose, Heavy Duty Poultry Shears for Food, Food-Grade Stainless Steel","1","amazon.ca","Amazon","Nepean","Ontario","K2J 0X","Combined TCS+MTC","26.59","3.46","0","0","0","0","0","0","0","0","-3.46","-3.99","-7.23","0","0","15.37"
"Oct 17, 2025 11:56:48 a.m. PDT","24662753831","Order","702-7830522-5326629","9B-5VGN-40SH","Dream Reach 2 Pack Kitchen Scissors, All-metal, No Plastic Kitchen Shears All Purpose, Heavy Duty Poultry Shears for Food, Food-Grade Stainless Steel","1","amazon.ca","Amazon","Toronto","Ontario","M6R 1L","Combined TCS+MTC","37.99","4.94","0","0","0","0","0","0","0","0","-4.94","-5.70","-7.23","0","0","25.06"
"Oct 17, 2025 2:26:19 p.m. PDT","24662753831","FBA Inventory Fee","701-8028407-9600230","","Fulfilment by Amazon removal order: disposal fee","","Amazon.ca","","","","","","0","0","0","0","0","0","0","0","0","0","0","0","0","0","-0.82","-0.82"
"Oct 17, 2025 2:26:34 p.m. PDT","24662753831","FBA Inventory Fee","702-4091695-3922655","","Fulfilment by Amazon removal order: disposal fee","","Amazon.ca","","","","","","0","0","0","0","0","0","0","0","0","0","0","0","0","0","-1.62","-1.62"
"Oct 17, 2025 4:44:21 p.m. PDT","24662753831","Order","701-0844866-9012226","KF05-BBJ","Dream Reach Meat Cleaver Knife Heavy Duty Bone Chopper High Carbon Steel Butcher Axe Bone Cutting Knife Hand Forged Butcher Knife for Kitchen Outdoor","1","amazon.ca","Amazon","Surrey","British Columbia","V3R 1W","Combined TCS+MTC","36.79","4.41","0","0","0","0","0","0","0","0","-4.41","-5.52","-9.04","0","0","22.23"
"Oct 17, 2025 5:48:38 p.m. PDT","24662753831","Adjustment","702-4810271-6008211","9B-5VGN-40SH","FBA Inventory Reimbursement - Customer Return","1","","","","","","","0","0","0","0","0","0","0","0","0","0","0","0","0","0","24.64","24.64"
"Oct 17, 2025 5:57:29 p.m. PDT","24662753831","Service Fee","","","Cost of advertising","","","","","","","","0","0","0","0","0","0","0","0","0","0","0","0","0","-500.94","0","-500.94"
"Oct 17, 2025 6:49:40 p.m. PDT","24662753831","Order","701-2589709-0949026","KF05-BBJ","Dream Reach Meat Cleaver Knife Heavy Duty Bone Chopper High Carbon Steel Butcher Axe Bone Cutting Knife Hand Forged Butcher Knife for Kitchen Outdoor","1","amazon.ca","Amazon","McAdam","New Brunswick","E6J 0A","Combined TCS+MTC","36.79","5.52","0","0","0","0","0","0","0","0","-5.52","-5.52","-9.04","0","0","22.23"
"Oct 17, 2025 8:04:21 p.m. PDT","24662753831","Order","702-9785357-3625003","9B-5VGN-40SH","Dream Reach 2 Pack Kitchen Scissors, All-metal, No Plastic Kitchen Shears All Purpose, Heavy Duty Poultry Shears for Food, Food-Grade Stainless Steel","1","amazon.ca","Amazon","Toronto","Ontario","M5E 0A","Combined TCS+MTC","37.99","4.94","0","0","0","0","0","0","0","0","-4.94","-5.70","-7.23","0","0","25.06"
"Oct 17, 2025 9:14:25 p.m. PDT","24662753831","Order","701-1994728-3057044","37-EQUL-C5MA","Dream Reach HIGH-END Series Japanese 440C Stainless 6.0"" 360° Swivel Thumb Ring Professional Barber Razor Edge Hairdressing Straight Cutting Scissors","1","amazon.ca","Amazon","Moose Jaw","SK","S6H 3R","Combined TCS+MTC","41.85","4.60","0","0","0","0","0","0","0","0","-4.60","-6.28","-4.71","0","0","30.86"
"Oct 17, 2025 10:39:21 p.m. PDT","24662753831","Order","702-4773365-4660230","9B-5VGN-40SH","Dream Reach 2 Pack Kitchen Scissors, All-metal, No Plastic Kitchen Shears All Purpose, Heavy Duty Poultry Shears for Food, Food-Grade Stainless Steel","1","amazon.ca","Amazon","Langley","British Columbia","V3A 8L","Combined TCS+MTC","26.59","3.19","0","0","0","0","0","0","0","0","-3.19","-3.99","-7.23","0","0","15.37"
"Oct 17, 2025 10:53:03 p.m. PDT","24662753831","Order","702-6925251-6165807","KF01-BBJ","Dream Reach Viking Cleaver Knife Butcher Meat Cutting Boning Knife High Carbon Steel Kitchen Axe with Sheath Home Outdoor BBQ Camping Birthday Christm","1","amazon.ca","Amazon","Petrolia","Ontario","N0N 1R","Combined TCS+MTC","39.99","5.20","0","0","0","0","0","0","0","0","-5.20","-6.00","-7.23","0","0","26.76"
"Oct 17, 2025 11:21:54 p.m. PDT","24662753831","Order","702-6452748-0319430","KF04-BBJ","Dream Reach Meat Bone Cleaver Knife for Meat Cutting Handmade Heavy Duty Butcher Axes Hand Forged Full Tang Chopper for Kitchen Outdoor BBQ Chef Gifts","1","amazon.ca","Amazon","Richmond Hill","Ontario","L4C 1B","Combined TCS+MTC","34.39","4.47","0","0","0","0","0","0","0","0","-4.47","-5.16","-8.25","0","0","20.98"
"Oct 18, 2025 12:26:32 a.m. PDT","24662753831","Order","702-0113769-7299464","9B-5VGN-40SH","Dream Reach 2 Pack Kitchen Scissors, All-metal, No Plastic Kitchen Shears All Purpose, Heavy Duty Poultry Shears for Food, Food-Grade Stainless Steel","1","amazon.ca","Amazon","Bedford","Nova Scotia","B4A 3V","Combined TCS+MTC","26.59","3.72","0","0","0","0","0","0","0","0","-3.72","-3.99","-7.23","0","0","15.37"
"Oct 18, 2025 12:47:52 a.m. PDT","24662753831","Order","701-9804876-5389818","9B-5VGN-40SH","Dream Reach 2 Pack Kitchen Scissors, All-metal, No Plastic Kitchen Shears All Purpose, Heavy Duty Poultry Shears for Food, Food-Grade Stainless Steel","1","amazon.ca","Amazon","New Westminster","British Columbia","V3M 0B","Combined TCS+MTC","26.59","3.19","0","0","0","0","0","0","0","0","-3.19","-3.99","-7.74","0","0","14.86"
"Oct 18, 2025 2:32:55 a.m. PDT","24759617131","Order","701-5714177-5171419","WanJian","Dream Reach Professional Dog Grooming Straight, Curved, Thinning/Blending/Chunking Scissors Kit, JP-440C Stainless Steel Pet Cat Hair Cutting/Trimming","1","amazon.ca","Amazon","Ottawa","ON","K2M 0A","Combined TCS+MTC","27.99","3.64","0","0","0","0","0","0","0","0","-3.64","-4.20","-6.12","0","0","17.67"
"Oct 18, 2025 3:04:47 a.m. PDT","24759617131","Order","701-5869273-7572259","KF05-BBJ","Dream Reach Meat Cleaver Knife Heavy Duty Bone Chopper High Carbon Steel Butcher Axe Bone Cutting Knife Hand Forged Butcher Knife for Kitchen Outdoor","1","amazon.ca","Amazon","Scarborough","Ontario","M1M3R","Combined TCS+MTC","36.79","4.78","0","0","0","0","0","0","0","0","-4.78","-5.52","-9.04","0","0","22.23"
"Oct 18, 2025 3:09:05 a.m. PDT","24759617131","Order","701-0028137-8194628","KF02-BBJ","Dream Reach Feather Viking Knife - 5.9"" Japanese Boning Knife Handmade Cooking Butcher Cleaver for Meat Cutting with Sheath","1","amazon.ca","Amazon","Wallaceburg","Ontario","N8A 3R","Combined TCS+MTC","35.19","4.57","0","0","0","0","0","0","0","0","-4.57","-5.28","-6.73","0","0","23.18"
"Oct 18, 2025 3:09:15 a.m. PDT","24759617131","Order","701-3577056-6983447","9B-5VGN-40SH","Dream Reach 2 Pack Kitchen Scissors, All-metal, No Plastic Kitchen Shears All Purpose, Heavy Duty Poultry Shears for Food, Food-Grade Stainless Steel","1","amazon.ca","Amazon","Toronto","Ontario","M9C 1S","Combined TCS+MTC","26.59","3.46","6.99","0","0","0","0","0","-6.99","0","-3.46","-3.99","-7.23","0","0","15.37"
"Oct 18, 2025 4:19:42 a.m. PDT","24759617131","Order","702-8690300-0559468","9B-5VGN-40SH","Dream Reach 2 Pack Kitchen Scissors, All-metal, No Plastic Kitchen Shears All Purpose, Heavy Duty Poultry Shears for Food, Food-Grade Stainless Steel","1","amazon.ca","Amazon","Brantford","Ontario","N3T 0S","Combined TCS+MTC","26.59","3.46","0","0","0","0","0","0","0","0","-3.46","-3.99","-7.23","0","0","15.37"
"Oct 18, 2025 4:50:48 a.m. PDT","24759617131","Order","702-7600872-2307467","9B-5VGN-40SH","Dream Reach 2 Pack Kitchen Scissors, All-metal, No Plastic Kitchen Shears All Purpose, Heavy Duty Poultry Shears for Food, Food-Grade Stainless Steel","1","amazon.ca","Amazon","Vancouver","British Columbia","V5T 2M","Combined TCS+MTC","26.59","3.19","0","0","0","0","0","0","0","0","-3.19","-3.99","-7.23","0","0","15.37"
"Oct 18, 2025 5:44:49 a.m. PDT","24759617131","Order","702-0029625-2624250","9B-5VGN-40SH","Dream Reach 2 Pack Kitchen Scissors, All-metal, No Plastic Kitchen Shears All Purpose, Heavy Duty Poultry Shears for Food, Food-Grade Stainless Steel","1","amazon.ca","Amazon","Toronto","Ontario","M1T 1X","Combined TCS+MTC","26.59","3.46","0","0","0","0","0","0","0","0","-3.46","-3.99","-7.23","0","0","15.37"
"Oct 18, 2025 5:46:02 a.m. PDT","24759617131","Order","702-0243922-6241819","9B-5VGN-40SH","Dream Reach 2 Pack Kitchen Scissors, All-metal, No Plastic Kitchen Shears All Purpose, Heavy Duty Poultry Shears for Food, Food-Grade Stainless Steel","1","amazon.ca","Amazon","Mississauga","Ontario","L4Z 3A","Combined TCS+MTC","26.59","3.46","6.99","0","0","0","0","0","-6.99","0","-3.46","-3.99","-7.23","0","0","15.37"
"Oct 18, 2025 7:04:44 a.m. PDT","24759617131","Order","702-8792029-9439436","9B-5VGN-40SH","Dream Reach 2 Pack Kitchen Scissors, All-metal, No Plastic Kitchen Shears All Purpose, Heavy Duty Poultry Shears for Food, Food-Grade Stainless Steel","1","amazon.ca","Amazon","Calgary","Alberta","T3M 0T","Combined TCS+MTC","26.59","1.33","6.99","0","0","0","0","0","-6.99","0","-1.33","-3.99","-7.23","0","0","15.37"
"Oct 18, 2025 7:29:43 a.m. PDT","24759617131","Order","701-4942622-1071426","9B-5VGN-40SH","Dream Reach 2 Pack Kitchen Scissors, All-metal, No Plastic Kitchen Shears All Purpose, Heavy Duty Poultry Shears for Food, Food-Grade Stainless Steel","1","amazon.ca","Amazon","Edmonton","Alberta","T6E 2W","Combined TCS+MTC","26.59","1.33","6.99","0","0","0","0","0","-6.99","0","-1.33","-3.99","-7.23","0","0","15.37"
"Oct 18, 2025 7:48:49 a.m. PDT","24759617131","Order","701-0236372-6455450","9B-5VGN-40SH","Dream Reach 2 Pack Kitchen Scissors, All-metal, No Plastic Kitchen Shears All Purpose, Heavy Duty Poultry Shears for Food, Food-Grade Stainless Steel","1","amazon.ca","Amazon","L'Assomption","Quebec","J5W 1H","Combined TCS+MTC","37.99","5.69","0","0","0","0","0","0","0","0","-5.69","-5.70","-7.23","0","0","25.06"
"Oct 18, 2025 7:51:52 a.m. PDT","24759617131","Order","701-6115530-9103447","37-EQUL-C5MA","Dream Reach HIGH-END Series Japanese 440C Stainless 6.0"" 360° Swivel Thumb Ring Professional Barber Razor Edge Hairdressing Straight Cutting Scissors","1","amazon.ca","Amazon","Winnipeg","Manitoba","R2W 1N","Combined TCS+MTC","41.85","5.02","0","0","0","0","0","0","0","0","-5.02","-6.28","-4.71","0","0","30.86"
"Oct 18, 2025 8:00:56 a.m. PDT","24759617131","Order","702-4493766-5985836","9B-5VGN-40SH","Dream Reach 2 Pack Kitchen Scissors, All-metal, No Plastic Kitchen Shears All Purpose, Heavy Duty Poultry Shears for Food, Food-Grade Stainless Steel","1","amazon.ca","Amazon","Notre-Dame-Du-Mont-Carmel","Quebec","G0X 3J","Combined TCS+MTC","26.59","3.98","0","0","0","0","0","0","0","0","-3.98","-3.99","-7.23","0","0","15.37"
"Oct 18, 2025 8:07:19 a.m. PDT","24759617131","Order","701-4514914-1227415","9B-5VGN-40SH","Dream Reach 2 Pack Kitchen Scissors, All-metal, No Plastic Kitchen Shears All Purpose, Heavy Duty Poultry Shears for Food, Food-Grade Stainless Steel","1","amazon.ca","Amazon","Walkerton","Ontario","N0G 2V","Combined TCS+MTC","26.59","3.46","0","0","0","0","0","0","0","0","-3.46","-3.99","-7.23","0","0","15.37"
"Oct 18, 2025 8:34:08 a.m. PDT","24759617131","Order","701-1678886-4717050","9B-5VGN-40SH","Dream Reach 2 Pack Kitchen Scissors, All-metal, No Plastic Kitchen Shears All Purpose, Heavy Duty Poultry Shears for Food, Food-Grade Stainless Steel","1","amazon.ca","Amazon","ABBOTSFORD","BRITISH COLUMBIA","V2S 7J","Combined TCS+MTC","26.59","3.19","0","0","0","0","0","0","0","0","-3.19","-3.99","-7.74","0","0","14.86"
"Oct 18, 2025 8:37:12 a.m. PDT","24759617131","Order","702-6835032-8326624","9B-5VGN-40SH","Dream Reach 2 Pack Kitchen Scissors, All-metal, No Plastic Kitchen Shears All Purpose, Heavy Duty Poultry Shears for Food, Food-Grade Stainless Steel","1","amazon.ca","Amazon","Quebec","Quebec","G2A 2J","Combined TCS+MTC","26.59","3.98","0","0","0","0","0","0","0","0","-3.98","-3.99","-7.23","0","0","15.37"
"Oct 18, 2025 8:37:45 a.m. PDT","24759617131","Order","701-1094616-1362661","KF05-BBJ","Dream Reach Meat Cleaver Knife Heavy Duty Bone Chopper High Carbon Steel Butcher Axe Bone Cutting Knife Hand Forged Butcher Knife for Kitchen Outdoor","1","amazon.ca","Amazon","Surrey","British Columbia","V4A 9R","Combined TCS+MTC","36.79","4.41","0","0","0","0","0","0","0","0","-4.41","-5.52","-9.04","0","0","22.23"
"Oct 18, 2025 8:55:18 a.m. PDT","24759617131","Order","701-9984119-1782642","KF05-BBJ","Dream Reach Meat Cleaver Knife Heavy Duty Bone Chopper High Carbon Steel Butcher Axe Bone Cutting Knife Hand Forged Butcher Knife for Kitchen Outdoor","2","amazon.ca","Amazon","Guelph","ON","N1E 5J","Combined TCS+MTC","73.58","9.56","0","0","0","0","0","0","0","0","-9.56","-11.04","-18.08","0","0","44.46"
"Oct 18, 2025 8:56:03 a.m. PDT","24759617131","Order","701-2018149-1621063","BBJK06-Set6","Dream Reach 6PCS Kitchen Knife Set, Kitchen Knives, Butcher Knife Set, Chef Knife Set, Meat Cleaver Knife, High-Hardness Steel Knives with Ergonomic W","1","amazon.ca","Amazon","Whitby","Ontario","L1M 2B","Combined TCS+MTC","67.99","8.84","0","0","0","0","0","0","0","0","-8.84","-10.20","-10.77","0","0","47.02"
"Oct 18, 2025 9:02:58 a.m. PDT","24759617131","Order","702-0854743-6912244","KF01-BBJ","Dream Reach Viking Cleaver Knife Butcher Meat Cutting Boning Knife High Carbon Steel Kitchen Axe with Sheath Home Outdoor BBQ Camping Birthday Christm","1","amazon.ca","Amazon","Langley","British Columbia","V3A 2S","Combined TCS+MTC","39.99","4.80","0","0","0","0","0","0","0","0","-4.80","-6.00","-7.74","0","0","26.25"
"Oct 18, 2025 9:04:55 a.m. PDT","24759617131","Refund","702-3309839-0345826","KF05-BBJ","Dream Reach Meat Cleaver Knife Heavy Duty Bone Chopper High Carbon Steel Butcher Axe Bone Cutting Knife Hand Forged Butcher Knife for Kitchen Outdoor","1","amazon.ca","Amazon","FORT MCMURRAY","AB","T9H3A","Combined TCS+MTC","-49.99","-2.25","-5.90","0","0","0","0","0","10.90","0","2.25","5.40","0","0","0","-39.59"
"Oct 18, 2025 9:12:20 a.m. PDT","24759617131","Order","702-9833677-3332232","KF02-BBJ","Dream Reach Chef Knife, Japanese Kitchen Knife, Sharp Stainless Steel Viking Style Meat Knife with Wooden Handle, Feather Design Cooking Knife with Sh","1","amazon.ca","Amazon","Sainte-Agathe-Des-Monts","Quebec","J8C 2Z","Combined TCS+MTC","35.19","5.27","0","0","0","0","0","0","0","0","-5.27","-5.28","-6.73","0","0","23.18"
"Oct 18, 2025 9:14:47 a.m. PDT","24759617131","Order","702-9869371-7715456","KF02-BBJ","Dream Reach Feather Viking Knife - 5.9"" Japanese Boning Knife Handmade Cooking Butcher Cleaver for Meat Cutting with Sheath","1","amazon.ca","Amazon","Winnipeg","Manitoba","R2V0C","Combined TCS+MTC","35.19","4.22","0","0","0","0","0","0","0","0","-4.22","-5.28","-6.73","0","0","23.18"
"Oct 18, 2025 5:45:44 p.m. PDT","24759617131","Order","701-6488734-8503447","9B-5VGN-40SH","Dream Reach 2 Pack Kitchen Scissors, All-metal, No Plastic Kitchen Shears All Purpose, Heavy Duty Poultry Shears for Food, Food-Grade Stainless Steel","1","amazon.ca","Amazon","Saskatoon","Saskatchewan","S7L 3V","Combined TCS+MTC","26.59","2.92","0","0","0","0","0","0","0","0","-2.92","-3.99","-7.23","0","0","15.37"
"Oct 18, 2025 9:26:37 p.m. PDT","24759617131","Order","701-8458650-7065051","KF04-BBJ","Dream Reach Meat Bone Cleaver Knife for Meat Cutting Handmade Heavy Duty Butcher Axes Hand Forged Full Tang Chopper for Kitchen Outdoor BBQ Chef Gifts","1","amazon.ca","Amazon","Owen sound","Ontario","N4K 2R","Combined TCS+MTC","34.39","4.47","0","0","0","0","0","0","0","0","-4.47","-5.16","-8.25","0","0","20.98"
"Oct 18, 2025 9:38:12 p.m. PDT","24759617131","Order","702-7054240-5865828","9B-5VGN-40SH","Dream Reach 2 Pack Kitchen Scissors, All-metal, No Plastic Kitchen Shears All Purpose, Heavy Duty Poultry Shears for Food, Food-Grade Stainless Steel","1","amazon.ca","Amazon","Vancouver","British Columbia","V5X 1J","Combined TCS+MTC","26.59","3.19","0","0","0","0","0","0","0","0","-3.19","-3.99","-7.74","0","0","14.86"
"Oct 18, 2025 11:35:53 p.m. PDT","24759617131","Order","701-2570700-2711443","9B-5VGN-40SH","Dream Reach 2 Pack Kitchen Scissors, All-metal, No Plastic Kitchen Shears All Purpose, Heavy Duty Poultry Shears for Food, Food-Grade Stainless Steel","1","amazon.ca","Amazon","Dartmouth","Nova Scotia","B3A 4Z","Combined TCS+MTC","26.59","3.72","0","0","0","0","0","0","0","0","-3.72","-3.99","-7.23","0","0","15.37"
"Oct 19, 2025 12:24:35 a.m. PDT","24759617131","Order","701-2022303-7183442","9B-5VGN-40SH","Dream Reach 2 Pack Kitchen Scissors, All-metal, No Plastic Kitchen Shears All Purpose, Heavy Duty Poultry Shears for Food, Food-Grade Stainless Steel","1","amazon.ca","Amazon","Oakville","Ontario","L6J 5S","Combined TCS+MTC","26.59","3.46","0","0","0","0","0","0","0","0","-3.46","-3.99","-7.23","0","0","15.37"
"Oct 19, 2025 12:56:42 a.m. PDT","24759617131","Order","702-2544147-8065834","9B-5VGN-40SH","Dream Reach 2 Pack Kitchen Scissors, All-metal, No Plastic Kitchen Shears All Purpose, Heavy Duty Poultry Shears for Food, Food-Grade Stainless Steel","1","amazon.ca","Amazon","Burnaby","British Columbia","V5E 2B","Combined TCS+MTC","26.59","3.19","0","0","0","0","0","0","0","0","-3.19","-3.99","-7.74","0","0","14.86"
"Oct 19, 2025 1:02:23 a.m. PDT","24759617131","Order","702-6704020-6988237","9B-5VGN-40SH","Dream Reach 2 Pack Kitchen Scissors, All-metal, No Plastic Kitchen Shears All Purpose, Heavy Duty Poultry Shears for Food, Food-Grade Stainless Steel","1","amazon.ca","Amazon","Montréal","Québec","H1V 3S","Combined TCS+MTC","26.59","3.98","0","0","0","0","0","0","0","0","-3.98","-3.99","-7.23","0","0","15.37"
"Oct 19, 2025 2:01:59 a.m. PDT","24759617131","Order","701-6880762-9576241","9B-5VGN-40SH","Dream Reach 2 Pack Kitchen Scissors, All-metal, No Plastic Kitchen Shears All Purpose, Heavy Duty Poultry Shears for Food, Food-Grade Stainless Steel","1","amazon.ca","Amazon","Bedford","Nova Scotia","B4B 0P","Combined TCS+MTC","26.59","3.72","0","0","0","0","0","0","0","0","-3.72","-3.99","-7.23","0","0","15.37"
"Oct 19, 2025 2:08:07 a.m. PDT","24759617131","Order","701-1363839-1129063","9B-5VGN-40SH","Dream Reach 2 Pack Kitchen Scissors, All-metal, No Plastic Kitchen Shears All Purpose, Heavy Duty Poultry Shears for Food, Food-Grade Stainless Steel","1","amazon.ca","Amazon","Priddis Greens","Alberta","T0L 1W","Combined TCS+MTC","37.99","1.90","0","0","0","0","0","0","0","0","-1.90","-5.70","-7.23","0","0","25.06"
"Oct 19, 2025 2:35:57 a.m. PDT","24759617131","Order","701-0664735-2690642","9B-5VGN-40SH","Dream Reach 2 Pack Kitchen Scissors, All-metal, No Plastic Kitchen Shears All Purpose, Heavy Duty Poultry Shears for Food, Food-Grade Stainless Steel","1","amazon.ca","Amazon","Newcastle","Ontario","L1B 1G","Combined TCS+MTC","26.59","3.46","0","0","0","0","0","0","0","0","-3.46","-3.99","-7.23","0","0","15.37"
"Oct 19, 2025 2:49:42 a.m. PDT","24759617131","Order","701-7012918-2813014","9B-5VGN-40SH","Dream Reach 2 Pack Kitchen Scissors, All-metal, No Plastic Kitchen Shears All Purpose, Heavy Duty Poultry Shears for Food, Food-Grade Stainless Steel","1","amazon.ca","Amazon","North Vancouver","British Columbia","V7N 2H","Combined TCS+MTC","26.59","3.19","0","0","0","0","0","0","0","0","-3.19","-3.99","-7.74","0","0","14.86"
"Oct 19, 2025 3:38:35 a.m. PDT","24759617131","Order","701-2948145-7602613","9B-5VGN-40SH","Dream Reach 2 Pack Kitchen Scissors, All-metal, No Plastic Kitchen Shears All Purpose, Heavy Duty Poultry Shears for Food, Food-Grade Stainless Steel","1","amazon.ca","Amazon","Bradford","Ontario","L3Z 4M","Combined TCS+MTC","26.59","3.46","0","0","0","0","0","0","0","0","-3.46","-3.99","-7.23","0","0","15.37"
"Oct 19, 2025 3:53:44 a.m. PDT","24759617131","Order","702-5906711-4961047","9B-5VGN-40SH","Dream Reach 2 Pack Kitchen Scissors, All-metal, No Plastic Kitchen Shears All Purpose, Heavy Duty Poultry Shears for Food, Food-Grade Stainless Steel","1","amazon.ca","Amazon","Papineauville","Quebec","J0V 1R","Combined TCS+MTC","26.59","3.98","0","0","0","0","0","0","0","0","-3.98","-3.99","-7.23","0","0","15.37"
"Oct 19, 2025 4:09:23 a.m. PDT","24759617131","Order","702-3404133-1651442","9B-5VGN-40SH","Dream Reach 2 Pack Kitchen Scissors, All-metal, No Plastic Kitchen Shears All Purpose, Heavy Duty Poultry Shears for Food, Food-Grade Stainless Steel","1","amazon.ca","Amazon","Edmonton","Alberta","T6W 0W","Combined TCS+MTC","25.73","1.29","6.99","0","0","0","0","0","-6.99","0","-1.29","-3.86","-7.23","0","0","14.64"
"Oct 19, 2025 4:37:52 a.m. PDT","24759617131","FBA Inventory Fee","","","FBA Long-Term Storage Fee","","Amazon.ca","","","","","","0","0","0","0","0","0","0","0","0","0","0","0","0","0","-103.83","-103.83"
"Oct 19, 2025 4:49:01 a.m. PDT","24759617131","Order","701-8494608-3342665","9B-5VGN-40SH","Dream Reach 2 Pack Kitchen Scissors, All-metal, No Plastic Kitchen Shears All Purpose, Heavy Duty Poultry Shears for Food, Food-Grade Stainless Steel","1","amazon.ca","Amazon","Richmond","British Columbia","V6Y 3Z","Combined TCS+MTC","26.59","3.19","0","0","0","0","0","0","0","0","-3.19","-3.99","-7.23","0","0","15.37"
"Oct 19, 2025 5:18:52 a.m. PDT","24759617131","Order","702-6105437-2416213","9B-5VGN-40SH","Dream Reach 2 Pack Kitchen Scissors, All-metal, No Plastic Kitchen Shears All Purpose, Heavy Duty Poultry Shears for Food, Food-Grade Stainless Steel","1","amazon.ca","Amazon","Dollard-Des-Ormeaux","Quebec","H9G 2G","Combined TCS+MTC","26.59","3.98","0","0","0","0","0","0","0","0","-3.98","-3.99","-7.23","0","0","15.37"
"Oct 19, 2025 5:19:34 a.m. PDT","24759617131","Order","702-5692492-0699418","8FS03-BJ","Dream Reach Dog Chunker Scissors - 8 Inch Ergonomic Professional Pet Grooming Shears with Adjustable Screw, Thinning Scissors with Ergonomic Handle","1","amazon.ca","Amazon","Lloydminster","Saskatchewan","S9V 1T","Combined TCS+MTC","34.99","1.75","0","0","0","0","0","0","0","0","-1.75","-5.25","-6.12","0","0","23.62"
"Oct 19, 2025 5:57:41 a.m. PDT","24759617131","Order","702-8284265-6963408","9B-5VGN-40SH","Dream Reach 2 Pack Kitchen Scissors, All-metal, No Plastic Kitchen Shears All Purpose, Heavy Duty Poultry Shears for Food, Food-Grade Stainless Steel","1","amazon.ca","Amazon","Notre-Dame-De-L'Ile-Perrot","Québec","J7W 3L","Combined TCS+MTC","26.59","3.98","0","0","0","0","0","0","0","0","-3.98","-3.99","-7.23","0","0","15.37"
"Oct 19, 2025 6:13:21 a.m. PDT","24759617131","Order","701-4338056-9607402","9B-5VGN-40SH","Dream Reach 2 Pack Kitchen Scissors, All-metal, No Plastic Kitchen Shears All Purpose, Heavy Duty Poultry Shears for Food, Food-Grade Stainless Steel","1","amazon.ca","Amazon","Prince George","British Columbia","V2K 3V","Combined TCS+MTC","26.59","3.19","0","0","0","0","0","0","0","0","-3.19","-3.99","-7.23","0","0","15.37"
"Oct 19, 2025 6:19:05 a.m. PDT","24759617131","Order","701-6280165-0239415","9B-5VGN-40SH","Dream Reach 2 Pack Kitchen Scissors, All-metal, No Plastic Kitchen Shears All Purpose, Heavy Duty Poultry Shears for Food, Food-Grade Stainless Steel","1","amazon.ca","Amazon","Langley","British Columbia","V2Z 3A","Combined TCS+MTC","25.73","3.09","6.99","0","0","0","0","0","-6.99","0","-3.09","-3.86","-7.74","0","0","14.13"
"Oct 19, 2025 6:47:47 a.m. PDT","24759617131","Order","702-0297777-8756203","KF02-BBJ","Dream Reach Chef Knife, Japanese Kitchen Knife, Sharp Stainless Steel Viking Style Meat Knife with Wooden Handle, Feather Design Cooking Knife with Sh","1","amazon.ca","Amazon","Thornhill","Ontario","L3T 3Z","Combined TCS+MTC","35.19","4.57","0","0","0","0","0","0","0","0","-4.57","-5.28","-6.73","0","0","23.18"
"Oct 19, 2025 6:58:59 a.m. PDT","24759617131","Order","702-6925527-0944259","HS1901","Dream Reach 6"" Professional Hair Cutting Scissors Japan 440C Steel Thinning Scissor for Men/Women Cutting for Salon/Barber/Home (Straight Scissors)","1","amazon.ca","Amazon","Toronto","Ontario","M3K 1Z","Combined TCS+MTC","30.79","4.00","0","0","0","0","0","0","0","0","-4.00","-4.62","-6.12","0","0","20.05"
"Oct 19, 2025 7:00:31 a.m. PDT","24759617131","Order","702-0007943-2067413","KF05-BBJ","Dream Reach Meat Cleaver Knife Heavy Duty Bone Chopper High Carbon Steel Butcher Axe Bone Cutting Knife Hand Forged Butcher Knife for Kitchen Outdoor","1","amazon.ca","Amazon","Fort McMurray","Alberta","T9H 5G","Combined TCS+MTC","36.79","1.84","0","0","0","0","0","0","0","0","-1.84","-5.52","-9.04","0","0","22.23"
"Oct 19, 2025 7:20:36 a.m. PDT","24759617131","Order","702-9584159-4705816","9B-5VGN-40SH","Dream Reach 2 Pack Kitchen Scissors, All-metal, No Plastic Kitchen Shears All Purpose, Heavy Duty Poultry Shears for Food, Food-Grade Stainless Steel","1","amazon.ca","Amazon","Calgary","Alberta","T2P 5M","Combined TCS+MTC","25.73","1.29","6.99","0","0","0","0","0","-6.99","0","-1.29","-3.86","-7.23","0","0","14.64"
"Oct 19, 2025 7:32:31 a.m. PDT","24759617131","Order","701-8218854-5849031","9B-5VGN-40SH","Dream Reach 2 Pack Kitchen Scissors, All-metal, No Plastic Kitchen Shears All Purpose, Heavy Duty Poultry Shears for Food, Food-Grade Stainless Steel","1","amazon.ca","Amazon","Spruce Grove","Alberta","T7Y 1E","Combined TCS+MTC","26.59","1.33","0","0","0","0","0","0","0","0","-1.33","-3.99","-7.23","0","0","15.37"
"Oct 19, 2025 7:45:42 a.m. PDT","24759617131","Order","701-2792040-3181860","9B-5VGN-40SH","Dream Reach 2 Pack Kitchen Scissors, All-metal, No Plastic Kitchen Shears All Purpose, Heavy Duty Poultry Shears for Food, Food-Grade Stainless Steel","1","amazon.ca","Amazon","Montreal","Quebec","H1E 7C","Combined TCS+MTC","26.59","3.98","0","0","0","0","0","0","0","0","-3.98","-3.99","-7.23","0","0","15.37"
"Oct 19, 2025 8:35:46 a.m. PDT","24759617131","Transfer","","","To account ending with: 895","","","","","","","","0","0","0","0","0","0","0","0","0","0","0","0","0","0","-2,229.53","-2,229.53"
"Oct 19, 2025 8:37:57 a.m. PDT","24759617131","Order","702-8488539-8349068","KF01-BBJ","Dream Reach Viking Cleaver Knife Butcher Meat Cutting Boning Knife High Carbon Steel Kitchen Axe with Sheath Home Outdoor BBQ Camping Birthday Christm","1","amazon.ca","Amazon","Mississauga","Ontario","L4W 4E","Combined TCS+MTC","35.99","4.68","0","0","0","0","0","0","0","0","-4.68","-5.40","-7.23","0","0","23.36"
"Oct 19, 2025 8:58:02 a.m. PDT","24759617131","Order","702-3208454-1954647","9B-5VGN-40SH","Dream Reach 2 Pack Kitchen Scissors, All-metal, No Plastic Kitchen Shears All Purpose, Heavy Duty Poultry Shears for Food, Food-Grade Stainless Steel","1","amazon.ca","Amazon","Peterborough","Ontario","K9L 0B","Combined TCS+MTC","25.73","3.34","0","0","0","0","0","0","0","0","-3.34","-3.86","-7.23","0","0","14.64"
"Oct 19, 2025 8:59:34 a.m. PDT","24759617131","Order","701-2779010-0261810","KF04-BBJ","Dream Reach Meat Bone Cleaver Knife for Meat Cutting Handmade Heavy Duty Butcher Axes Hand Forged Full Tang Chopper for Kitchen Outdoor BBQ Chef Gifts","1","amazon.ca","Amazon","Vancouver","British Columbia","V5W 3C","Combined TCS+MTC","34.39","4.13","0","0","0","0","0","0","0","0","-4.13","-5.16","-8.83","0","0","20.40"
"Oct 19, 2025 9:04:01 a.m. PDT","24759617131","Order","701-2903141-4782650","9B-5VGN-40SH","Dream Reach 2 Pack Kitchen Scissors, All-metal, No Plastic Kitchen Shears All Purpose, Heavy Duty Poultry Shears for Food, Food-Grade Stainless Steel","1","amazon.ca","Amazon","Stittsville","Ontario","K2S 1C","Combined TCS+MTC","25.73","3.34","6.99","0","0","0","0","0","-6.99","0","-3.34","-3.86","-7.23","0","0","14.64"
"Oct 19, 2025 9:04:44 a.m. PDT","24759617131","Order","701-6683509-2461066","HS1901","Dream Reach 6"" Professional Hair Cutting Scissors Japan 440C Steel Thinning Scissor for Men/Women Cutting for Salon/Barber/Home (Straight Scissors)","1","amazon.ca","Amazon","Brampton","ON","L6S5G","Combined TCS+MTC","30.79","4.00","0","0","0","0","0","0","0","0","-4.00","-4.62","-6.12","0","0","20.05"
"Oct 19, 2025 9:22:03 a.m. PDT","24759617131","Order","701-2607871-7409860","9B-5VGN-40SH","Dream Reach 2 Pack Kitchen Scissors, All-metal, No Plastic Kitchen Shears All Purpose, Heavy Duty Poultry Shears for Food, Food-Grade Stainless Steel","1","amazon.ca","Amazon","St Thomas","ON","N5R0A","Combined TCS+MTC","26.59","3.46","0","0","0","0","0","0","0","0","-3.46","-3.99","-7.23","0","0","15.37"
"Oct 19, 2025 3:06:40 p.m. PDT","24759617131","Order","701-2326464-8119436","KF02-BBJ","Dream Reach Chef Knife, Japanese Kitchen Knife, Sharp Stainless Steel Viking Style Meat Knife with Wooden Handle, Feather Design Cooking Knife with Sh","1","amazon.ca","Amazon","Saskatoon","Saskatchewan","S7M 0H","Combined TCS+MTC","35.19","3.87","0","0","0","0","0","0","0","0","-3.87","-5.28","-6.73","0","0","23.18"
"Oct 19, 2025 8:48:28 p.m. PDT","24759617131","Order","702-6804951-1166634","9B-5VGN-40SH","Dream Reach 2 Pack Kitchen Scissors, All-metal, No Plastic Kitchen Shears All Purpose, Heavy Duty Poultry Shears for Food, Food-Grade Stainless Steel","1","amazon.ca","Amazon","North York","Ontario","M6A 0C","Combined TCS+MTC","25.73","3.34","0","0","0","0","0","0","0","0","-3.34","-3.86","-7.23","0","0","14.64"
"Oct 19, 2025 11:14:25 p.m. PDT","24759617131","Order","702-2483565-2389830","9B-5VGN-40SH","Dream Reach 2 Pack Kitchen Scissors, All-metal, No Plastic Kitchen Shears All Purpose, Heavy Duty Poultry Shears for Food, Food-Grade Stainless Steel","1","amazon.ca","Amazon","Lethbridge","AB","T1H 4Z","Combined TCS+MTC","26.59","1.33","0","0","0","0","0","0","0","0","-1.33","-3.99","-7.23","0","0","15.37"
"Oct 19, 2025 11:48:13 p.m. PDT","24759617131","Order","701-4085102-2625864","KF05-BBJ","Dream Reach Meat Cleaver Knife Heavy Duty Bone Chopper High Carbon Steel Butcher Axe Bone Cutting Knife Hand Forged Butcher Knife for Kitchen Outdoor","1","amazon.ca","Amazon","scarborough","Ontario","M1K 2C","Combined TCS+MTC","39.49","5.13","0","0","0","0","0","0","0","0","-5.13","-5.92","-9.04","0","0","24.53"
"Oct 19, 2025 11:49:37 p.m. PDT","24759617131","Order","701-2594193-8161830","9B-5VGN-40SH","Dream Reach 2 Pack Kitchen Scissors, All-metal, No Plastic Kitchen Shears All Purpose, Heavy Duty Poultry Shears for Food, Food-Grade Stainless Steel","1","amazon.ca","Amazon","Whitby","Ontario","L1N 0L","Combined TCS+MTC","26.59","3.46","0","0","0","0","0","0","0","0","-3.46","-3.99","-7.23","0","0","15.37"
"Oct 20, 2025 1:41:15 a.m. PDT","24759617131","Order","702-9670138-6193020","9B-5VGN-40SH","Dream Reach 2 Pack Kitchen Scissors, All-metal, No Plastic Kitchen Shears All Purpose, Heavy Duty Poultry Shears for Food, Food-Grade Stainless Steel","1","amazon.ca","Amazon","SALT SPRING ISLAND","British Columbia","V8K 1B","Combined TCS+MTC","26.59","3.19","0","0","0","0","0","0","0","0","-3.19","-3.99","-7.74","0","0","14.86"
"Oct 20, 2025 1:50:15 a.m. PDT","24759617131","Order","702-0625368-1647400","8FS04-BJ","Dream Reach Dog Straight Scissors - 8 Inch 440C Stainless Steel Professional Pet Grooming Shears with Adjustable Screw","1","amazon.ca","Amazon","London","Ontario","N5V 3T","Combined TCS+MTC","34.99","4.55","0","0","0","0","0","0","0","0","-4.55","-5.25","-4.46","0","0","25.28"
"Oct 20, 2025 1:53:44 a.m. PDT","24759617131","Order","702-0270070-0294600","37-EQUL-C5MA","Dream Reach HIGH-END Series Japanese 440C Stainless 6.0"" 360° Swivel Thumb Ring Professional Barber Razor Edge Hairdressing Straight Cutting Scissors","1","amazon.ca","Amazon","sudbury","Ontario","P3G 1L","Combined TCS+MTC","41.85","5.44","0","0","0","0","0","0","0","0","-5.44","-6.28","-4.71","0","0","30.86"
"Oct 20, 2025 2:02:47 a.m. PDT","24759617131","Order","701-2836740-3980225","9B-5VGN-40SH","Dream Reach 2 Pack Kitchen Scissors, All-metal, No Plastic Kitchen Shears All Purpose, Heavy Duty Poultry Shears for Food, Food-Grade Stainless Steel","1","amazon.ca","Amazon","Mississauga","Ontario","L4Y 1L","Combined TCS+MTC","25.73","3.34","6.99","0","0","0","0","0","-6.99","0","-3.34","-3.86","-7.23","0","0","14.64"
"Oct 20, 2025 2:36:44 a.m. PDT","24759617131","Order","701-4598187-3809006","KF02-BBJ","Dream Reach Chef Knife, Japanese Kitchen Knife, Sharp Stainless Steel Viking Style Meat Knife with Wooden Handle, Feather Design Cooking Knife with Sh","1","amazon.ca","Amazon","Richmond","British Columbia","V6V 2T","Combined TCS+MTC","35.19","4.22","0","0","0","0","0","0","0","0","-4.22","-5.28","-6.73","0","0","23.18"
"Oct 20, 2025 2:49:49 a.m. PDT","24759617131","Order","701-6738551-0243453","KF02-BBJ","Dream Reach Chef Knife, Japanese Kitchen Knife, Sharp Stainless Steel Viking Style Meat Knife with Wooden Handle, Feather Design Cooking Knife with Sh","1","amazon.ca","Amazon","Burnaby","British Columbia","V5H 0J","Combined TCS+MTC","29.99","3.60","0","0","0","0","0","0","0","0","-3.60","-4.50","-6.73","0","0","18.76"
"Oct 20, 2025 3:05:28 a.m. PDT","24759617131","Order","701-0960671-4383442","9B-5VGN-40SH","Dream Reach 2 Pack Kitchen Scissors, All-metal, No Plastic Kitchen Shears All Purpose, Heavy Duty Poultry Shears for Food, Food-Grade Stainless Steel","1","amazon.ca","Amazon","Brampton","Ontario","L6Y 2K","Combined TCS+MTC","25.73","3.34","6.99","0","0","0","0","0","-6.99","0","-3.34","-3.86","-7.23","0","0","14.64"
"Oct 20, 2025 3:20:42 a.m. PDT","24759617131","Order","701-8712932-4507417","9B-5VGN-40SH","Dream Reach 2 Pack Kitchen Scissors, All-metal, No Plastic Kitchen Shears All Purpose, Heavy Duty Poultry Shears for Food, Food-Grade Stainless Steel","1","amazon.ca","Amazon","Blackfalds","Alberta","T4M 0A","Combined TCS+MTC","26.59","1.33","0","0","0","0","0","0","0","0","-1.33","-3.99","-7.23","0","0","15.37"
"Oct 20, 2025 3:29:21 a.m. PDT","24759617131","Order","702-1951402-9914628","9B-5VGN-40SH","Dream Reach 2 Pack Kitchen Scissors, All-metal, No Plastic Kitchen Shears All Purpose, Heavy Duty Poultry Shears for Food, Food-Grade Stainless Steel","1","amazon.ca","Amazon","Westmount","Quebec","H3Z 1C","Combined TCS+MTC","25.73","3.85","0","0","0","0","0","0","0","0","-3.85","-3.86","-7.23","0","0","14.64"
"Oct 20, 2025 3:37:08 a.m. PDT","24759617131","Order","701-6383056-5391457","KF01-BBJ","Dream Reach Viking Cleaver Knife Butcher Meat Cutting Boning Knife High Carbon Steel Kitchen Axe with Sheath Home Outdoor BBQ Camping Birthday Christm","1","amazon.ca","Amazon","Crowsnest Pass","Alberta","T0K0M","Combined TCS+MTC","35.99","1.80","0","0","0","0","0","0","0","0","-1.80","-5.40","-7.23","0","0","23.36"
"Oct 20, 2025 4:05:01 a.m. PDT","24759617131","Order","702-1108509-9926650","KF02-BBJ","Dream Reach Chef Knife, Japanese Kitchen Knife, Sharp Stainless Steel Viking Style Meat Knife with Wooden Handle, Feather Design Cooking Knife with Sh","1","amazon.ca","Amazon","Calgary","Alberta","T2E 6B","Combined TCS+MTC","29.99","1.50","0","0","0","0","0","0","0","0","-1.50","-4.50","-6.73","0","0","18.76"
"Oct 20, 2025 4:06:00 a.m. PDT","24759617131","Order","701-8189417-6573819","KF01-BBJ","Dream Reach Viking Cleaver Knife Butcher Meat Cutting Boning Knife High Carbon Steel Kitchen Axe with Sheath Home Outdoor BBQ Camping Birthday Christm","1","amazon.ca","Amazon","Huntingdon","Quebec","J0S 1H","Combined TCS+MTC","39.99","5.99","0","0","0","0","0","0","0","0","-5.99","-6.00","-7.23","0","0","26.76"
"Oct 20, 2025 4:13:12 a.m. PDT","24759617131","Order","702-0055773-4427446","KF04-BBJ","Dream Reach Meat Bone Cleaver Knife for Meat Cutting Handmade Heavy Duty Butcher Axes Hand Forged Full Tang Chopper for Kitchen Outdoor BBQ Chef Gifts","1","amazon.ca","Amazon","Calgary","Alberta","T2M2H","Combined TCS+MTC","37.59","1.88","6.99","0","0","0","0","0","-6.99","0","-1.88","-5.64","-8.25","0","0","23.70"
"Oct 20, 2025 4:15:45 a.m. PDT","24759617131","Order","701-7776466-9063448","9B-5VGN-40SH","Dream Reach 2 Pack Kitchen Scissors, All-metal, No Plastic Kitchen Shears All Purpose, Heavy Duty Poultry Shears for Food, Food-Grade Stainless Steel","1","amazon.ca","Amazon","Fort Erie","Ontario","L2A0E","Combined TCS+MTC","25.73","3.34","0","0","0","0","0","0","0","0","-3.34","-3.86","-7.23","0","0","14.64"
"Oct 20, 2025 5:11:46 a.m. PDT","24759617131","Order","702-7001213-4221023","9B-5VGN-40SH","Dream Reach 2 Pack Kitchen Scissors, All-metal, No Plastic Kitchen Shears All Purpose, Heavy Duty Poultry Shears for Food, Food-Grade Stainless Steel","1","amazon.ca","Amazon","Edmonton","Alberta","T5W 1M","Combined TCS+MTC","25.73","1.29","0","0","0","0","0","0","0","0","-1.29","-3.86","-7.23","0","0","14.64"
"Oct 20, 2025 5:53:16 a.m. PDT","24759617131","Order","702-9477769-8645023","KF02-BBJ","Dream Reach Chef Knife, Japanese Kitchen Knife, Sharp Stainless Steel Viking Style Meat Knife with Wooden Handle, Feather Design Cooking Knife with Sh","1","amazon.ca","Amazon","Burnaby","British Columbia","V5A 1C","Combined TCS+MTC","29.99","3.60","0","0","4.49","0.54","0","0","0","0","-4.14","-4.50","-11.22","0","0","18.76"
"Oct 20, 2025 6:05:01 a.m. PDT","24759617131","Order","701-6676404-5713847","KF04-BBJ","Dream Reach Meat Bone Cleaver Knife for Meat Cutting Handmade Heavy Duty Butcher Axes Hand Forged Full Tang Chopper for Kitchen Outdoor BBQ Chef Gifts","1","amazon.ca","Amazon","McAdam","New Brunswick","E6J 0A","Combined TCS+MTC","34.39","5.16","0","0","0","0","0","0","0","0","-5.16","-5.16","-8.25","0","0","20.98"
"Oct 20, 2025 6:10:38 a.m. PDT","24759617131","Order","702-2431964-9614651","9B-5VGN-40SH","Dream Reach 2 Pack Kitchen Scissors, All-metal, No Plastic Kitchen Shears All Purpose, Heavy Duty Poultry Shears for Food, Food-Grade Stainless Steel","1","amazon.ca","Amazon","Saint-Charles-De-Bourget","Quebec","G0V 1G","Combined TCS+MTC","26.59","3.98","0","0","0","0","0","0","0","0","-3.98","-3.99","-7.23","0","0","15.37"
"Oct 20, 2025 6:41:04 a.m. PDT","24759617131","Order","701-2330524-2793846","9B-5VGN-40SH","Dream Reach 2 Pack Kitchen Scissors, All-metal, No Plastic Kitchen Shears All Purpose, Heavy Duty Poultry Shears for Food, Food-Grade Stainless Steel","2","amazon.ca","Amazon","Cremona","Alberta","T0M 0R","Combined TCS+MTC","51.46","2.58","0","0","0","0","0","0","0","0","-2.58","-7.72","-14.46","0","0","29.28"
"Oct 20, 2025 6:54:57 a.m. PDT","24759617131","Order","701-8945555-2509008","9B-5VGN-40SH","Dream Reach 2 Pack Kitchen Scissors, All-metal, No Plastic Kitchen Shears All Purpose, Heavy Duty Poultry Shears for Food, Food-Grade Stainless Steel","1","amazon.ca","Amazon","Garson","Ontario","P3L 1K","Combined TCS+MTC","25.73","3.34","0","0","0","0","0","0","0","0","-3.34","-3.86","-7.23","0","0","14.64"
"Oct 20, 2025 7:43:19 a.m. PDT","24759617131","Order","701-8607622-5058643","9B-5VGN-40SH","Dream Reach 2 Pack Kitchen Scissors, All-metal, No Plastic Kitchen Shears All Purpose, Heavy Duty Poultry Shears for Food, Food-Grade Stainless Steel","1","amazon.ca","Amazon","Brackendale","British Columbia","V0N 1H","Combined TCS+MTC","25.73","3.09","0","0","0","0","0","0","0","0","-3.09","-3.86","-7.74","0","0","14.13"
"Oct 20, 2025 7:47:29 a.m. PDT","24759617131","Order","702-9894079-3958653","9B-5VGN-40SH","Dream Reach 2 Pack Kitchen Scissors, All-metal, No Plastic Kitchen Shears All Purpose, Heavy Duty Poultry Shears for Food, Food-Grade Stainless Steel","1","amazon.ca","Amazon","Ottawa","Ontario","K1Y 0R","Combined TCS+MTC","25.73","3.34","3.50","0","0","0","0","0","-3.50","0","-3.34","-3.86","-7.23","0","0","14.64"
"Oct 20, 2025 8:00:12 a.m. PDT","24759617131","Order","702-7614253-3168249","9B-5VGN-40SH","Dream Reach 2 Pack Kitchen Scissors, All-metal, No Plastic Kitchen Shears All Purpose, Heavy Duty Poultry Shears for Food, Food-Grade Stainless Steel","1","amazon.ca","Amazon","Lake Echo","Nova Scotia","B3E 1A","Combined TCS+MTC","26.59","3.72","0","0","0","0","0","0","0","0","-3.72","-3.99","-7.23","0","0","15.37"
"Oct 20, 2025 8:16:52 a.m. PDT","24759617131","Order","702-2735890-4645836","9B-5VGN-40SH","Dream Reach 2 Pack Kitchen Scissors, All-metal, No Plastic Kitchen Shears All Purpose, Heavy Duty Poultry Shears for Food, Food-Grade Stainless Steel","1","amazon.ca","Amazon","Richmond","British Columbia","V7A 4V","Combined TCS+MTC","26.59","3.19","0","0","0","0","0","0","0","0","-3.19","-3.99","-7.23","0","0","15.37"
"Oct 20, 2025 8:34:34 a.m. PDT","24759617131","Order","702-0308849-4840204","KF05-BBJ","Dream Reach Meat Cleaver Knife Heavy Duty Bone Chopper High Carbon Steel Butcher Axe Bone Cutting Knife Hand Forged Butcher Knife for Kitchen Outdoor","1","amazon.ca","Amazon","Chilliwack","British Columbia","V2R 4B","Combined TCS+MTC","39.49","4.74","0","0","0","0","0","0","0","0","-4.74","-5.92","-9.04","0","0","24.53"
"Oct 20, 2025 8:49:17 a.m. PDT","24759617131","Order","702-9261771-9549829","KF02-BBJ","Dream Reach Chef Knife, Japanese Kitchen Knife, Sharp Stainless Steel Viking Style Meat Knife with Wooden Handle, Feather Design Cooking Knife with Sh","1","amazon.ca","Amazon","Newmarket","Ontario","L3X 3B","Combined TCS+MTC","35.19","4.57","0","0","0","0","0","0","0","0","-4.57","-5.28","-6.73","0","0","23.18"
"Oct 20, 2025 8:54:47 a.m. PDT","24759617131","Order","701-4619805-5046609","9B-5VGN-40SH","Dream Reach 2 Pack Kitchen Scissors, All-metal, No Plastic Kitchen Shears All Purpose, Heavy Duty Poultry Shears for Food, Food-Grade Stainless Steel","1","amazon.ca","Amazon","Calgary","AB","T2X2L","Combined TCS+MTC","26.59","1.33","0","0","0","0","0","0","0","0","-1.33","-3.99","-7.23","0","0","15.37"
"Oct 20, 2025 9:10:21 a.m. PDT","24759617131","Order","701-7573278-6056228","9B-5VGN-40SH","Dream Reach 2 Pack Kitchen Scissors, All-metal, No Plastic Kitchen Shears All Purpose, Heavy Duty Poultry Shears for Food, Food-Grade Stainless Steel","1","amazon.ca","Amazon","Beaconsfield","Quebec","H9W 2W","Combined TCS+MTC","25.73","3.85","3.50","0.52","0","0","0","0","0","0","-4.37","-3.86","-10.73","0","0","14.64"
"Oct 20, 2025 2:45:42 p.m. PDT","24759617131","Order","702-9332478-1215455","9B-5VGN-40SH","Dream Reach 2 Pack Kitchen Scissors, All-metal, No Plastic Kitchen Shears All Purpose, Heavy Duty Poultry Shears for Food, Food-Grade Stainless Steel","1","amazon.ca","Amazon","Saint-Hubert","Quebec","J3Y 8H","Combined TCS+MTC","25.73","3.85","0","0","0","0","0","0","0","0","-3.85","-3.86","-7.23","0","0","14.64"
"Oct 20, 2025 3:00:16 p.m. PDT","24759617131","Order","701-2761073-6627421","KF01-BBJ","Dream Reach Viking Cleaver Knife Butcher Meat Cutting Boning Knife High Carbon Steel Kitchen Axe with Sheath Home Outdoor BBQ Camping Birthday Christm","1","amazon.ca","Amazon","St Anne De Beaupre","Québec","G0A 3C","Combined TCS+MTC","35.99","5.39","0","0","0","0","0","0","0","0","-5.39","-5.40","-7.23","0","0","23.36"
"Oct 20, 2025 7:41:26 p.m. PDT","24759617131","Order","702-3341849-5826643","9B-5VGN-40SH","Dream Reach 2 Pack Kitchen Scissors, All-metal, No Plastic Kitchen Shears All Purpose, Heavy Duty Poultry Shears for Food, Food-Grade Stainless Steel","1","amazon.ca","Amazon","STOUFFVILLE","Ontario","L4A 2E","Combined TCS+MTC","25.73","3.34","0","0","0","0","0","0","0","0","-3.34","-3.86","-7.23","0","0","14.64"
"Oct 20, 2025 9:03:16 p.m. PDT","24759617131","Order","702-6907889-9845869","9B-5VGN-40SH","Dream Reach 2 Pack Kitchen Scissors, All-metal, No Plastic Kitchen Shears All Purpose, Heavy Duty Poultry Shears for Food, Food-Grade Stainless Steel","1","amazon.ca","Amazon","Calgary","Alberta","T2P 5P","Combined TCS+MTC","26.59","1.33","0","0","0","0","0","0","0","0","-1.33","-3.99","-7.23","0","0","15.37"
"Oct 20, 2025 9:11:09 p.m. PDT","24759617131","Order","702-6389349-1771460","9B-5VGN-40SH","Dream Reach 2 Pack Kitchen Scissors, All-metal, No Plastic Kitchen Shears All Purpose, Heavy Duty Poultry Shears for Food, Food-Grade Stainless Steel","1","amazon.ca","Amazon","Repentigny","Quebec","J5Z 4H","Combined TCS+MTC","25.73","3.85","0","0","0","0","0","0","0","0","-3.85","-3.86","-7.23","0","0","14.64"
"Oct 20, 2025 9:17:07 p.m. PDT","24759617131","Order","701-9315279-6754631","9B-5VGN-40SH","Dream Reach 2 Pack Kitchen Scissors, All-metal, No Plastic Kitchen Shears All Purpose, Heavy Duty Poultry Shears for Food, Food-Grade Stainless Steel","1","amazon.ca","Amazon","Lethbridge","Alberta","T1H 4V","Combined TCS+MTC","25.73","1.29","0","0","0","0","0","0","0","0","-1.29","-3.86","-7.23","0","0","14.64"
"Oct 20, 2025 9:55:18 p.m. PDT","24759617131","Refund","701-0844866-9012226","KF05-BBJ","Dream Reach Meat Cleaver Knife Heavy Duty Bone Chopper High Carbon Steel Butcher Axe Bone Cutting Knife Hand Forged Butcher Knife for Kitchen Outdoor","1","amazon.ca","Amazon","Surrey","British Columbia","V3R 1W","Combined TCS+MTC","-36.79","-4.41","0","0","0","0","0","0","0","0","4.41","4.42","0","0","0","-32.37"
"Oct 20, 2025 10:09:46 p.m. PDT","24759617131","Order","701-4207471-4277039","9B-5VGN-40SH","Dream Reach 2 Pack Kitchen Scissors, All-metal, No Plastic Kitchen Shears All Purpose, Heavy Duty Poultry Shears for Food, Food-Grade Stainless Steel","1","amazon.ca","Amazon","Toronto","Ontario","M6R 2G","Combined TCS+MTC","25.73","3.34","0","0","0","0","0","0","0","0","-3.34","-3.86","-7.23","0","0","14.64"
"Oct 20, 2025 11:04:20 p.m. PDT","24759617131","Order","702-1271998-2829047","KF05-BBJ","Dream Reach Meat Cleaver Knife Heavy Duty Bone Chopper High Carbon Steel Butcher Axe Bone Cutting Knife Hand Forged Butcher Knife for Kitchen Outdoor","1","amazon.ca","Amazon","Lethbridge","AB","T1J 1X","Combined TCS+MTC","39.49","1.97","5.90","0","0","0","0","0","-5.90","0","-1.97","-5.92","-9.04","0","0","24.53"
"Oct 20, 2025 11:07:49 p.m. PDT","24759617131","Order","702-3648914-2745836","9B-5VGN-40SH","Dream Reach 2 Pack Kitchen Scissors, All-metal, No Plastic Kitchen Shears All Purpose, Heavy Duty Poultry Shears for Food, Food-Grade Stainless Steel","1","amazon.ca","Amazon","Montreal","QC","H2S 2E","Combined TCS+MTC","25.73","3.85","0","0","0","0","0","0","0","0","-3.85","-3.86","-7.23","0","0","14.64"
"Oct 20, 2025 11:32:24 p.m. PDT","24759617131","Order","702-2362219-6109869","9B-5VGN-40SH","Dream Reach 2 Pack Kitchen Scissors, All-metal, No Plastic Kitchen Shears All Purpose, Heavy Duty Poultry Shears for Food, Food-Grade Stainless Steel","1","amazon.ca","Amazon","Vancouver","British Columbia","V5Y 3H","Combined TCS+MTC","25.73","3.09","0","0","0","0","0","0","0","0","-3.09","-3.86","-7.23","0","0","14.64"
"Oct 21, 2025 12:03:43 a.m. PDT","24759617131","Order","702-6242344-3353009","9B-5VGN-40SH","Dream Reach 2 Pack Kitchen Scissors, All-metal, No Plastic Kitchen Shears All Purpose, Heavy Duty Poultry Shears for Food, Food-Grade Stainless Steel","1","amazon.ca","Amazon","Edmonton","Alberta","T5A 2H","Combined TCS+MTC","25.73","1.29","0","0","0","0","0","0","0","0","-1.29","-3.86","-7.23","0","0","14.64"
"Oct 21, 2025 12:19:08 a.m. PDT","24759617131","Order","701-9288215-6953801","KF01-BBJ","Dream Reach Viking Cleaver Knife Butcher Meat Cutting Boning Knife High Carbon Steel Kitchen Axe with Sheath Home Outdoor BBQ Camping Birthday Christm","1","amazon.ca","Amazon","Crowsnest Pass","Alberta","T0K0M","Combined TCS+MTC","35.99","1.80","0","0","0","0","0","0","0","0","-1.80","-5.40","-7.23","0","0","23.36"
"Oct 21, 2025 12:43:39 a.m. PDT","24759617131","Order","701-1951161-4473050","9B-5VGN-40SH","Dream Reach 2 Pack Kitchen Scissors, All-metal, No Plastic Kitchen Shears All Purpose, Heavy Duty Poultry Shears for Food, Food-Grade Stainless Steel","1","amazon.ca","Amazon","Kamloops","BC","V2H 1S","Combined TCS+MTC","26.59","3.19","0","0","0","0","0","0","0","0","-3.19","-3.99","-7.23","0","0","15.37"
"Oct 21, 2025 2:31:49 a.m. PDT","24759617131","Order","701-2105312-1412267","9B-5VGN-40SH","Dream Reach 2 Pack Kitchen Scissors, All-metal, No Plastic Kitchen Shears All Purpose, Heavy Duty Poultry Shears for Food, Food-Grade Stainless Steel","1","amazon.ca","Amazon","Calgary","Alberta","T2Z 2K","Combined TCS+MTC","26.59","1.33","0","0","0","0","0","0","0","0","-1.33","-3.99","-7.23","0","0","15.37"
"Oct 21, 2025 3:14:06 a.m. PDT","24759617131","Order","702-3900931-9580226","9B-5VGN-40SH","Dream Reach 2 Pack Kitchen Scissors, All-metal, No Plastic Kitchen Shears All Purpose, Heavy Duty Poultry Shears for Food, Food-Grade Stainless Steel","4","amazon.ca","Amazon","Whitby","Ontario","L1N 9V","Combined TCS+MTC","102.92","13.36","0","0","0","0","0","0","0","0","-13.36","-15.44","-28.92","0","0","58.56"
"Oct 21, 2025 3:37:07 a.m. PDT","24759617131","Order","702-3545455-4103437","HS1901","Dream Reach 6"" Professional Hair Cutting Scissors Japan 440C Steel Thinning Scissor for Men/Women Cutting for Salon/Barber/Home (Straight Scissors)","1","amazon.ca","Amazon","Sainte-Anne-De-Sorel","Quebec","J3P 0G","Combined TCS+MTC","43.99","6.59","0","0","0","0","0","0","0","0","-6.59","-6.60","-6.12","0","0","31.27"
"Oct 21, 2025 3:51:52 a.m. PDT","24759617131","Order","701-7477783-6785824","9B-5VGN-40SH","Dream Reach 2 Pack Kitchen Scissors, Premium All-Metal Kitchen Shears, Heavy Duty Poultry Shears for Food, Food-Grade Stainless Steel Scissors, Gift f","1","amazon.ca","Amazon","Mississauga","Ontario","L4Z 0A","Combined TCS+MTC","25.73","3.34","3.49","0","0","0","0","0","-3.49","0","-3.34","-3.86","-7.23","0","0","14.64"
"Oct 21, 2025 3:53:38 a.m. PDT","24759617131","Order","701-2411966-7403423","KF04-BBJ","Dream Reach Meat Bone Cleaver Knife for Meat Cutting Handmade Heavy Duty Butcher Axes Hand Forged Full Tang Chopper for Kitchen Outdoor BBQ Chef Gifts","1","amazon.ca","Amazon","Vancouver","British Columbia","V5W 2G","Combined TCS+MTC","37.59","4.51","8.82","1.06","0","0","0","0","0","0","-5.57","-5.64","-18.27","0","0","22.50"
"Oct 21, 2025 4:20:48 a.m. PDT","24759617131","Order","702-9751638-1053058","9B-5VGN-40SH","Dream Reach 2 Pack Kitchen Scissors, All-metal, No Plastic Kitchen Shears All Purpose, Heavy Duty Poultry Shears for Food, Food-Grade Stainless Steel","1","amazon.ca","Amazon","Calgary","Alberta","T2E 6V","Combined TCS+MTC","25.73","1.29","0","0","0","0","0","0","0","0","-1.29","-3.86","-7.23","0","0","14.64"
"Oct 21, 2025 4:41:22 a.m. PDT","24759617131","Order","701-6388946-4344264","9B-5VGN-40SH","Dream Reach 2 Pack Kitchen Scissors, Premium All-Metal Kitchen Shears, Heavy Duty Poultry Shears for Food, Food-Grade Stainless Steel Scissors, Gift f","1","amazon.ca","Amazon","Cochrane","Alberta","T4C2L","Combined TCS+MTC","25.73","1.29","6.99","0","0","0","0","0","-6.99","0","-1.29","-3.86","-7.23","0","0","14.64"
"Oct 21, 2025 5:37:35 a.m. PDT","24759617131","Order","701-7522797-6456257","9B-5VGN-40SH","Dream Reach 2 Pack Kitchen Scissors, All-metal, No Plastic Kitchen Shears All Purpose, Heavy Duty Poultry Shears for Food, Food-Grade Stainless Steel","1","amazon.ca","Amazon","Richmond","British Columbia","V7E 1S","Combined TCS+MTC","25.73","3.09","0","0","0","0","0","0","0","0","-3.09","-3.86","-7.74","0","0","14.13"
"Oct 21, 2025 6:05:58 a.m. PDT","24759617131","Order","701-8996605-8562613","KF04-BBJ","Dream Reach Meat Bone Cleaver Knife for Meat Cutting Handmade Heavy Duty Butcher Axes Hand Forged Full Tang Chopper for Kitchen Outdoor BBQ Chef Gifts","1","amazon.ca","Amazon","Lethbridge","Alberta","T1H 5P","Combined TCS+MTC","34.39","1.72","0","0","0","0","0","0","0","0","-1.72","-5.16","-8.25","0","0","20.98"
"Oct 21, 2025 6:31:06 a.m. PDT","24759617131","Order","701-9600541-3510603","9B-5VGN-40SH","Dream Reach 2 Pack Kitchen Scissors, All-metal, No Plastic Kitchen Shears All Purpose, Heavy Duty Poultry Shears for Food, Food-Grade Stainless Steel","1","amazon.ca","Amazon","Devon","Alberta","T9G 2E","Combined TCS+MTC","25.73","1.29","3.92","0","0","0","0","0","-3.92","0","-1.29","-3.86","-7.23","0","0","14.64"
"Oct 21, 2025 6:37:42 a.m. PDT","24759617131","Refund","701-6388946-4344264","9B-5VGN-40SH","Dream Reach 2 Pack Kitchen Scissors, Premium All-Metal Kitchen Shears, Heavy Duty Poultry Shears for Food, Food-Grade Stainless Steel Scissors, Gift f","1","amazon.ca","Amazon","Cochrane","Alberta","T4C2L","Combined TCS+MTC","-25.73","-1.29","-6.99","0","0","0","0","0","6.99","0","1.29","3.09","0","0","0","-22.64"
"Oct 21, 2025 6:48:26 a.m. PDT","24759617131","Order","701-5993868-4741014","KF02-BBJ","Dream Reach Chef Knife, Japanese Kitchen Knife, Sharp Stainless Steel Viking Style Meat Knife with Wooden Handle, Feather Design Cooking Knife with Sh","1","amazon.ca","Amazon","Salaberry-de-Valleyfield","Québec","J6T1B","Combined TCS+MTC","29.99","4.49","0","0","0","0","0","0","0","0","-4.49","-4.50","-6.73","0","0","18.76"
"Oct 21, 2025 6:54:11 a.m. PDT","24759617131","Order","702-2435416-2649067","9B-5VGN-40SH","Dream Reach 2 Pack Kitchen Scissors, All-metal, No Plastic Kitchen Shears All Purpose, Heavy Duty Poultry Shears for Food, Food-Grade Stainless Steel","1","amazon.ca","Amazon","Toronto","Ontario","M2N 0C","Combined TCS+MTC","25.73","3.34","0","0","0","0","0","0","0","0","-3.34","-3.86","-7.23","0","0","14.64"
"Oct 21, 2025 8:00:05 a.m. PDT","24759617131","Order","702-8938715-7217861","9B-5VGN-40SH","Dream Reach 2 Pack Kitchen Scissors, All-metal, No Plastic Kitchen Shears All Purpose, Heavy Duty Poultry Shears for Food, Food-Grade Stainless Steel","1","amazon.ca","Amazon","Renfrew","Ontario","K7V3Z","Combined TCS+MTC","25.73","3.34","0","0","0","0","0","0","0","0","-3.34","-3.86","-7.23","0","0","14.64"
"Oct 21, 2025 8:01:39 a.m. PDT","24759617131","Order","702-5237276-7381044","CWJ02-Purple7Set-BBJ","Dream Reach Dog Grooming Scissors - 7"" Professional 6 in 1 Pet Scissors Sharp and Durable Shears Set Thinning, Chunker, Straight, Curved Shears and Co","1","amazon.ca","Amazon","Kingston","Ontario","K7K 4X","Combined TCS+MTC","41.99","5.46","0","0","0","0","0","0","0","0","-5.46","-6.30","-6.36","0","0","29.33"
"Oct 21, 2025 8:05:15 a.m. PDT","24759617131","Order","701-5465232-3755449","9B-5VGN-40SH","Dream Reach 2 Pack Kitchen Scissors, All-metal, No Plastic Kitchen Shears All Purpose, Heavy Duty Poultry Shears for Food, Food-Grade Stainless Steel","1","amazon.ca","Amazon","Rothesay","New Brunswick","E2E 2L","Combined TCS+MTC","25.73","3.86","0","0","0","0","0","0","0","0","-3.86","-3.86","-7.23","0","0","14.64"
"Oct 21, 2025 8:33:56 a.m. PDT","24759617131","Order","701-4274841-0989822","Scissors04B6.5","Dream Reach 6.5"" Downward Curved Dog Grooming Scissors Shears for Grooming Face and Paws Safety Round Tips Shears Trimming Cutting Scissors for Dog Ca","1","amazon.ca","Amazon","Spruce Grove","Alberta","T7X 2X","Combined TCS+MTC","45.99","2.30","0","0","0","0","0","0","0","0","-2.30","-6.90","-6.12","0","0","32.97"
"Oct 21, 2025 8:35:26 a.m. PDT","24759617131","Order","701-6882416-3499413","KF02-BBJ","Dream Reach Chef Knife, Japanese Kitchen Knife, Sharp Stainless Steel Viking Style Meat Knife with Wooden Handle, Feather Design Cooking Knife with Sh","1","amazon.ca","Amazon","Salmon Arm","British Columbia","V1E 1E","Combined TCS+MTC","29.99","3.60","0","0","0","0","0","0","0","0","-3.60","-4.50","-6.73","0","0","18.76"
"Oct 21, 2025 9:06:18 a.m. PDT","24759617131","Order","702-7231988-3353812","9B-5VGN-40SH","Dream Reach 2 Pack Kitchen Scissors, All-metal, No Plastic Kitchen Shears All Purpose, Heavy Duty Poultry Shears for Food, Food-Grade Stainless Steel","1","amazon.ca","Amazon","Winnipeg","Manitoba","R3C 1C","Combined TCS+MTC","26.59","3.19","0","0","0","0","0","0","0","0","-3.19","-3.99","-7.23","0","0","15.37"
"Oct 21, 2025 9:22:02 a.m. PDT","24759617131","Order","701-2095010-4013060","HS1901","Dream Reach 6"" Professional Hair Cutting Scissors Japan 440C Steel Thinning Scissor for Men/Women Cutting for Salon/Barber/Home (Straight Scissors)","1","amazon.ca","Amazon","Pickering","Ontario","L1X 2K","Combined TCS+MTC","43.99","5.72","0","0","0","0","0","0","0","0","-5.72","-6.60","-6.12","0","0","31.27"
"Oct 21, 2025 12:24:47 p.m. PDT","24759617131","Order","701-7131184-2088235","9B-5VGN-40SH","Dream Reach 2 Pack Kitchen Scissors, All-metal, No Plastic Kitchen Shears All Purpose, Heavy Duty Poultry Shears for Food, Food-Grade Stainless Steel","1","amazon.ca","Amazon","Saskatoon","Saskatchewan","S7M 1J","Combined TCS+MTC","25.73","2.83","2.85","0.31","0","0","0","0","0","0","-3.14","-3.86","-10.08","0","0","14.64"
"Oct 21, 2025 1:26:44 p.m. PDT","24759617131","Order","702-3313117-1329059","KF02-BBJ","Dream Reach Chef Knife, Japanese Kitchen Knife, Sharp Stainless Steel Viking Style Meat Knife with Wooden Handle, Feather Design Cooking Knife with Sh","1","amazon.ca","Amazon","Lorraine","Quebec","J6Z 3Z","Combined TCS+MTC","29.99","4.49","0","0","0","0","0","0","0","0","-4.49","-4.50","-6.73","0","0","18.76"
"Oct 21, 2025 2:53:57 p.m. PDT","24759617131","Order","701-5157050-0674612","9B-5VGN-40SH","Dream Reach 2 Pack Kitchen Scissors, Premium All-Metal Kitchen Shears, Heavy Duty Poultry Shears for Food, Food-Grade Stainless Steel Scissors, Gift f","1","amazon.ca","Amazon","Orillia","Ontario","L3V 2X","Combined TCS+MTC","25.73","3.34","0","0","0","0","0","0","0","0","-3.34","-3.86","-7.23","0","0","14.64"
"Oct 21, 2025 6:57:36 p.m. PDT","24759617131","Refund","701-0961544-7610605","KF05-BBJ","Dream Reach Meat Cleaver Knife Heavy Duty Bone Chopper High Carbon Steel Butcher Axe Bone Cutting Knife Hand Forged Butcher Knife for Kitchen Outdoor","1","amazon.ca","Amazon","Wooler","ON","K0K 3M","Combined TCS+MTC","-45.99","-5.98","0","0","0","0","0","0","0","0","5.98","5.52","0","0","0","-40.47"
"Oct 21, 2025 7:00:21 p.m. PDT","24759617131","Order","701-2578410-9165808","9B-5VGN-40SH","Dream Reach 2 Pack Kitchen Scissors, All-metal, No Plastic Kitchen Shears All Purpose, Heavy Duty Poultry Shears for Food, Food-Grade Stainless Steel","1","amazon.ca","Amazon","Williams Lake","British Columbia","V2G 5J","Combined TCS+MTC","25.73","3.09","0","0","0","0","0","0","0","0","-3.09","-3.86","-7.74","0","0","14.13"
"Oct 21, 2025 7:27:09 p.m. PDT","24759617131","Order","702-9114221-2733838","9B-5VGN-40SH","Dream Reach 2 Pack Kitchen Scissors, All-metal, No Plastic Kitchen Shears All Purpose, Heavy Duty Poultry Shears for Food, Food-Grade Stainless Steel","1","amazon.ca","Amazon","Grimshaw","Alberta","T0H 1W","Combined TCS+MTC","25.73","1.29","0","0","0","0","0","0","0","0","-1.29","-3.86","-7.23","0","0","14.64"
"Oct 21, 2025 11:42:30 p.m. PDT","24759617131","Order","701-6779214-7534617","9B-5VGN-40SH","Dream Reach 2 Pack Kitchen Scissors, All-metal, No Plastic Kitchen Shears All Purpose, Heavy Duty Poultry Shears for Food, Food-Grade Stainless Steel","1","amazon.ca","Amazon","Camrose","Alberta","T4V 3G","Combined TCS+MTC","26.59","1.33","0","0","0","0","0","0","0","0","-1.33","-3.99","-7.23","0","0","15.37"
"Oct 21, 2025 11:51:34 p.m. PDT","24759617131","Order","702-4590430-3909860","9B-5VGN-40SH","Dream Reach 2 Pack Kitchen Scissors, All-metal, No Plastic Kitchen Shears All Purpose, Heavy Duty Poultry Shears for Food, Food-Grade Stainless Steel","1","amazon.ca","Amazon","Sharon","Ontario","L0G 1V","Combined TCS+MTC","25.73","3.34","0","0","0","0","0","0","0","0","-3.34","-3.86","-7.23","0","0","14.64"
"Oct 22, 2025 12:03:34 a.m. PDT","24759617131","Order","701-8098053-7278633","9B-5VGN-40SH","Dream Reach 2 Pack Kitchen Scissors, Premium All-Metal Kitchen Shears, Heavy Duty Poultry Shears for Food, Food-Grade Stainless Steel Scissors, Gift f","1","amazon.ca","Amazon","RUSSELL","Ontario","K4R 0G","Combined TCS+MTC","25.73","3.34","0","0","0","0","0","0","0","0","-3.34","-3.86","-7.23","0","0","14.64"
"Oct 22, 2025 1:00:36 a.m. PDT","24759617131","Order","702-8172823-1371420","9B-5VGN-40SH","Dream Reach 2 Pack Kitchen Scissors, All-metal, No Plastic Kitchen Shears All Purpose, Heavy Duty Poultry Shears for Food, Food-Grade Stainless Steel","1","amazon.ca","Amazon","Saint-Laurent","Quebec","H4S 1T","Combined TCS+MTC","25.73","3.85","0","0","0","0","0","0","0","0","-3.85","-3.86","-7.23","0","0","14.64"
"Oct 22, 2025 1:07:20 a.m. PDT","24759617131","Order","702-2690312-0705800","9B-5VGN-40SH","Dream Reach 2 Pack Kitchen Scissors, Premium All-Metal Kitchen Shears, Heavy Duty Poultry Shears for Food, Food-Grade Stainless Steel Scissors, Gift f","1","amazon.ca","Amazon","Calgary","Alberta","T2W 4K","Combined TCS+MTC","25.73","1.29","0","0","0","0","0","0","0","0","-1.29","-3.86","-7.23","0","0","14.64"
"Oct 22, 2025 1:18:58 a.m. PDT","24759617131","Order","702-5886106-0188241","9B-5VGN-40SH","Dream Reach 2 Pack Kitchen Scissors, Premium All-Metal Kitchen Shears, Heavy Duty Poultry Shears for Food, Food-Grade Stainless Steel Scissors, Gift f","1","amazon.ca","Amazon","Mississauga","Ontario","L5L 2M","Combined TCS+MTC","25.73","3.34","0","0","0","0","0","0","0","0","-3.34","-3.86","-7.23","0","0","14.64"
"Oct 22, 2025 2:19:05 a.m. PDT","24759617131","Order","701-0962438-9629063","KF04-BBJ","Dream Reach Meat Bone Cleaver Knife for Meat Cutting Handmade Heavy Duty Butcher Axes Hand Forged Full Tang Chopper for Kitchen Outdoor BBQ Chef Gifts","1","amazon.ca","Amazon","Saskatoon","Saskatchewan","S7P 0B","Combined TCS+MTC","42.99","4.73","5.90","0","0","0","0","0","-5.90","0","-4.73","-6.45","-8.25","0","0","28.29"
"Oct 22, 2025 2:37:41 a.m. PDT","24759617131","Order","701-4575700-1697812","KF05-BBJ","Dream Reach Meat Cleaver Knife Heavy Duty Bone Chopper High Carbon Steel Butcher Axe Bone Cutting Knife Hand Forged Butcher Knife for Kitchen Outdoor","1","amazon.ca","Amazon","Pickering","Ontario","L1V 0B","Combined TCS+MTC","36.79","4.78","6.99","0","0","0","0","0","-6.99","0","-4.78","-5.52","-9.04","0","0","22.23"
"Oct 22, 2025 2:52:39 a.m. PDT","24759617131","Order","702-1422699-4080211","HS1901","Dream Reach 6"" Professional Hair Cutting Scissors Japan 440C Steel Thinning Scissor for Men/Women Cutting for Salon/Barber/Home (Straight Scissors)","1","amazon.ca","Amazon","Keswick","Ontario","L4P 3E","Combined TCS+MTC","43.99","5.72","0","0","0","0","0","0","0","0","-5.72","-6.60","-6.12","0","0","31.27"
"Oct 22, 2025 3:03:06 a.m. PDT","24759617131","Order","702-9684164-1046656","KF02-BBJ","Dream Reach Chef Knife, Japanese Kitchen Knife, Sharp Stainless Steel Viking Style Meat Knife with Wooden Handle, Feather Design Cooking Knife with Sh","1","amazon.ca","Amazon","Beauharnois","Quebec","J6N 1Z","Combined TCS+MTC","29.99","4.49","0","0","0","0","0","0","0","0","-4.49","-4.50","-6.73","0","0","18.76"
"Oct 22, 2025 3:36:19 a.m. PDT","24759617131","Order","702-3359016-8797861","HS1901","Dream Reach 6"" Professional Hair Cutting Scissors Japan 440C Steel Thinning Scissor for Men/Women Cutting for Salon/Barber/Home (Straight Scissors)","1","amazon.ca","Amazon","Montreal","Quebec","H2L 5C","Combined TCS+MTC","43.99","6.59","0","0","0","0","0","0","0","0","-6.59","-6.60","-6.12","0","0","31.27"
"Oct 22, 2025 4:17:47 a.m. PDT","24759617131","Order","702-4684959-3972206","9B-5VGN-40SH","Dream Reach 2 Pack Kitchen Scissors, Premium All-Metal Kitchen Shears, Heavy Duty Poultry Shears for Food, Food-Grade Stainless Steel Scissors, Gift f","1","amazon.ca","Amazon","Coquitlam","British Columbia","V3K1Y","Combined TCS+MTC","25.73","3.09","0","0","0","0","0","0","0","0","-3.09","-3.86","-7.74","0","0","14.13"
"Oct 22, 2025 4:43:45 a.m. PDT","24759617131","Order","702-0383472-7760259","9B-5VGN-40SH","Dream Reach 2 Pack Kitchen Scissors, Premium All-Metal Kitchen Shears, Heavy Duty Poultry Shears for Food, Food-Grade Stainless Steel Scissors, Gift f","1","amazon.ca","Amazon","Rosedale","British Columbia","V0X 1X","Combined TCS+MTC","25.73","3.09","0","0","0","0","0","0","0","0","-3.09","-3.86","-7.74","0","0","14.13"
"Oct 22, 2025 5:28:20 a.m. PDT","24759617131","Order","701-0190553-9921020","9B-5VGN-40SH","Dream Reach 2 Pack Kitchen Scissors, Premium All-Metal Kitchen Shears, Heavy Duty Poultry Shears for Food, Food-Grade Stainless Steel Scissors, Gift f","1","amazon.ca","Amazon","Fort Macleod","Alberta","T0L 0Z","Combined TCS+MTC","25.73","1.29","0","0","0","0","0","0","0","0","-1.29","-3.86","-7.23","0","0","14.64"
"Oct 22, 2025 5:39:06 a.m. PDT","24759617131","Order","702-4996702-2245864","BBJK06-Set6","Dream Reach Knife Set with Roll Bag, 6-Piece Professional Chef Knife Set, High Carbon Steel Black Kitchen Knives for Cooking, BBQ & Outdoor Use","1","amazon.ca","Amazon","Chicoutimi","Quebec","G7H 3B","Combined TCS+MTC","107.99","12.94","0","0","0","0","0","0","-21.60","0","-12.94","-12.96","-10.77","0","0","62.66"
"Oct 22, 2025 5:42:28 a.m. PDT","24759617131","Order","702-3000097-4445851","9B-5VGN-40SH","Dream Reach 2 Pack Kitchen Scissors, Premium All-Metal Kitchen Shears, Heavy Duty Poultry Shears for Food, Food-Grade Stainless Steel Scissors, Gift f","1","amazon.ca","Amazon","Nepean","Ontario","K2J 0X","Combined TCS+MTC","25.73","3.34","0","0","0","0","0","0","0","0","-3.34","-3.86","-7.23","0","0","14.64"
"Oct 22, 2025 5:50:19 a.m. PDT","24759617131","Order","702-3880295-0801005","9B-5VGN-40SH","Dream Reach 2 Pack Kitchen Scissors, Premium All-Metal Kitchen Shears, Heavy Duty Poultry Shears for Food, Food-Grade Stainless Steel Scissors, Gift f","1","amazon.ca","Amazon","Kitchener","Ontario","N2M 2E","Combined TCS+MTC","25.73","3.34","0","0","0","0","0","0","0","0","-3.34","-3.86","-7.23","0","0","14.64"
"Oct 22, 2025 6:05:00 a.m. PDT","24759617131","Order","702-6392553-5488216","KF05-BBJ","Dream Reach Meat Cleaver Knife Heavy Duty Bone Chopper High Carbon Steel Butcher Axe Bone Cutting Knife Hand Forged Butcher Knife for Kitchen Outdoor","1","amazon.ca","Amazon","Newmarket","ON","L3Y 1L","Combined TCS+MTC","36.79","4.78","6.99","0","0","0","0","0","-6.99","0","-4.78","-5.52","-9.04","0","0","22.23"
"Oct 22, 2025 6:29:17 a.m. PDT","24759617131","Order","702-4107911-5121052","9B-5VGN-40SH","Dream Reach 2 Pack Kitchen Scissors, All-metal, No Plastic Kitchen Shears All Purpose, Heavy Duty Poultry Shears for Food, Food-Grade Stainless Steel","1","amazon.ca","Amazon","Kaleden","bc","V0H 1K","Combined TCS+MTC","25.73","3.09","0","0","0","0","0","0","0","0","-3.09","-3.86","-7.23","0","0","14.64"
"Oct 22, 2025 6:59:51 a.m. PDT","24759617131","Order","702-5782154-9508244","9B-5VGN-40SH","Dream Reach 2 Pack Kitchen Scissors, Premium All-Metal Kitchen Shears, Heavy Duty Poultry Shears for Food, Food-Grade Stainless Steel Scissors, Gift f","1","amazon.ca","Amazon","Vancouver","British Columbia","V6P 4T","Combined TCS+MTC","25.73","3.09","6.99","0","0","0","0","0","-6.99","0","-3.09","-3.86","-8.19","0","0","13.68"
"Oct 22, 2025 7:02:26 a.m. PDT","24759617131","Order","702-7928156-1830608","9B-5VGN-40SH","Dream Reach 2 Pack Kitchen Scissors, All-metal, No Plastic Kitchen Shears All Purpose, Heavy Duty Poultry Shears for Food, Food-Grade Stainless Steel","1","amazon.ca","Amazon","Thunder Bay","ON","P7E4A","Combined TCS+MTC","25.73","3.34","0","0","0","0","0","0","0","0","-3.34","-3.86","-7.23","0","0","14.64"
"Oct 22, 2025 7:03:52 a.m. PDT","24759617131","Order","701-9059028-7295415","9B-5VGN-40SH","Dream Reach 2 Pack Kitchen Scissors, All-metal, No Plastic Kitchen Shears All Purpose, Heavy Duty Poultry Shears for Food, Food-Grade Stainless Steel","1","amazon.ca","Amazon","Saint-Hyacinthe","Quebec","J2T 3M","Combined TCS+MTC","25.73","3.85","0","0","0","0","0","0","0","0","-3.85","-3.86","-7.23","0","0","14.64"
"Oct 22, 2025 7:15:44 a.m. PDT","24759617131","Order","702-8866811-9905013","9B-5VGN-40SH","Dream Reach 2 Pack Kitchen Scissors, All-metal, No Plastic Kitchen Shears All Purpose, Heavy Duty Poultry Shears for Food, Food-Grade Stainless Steel","1","amazon.ca","Amazon","Langley","British Columbia","V2Y 0L","Combined TCS+MTC","25.73","3.09","2.39","0","0","0","0","0","-2.39","0","-3.09","-3.86","-7.23","0","0","14.64"
"Oct 22, 2025 7:30:10 a.m. PDT","24759617131","Order","702-0360953-3446618","9B-5VGN-40SH","Dream Reach 2 Pack Kitchen Scissors, All-metal, No Plastic Kitchen Shears All Purpose, Heavy Duty Poultry Shears for Food, Food-Grade Stainless Steel","1","amazon.ca","Amazon","Winnipeg","Manitoba","R3J 2J","Combined TCS+MTC","25.73","3.09","0","0","0","0","0","0","0","0","-3.09","-3.86","-7.23","0","0","14.64"
"Oct 22, 2025 7:33:44 a.m. PDT","24759617131","Order","702-6498728-7710646","9B-5VGN-40SH","Dream Reach 2 Pack Kitchen Scissors, All-metal, No Plastic Kitchen Shears All Purpose, Heavy Duty Poultry Shears for Food, Food-Grade Stainless Steel","1","amazon.ca","Amazon","Barrie","Ontario","L4N 7X","Combined TCS+MTC","25.73","3.34","0","0","0","0","0","0","0","0","-3.34","-3.86","-7.23","0","0","14.64"
"Oct 22, 2025 7:37:44 a.m. PDT","24759617131","Order","701-6645668-8482653","9B-5VGN-40SH","Dream Reach 2 Pack Kitchen Scissors, All-metal, No Plastic Kitchen Shears All Purpose, Heavy Duty Poultry Shears for Food, Food-Grade Stainless Steel","1","amazon.ca","Amazon","Stanstead","Quebec","J0B 1E","Combined TCS+MTC","25.73","3.85","0","0","0","0","0","0","0","0","-3.85","-3.86","-7.23","0","0","14.64"
"Oct 22, 2025 8:09:13 a.m. PDT","24759617131","Order","701-7318763-9475450","KF02-BBJ","Dream Reach Chef Knife, Japanese Kitchen Knife, Sharp Stainless Steel Viking Style Meat Knife with Wooden Handle, Feather Design Cooking Knife with Sh","1","amazon.ca","Amazon","Kingston","Ontario","K7M 3G","Combined TCS+MTC","29.99","3.90","0","0","0","0","0","0","0","0","-3.90","-4.50","-6.73","0","0","18.76"
"Oct 22, 2025 8:11:14 a.m. PDT","24759617131","Order","702-5702868-6982608","KF04-BBJ","Dream Reach Meat Bone Cleaver Knife for Meat Cutting Handmade Heavy Duty Butcher Axes Hand Forged Full Tang Chopper for Kitchen Outdoor BBQ Chef Gifts","1","amazon.ca","Amazon","Niagara Falls","Ontario","L2H 0M","Combined TCS+MTC","37.59","4.89","2.61","0","0","0","0","0","-2.61","0","-4.89","-5.64","-8.25","0","0","23.70"
"Oct 22, 2025 8:15:11 a.m. PDT","24759617131","Order","701-7968774-1665056","9B-5VGN-40SH","Dream Reach 2 Pack Kitchen Scissors, Premium All-Metal Kitchen Shears, Heavy Duty Poultry Shears for Food, Food-Grade Stainless Steel Scissors, Gift f","1","amazon.ca","Amazon","Toronto","Ontario","M5V 3V","Combined TCS+MTC","25.73","3.34","0","0","0","0","0","0","0","0","-3.34","-3.86","-7.23","0","0","14.64"
"Oct 22, 2025 8:32:28 a.m. PDT","24759617131","Order","701-8261350-3401856","9B-5VGN-40SH","Dream Reach 2 Pack Kitchen Scissors, All-metal, No Plastic Kitchen Shears All Purpose, Heavy Duty Poultry Shears for Food, Food-Grade Stainless Steel","1","amazon.ca","Amazon","Calgary","Alberta","T3H 0V","Combined TCS+MTC","25.73","1.29","3.92","0","0","0","0","0","-3.92","0","-2.58","-7.72","-7.23","0","0","9.49"
"Oct 22, 2025 8:32:28 a.m. PDT","24759617131","Order","701-8261350-3401856","9B-5VGN-40SH","Dream Reach 2 Pack Kitchen Scissors, All-metal, No Plastic Kitchen Shears All Purpose, Heavy Duty Poultry Shears for Food, Food-Grade Stainless Steel","1","amazon.ca","Amazon","Calgary","Alberta","T3H 0V","","25.73","1.29","3.93","0","0","0","0","0","-3.93","0","0","0","-7.23","0","0","19.79"
"Oct 22, 2025 8:43:39 a.m. PDT","24759617131","Order","702-4120037-5223405","9B-5VGN-40SH","Dream Reach 2 Pack Kitchen Scissors, Premium All-Metal Kitchen Shears, Heavy Duty Poultry Shears for Food, Food-Grade Stainless Steel Scissors, Gift f","1","amazon.ca","Amazon","Lanoraie","Quebec","J0K 1E","Combined TCS+MTC","25.73","3.85","0","0","0","0","0","0","0","0","-3.85","-3.86","-7.23","0","0","14.64"
"Oct 22, 2025 9:00:08 a.m. PDT","24759617131","Order","702-2591815-7777838","9B-5VGN-40SH","Dream Reach 2 Pack Kitchen Scissors, All-metal, No Plastic Kitchen Shears All Purpose, Heavy Duty Poultry Shears for Food, Food-Grade Stainless Steel","1","amazon.ca","Amazon","Weyburn","Saskatchewan","S4H 2K","Combined TCS+MTC","25.73","2.83","0","0","0","0","0","0","0","0","-2.83","-3.86","-7.23","0","0","14.64"
"Oct 22, 2025 9:18:28 a.m. PDT","24759617131","Order","701-3456506-1323465","9B-5VGN-40SH","Dream Reach 2 Pack Kitchen Scissors, All-metal, No Plastic Kitchen Shears All Purpose, Heavy Duty Poultry Shears for Food, Food-Grade Stainless Steel","1","amazon.ca","Amazon","Burnaby","British Columbia","V5C 6G","Combined TCS+MTC","25.73","3.09","0","0","0","0","0","0","0","0","-3.09","-3.86","-7.74","0","0","14.13"
"Oct 22, 2025 9:28:12 a.m. PDT","24759617131","Order","701-5244442-7785859","KF05-BBJ","Dream Reach Meat Cleaver Knife Heavy Duty Bone Chopper High Carbon Steel Butcher Axe Bone Cutting Knife Hand Forged Butcher Knife for Kitchen Outdoor","1","amazon.ca","Amazon","Saint-Remi","Quebec","J0L 2L","Combined TCS+MTC","39.49","5.91","0","0","0","0","0","0","0","0","-5.91","-5.92","-9.04","0","0","24.53"
"Oct 22, 2025 10:00:34 a.m. PDT","24759617131","Order","701-7980300-9901844","9B-5VGN-40SH","Dream Reach 2 Pack Kitchen Scissors, All-metal, No Plastic Kitchen Shears All Purpose, Heavy Duty Poultry Shears for Food, Food-Grade Stainless Steel","1","amazon.ca","Amazon","Delta","British Columbia","V4K 0C","Combined TCS+MTC","26.59","3.19","0","0","0","0","0","0","0","0","-3.19","-3.99","-7.74","0","0","14.86"
"Oct 22, 2025 10:42:34 p.m. PDT","24759617131","Service Fee","","","Cost of advertising","","","","","","","","0","0","0","0","0","0","0","0","0","0","0","0","0","-500.08","0","-500.08"
"Oct 23, 2025 12:11:03 a.m. PDT","24759617131","Order","701-0669017-1197029","8FS04-BJ","Dream Reach Dog Straight Scissors - 8 Inch 440C Stainless Steel Professional Pet Grooming Shears with Adjustable Screw","1","amazon.ca","Amazon","St-Agapit","Quebec","G0S 1Z","Combined TCS+MTC","49.99","7.49","0","0","0","0","0","0","0","0","-7.49","-7.50","-4.46","0","0","38.03"
"Oct 23, 2025 12:53:38 a.m. PDT","24759617131","Order","702-8614756-4224250","KF02-BBJ","Dream Reach Chef Knife, Japanese Kitchen Knife, Sharp Stainless Steel Viking Style Meat Knife with Wooden Handle, Feather Design Cooking Knife with Sh","1","amazon.ca","Amazon","Winnipeg","Manitoba","R2R 0B","Combined TCS+MTC","29.99","3.60","0","0","0","0","0","0","0","0","-3.60","-4.50","-6.73","0","0","18.76"
"Oct 23, 2025 1:19:38 a.m. PDT","24759617131","Order","701-6793244-7658658","9B-5VGN-40SH","Dream Reach 2 Pack Kitchen Scissors, Premium All-Metal Kitchen Shears, Heavy Duty Poultry Shears for Food, Food-Grade Stainless Steel Scissors, Gift f","1","amazon.ca","Amazon","Montreal","Québec","H3C0N","Combined TCS+MTC","25.73","3.85","0","0","0","0","0","0","0","0","-3.85","-3.86","-7.65","0","0","14.22"
"Oct 23, 2025 1:30:48 a.m. PDT","24759617131","Order","702-7527493-9376226","9B-5VGN-40SH","Dream Reach 2 Pack Kitchen Scissors, Premium All-Metal Kitchen Shears, Heavy Duty Poultry Shears for Food, Food-Grade Stainless Steel Scissors, Gift f","1","amazon.ca","Amazon","Ottawa","Ontario","K1W 0G","Combined TCS+MTC","25.73","3.34","6.99","0","0","0","0","0","-6.99","0","-3.34","-3.86","-7.65","0","0","14.22"
"Oct 23, 2025 1:35:06 a.m. PDT","24759617131","Order","701-2935139-2073820","9B-5VGN-40SH","Dream Reach 2 Pack Kitchen Scissors, Premium All-Metal Kitchen Shears, Heavy Duty Poultry Shears for Food, Food-Grade Stainless Steel Scissors, Gift f","1","amazon.ca","Amazon","Montreal","Quebec","H3C 1J","Combined TCS+MTC","25.73","3.85","0","0","0","0","0","0","0","0","-3.85","-3.86","-7.65","0","0","14.22"
"Oct 23, 2025 1:37:03 a.m. PDT","24759617131","Order","701-3938571-3432256","37-EQUL-C5MA","Dream Reach HIGH-END Series Japanese 440C Stainless 6.0"" 360° Swivel Thumb Ring Professional Barber Razor Edge Hairdressing Straight Cutting Scissors","1","amazon.ca","Amazon","Brampton","Ontario","L6R 4C","Combined TCS+MTC","59.79","7.77","0","0","0","0","0","0","0","0","-7.77","-8.97","-4.71","0","0","46.11"
"Oct 23, 2025 2:11:47 a.m. PDT","24759617131","Order","702-5680581-5571457","9B-5VGN-40SH","Dream Reach 2 Pack Kitchen Scissors, Premium All-Metal Kitchen Shears, Heavy Duty Poultry Shears for Food, Food-Grade Stainless Steel Scissors, Gift f","1","amazon.ca","Amazon","Mississauga","Ontario","L5N6C","Combined TCS+MTC","25.73","3.34","2.33","0","0","0","0","0","-2.33","0","-3.34","-3.86","-7.65","0","0","14.22"
"Oct 23, 2025 2:33:05 a.m. PDT","24759617131","Order","701-7568581-3575450","9B-5VGN-40SH","Dream Reach 2 Pack Kitchen Scissors, Premium All-Metal Kitchen Shears, Heavy Duty Poultry Shears for Food, Food-Grade Stainless Steel Scissors, Gift f","1","amazon.ca","Amazon","Scarborough","Ontario","M1P 4Y","Combined TCS+MTC","25.73","3.34","6.99","0","0","0","0","0","-6.99","0","-3.34","-3.86","-7.65","0","0","14.22"
"Oct 23, 2025 4:03:05 a.m. PDT","24759617131","Order","701-2090306-2369055","9B-5VGN-40SH","Dream Reach 2 Pack Kitchen Scissors, All-metal, No Plastic Kitchen Shears All Purpose, Heavy Duty Poultry Shears for Food, Food-Grade Stainless Steel","1","amazon.ca","Amazon","Winnipeg","Manitoba","R2V 2R","Combined TCS+MTC","25.73","3.09","3.93","0","0","0","0","0","-3.93","0","-3.09","-3.86","-7.23","0","0","14.64"
"Oct 23, 2025 6:33:58 a.m. PDT","24759617131","Order","702-0164317-9117823","9B-5VGN-40SH","Dream Reach 2 Pack Kitchen Scissors, Premium All-Metal Kitchen Shears, Heavy Duty Poultry Shears for Food, Food-Grade Stainless Steel Scissors, Gift f","1","amazon.ca","Amazon","Newmarket","Ontario","L3X 2N","Combined TCS+MTC","25.73","3.34","2.33","0","0","0","0","0","-2.33","0","-3.34","-3.86","-7.65","0","0","14.22"
"Oct 23, 2025 6:34:08 a.m. PDT","24759617131","Order","702-8436860-3325860","9B-5VGN-40SH","Dream Reach 2 Pack Kitchen Scissors, Premium All-Metal Kitchen Shears, Heavy Duty Poultry Shears for Food, Food-Grade Stainless Steel Scissors, Gift f","1","amazon.ca","Amazon","Sherwood Park","Alberta","T8A 1L","Combined TCS+MTC","37.99","1.90","2.33","0","0","0","0","0","-2.33","0","-1.90","-5.70","-7.65","0","0","24.64"
"Oct 23, 2025 6:39:23 a.m. PDT","24759617131","Order","702-0109642-7405857","9B-5VGN-40SH","Dream Reach 2 Pack Kitchen Scissors, Premium All-Metal Kitchen Shears, Heavy Duty Poultry Shears for Food, Food-Grade Stainless Steel Scissors, Gift f","1","amazon.ca","Amazon","Sherwood Park","Alberta","T8A 6M","Combined TCS+MTC","25.73","1.29","0","0","0","0","0","0","0","0","-1.29","-3.86","-7.65","0","0","14.22"
"Oct 23, 2025 6:48:57 a.m. PDT","24759617131","Order","702-8579361-2854610","9B-5VGN-40SH","Dream Reach 2 Pack Kitchen Scissors, Premium All-Metal Kitchen Shears, Heavy Duty Poultry Shears for Food, Food-Grade Stainless Steel Scissors, Gift f","1","amazon.ca","Amazon","Surrey","British Columbia","V4A 5T","Combined TCS+MTC","25.73","3.09","0","0","0","0","0","0","0","0","-3.09","-3.86","-8.19","0","0","13.68"
"Oct 23, 2025 7:09:02 a.m. PDT","24759617131","Order","701-0537317-3085804","9B-5VGN-40SH","Dream Reach 2 Pack Kitchen Scissors, Premium All-Metal Kitchen Shears, Heavy Duty Poultry Shears for Food, Food-Grade Stainless Steel Scissors, Gift f","1","amazon.ca","Amazon","Richmond","B.C.","V6X 2W","Combined TCS+MTC","25.73","3.09","0","0","0","0","0","0","0","0","-3.09","-3.86","-8.19","0","0","13.68"
"Oct 23, 2025 7:20:50 a.m. PDT","24759617131","Order","701-0575820-5058606","9B-5VGN-40SH","Dream Reach 2 Pack Kitchen Scissors, Premium All-Metal Kitchen Shears, Heavy Duty Poultry Shears for Food, Food-Grade Stainless Steel Scissors, Gift f","1","amazon.ca","Amazon","Shawinigan","Quebec","G9P 0C","Combined TCS+MTC","25.73","3.85","0","0","0","0","0","0","0","0","-3.85","-3.86","-7.65","0","0","14.22"
"Oct 23, 2025 12:33:29 p.m. PDT","24759617131","Order","702-6996215-1429842","9B-5VGN-40SH","Dream Reach 2 Pack Kitchen Scissors, Premium All-Metal Kitchen Shears, Heavy Duty Poultry Shears for Food, Food-Grade Stainless Steel Scissors, Gift f","1","amazon.ca","Amazon","Richmond","British Columbia","V7E 1G","Combined TCS+MTC","25.73","3.09","0","0","0","0","0","0","0","0","-3.09","-3.86","-8.19","0","0","13.68"
"Oct 23, 2025 1:25:08 p.m. PDT","24759617131","Order","701-1854255-5672212","KF05-BBJ","Dream Reach Meat Cleaver Knife Heavy Duty Bone Chopper High Carbon Steel Butcher Axe Bone Cutting Knife Hand Forged Butcher Knife for Kitchen Outdoor","1","amazon.ca","Amazon","Victoria","British Columbia","V8Z 1V","Combined TCS+MTC","39.49","4.74","5.90","0","0","0","0","0","-5.90","0","-4.74","-5.92","-9.04","0","0","24.53"
"Oct 23, 2025 2:39:29 p.m. PDT","24759617131","Order","701-0273285-7697862","9B-5VGN-40SH","Dream Reach 2 Pack Kitchen Scissors, Premium All-Metal Kitchen Shears, Heavy Duty Poultry Shears for Food, Food-Grade Stainless Steel Scissors, Gift f","1","amazon.ca","Amazon","Sutton West","Ontario","L0E 1R","Combined TCS+MTC","25.73","3.34","0","0","0","0","0","0","0","0","-3.34","-3.86","-7.65","0","0","14.22"
"Oct 23, 2025 2:58:48 p.m. PDT","24759617131","Order","701-9456072-8314661","KF05-BBJ","Dream Reach Meat Cleaver Knife Heavy Duty Bone Chopper High Carbon Steel Butcher Axe Bone Cutting Knife Hand Forged Butcher Knife for Kitchen Outdoor","1","amazon.ca","Amazon","Fort McMurray","Alberta","T9K 0P","Combined TCS+MTC","36.79","1.84","0","0","0","0","0","0","0","0","-1.84","-5.52","-9.04","0","0","22.23"
"Oct 23, 2025 11:48:26 p.m. PDT","24759617131","Order","702-0256035-6150633","9B-5VGN-40SH","Dream Reach 2 Pack Kitchen Scissors, Premium All-Metal Kitchen Shears, Heavy Duty Poultry Shears for Food, Food-Grade Stainless Steel Scissors, Gift f","1","amazon.ca","Amazon","Drayton Valley","Alberta","T7A 0B","Combined TCS+MTC","25.73","1.29","0","0","0","0","0","0","0","0","-1.29","-3.86","-7.23","0","0","14.64"
"Oct 24, 2025 12:20:26 a.m. PDT","24759617131","Order","701-5934488-1198608","KF05-BBJ","Dream Reach Meat Cleaver Knife Heavy Duty Bone Chopper High Carbon Steel Butcher Axe Bone Cutting Knife Hand Forged Butcher Knife for Kitchen Outdoor","1","amazon.ca","Amazon","Portage la prairie","Manitoba","R1N 3L","Combined TCS+MTC","36.79","4.41","0","0","0","0","0","0","0","0","-4.41","-5.52","-9.58","0","0","21.69"
"Oct 24, 2025 12:28:53 a.m. PDT","24759617131","Order","701-3411287-5173845","9B-5VGN-40SH","Dream Reach 2 Pack Kitchen Scissors, Premium All-Metal Kitchen Shears, Heavy Duty Poultry Shears for Food, Food-Grade Stainless Steel Scissors, Gift f","1","amazon.ca","Amazon","Montreal","Quebec","H2L 4A","Combined TCS+MTC","25.73","3.85","3.92","0","0","0","0","0","-3.92","0","-3.85","-3.86","-7.65","0","0","14.22"
"Oct 24, 2025 2:07:59 a.m. PDT","24759617131","Adjustment","","8FS03-BJ","FBA Inventory Reimbursement - General Adjustment","1","","","","","","","0","0","0","0","0","0","0","0","0","0","0","0","0","0","-13.40","-13.40"
"Oct 24, 2025 2:40:01 a.m. PDT","24759617131","Order","702-7384728-5286659","9B-5VGN-40SH","Dream Reach 2 Pack Kitchen Scissors, Premium All-Metal Kitchen Shears, Heavy Duty Poultry Shears for Food, Food-Grade Stainless Steel Scissors, Gift f","1","amazon.ca","Amazon","Windsor","Ontario","N9J 2C","Combined TCS+MTC","37.99","4.44","3.50","0","0","0","0","0","-7.30","0","-4.44","-5.13","-7.65","0","0","21.41"
"Oct 24, 2025 3:03:29 a.m. PDT","24759617131","Order","701-8708808-1977818","KF02-BBJ","Dream Reach Chef Knife, Japanese Kitchen Knife, Sharp Stainless Steel Viking Style Meat Knife with Wooden Handle, Feather Design Cooking Knife with Sh","1","amazon.ca","Amazon","Oakville","Ontario","L6H 5B","Combined TCS+MTC","29.99","3.90","3.49","0","0","0","0","0","-3.49","0","-3.90","-4.50","-7.13","0","0","18.36"
"Oct 24, 2025 3:26:28 a.m. PDT","24759617131","Order","702-1768136-9818614","9B-5VGN-40SH","Dream Reach 2 Pack Kitchen Scissors, Premium All-Metal Kitchen Shears, Heavy Duty Poultry Shears for Food, Food-Grade Stainless Steel Scissors, Gift f","1","amazon.ca","Amazon","Mississauga","Ontario","L5N4X","Combined TCS+MTC","37.99","4.44","6.99","0","0","0","0","0","-10.79","0","-4.44","-5.13","-7.65","0","0","21.41"
"Oct 24, 2025 3:28:14 a.m. PDT","24759617131","Order","701-3902663-7508201","9B-5VGN-40SH","Dream Reach 2 Pack Kitchen Scissors, Premium All-Metal Kitchen Shears, Heavy Duty Poultry Shears for Food, Food-Grade Stainless Steel Scissors, Gift f","1","amazon.ca","Amazon","quebec","quebec","G3J 1M","Combined TCS+MTC","25.73","3.85","0","0","0","0","0","0","0","0","-3.85","-3.86","-7.65","0","0","14.22"
"Oct 24, 2025 4:16:30 a.m. PDT","24759617131","Order","702-9979482-3781037","Scissors04B6","Dream Reach 6"" Upward Curved Dog Grooming Scissors Shears for Grooming Face and Paws Safety Shears Trimming Cutting Scissors for Dog Cat Pet Black","1","amazon.ca","Amazon","Priceville","Ontario","N0C 1K","Combined TCS+MTC","42.99","5.59","0","0","0","0","0","0","0","0","-5.59","-6.45","-6.49","0","0","30.05"
"Oct 24, 2025 5:55:12 a.m. PDT","24759617131","Order","702-0448525-9869867","KF02-BBJ","Dream Reach Chef Knife, Japanese Kitchen Knife, Sharp Stainless Steel Viking Style Meat Knife with Wooden Handle, Feather Design Cooking Knife with Sh","1","amazon.ca","Amazon","Shag Harbour","Nova Scotia","B0W 3B","Combined TCS+MTC","29.99","4.20","0","0","0","0","0","0","0","0","-4.20","-4.50","-7.13","0","0","18.36"
"Oct 24, 2025 6:16:08 a.m. PDT","24759617131","Order","701-6939483-3397046","9B-5VGN-40SH","Dream Reach 2 Pack Kitchen Scissors, Premium All-Metal Kitchen Shears, Heavy Duty Poultry Shears for Food, Food-Grade Stainless Steel Scissors, Gift f","1","amazon.ca","Amazon","Kitchener","Ontario","N2M 2E","Combined TCS+MTC","37.99","4.94","3.49","0","0","0","0","0","-3.49","0","-4.94","-5.70","-7.65","0","0","24.64"
"Oct 24, 2025 6:22:37 a.m. PDT","24759617131","Order","701-9121106-2844247","9B-5VGN-40SH","Dream Reach 2 Pack Kitchen Scissors, Premium All-Metal Kitchen Shears, Heavy Duty Poultry Shears for Food, Food-Grade Stainless Steel Scissors, Gift f","1","amazon.ca","Amazon","Tiny","Ontario","L9M 0H","Combined TCS+MTC","25.73","3.34","3.26","0","0","0","0","0","-3.26","0","-3.34","-3.86","-7.65","0","0","14.22"
"Oct 24, 2025 8:09:55 a.m. PDT","24759617131","Order","701-9709204-9454655","BBJK06-Set6","Dream Reach Knife Set with Roll Bag, 6-Piece Professional Chef Knife Set, High Carbon Steel Black Kitchen Knives for Cooking, BBQ & Outdoor Use","1","amazon.ca","Amazon","St. Albert","Alberta","T8N 4J","Combined TCS+MTC","107.99","4.32","0","0","0","0","0","0","-21.60","0","-4.32","-12.96","-11.45","0","0","61.98"
"Oct 24, 2025 8:47:11 a.m. PDT","24759617131","Order","701-8722700-2253821","9B-5VGN-40SH","Dream Reach 2 Pack Kitchen Scissors, Premium All-Metal Kitchen Shears, Heavy Duty Poultry Shears for Food, Food-Grade Stainless Steel Scissors, Gift f","1","amazon.ca","Amazon","Montreal","Quebec","H1Y 3C","Combined TCS+MTC","25.73","3.85","0","0","0","0","0","0","0","0","-3.85","-3.86","-7.65","0","0","14.22"
"Oct 24, 2025 9:01:42 a.m. PDT","24759617131","Order","701-9579720-3090642","KF02-BBJ","Dream Reach Chef Knife, Japanese Kitchen Knife, Sharp Stainless Steel Viking Style Meat Knife with Wooden Handle, Feather Design Cooking Knife with Sh","1","amazon.ca","Amazon","Orleans","Ontario","K1C 2W","Combined TCS+MTC","29.99","3.90","6.99","0","0","0","0","0","-6.99","0","-3.90","-4.50","-7.13","0","0","18.36"
"Oct 24, 2025 12:41:47 p.m. PDT","24759617131","Order","702-6062287-5850669","KF01-BBJ","Dream Reach Viking Cleaver Knife Butcher Meat Cutting Boning Knife High Carbon Steel Kitchen Axe with Sheath Home Outdoor BBQ Camping Birthday Christm","1","amazon.ca","Amazon","Barrie","Ontario","L4N 7A","Combined TCS+MTC","35.99","4.68","0","0","0","0","0","0","0","0","-4.68","-5.40","-7.65","0","0","22.94"
"Oct 24, 2025 5:19:45 p.m. PDT","24759617131","Order","701-4063004-1070602","8FS01-BJ","Dream Reach Dog Thinning Scissors - 8 Inch Professional Pet Grooming Shears with Adjustable Screw, Sharp Trimming Scissors for Dogs and Cats","1","amazon.ca","Amazon","Sept-Iles","Quebec","G4R 4A","Combined TCS+MTC","49.99","7.49","0","0","0","0","0","0","0","0","-7.49","-7.50","-6.74","0","0","35.75"
"Oct 24, 2025 6:54:48 p.m. PDT","24759617131","Refund","702-6389349-1771460","9B-5VGN-40SH","Dream Reach 2 Pack Kitchen Scissors, All-metal, No Plastic Kitchen Shears All Purpose, Heavy Duty Poultry Shears for Food, Food-Grade Stainless Steel","1","amazon.ca","Amazon","Repentigny","Quebec","J5Z 4H","Combined TCS+MTC","-25.73","-3.85","0","0","0","0","0","0","0","0","3.85","3.09","0","0","0","-22.64"
"Oct 24, 2025 11:57:51 p.m. PDT","24759617131","Order","701-9883987-0035450","KF04-BBJ","Dream Reach Meat Bone Cleaver Knife for Meat Cutting Handmade Heavy Duty Butcher Axes Hand Forged Full Tang Chopper for Kitchen Outdoor BBQ Chef Gifts","1","amazon.ca","Amazon","Falher","Alberta","T0H 1M","Combined TCS+MTC","34.39","1.72","0","0","0","0","0","0","0","0","-1.72","-5.16","-8.74","0","0","20.49"
"Oct 25, 2025 1:25:50 a.m. PDT","24759617131","Order","701-9932924-7286646","KF04-BBJ","Dream Reach Meat Bone Cleaver Knife for Meat Cutting Handmade Heavy Duty Butcher Axes Hand Forged Full Tang Chopper for Kitchen Outdoor BBQ Chef Gifts","1","amazon.ca","Amazon","Calgary","Alberta","T3P 1M","Combined TCS+MTC","34.39","1.72","0","0","0","0","0","0","0","0","-1.72","-5.16","-8.74","0","0","20.49"
"Oct 25, 2025 1:42:17 a.m. PDT","24759617131","Order","702-3666308-2351440","CWJ02-Black7Set-BBJ","Dream Reach Dog Grooming Scissors - Professional 6 in 1 Pet Grooming Kit Sharp and Durable Shears Set Thinning, Chunker, Straight, Curved Shears and C","1","amazon.ca","Amazon","colborne","Ontario","K0K 1S","Combined TCS+MTC","58.49","7.60","0","0","0","0","0","0","0","0","-7.60","-8.77","-7.65","0","0","42.07"
"Oct 25, 2025 1:54:14 a.m. PDT","24759617131","Order","702-9631059-5669847","9B-5VGN-40SH","Dream Reach 2 Pack Kitchen Scissors, Premium All-Metal Kitchen Shears, Heavy Duty Poultry Shears for Food, Food-Grade Stainless Steel Scissors, Gift f","1","amazon.ca","Amazon","Calgary","Alberta","T2J 6K","Combined TCS+MTC","25.73","1.29","3.92","0","0","0","0","0","-3.92","0","-1.29","-3.86","-7.65","0","0","14.22"
"Oct 25, 2025 2:23:30 a.m. PDT","24759617131","Order","702-1107273-3185839","9B-5VGN-40SH","Dream Reach 2 Pack Kitchen Scissors, Premium All-Metal Kitchen Shears, Heavy Duty Poultry Shears for Food, Food-Grade Stainless Steel Scissors, Gift f","1","amazon.ca","Amazon","Cambridge","Ontario","N1P 1J","Combined TCS+MTC","37.99","4.44","6.99","0","0","0","0","0","-10.79","0","-4.44","-5.13","-7.65","0","0","21.41"
"Oct 25, 2025 2:29:16 a.m. PDT","24759617131","Order","701-2378185-8026639","9B-5VGN-40SH","Dream Reach 2 Pack Kitchen Scissors, Premium All-Metal Kitchen Shears, Heavy Duty Poultry Shears for Food, Food-Grade Stainless Steel Scissors, Gift f","1","amazon.ca","Amazon","Etobicoke","Ontario","M9B 3B","Combined TCS+MTC","37.99","4.44","2.33","0","0","0","0","0","-6.13","0","-4.44","-5.13","-7.65","0","0","21.41"
"Oct 25, 2025 2:36:38 a.m. PDT","24759617131","Order","701-6494717-7770630","9B-5VGN-40SH","Dream Reach 2 Pack Kitchen Scissors, Premium All-Metal Kitchen Shears, Heavy Duty Poultry Shears for Food, Food-Grade Stainless Steel Scissors, Gift f","1","amazon.ca","Amazon","COQUITLAM","BC","V3E3G","Combined TCS+MTC","37.99","4.10","0","0","0","0","0","0","-3.80","0","-4.10","-5.13","-8.19","0","0","20.87"
"Oct 25, 2025 3:36:26 a.m. PDT","24759617131","Order","701-0485734-5191420","9B-5VGN-40SH","Dream Reach 2 Pack Kitchen Scissors, Premium All-Metal Kitchen Shears, Heavy Duty Poultry Shears for Food, Food-Grade Stainless Steel Scissors, Gift f","1","amazon.ca","Amazon","Cranbrook","British Columbia","V1C 4G","Combined TCS+MTC","25.73","3.09","0","0","0","0","0","0","0","0","-3.09","-3.86","-7.65","0","0","14.22"
"Oct 25, 2025 4:43:53 a.m. PDT","24759617131","Order","701-2513168-5542631","9B-5VGN-40SH","Dream Reach 2 Pack Kitchen Scissors, Premium All-Metal Kitchen Shears, Heavy Duty Poultry Shears for Food, Food-Grade Stainless Steel Scissors, Gift f","1","amazon.ca","Amazon","Mississauga","Ontario","L5K 1H","Combined TCS+MTC","37.99","4.44","6.99","0","0","0","0","0","-10.79","0","-4.44","-5.13","-7.65","0","0","21.41"
"Oct 25, 2025 5:30:51 a.m. PDT","24759617131","Order","701-4063004-1070602","CWJ02-Black7Set-BBJ","Dream Reach Dog Grooming Scissors - Professional 6 in 1 Pet Grooming Kit Sharp and Durable Shears Set Thinning, Chunker, Straight, Curved Shears and C","1","amazon.ca","Amazon","Sept-Iles","Quebec","G4R 4A","Combined TCS+MTC","58.49","6.21","0","0","0","0","0","0","-17.00","0","-6.21","-6.22","-7.65","0","0","27.62"
"Oct 25, 2025 5:46:54 a.m. PDT","24759617131","Order","702-6278165-2556230","KF05-BBJ","Dream Reach Meat Cleaver Knife Heavy Duty Bone Chopper High Carbon Steel Butcher Axe Bone Cutting Knife Hand Forged Butcher Knife for Kitchen Outdoor","1","amazon.ca","Amazon","Richmond","BC","V6Y 1X","Combined TCS+MTC","36.79","4.41","0","0","0","0","0","0","0","0","-4.41","-5.52","-9.58","0","0","21.69"
"Oct 25, 2025 6:27:24 a.m. PDT","24759617131","Order","702-9820328-3931429","9B-5VGN-40SH","Dream Reach 2 Pack Kitchen Scissors, Premium All-Metal Kitchen Shears, Heavy Duty Poultry Shears for Food, Food-Grade Stainless Steel Scissors, Gift f","1","amazon.ca","Amazon","Georgian Bluffs","Ontario","N0H2T","Combined TCS+MTC","25.73","3.34","0","0","0","0","0","0","0","0","-3.34","-3.86","-7.65","0","0","14.22"
"Oct 25, 2025 6:41:20 a.m. PDT","24759617131","Order","702-2486829-4776243","9B-5VGN-40SH","Dream Reach 2 Pack Kitchen Scissors, Premium All-Metal Kitchen Shears, Heavy Duty Poultry Shears for Food, Food-Grade Stainless Steel Scissors, Gift f","1","amazon.ca","Amazon","Calgary","Alberta","T3N 0L","Combined TCS+MTC","25.73","1.29","0","0","0","0","0","0","0","0","-1.29","-3.86","-7.65","0","0","14.22"
"Oct 25, 2025 6:43:09 a.m. PDT","24759617131","Order","702-4057518-2549853","9B-5VGN-40SH","Dream Reach 2 Pack Kitchen Scissors, Premium All-Metal Kitchen Shears, Heavy Duty Poultry Shears for Food, Food-Grade Stainless Steel Scissors, Gift f","1","amazon.ca","Amazon","Unionville","Ontario","L3R 6L","Combined TCS+MTC","37.99","4.44","0","0","0","0","0","0","-3.80","0","-4.44","-5.13","-7.65","0","0","21.41"
"Oct 25, 2025 7:08:40 a.m. PDT","24759617131","Order","701-8749108-4557015","KF01-BBJ","Dream Reach Viking Cleaver Knife Butcher Meat Cutting Boning Knife High Carbon Steel Kitchen Axe with Sheath Home Outdoor BBQ Camping Birthday Christm","1","amazon.ca","Amazon","Rougemont","Quebec","J0L1M","Combined TCS+MTC","35.99","5.39","0","0","0","0","0","0","0","0","-5.39","-5.40","-7.65","0","0","22.94"
"Oct 25, 2025 7:30:48 a.m. PDT","24759617131","Order","701-2190026-9922630","KF02-BBJ","Dream Reach Chef Knife, Japanese Kitchen Knife, Sharp Stainless Steel Viking Style Meat Knife with Wooden Handle, Feather Design Cooking Knife with Sh","1","amazon.ca","Amazon","Niagara Falls","Ontario","L2J 3P","Combined TCS+MTC","29.99","3.90","6.99","0","0","0","0","0","-6.99","0","-3.90","-4.50","-7.13","0","0","18.36"
"Oct 25, 2025 8:18:16 a.m. PDT","24759617131","Order","701-3558596-9377010","KF04-BBJ","Dream Reach Meat Bone Cleaver Knife for Meat Cutting Handmade Heavy Duty Butcher Axes Hand Forged Full Tang Chopper for Kitchen Outdoor BBQ Chef Gifts","1","amazon.ca","Amazon","Montreal","Quebec","H3B 0E","Combined TCS+MTC","34.39","5.15","0","0","0","0","0","0","0","0","-5.15","-5.16","-8.74","0","0","20.49"
"Oct 25, 2025 1:53:50 p.m. PDT","24759617131","Order","701-9129958-1413858","KF05-BBJ","Dream Reach Meat Cleaver Knife Heavy Duty Bone Chopper High Carbon Steel Butcher Axe Bone Cutting Knife Hand Forged Butcher Knife for Kitchen Outdoor","1","amazon.ca","Amazon","Calgary","Alberta","T1Y 6Z","Combined TCS+MTC","36.79","1.84","0","0","0","0","0","0","0","0","-1.84","-5.52","-9.58","0","0","21.69"
"Oct 25, 2025 4:58:28 p.m. PDT","24759617131","Order","701-5430619-1029846","9B-5VGN-40SH","Dream Reach 2 Pack Kitchen Scissors, Premium All-Metal Kitchen Shears, Heavy Duty Poultry Shears for Food, Food-Grade Stainless Steel Scissors, Gift f","1","amazon.ca","Amazon","Orillia","Ontario","L3V 0B","Combined TCS+MTC","25.73","3.34","2.61","0","0","0","0","0","-2.61","0","-3.34","-3.86","-7.65","0","0","14.22"
"Oct 25, 2025 10:58:45 p.m. PDT","24759617131","Refund","702-6467128-7943418","KF01-BBJ","Dream Reach Viking Cleaver Knife Butcher Meat Cutting Boning Knife High Carbon Steel Kitchen Axe with Sheath Home Outdoor BBQ Camping Birthday Christm","1","amazon.ca","Amazon","Parksville","British Columbia","V9P 1K","Combined TCS+MTC","-35.99","-4.32","0","0","0","0","0","0","0","0","4.32","4.32","0","0","0","-31.67"
"Oct 25, 2025 11:14:07 p.m. PDT","24759617131","Order","702-9270506-2565845","9B-5VGN-40SH","Dream Reach 2 Pack Kitchen Scissors, Premium All-Metal Kitchen Shears, Heavy Duty Poultry Shears for Food, Food-Grade Stainless Steel Scissors, Gift f","1","amazon.ca","Amazon","Lloydminster","Saskatchewan","S9V 1P","Combined TCS+MTC","37.99","1.90","0","0","0","0","0","0","0","0","-1.90","-5.70","-7.65","0","0","24.64"
"Oct 26, 2025 12:17:42 a.m. PDT","24759617131","Order","701-6517861-2049010","Scissors04B8","Dream Reach 8"" Downward Curved Dog Grooming Scissors Shears for Grooming Face and Paws Safety Round Tips Shears Trimming Cutting Scissors for Dog Cat","1","amazon.ca","Amazon","Ottawa","Ontario","K1K 2V","Combined TCS+MTC","47.99","5.61","0","0","0","0","0","0","-4.80","0","-5.61","-6.48","-6.49","0","0","30.22"
"Oct 26, 2025 1:38:24 a.m. PDT","24759617131","Order","701-7309283-7682659","KF01-BBJ","Dream Reach Viking Cleaver Knife Butcher Meat Cutting Boning Knife High Carbon Steel Kitchen Axe with Sheath Home Outdoor BBQ Camping Birthday Christm","1","amazon.ca","Amazon","Oakville","Ontario","L6L 5T","Combined TCS+MTC","35.99","4.68","3.44","0.45","0","0","0","0","0","0","-5.13","-5.40","-11.09","0","0","22.94"
"Oct 26, 2025 3:00:52 a.m. PDT","24759617131","Order","701-6262848-5298636","Scissors04B6","Dream Reach 6"" Upward Curved Dog Grooming Scissors Shears for Grooming Face and Paws Safety Shears Trimming Cutting Scissors for Dog Cat Pet Black","1","amazon.ca","Amazon","Calgary","Alberta","T2K 3K","Combined TCS+MTC","42.99","2.15","0","0","0","0","0","0","0","0","-2.15","-6.45","-6.49","0","0","30.05"
"Oct 26, 2025 3:05:50 a.m. PDT","24759617131","Amazon fees","b5ea3d71-80a6-485d-8c94-4db6bd60077b","","Deal performance-based fee","","Amazon.ca","","","","","","0","0","0","0","0","0","0","0","0","0","0","-22.90","0","0","0","-22.90"
"Oct 26, 2025 3:09:31 a.m. PDT","24759617131","Amazon fees","b5ea3d71-80a6-485d-8c94-4db6bd60077b","","Deal participation fee","","Amazon.ca","","","","","","0","0","0","0","0","0","0","0","0","0","0","-25.00","0","0","0","-25.00"
"Oct 26, 2025 4:57:17 a.m. PDT","24759617131","Order","701-6870356-1288225","KF01-BBJ","Dream Reach Viking Cleaver Knife Butcher Meat Cutting Boning Knife High Carbon Steel Kitchen Axe with Sheath Home Outdoor BBQ Camping Birthday Christm","1","amazon.ca","Amazon","Calgary","Alberta","T2K 3X","Combined TCS+MTC","35.99","1.80","0","0","0","0","0","0","0","0","-1.80","-5.40","-7.65","0","0","22.94"
"Oct 26, 2025 5:01:18 a.m. PDT","24759617131","Order","701-5584409-6649861","KF05-BBJ","Dream Reach Meat Cleaver Knife Heavy Duty Bone Chopper High Carbon Steel Butcher Axe Bone Cutting Knife Hand Forged Butcher Knife for Kitchen Outdoor","1","amazon.ca","Amazon","Ottawa","Ontario","K1V 1N","Combined TCS+MTC","36.79","4.78","5.90","0","0","0","0","0","-5.90","0","-4.78","-5.52","-9.58","0","0","21.69"
"Oct 26, 2025 5:50:24 a.m. PDT","24759617131","Order","701-6745418-1947439","9B-5VGN-40SH","Dream Reach 2 Pack Kitchen Scissors, Premium All-Metal Kitchen Shears, Heavy Duty Poultry Shears for Food, Food-Grade Stainless Steel Scissors, Gift f","1","amazon.ca","Amazon","Sainte-Catherine","Quebec","J5C 1M","Combined TCS+MTC","37.99","5.12","0","0","0","0","0","0","-3.80","0","-5.12","-5.13","-7.65","0","0","21.41"
"Oct 26, 2025 7:57:18 a.m. PDT","24759617131","Order","702-5819121-3189042","CWJ02-Black7Set-BBJ","Dream Reach Dog Grooming Scissors - Professional 6 in 1 Pet Grooming Kit Sharp and Durable Shears Set Thinning, Chunker, Straight, Curved Shears and C","1","amazon.ca","Amazon","Northside East Bay","Nova Scotia","B1J 1E","Combined TCS+MTC","58.49","5.81","0","0","0","0","0","0","-17.00","0","-5.81","-6.22","-7.65","0","0","27.62"
"Oct 26, 2025 8:14:33 a.m. PDT","24759617131","Order","702-6467128-7943418","KF01-BBJ","Dream Reach Viking Cleaver Knife Butcher Meat Cutting Boning Knife High Carbon Steel Kitchen Axe with Sheath Home Outdoor BBQ Camping Birthday Christm","1","amazon.ca","Amazon","Parksville","British Columbia","V9P 1K","Combined TCS+MTC","35.99","4.32","0","0","0","0","0","0","0","0","-4.32","-5.40","-8.19","0","0","22.40"
"Oct 26, 2025 8:51:33 a.m. PDT","24759617131","Order","701-9513215-2103449","KF02-BBJ","Dream Reach Chef Knife, Japanese Kitchen Knife, Sharp Stainless Steel Viking Style Meat Knife with Wooden Handle, Feather Design Cooking Knife with Sh","1","amazon.ca","Amazon","Fort St. John","British Columbia","V1J 5B","Combined TCS+MTC","29.99","3.60","0","0","0","0","0","0","0","0","-3.60","-4.50","-7.13","0","0","18.36"
"Oct 26, 2025 9:30:28 a.m. PDT","24759617131","Order","702-7357358-6938619","9B-5VGN-40SH","Dream Reach 2 Pack Kitchen Scissors, Premium All-Metal Kitchen Shears, Heavy Duty Poultry Shears for Food, Food-Grade Stainless Steel Scissors, Gift f","1","amazon.ca","Amazon","Clairmont","Alberta","T8X5E","Combined TCS+MTC","25.73","1.29","3.27","0","0","0","0","0","-3.27","0","-1.29","-3.86","-7.65","0","0","14.22"
"Oct 26, 2025 1:56:43 p.m. PDT","24759617131","Order","701-9566667-8131455","CWJ02-Black7.5Set-BBJ","Dream Reach Dog Grooming Scissors - Professional 7.5 Inch Pet Scissors Sharp and Durable Shears Set Thinning, Chunker, Straight, Curved Shears and Com","1","amazon.ca","Amazon","Grande Prairie","Alberta","T8W 2G","Combined TCS+MTC","58.49","2.92","0","0","0","0","0","0","0","0","-2.92","-8.77","-7.65","0","0","42.07"
"Oct 26, 2025 6:52:52 p.m. PDT","24759617131","Order","702-7602290-5217859","KF02-BBJ","Dream Reach Chef Knife, Japanese Kitchen Knife, Sharp Stainless Steel Viking Style Meat Knife with Wooden Handle, Feather Design Cooking Knife with Sh","1","amazon.ca","Amazon","Pincourt","Quebec","J7W 5C","Combined TCS+MTC","29.99","4.49","0","0","0","0","0","0","0","0","-4.49","-4.50","-7.13","0","0","18.36"
"Oct 26, 2025 7:42:53 p.m. PDT","24759617131","Order","701-1773715-9002628","KF05-BBJ","Dream Reach Meat Cleaver Knife Heavy Duty Bone Chopper High Carbon Steel Butcher Axe Bone Cutting Knife Hand Forged Butcher Knife for Kitchen Outdoor","1","amazon.ca","Amazon","Etobicoke","Ontario","M9P 2K","Combined TCS+MTC","36.79","4.78","0","0","0","0","0","0","0","0","-4.78","-5.52","-9.58","0","0","21.69"
"Oct 26, 2025 11:24:35 p.m. PDT","24759617131","Order","702-1389768-9369038","9B-5VGN-40SH","Dream Reach 2 Pack Kitchen Scissors, Premium All-Metal Kitchen Shears, Heavy Duty Poultry Shears for Food, Food-Grade Stainless Steel Scissors, Gift f","1","amazon.ca","Amazon","EDMONTON","Alberta","T5Y 0G","Combined TCS+MTC","30.39","1.52","6.99","0","0","0","0","0","-6.99","0","-1.52","-4.56","-7.65","0","0","18.18"
"Oct 27, 2025 1:30:24 a.m. PDT","24759617131","Order","702-4402466-1962616","9B-5VGN-40SH","Dream Reach 2 Pack Kitchen Scissors, Premium All-Metal Kitchen Shears, Heavy Duty Poultry Shears for Food, Food-Grade Stainless Steel Scissors, Gift f","1","amazon.ca","Amazon","Nicolet","Quebec","J3T 0B","Combined TCS+MTC","30.39","4.55","0","0","0","0","0","0","0","0","-4.55","-4.56","-7.65","0","0","18.18"
"Oct 27, 2025 2:43:50 a.m. PDT","24759617131","Order","701-3428930-0886614","9B-5VGN-40SH","Dream Reach 2 Pack Kitchen Scissors, Premium All-Metal Kitchen Shears, Heavy Duty Poultry Shears for Food, Food-Grade Stainless Steel Scissors, Gift f","1","amazon.ca","Amazon","Sherbrooke","Québec","J1N 2W","Combined TCS+MTC","30.39","4.55","0","0","0","0","0","0","0","0","-4.55","-4.56","-7.65","0","0","18.18"
"Oct 27, 2025 3:11:34 a.m. PDT","24759617131","Order","701-0722550-7583414","9B-5VGN-40SH","Dream Reach 2 Pack Kitchen Scissors, Premium All-Metal Kitchen Shears, Heavy Duty Poultry Shears for Food, Food-Grade Stainless Steel Scissors, Gift f","1","amazon.ca","Amazon","Langley","British Columbia","V3A 5X","Combined TCS+MTC","30.39","3.65","6.99","0","0","0","0","0","-6.99","0","-3.65","-4.56","-8.19","0","0","17.64"
"Oct 27, 2025 3:26:24 a.m. PDT","24759617131","Refund","701-1773715-9002628","KF05-BBJ","Dream Reach Meat Cleaver Knife Heavy Duty Bone Chopper High Carbon Steel Butcher Axe Bone Cutting Knife Hand Forged Butcher Knife for Kitchen Outdoor","1","amazon.ca","Amazon","Etobicoke","Ontario","M9P 2K","Combined TCS+MTC","-36.79","-4.78","0","0","0","0","0","0","0","0","4.78","4.42","0","0","0","-32.37"
"Oct 27, 2025 4:45:07 a.m. PDT","24759617131","Order","702-5514533-4763435","9B-5VGN-40SH","Dream Reach 2 Pack Kitchen Scissors, Premium All-Metal Kitchen Shears, Heavy Duty Poultry Shears for Food, Food-Grade Stainless Steel Scissors, Gift f","1","amazon.ca","Amazon","Kincardine","Ontario","N2Z 0B","Combined TCS+MTC","30.39","3.95","0","0","0","0","0","0","0","0","-3.95","-4.56","-7.65","0","0","18.18"
"Oct 27, 2025 4:47:33 a.m. PDT","24759617131","Order","701-7205895-3429013","KF02-BBJ","Dream Reach Chef Knife, Japanese Kitchen Knife, Sharp Stainless Steel Viking Style Meat Knife with Wooden Handle, Feather Design Cooking Knife with Sh","1","amazon.ca","Amazon","Charlottetown","Prince Edward Island","C1C 1A","Combined TCS+MTC","29.99","4.50","0","0","0","0","0","0","0","0","-4.50","-4.50","-7.13","0","0","18.36"
"Oct 27, 2025 7:10:14 a.m. PDT","24759617131","Order","702-7646389-5520257","KF05-BBJ","Dream Reach Meat Cleaver Knife Heavy Duty Bone Chopper High Carbon Steel Butcher Axe Bone Cutting Knife Hand Forged Butcher Knife for Kitchen Outdoor","1","amazon.ca","Amazon","Abbotsford","British Columbia","V3G 2B","Combined TCS+MTC","36.79","4.41","5.90","0","0","0","0","0","-5.90","0","-4.41","-5.52","-9.58","0","0","21.69"
"Oct 27, 2025 7:21:58 a.m. PDT","24759617131","Order","701-5401929-7308207","KF02-BBJ","Dream Reach Chef Knife, Japanese Kitchen Knife, Sharp Stainless Steel Viking Style Meat Knife with Wooden Handle, Feather Design Cooking Knife with Sh","1","amazon.ca","Amazon","Brampton","Ontario","L6Y 1N","Combined TCS+MTC","29.99","3.90","0","0","0","0","0","0","0","0","-3.90","-4.50","-7.13","0","0","18.36"
"Oct 27, 2025 10:53:10 a.m. PDT","24759617131","Order","701-8060261-3737015","9B-5VGN-40SH","Dream Reach 2 Pack Kitchen Scissors, Premium All-Metal Kitchen Shears, Heavy Duty Poultry Shears for Food, Food-Grade Stainless Steel Scissors, Gift f","1","amazon.ca","Amazon","Comox","BC","V9M 2P","Combined TCS+MTC","37.99","4.56","0","0","0","0","0","0","0","0","-4.56","-5.70","-7.65","0","0","24.64"
"Oct 27, 2025 1:29:11 p.m. PDT","24759617131","Order","702-9484817-8401000","9B-5VGN-40SH","Dream Reach 2 Pack Kitchen Scissors, Premium All-Metal Kitchen Shears, Heavy Duty Poultry Shears for Food, Food-Grade Stainless Steel Scissors, Gift f","1","amazon.ca","Amazon","Camrose","Alberta","T4V 2H","Combined TCS+MTC","30.39","1.52","0","0","0","0","0","0","0","0","-1.52","-4.56","-7.65","0","0","18.18"
"Oct 27, 2025 3:26:17 p.m. PDT","24759617131","Order","701-6084609-3173059","9B-5VGN-40SH","Dream Reach 2 Pack Kitchen Scissors, Premium All-Metal Kitchen Shears, Heavy Duty Poultry Shears for Food, Food-Grade Stainless Steel Scissors, Gift f","1","amazon.ca","Amazon","Oakville","Ontario","L6M 4X","Combined TCS+MTC","30.39","3.95","0","0","0","0","0","0","0","0","-3.95","-4.56","-7.65","0","0","18.18"
"Oct 27, 2025 8:28:16 p.m. PDT","24759617131","Order","701-8849922-7186616","KF02-BBJ","Dream Reach Chef Knife, Japanese Kitchen Knife, Sharp Stainless Steel Viking Style Meat Knife with Wooden Handle, Feather Design Cooking Knife with Sh","1","amazon.ca","Amazon","prince albert","Saskatchewan","S6V5P","Combined TCS+MTC","29.99","3.30","0","0","0","0","0","0","0","0","-3.30","-4.50","-7.13","0","0","18.36"
"Oct 28, 2025 2:18:34 a.m. PDT","24759617131","Order","701-5424366-0022620","9B-5VGN-40SH","Dream Reach 2 Pack Kitchen Scissors, Premium All-Metal Kitchen Shears, Heavy Duty Poultry Shears for Food, Food-Grade Stainless Steel Scissors, Gift f","1","amazon.ca","Amazon","Beaumont","Alberta","T4X 0J","Combined TCS+MTC","30.39","1.52","2.33","0","0","0","0","0","-2.33","0","-1.52","-4.56","-7.65","0","0","18.18"
"Oct 28, 2025 2:35:11 a.m. PDT","24759617131","Order","702-3280151-5603409","HS1901","Dream Reach 6"" Professional Hair Cutting Scissors Japan 440C Steel Thinning Scissor for Men/Women Cutting for Salon/Barber/Home (Straight Scissors)","1","amazon.ca","Amazon","Kitchener","Ontario","N2M 1R","Combined TCS+MTC","43.99","5.72","0","0","0","0","0","0","0","0","-5.72","-6.60","-6.49","0","0","30.90"
"Oct 28, 2025 4:16:13 a.m. PDT","24759617131","Order","702-2987479-5308218","KF04-BBJ","Dream Reach Meat Bone Cleaver Knife for Meat Cutting Handmade Heavy Duty Butcher Axes Hand Forged Full Tang Chopper for Kitchen Outdoor BBQ Chef Gifts","1","amazon.ca","Amazon","Richmond","British Columbia","V6Y 1L","Combined TCS+MTC","34.39","4.13","6.99","0","0","0","0","0","-6.99","0","-4.13","-5.16","-9.35","0","0","19.88"
"Oct 28, 2025 5:09:19 a.m. PDT","24759617131","Amazon fees","60a6ab0f-a5f6-4c19-8f38-991f9cf7a092","","Coupon participation fee","","Amazon.ca","","","","","","0","0","0","0","0","0","0","0","0","0","0","-2.00","0","0","0","-2.00"
"Oct 28, 2025 5:13:08 a.m. PDT","24759617131","Amazon fees","60a6ab0f-a5f6-4c19-8f38-991f9cf7a092","","Coupon performance-based fee","","Amazon.ca","","","","","","0","0","0","0","0","0","0","0","0","0","0","-4.62","0","0","0","-4.62"
"Oct 28, 2025 5:16:30 a.m. PDT","24759617131","Order","702-3499899-6623416","9B-5VGN-40SH","Dream Reach 2 Pack Kitchen Scissors, Premium All-Metal Kitchen Shears, Heavy Duty Poultry Shears for Food, Food-Grade Stainless Steel Scissors, Gift f","1","amazon.ca","Amazon","Burlington","Ontario","L7P 3R","Combined TCS+MTC","30.39","3.95","0","0","0","0","0","0","0","0","-3.95","-4.56","-7.65","0","0","18.18"
"Oct 28, 2025 5:32:45 a.m. PDT","24759617131","Order","701-6674886-2100234","9B-5VGN-40SH","Dream Reach 2 Pack Kitchen Scissors, Premium All-Metal Kitchen Shears, Heavy Duty Poultry Shears for Food, Food-Grade Stainless Steel Scissors, Gift f","1","amazon.ca","Amazon","Fort Saskatchewan","Alberta","T8L 2G","Combined TCS+MTC","30.39","1.52","6.99","0","0","0","0","0","-6.99","0","-1.52","-4.56","-7.65","0","0","18.18"
"Oct 28, 2025 6:33:22 a.m. PDT","24759617131","Order","702-1447978-6744250","KF01-BBJ","Dream Reach Viking Cleaver Knife Butcher Meat Cutting Boning Knife High Carbon Steel Kitchen Axe with Sheath Home Outdoor BBQ Camping Birthday Christm","1","amazon.ca","Amazon","Mont-Saint-Hilaire","Quebec","J3H 4E","Combined TCS+MTC","35.99","5.39","0","0","0","0","0","0","0","0","-5.39","-5.40","-7.65","0","0","22.94"
"Oct 28, 2025 8:46:26 a.m. PDT","24759617131","Order","702-6488928-6998639","KF05-BBJ","Dream Reach Meat Cleaver Knife Heavy Duty Bone Chopper High Carbon Steel Butcher Axe Bone Cutting Knife Hand Forged Butcher Knife for Kitchen Outdoor","1","amazon.ca","Amazon","Regina","Saskatchewan","S4V 1G","Combined TCS+MTC","36.79","4.05","0","0","0","0","0","0","0","0","-4.05","-5.52","-9.58","0","0","21.69"
"Oct 28, 2025 10:03:31 a.m. PDT","24759617131","Order","701-5184545-7425068","9B-5VGN-40SH","Dream Reach 2 Pack Kitchen Scissors, Premium All-Metal Kitchen Shears, Heavy Duty Poultry Shears for Food, Food-Grade Stainless Steel Scissors, Gift f","1","amazon.ca","Amazon","Mississauga","Ontario","L5L 2H","Combined TCS+MTC","30.39","3.95","0","0","0","0","0","0","0","0","-3.95","-4.56","-7.65","0","0","18.18"
"Oct 28, 2025 2:46:45 p.m. PDT","24759617131","Refund","702-6452748-0319430","KF04-BBJ","Dream Reach Meat Bone Cleaver Knife for Meat Cutting Handmade Heavy Duty Butcher Axes Hand Forged Full Tang Chopper for Kitchen Outdoor BBQ Chef Gifts","1","amazon.ca","Amazon","Richmond Hill","Ontario","L4C 1B","Combined TCS+MTC","-34.39","-4.47","0","0","0","0","0","0","0","0","4.47","4.13","0","0","0","-30.26"
"Oct 28, 2025 11:40:55 p.m. PDT","24759617131","Order","701-6589888-0032209","KF04-BBJ","Dream Reach Meat Bone Cleaver Knife for Meat Cutting Handmade Heavy Duty Butcher Axes Hand Forged Full Tang Chopper for Kitchen Outdoor BBQ Chef Gifts","1","amazon.ca","Amazon","Lac-Bouchette","Québec","G0W 1V","Combined TCS+MTC","34.39","5.15","0","0","0","0","0","0","0","0","-5.15","-5.16","-8.74","0","0","20.49"
"Oct 29, 2025 2:20:02 a.m. PDT","24759617131","Order","701-2819994-9665057","9B-5VGN-40SH","Dream Reach 2 Pack Kitchen Scissors, Premium All-Metal Kitchen Shears, Heavy Duty Poultry Shears for Food, Food-Grade Stainless Steel Scissors, Gift f","1","amazon.ca","Amazon","Black Point","Nova Scotia","B0J 1T","Combined TCS+MTC","30.39","4.25","0","0","0","0","0","0","0","0","-4.25","-4.56","-7.65","0","0","18.18"
"Oct 29, 2025 3:53:51 a.m. PDT","24759617131","Order","701-3934764-7573062","9B-5VGN-40SH","Dream Reach 2 Pack Kitchen Scissors, Premium All-Metal Kitchen Shears, Heavy Duty Poultry Shears for Food, Food-Grade Stainless Steel Scissors, Gift f","1","amazon.ca","Amazon","Calgary","Alberta","T2A 0B","Combined TCS+MTC","30.39","1.52","0","0","0","0","0","0","0","0","-1.52","-4.56","-7.65","0","0","18.18"
"Oct 29, 2025 5:06:36 a.m. PDT","24759617131","Order","701-3442167-9609866","KF04-BBJ","Dream Reach Meat Bone Cleaver Knife for Meat Cutting Handmade Heavy Duty Butcher Axes Hand Forged Full Tang Chopper for Kitchen Outdoor BBQ Chef Gifts","1","amazon.ca","Amazon","Stevensville","Ontario","L0S 1S","Combined TCS+MTC","34.39","4.47","0","0","0","0","0","0","0","0","-4.47","-5.16","-8.74","0","0","20.49"
"Oct 29, 2025 5:21:19 a.m. PDT","24759617131","Order","702-2175440-3838603","KF04-BBJ","Dream Reach Meat Bone Cleaver Knife for Meat Cutting Handmade Heavy Duty Butcher Axes Hand Forged Full Tang Chopper for Kitchen Outdoor BBQ Chef Gifts","1","amazon.ca","Amazon","Deroche","British Columbia","V0M 1G","Combined TCS+MTC","34.39","4.13","0","0","0","0","0","0","0","0","-4.13","-5.16","-8.74","0","0","20.49"
"Oct 29, 2025 8:14:53 a.m. PDT","24759617131","Order","702-8803722-4229018","KF05-BBJ","Dream Reach Meat Cleaver Knife Heavy Duty Bone Chopper High Carbon Steel Butcher Axe Bone Cutting Knife Hand Forged Butcher Knife for Kitchen Outdoor","1","amazon.ca","Amazon","Portage La Prairie","Manitoba","R1N 3S","Combined TCS+MTC","36.79","4.41","0","0","0","0","0","0","0","0","-4.41","-5.52","-9.58","0","0","21.69"
"Oct 29, 2025 8:55:43 a.m. PDT","24759617131","Order","701-3346666-2935418","KF01-BBJ","Dream Reach Viking Cleaver Knife Butcher Meat Cutting Boning Knife High Carbon Steel Kitchen Axe with Sheath Home Outdoor BBQ Camping Birthday Christm","1","amazon.ca","Amazon","Terrebonne","Quebec","J7M 1L","Combined TCS+MTC","35.99","5.39","0","0","0","0","0","0","0","0","-5.39","-5.40","-7.65","0","0","22.94"
"Oct 29, 2025 8:00:51 p.m. PDT","24759617131","Order","701-4998465-0647431","9B-5VGN-40SH","Dream Reach 2 Pack Kitchen Scissors, Premium All-Metal Kitchen Shears, Heavy Duty Poultry Shears for Food, Food-Grade Stainless Steel Scissors, Gift f","1","amazon.ca","Amazon","Quebec","Quebec","G3K 0G","Combined TCS+MTC","30.39","4.55","0","0","0","0","0","0","0","0","-4.55","-4.56","-7.65","0","0","18.18"
"Oct 29, 2025 11:23:20 p.m. PDT","24759617131","Order","701-2906893-5001031","9B-5VGN-40SH","Dream Reach 2 Pack Kitchen Scissors, Premium All-Metal Kitchen Shears, Heavy Duty Poultry Shears for Food, Food-Grade Stainless Steel Scissors, Gift f","1","amazon.ca","Amazon","Bassano","Alberta","T0J 0B","Combined TCS+MTC","37.99","1.71","0","0","0","0","0","0","-3.80","0","-1.71","-5.13","-7.65","0","0","21.41"
"Oct 29, 2025 11:23:34 p.m. PDT","24759617131","Order","701-9814034-1075444","9B-5VGN-40SH","Dream Reach 2 Pack Kitchen Scissors, Premium All-Metal Kitchen Shears, Heavy Duty Poultry Shears for Food, Food-Grade Stainless Steel Scissors, Gift f","1","amazon.ca","Amazon","St-Tite-des-caps","Québec","G0A4J","Combined TCS+MTC","30.39","4.55","3.27","0","0","0","0","0","-3.27","0","-4.55","-4.56","-7.65","0","0","18.18"
"Oct 29, 2025 11:55:37 p.m. PDT","24759617131","Order","702-2589238-8341852","9B-5VGN-40SH","Dream Reach 2 Pack Kitchen Scissors, Premium All-Metal Kitchen Shears, Heavy Duty Poultry Shears for Food, Food-Grade Stainless Steel Scissors, Gift f","1","amazon.ca","Amazon","Hamilton","Ontario","L8B 1Y","Combined TCS+MTC","30.39","3.95","0","0","0","0","0","0","0","0","-3.95","-4.56","-7.65","0","0","18.18"
"Oct 30, 2025 12:11:55 a.m. PDT","24759617131","Order","702-9379717-3531422","KF02-BBJ","Dream Reach Chef Knife, Japanese Kitchen Knife, Sharp Stainless Steel Viking Style Meat Knife with Wooden Handle, Feather Design Cooking Knife with Sh","1","amazon.ca","Amazon","Holland Landing","Ontario","L9N 1J","Combined TCS+MTC","29.99","3.90","0","0","0","0","0","0","0","0","-7.80","-9.00","-7.13","0","0","9.96"
"Oct 30, 2025 12:11:55 a.m. PDT","24759617131","Order","702-9379717-3531422","KF02-BBJ","Dream Reach Chef Knife, Japanese Kitchen Knife, Sharp Stainless Steel Viking Style Meat Knife with Wooden Handle, Feather Design Cooking Knife with Sh","1","amazon.ca","Amazon","Holland Landing","Ontario","L9N 1J","","29.99","3.90","0","0","0","0","0","0","0","0","0","0","-7.13","0","0","26.76"
"Oct 30, 2025 12:32:47 a.m. PDT","24759617131","Order","701-5295787-6093016","KF02-BBJ","Dream Reach Chef Knife, Japanese Kitchen Knife, Sharp Stainless Steel Viking Style Meat Knife with Wooden Handle, Feather Design Cooking Knife with Sh","1","amazon.ca","Amazon","LaSalle","Ontario","N9J 3Y","Combined TCS+MTC","29.99","3.90","0","0","0","0","0","0","0","0","-3.90","-4.50","-7.13","0","0","18.36"
"Oct 30, 2025 1:07:26 a.m. PDT","24759617131","Order","701-8601812-2668262","9B-5VGN-40SH","Dream Reach 2 Pack Kitchen Scissors, Premium All-Metal Kitchen Shears, Heavy Duty Poultry Shears for Food, Food-Grade Stainless Steel Scissors, Gift f","1","amazon.ca","Amazon","Whistler","British Columbia","V8E 1M","Combined TCS+MTC","30.39","3.65","0","0","0","0","0","0","0","0","-3.65","-4.56","-7.65","0","0","18.18"
"Oct 30, 2025 1:15:19 a.m. PDT","24759617131","Order","701-1754147-4819460","KF05-BBJ","Dream Reach Meat Cleaver Knife Heavy Duty Bone Chopper High Carbon Steel Butcher Axe Bone Cutting Knife Hand Forged Butcher Knife for Kitchen Outdoor","1","amazon.ca","Amazon","Stouffville","Ontario","L4A 5C","Combined TCS+MTC","36.79","4.78","3.27","0","0","0","0","0","-3.27","0","-4.78","-5.52","-9.58","0","0","21.69"
"Oct 30, 2025 2:15:22 a.m. PDT","24759617131","Order","701-3334872-6961026","KF02-BBJ","Dream Reach Chef Knife, Japanese Kitchen Knife, Sharp Stainless Steel Viking Style Meat Knife with Wooden Handle, Feather Design Cooking Knife with Sh","2","amazon.ca","Amazon","Langley","British Columbia","V3A 5P","Combined TCS+MTC","59.98","7.20","0","0","0","0","0","0","0","0","-7.20","-9.00","-14.26","0","0","36.72"
"Oct 30, 2025 2:32:48 a.m. PDT","24759617131","Order","701-6932913-3345816","9B-5VGN-40SH","Dream Reach 2 Pack Kitchen Scissors, Premium All-Metal Kitchen Shears, Heavy Duty Poultry Shears for Food, Food-Grade Stainless Steel Scissors, Gift f","1","amazon.ca","Amazon","Montreal","Quebec","H2B 2W","Combined TCS+MTC","30.39","4.55","0","0","0","0","0","0","0","0","-4.55","-4.56","-7.65","0","0","18.18"
"Oct 30, 2025 3:10:32 a.m. PDT","24759617131","Order","702-8678063-5499423","9B-5VGN-40SH","Dream Reach 2 Pack Kitchen Scissors, Premium All-Metal Kitchen Shears, Heavy Duty Poultry Shears for Food, Food-Grade Stainless Steel Scissors, Gift f","1","amazon.ca","Amazon","Mississauga","Ontario","L5W 0A","Combined TCS+MTC","30.39","3.95","6.99","0","0","0","0","0","-6.99","0","-3.95","-4.56","-7.65","0","0","18.18"
"Oct 30, 2025 5:14:14 a.m. PDT","24759617131","Order","701-6336224-3322609","9B-5VGN-40SH","Dream Reach 2 Pack Kitchen Scissors, Premium All-Metal Kitchen Shears, Heavy Duty Poultry Shears for Food, Food-Grade Stainless Steel Scissors, Gift f","1","amazon.ca","Amazon","Delta","British Columbia","V4K 3L","Combined TCS+MTC","30.39","3.65","6.99","0","0","0","0","0","-6.99","0","-3.65","-4.56","-8.19","0","0","17.64"
"Oct 30, 2025 6:09:59 a.m. PDT","24759617131","Order","702-5024166-3041846","KF05-BBJ","Dream Reach Meat Cleaver Knife Heavy Duty Bone Chopper High Carbon Steel Butcher Axe Bone Cutting Knife Hand Forged Butcher Knife for Kitchen Outdoor","1","amazon.ca","Amazon","Scarborough","Ontario","M1W 1P","Combined TCS+MTC","36.79","4.78","3.93","0","0","0","0","0","-3.93","0","-4.78","-5.52","-9.58","0","0","21.69"
"Oct 30, 2025 6:49:56 a.m. PDT","24759617131","Order","702-8652347-8971468","9B-5VGN-40SH","Dream Reach 2 Pack Kitchen Scissors, Premium All-Metal Kitchen Shears, Heavy Duty Poultry Shears for Food, Food-Grade Stainless Steel Scissors, Gift f","1","amazon.ca","Amazon","St. John's","Newfoundland","A1E 5H","Combined TCS+MTC","30.39","4.56","0","0","0","0","0","0","0","0","-4.56","-4.56","-7.65","0","0","18.18"
"Oct 30, 2025 8:00:19 a.m. PDT","24759617131","Order","701-8724137-6701832","KF05-BBJ","Dream Reach Meat Cleaver Knife Heavy Duty Bone Chopper High Carbon Steel Butcher Axe Bone Cutting Knife Hand Forged Butcher Knife for Kitchen Outdoor","1","amazon.ca","Amazon","Kingston","Ontario","K7L 1E","Combined TCS+MTC","36.79","4.78","0","0","0","0","0","0","0","0","-4.78","-5.52","-9.58","0","0","21.69"
"Oct 30, 2025 8:24:10 a.m. PDT","24759617131","Order","702-1555719-5037827","9B-5VGN-40SH","Dream Reach 2 Pack Kitchen Scissors, Premium All-Metal Kitchen Shears, Heavy Duty Poultry Shears for Food, Food-Grade Stainless Steel Scissors, Gift f","1","amazon.ca","Amazon","Rigaud","Quebec","J0P1P","Combined TCS+MTC","30.39","4.55","0","0","0","0","0","0","0","0","-4.55","-4.56","-7.65","0","0","18.18"
"Oct 30, 2025 8:37:22 a.m. PDT","24759617131","Order","701-0295403-5169819","KF05-BBJ","Dream Reach Meat Cleaver Knife Heavy Duty Bone Chopper High Carbon Steel Butcher Axe Bone Cutting Knife Hand Forged Butcher Knife for Kitchen Outdoor","1","amazon.ca","Amazon","Edmonton","Alberta","T6W 5L","Combined TCS+MTC","36.79","1.84","7.11","0.36","0","0","0","0","0","0","-2.20","-5.52","-16.69","0","0","21.69"
"Oct 30, 2025 8:50:04 a.m. PDT","24759617131","Order","701-2848086-3075438","KF01-BBJ","Dream Reach Viking Cleaver Knife Butcher Meat Cutting Boning Knife High Carbon Steel Kitchen Axe with Sheath Home Outdoor BBQ Camping Birthday Christm","1","amazon.ca","Amazon","Arnprior","Ontario","K7S 2J","Combined TCS+MTC","35.99","4.68","0","0","0","0","0","0","0","0","-4.68","-5.40","-7.65","0","0","22.94"
"Oct 31, 2025 1:28:53 a.m. PDT","24759617131","Order","702-8491488-7201067","9B-5VGN-40SH","Dream Reach 2 Pack Kitchen Scissors, Premium All-Metal Kitchen Shears, Heavy Duty Poultry Shears for Food, Food-Grade Stainless Steel Scissors, Gift f","1","amazon.ca","Amazon","Baie-D'Urfe","Quebec","H9X 2R","Combined TCS+MTC","30.39","4.55","0","0","0","0","0","0","0","0","-4.55","-4.56","-7.65","0","0","18.18"
"Oct 31, 2025 2:23:52 a.m. PDT","24759617131","Order","702-3798014-2213067","KF05-BBJ","Dream Reach Meat Cleaver Knife Heavy Duty Bone Chopper High Carbon Steel Butcher Axe Bone Cutting Knife Hand Forged Butcher Knife for Kitchen Outdoor","1","amazon.ca","Amazon","Edmonton","Alberta","T5Z 3C","Combined TCS+MTC","36.79","1.84","0","0","0","0","0","0","0","0","-1.84","-5.52","-9.58","0","0","21.69"
"Oct 31, 2025 2:30:12 a.m. PDT","24759617131","Order","702-7456286-0186647","KF05-BBJ","Dream Reach Meat Cleaver Knife Heavy Duty Bone Chopper High Carbon Steel Butcher Axe Bone Cutting Knife Hand Forged Butcher Knife for Kitchen Outdoor","1","amazon.ca","Amazon","Kanata","Ontario","K2K 3J","Combined TCS+MTC","36.79","4.78","3.49","0","0","0","0","0","-3.49","0","-4.78","-5.52","-9.58","0","0","21.69"
"Oct 31, 2025 2:31:52 a.m. PDT","24759617131","Order","702-9458093-4173821","KF05-BBJ","Dream Reach Meat Cleaver Knife Heavy Duty Bone Chopper High Carbon Steel Butcher Axe Bone Cutting Knife Hand Forged Butcher Knife for Kitchen Outdoor","1","amazon.ca","Amazon","Aurora","Ontario","L4G 0Z","Combined TCS+MTC","36.79","4.78","0","0","0","0","0","0","0","0","-4.78","-5.52","-9.58","0","0","21.69"
"Oct 31, 2025 3:37:30 a.m. PDT","24759617131","Order","701-9323164-8440205","9B-5VGN-40SH","Dream Reach 2 Pack Kitchen Scissors, Premium All-Metal Kitchen Shears, Heavy Duty Poultry Shears for Food, Food-Grade Stainless Steel Scissors, Gift f","1","amazon.ca","Amazon","Brampton","Ontario","L6Y 3A","Combined TCS+MTC","30.39","3.95","6.99","0","0","0","0","0","-6.99","0","-3.95","-4.56","-7.65","0","0","18.18"
"Oct 31, 2025 4:30:13 a.m. PDT","24759617131","Order","701-8944564-5737863","9B-5VGN-40SH","Dream Reach 2 Pack Kitchen Scissors, Premium All-Metal Kitchen Shears, Heavy Duty Poultry Shears for Food, Food-Grade Stainless Steel Scissors, Gift f","1","amazon.ca","Amazon","FARNHAM","Quebec","J2N 2P","Combined TCS+MTC","30.39","4.55","0","0","0","0","0","0","0","0","-4.55","-4.56","-7.65","0","0","18.18"
"Oct 31, 2025 5:17:55 a.m. PDT","24759617131","Order","702-2613492-7254632","KF05-BBJ","Dream Reach Meat Cleaver Knife Heavy Duty Bone Chopper High Carbon Steel Butcher Axe Bone Cutting Knife Hand Forged Butcher Knife for Kitchen Outdoor","1","amazon.ca","Amazon","Ottawa","Ontario","K2S 0A","Combined TCS+MTC","36.79","4.78","2.33","0","0","0","0","0","-2.33","0","-4.78","-5.52","-9.58","0","0","21.69"
"Oct 31, 2025 5:45:01 a.m. PDT","24759617131","Order","701-8499005-9413003","KF02-BBJ","Dream Reach Chef Knife, Japanese Kitchen Knife, Sharp Stainless Steel Viking Style Meat Knife with Wooden Handle, Feather Design Cooking Knife with Sh","1","amazon.ca","Amazon","Abbotsford","BC","V2S7R","Combined TCS+MTC","29.99","3.60","2.38","0","0","0","0","0","-2.38","0","-3.60","-4.50","-7.13","0","0","18.36"
"Oct 31, 2025 7:09:35 a.m. PDT","24759617131","Order","701-8843391-4928226","KF01-BBJ","Dream Reach Viking Cleaver Knife Butcher Meat Cutting Boning Knife High Carbon Steel Kitchen Axe with Sheath Home Outdoor BBQ Camping Birthday Christm","1","amazon.ca","Amazon","Yarmouth 33","Nova Scotia","B5A 4V","Combined TCS+MTC","35.99","5.04","0","0","0","0","0","0","0","0","-5.04","-5.40","-8.19","0","0","22.40"
"Oct 31, 2025 7:44:27 a.m. PDT","24759617131","Order","701-0360829-0769879","9B-5VGN-40SH","Dream Reach 2 Pack Kitchen Scissors, Premium All-Metal Kitchen Shears, Heavy Duty Poultry Shears for Food, Food-Grade Stainless Steel Scissors, Gift f","1","amazon.ca","Amazon","Scarborough","Ontario","M1G 1W","Combined TCS+MTC","30.39","3.95","0","0","0","0","0","0","0","0","-3.95","-4.56","-7.65","0","0","18.18"
"Oct 31, 2025 8:12:53 a.m. PDT","24759617131","Order","701-3870502-0986661","KF02-BBJ","Dream Reach Chef Knife, Japanese Kitchen Knife, Sharp Stainless Steel Viking Style Meat Knife with Wooden Handle, Feather Design Cooking Knife with Sh","1","amazon.ca","Amazon","New Westminster","British Columbia","V3L 5H","Combined TCS+MTC","29.99","3.60","0","0","0","0","0","0","0","0","-3.60","-4.50","-7.13","0","0","18.36"
"Oct 31, 2025 8:24:41 a.m. PDT","24759617131","Order","702-6345928-9564269","CD-5RZQ-GSIY","Dream Reach 8.0 Inch Twin Tailed Rainbow Curved Blade Pet Grooming Scissors Dog Hair Cutting Shears with Case (Curved Scissors)","2","amazon.ca","Amazon","Belle River","ON","N0R1A","Combined TCS+MTC","79.98","9.36","0","0","0","0","0","0","-8.00","0","-9.36","-10.80","-12.98","0","0","48.20"
"Oct 31, 2025 8:32:28 a.m. PDT","24759617131","Order","701-7246238-4162623","KF02-BBJ","Dream Reach Chef Knife, Japanese Kitchen Knife, Sharp Stainless Steel Viking Style Meat Knife with Wooden Handle, Feather Design Cooking Knife with Sh","1","amazon.ca","Amazon","Komoka","Ontario","N0L 1R","Combined TCS+MTC","29.99","3.90","0","0","0","0","0","0","0","0","-3.90","-4.50","-7.13","0","0","18.36"
"Oct 31, 2025 8:35:13 a.m. PDT","24759617131","Order","702-6923737-4397821","KF01-BBJ","Dream Reach Viking Cleaver Knife Butcher Meat Cutting Boning Knife High Carbon Steel Kitchen Axe with Sheath Home Outdoor BBQ Camping Birthday Christm","1","amazon.ca","Amazon","Thunder Bay","Ontario","P7E 1S","Combined TCS+MTC","35.99","4.68","5.90","0","0","0","0","0","-5.90","0","-4.68","-5.40","-8.19","0","0","22.40"
"Oct 31, 2025 8:42:14 a.m. PDT","24759617131","Order","701-9808973-6797013","KF02-BBJ","Dream Reach Chef Knife, Japanese Kitchen Knife, Sharp Stainless Steel Viking Style Meat Knife with Wooden Handle, Feather Design Cooking Knife with Sh","1","amazon.ca","Amazon","St. Albert","Alberta","T8N 6J","Combined TCS+MTC","29.99","1.50","0","0","0","0","0","0","0","0","-1.50","-4.50","-7.13","0","0","18.36"
"Oct 31, 2025 8:43:02 a.m. PDT","24759617131","Order","701-9808973-6797013","KF01-BBJ","Dream Reach Viking Cleaver Knife Butcher Meat Cutting Boning Knife High Carbon Steel Kitchen Axe with Sheath Home Outdoor BBQ Camping Birthday Christm","1","amazon.ca","Amazon","St. Albert","Alberta","T8N 6J","Combined TCS+MTC","35.99","1.80","0","0","0","0","0","0","0","0","-1.80","-5.40","-8.19","0","0","22.40"
"Oct 31, 2025 9:09:32 a.m. PDT","24759617131","Order","702-6780678-9733041","KF01-BBJ","Dream Reach Viking Cleaver Knife Butcher Meat Cutting Boning Knife High Carbon Steel Kitchen Axe with Sheath Home Outdoor BBQ Camping Birthday Christm","1","amazon.ca","Amazon","Hamilton","Ontario","L8W 3A","Combined TCS+MTC","35.99","4.68","0","0","0","0","0","0","0","0","-4.68","-5.40","-7.65","0","0","22.94"
"Oct 31, 2025 9:45:33 a.m. PDT","24759617131","Order","701-6786995-0097020","KF04-BBJ","Dream Reach Meat Bone Cleaver Knife for Meat Cutting Handmade Heavy Duty Butcher Axes Hand Forged Full Tang Chopper for Kitchen Outdoor BBQ Chef Gifts","1","amazon.ca","Amazon","Cornwall","Ontario","K6H 6H","Combined TCS+MTC","34.39","4.47","0","0","0","0","0","0","0","0","-4.47","-5.16","-8.74","0","0","20.49"
"Oct 31, 2025 11:52:10 a.m. PDT","24759617131","Service Fee","","","Cost of advertising","","","","","","","","0","0","0","0","0","0","0","0","0","0","0","0","0","-501.32","0","-501.32"
