"Includes Amazon Marketplace, Fulfillment by Amazon (FBA), and Amazon Webstore transactions"
"All amounts in USD, unless specified"
"Definitions:"
"Sales tax collected: Includes sales tax collected from buyers for product sales, shipping, and gift wrap."
"Selling fees: Includes variable closing fees and referral fees."
"Other transaction fees: Includes shipping chargebacks, shipping holdbacks, per-item fees  and sales tax collection fees."
"Other: Includes non-order transaction amounts. For more details, see the ""Type"" and ""Description"" columns for each order ID."
"date/time","settlement id","type","order id","sku","description","quantity","marketplace","account type","fulfillment","order city","order state","order postal","tax collection model","product sales","product sales tax","shipping credits","shipping credits tax","gift wrap credits","giftwrap credits tax","Regulatory Fee","Tax On Regulatory Fee","promotional rebates","promotional rebates tax","marketplace withheld tax","selling fees","fba fees","other transaction fees","other","total"
"Dec 1, 2025 12:14:26 AM PST","25081665871","Order","112-8404121-4966652","C-axe-02","Full Tang Survival Camping Axe with Wood Ergonomic Handle and Nylon Sheath Sheath - High Carbon Stainless Steel, Multi-Tool for Outdoor, Hunting, Emer","1","amazon.com","Standard Orders","Amazon","SAN ANTONIO","TX","78242","MarketplaceFacilitator","14.99","1.24","0","0","0","0","0","0","0","0","-1.24","-2.25","-6.44","0","0","6.30"
"Dec 1, 2025 12:43:02 AM PST","25081665871","Order","112-8621639-2765866","GB-CA-02-WOLF","Grumpy Bear Camping Hatchet with Wolf Carving, Full Tang Outdoor Axe with Decorative Handle, Durable Forged Blade for Hiking, Bushcraft, and Survival","1","amazon.com","Standard Orders","Amazon","ALBUQUERQUE","NM","87111","MarketplaceFacilitator","19.99","1.52","0.99","0.08","0","0","0","0","0","0","-1.60","-3.00","-6.83","0","0","11.15"
"Dec 1, 2025 12:46:26 AM PST","25081665871","Debt","","","amzn1.cam.v1.sgid.24977935231","","","Standard Orders","","","","","","0","0","0","0","0","0","0","0","0","0","0","0","0","0","274.13","274.13"
"Dec 1, 2025 2:14:29 AM PST","25081665871","Order","111-5883077-9434623","GB-CA-02-TIGER","Grumpy Bear Camping Hatchet with Tiger Carving, Full Tang Outdoor Axe with Decorative Handle, Durable Forged Blade for Hiking, Bushcraft, and Survival","1","amazon.com","Standard Orders","Amazon","Jonesboro","AR","72401","MarketplaceFacilitator","14.99","1.27","0","0","0","0","0","0","0","0","-1.27","-2.25","-5.84","0","0","6.90"
"Dec 1, 2025 2:31:41 AM PST","25081665871","Order","S01-5844863-1878029","AXE-SH-S","Grumpy Bear 11"" Survival Axe Camping Hatchet – Forged High Carbon Steel Blade with Walnut Wood Handle – Shock-Absorbing, Anti-Slip Grip – Ideal for Bushcraft, Wood Splitting & Outdoor Adventures","1","sim1.stores.amazon.com","Standard Orders","Amazon","CHEYENNE","OK","73628","","0","0","0","0","0","0","0","0","0","0","0","0","-11.75","0","0","-11.75"
"Dec 1, 2025 2:36:01 AM PST","25081665871","Order","113-8908430-5399425","C-axe-01","Full Tang Survival Camping Axe with Wood Ergonomic Handle and Nylon Sheath Sheath - High Carbon Stainless Steel, Multi-Tool for Outdoor, Hunting, Emer","2","amazon.com","Standard Orders","Amazon","ELLISVILLE","MS","39437","MarketplaceFacilitator","21.98","1.54","0","0","0","0","0","0","0","0","-1.54","-3.30","-12.20","0","0","6.48"
"Dec 1, 2025 3:02:05 AM PST","25081665871","Order","111-3925284-8581805","GB-CA-02-LION","Grumpy Bear Camping Hatchet with Lion Carving, Full Tang Outdoor Axe with Decorative Handle, Durable Forged Blade for Hiking, Bushcraft, and Survival","1","amazon.com","Standard Orders","Amazon","FULTON","NY","13069","MarketplaceFacilitator","14.99","1.20","0","0","0","0","0","0","0","0","-1.20","-2.25","-5.68","0","0","7.06"
"Dec 1, 2025 3:22:56 AM PST","25081665871","Order","114-3176583-7854640","AXE-SH-L","Grumpy Bear 15"" Survival Axe Camping Hatchet - Forged High Carbon Steel Blade with Walnut Wood Handle - Shock-Absorbing, Anti-Slip Grip - Ideal for Bu","1","amazon.com","Standard Orders","Amazon","BAKERSFIELD","CA","93309","MarketplaceFacilitator","39.94","2.97","0","0","0","0","0","0","-3.99","0","-2.97","-5.39","-6.44","0","0","24.12"
"Dec 1, 2025 3:36:45 AM PST","25081665871","Order","114-8674952-1507443","C-axe-01","Full Tang Survival Camping Axe with Wood Ergonomic Handle and Nylon Sheath Sheath - High Carbon Stainless Steel, Multi-Tool for Outdoor, Hunting, Emer","1","amazon.com","Standard Orders","Amazon","LAKE ELSINORE","CA","92530","MarketplaceFacilitator","10.99","0.96","0","0","0","0","0","0","0","0","-0.96","-1.65","-6.10","0","0","3.24"
"Dec 1, 2025 3:39:55 AM PST","25081665871","Order","114-4331924-3145810","C-axe-02","Full Tang Survival Camping Axe with Wood Ergonomic Handle and Nylon Sheath Sheath - High Carbon Stainless Steel, Multi-Tool for Outdoor, Hunting, Emer","1","amazon.com","Standard Orders","Amazon","TINTON FALLS","NJ","07753","MarketplaceFacilitator","14.99","0.99","0","0","0","0","0","0","0","0","-0.99","-2.25","-6.44","0","0","6.30"
"Dec 1, 2025 4:05:23 AM PST","25081665871","Order","S01-1414191-9703602","AXE-SH-S","Grumpy Bear 11"" Survival Axe Camping Hatchet – Forged High Carbon Steel Blade with Walnut Wood Handle – Shock-Absorbing, Anti-Slip Grip – Ideal for Bushcraft, Wood Splitting & Outdoor Adventures","1","sim1.stores.amazon.com","Standard Orders","Amazon","MAYODAN","NC","27027","","0","0","0","0","0","0","0","0","0","0","0","0","-11.75","0","0","-11.75"
"Dec 1, 2025 4:20:19 AM PST","25081665871","Order","114-8759310-7641007","C-axe-02","Full Tang Survival Camping Axe with Wood Ergonomic Handle and Nylon Sheath Sheath - High Carbon Stainless Steel, Multi-Tool for Outdoor, Hunting, Emer","1","amazon.com","Standard Orders","Amazon","AFTON","TN","37616","MarketplaceFacilitator","14.99","1.46","0","0","0","0","0","0","0","0","-1.46","-2.25","-6.44","0","0","6.30"
"Dec 1, 2025 4:30:01 AM PST","25081665871","Order","111-6960009-5950653","Axe-F-R-S","Grumpy Bear 11"" Survival Axe Camping Hatchet - Forged High Carbon Steel Blade with Walnut Wood Handle - Shock-Absorbing, Anti-Slip Grip - Ideal for Bu","1","amazon.com","Standard Orders","Amazon","RALEIGH","NC","27609","MarketplaceFacilitator","34.41","2.25","0","0","0","0","0","0","-3.44","0","-2.25","-4.65","-6.24","0","0","20.08"
"Dec 1, 2025 5:02:00 AM PST","25081665871","Order","112-8242726-3307402","C-axe-02","Full Tang Survival Camping Axe with Wood Ergonomic Handle and Nylon Sheath Sheath - High Carbon Stainless Steel, Multi-Tool for Outdoor, Hunting, Emer","1","amazon.com","Standard Orders","Amazon","SAN DIEGO","CA","92128","MarketplaceFacilitator","14.99","1.16","0","0","0","0","0","0","0","0","-1.16","-2.25","-6.44","0","0","6.30"
"Dec 1, 2025 5:55:51 AM PST","25081665871","Order","114-1651326-8469030","C-axe-01","Full Tang Survival Camping Axe with Wood Ergonomic Handle and Nylon Sheath Sheath - High Carbon Stainless Steel, Multi-Tool for Outdoor, Hunting, Emer","1","amazon.com","Standard Orders","Amazon","SACRAMENTO","CA","95820","MarketplaceFacilitator","10.99","0.96","0.50","0","0","0","0","0","-0.50","0","-0.96","-1.65","-6.10","0","0","3.24"
"Dec 1, 2025 6:19:56 AM PST","25081665871","Order","114-8818573-4962648","C-axe-02","Full Tang Survival Camping Axe with Wood Ergonomic Handle and Nylon Sheath Sheath - High Carbon Stainless Steel, Multi-Tool for Outdoor, Hunting, Emer","1","amazon.com","Standard Orders","Amazon","HOWELL","MI","48855","MarketplaceFacilitator","14.99","0.90","0","0","0","0","0","0","0","0","-0.90","-2.25","-6.44","0","0","6.30"
"Dec 1, 2025 6:38:58 AM PST","25081665871","Order","S01-4834428-2502818","AXE-SH-L","Grumpy Bear 15"" Survival Axe Camping Hatchet – Forged High Carbon Steel Blade with Walnut Wood Handle – Shock-Absorbing, Anti-Slip Grip – Ideal for Bushcraft, Wood Splitting & Outdoor Adventures","2","sim1.stores.amazon.com","Standard Orders","Amazon","PENSACOLA","FL","32506","","0","0","0","0","0","0","0","0","0","0","0","0","-16.52","0","0","-16.52"
"Dec 1, 2025 6:43:19 AM PST","25081665871","Order","113-2368506-3051440","GB-CA-02-LION","Grumpy Bear Camping Hatchet with Lion Carving, Full Tang Outdoor Axe with Decorative Handle, Durable Forged Blade for Hiking, Bushcraft, and Survival","1","amazon.com","Standard Orders","Amazon","HOQUIAM","WA","98550","MarketplaceFacilitator","14.99","1.33","0","0","0","0","0","0","0","0","-1.33","-2.25","-5.68","0","0","7.06"
"Dec 1, 2025 6:47:21 AM PST","25081665871","Order","112-7511603-3341866","C-axe-02","Full Tang Survival Camping Axe with Wood Ergonomic Handle and Nylon Sheath Sheath - High Carbon Stainless Steel, Multi-Tool for Outdoor, Hunting, Emer","1","amazon.com","Standard Orders","Amazon","SAN PEDRO","CA","90731","MarketplaceFacilitator","14.99","1.46","0","0","0","0","0","0","0","0","-1.46","-2.25","-6.44","0","0","6.30"
"Dec 1, 2025 6:52:28 AM PST","25081665871","Order","S01-1948986-2525249","AXE-SH-S","Grumpy Bear 11"" Survival Axe Camping Hatchet – Forged High Carbon Steel Blade with Walnut Wood Handle – Shock-Absorbing, Anti-Slip Grip – Ideal for Bushcraft, Wood Splitting & Outdoor Adventures","1","sim1.stores.amazon.com","Standard Orders","Amazon","SAN ANTONIO","TX","78253","","0","0","0","0","0","0","0","0","0","0","0","0","-11.75","0","0","-11.75"
"Dec 1, 2025 7:22:29 AM PST","25081665871","Order","111-0407108-4567415","GB-CA-02-EAGLE","Grumpy Bear Camping Hatchet, Full Tang Outdoor Axe with Decorative Handle, Durable Forged Blade for Hiking, Bushcraft, and Survival (Eagle)","1","amazon.com","Standard Orders","Amazon","PORT ORCHARD","WA","98366","MarketplaceFacilitator","19.99","1.84","0","0","0","0","0","0","0","0","-1.84","-3.00","-5.68","0","0","11.31"
"Dec 1, 2025 7:27:54 AM PST","25081665871","Order","111-5883077-9434623","GB-CA-02-LION","Grumpy Bear Camping Hatchet with Lion Carving, Full Tang Outdoor Axe with Decorative Handle, Durable Forged Blade for Hiking, Bushcraft, and Survival","1","amazon.com","Standard Orders","Amazon","Jonesboro","AR","72401","MarketplaceFacilitator","14.99","1.27","0","0","0","0","0","0","0","0","-1.27","-2.25","-5.68","0","0","7.06"
"Dec 1, 2025 7:39:08 AM PST","25081665871","Order","113-7152572-5181012","GB-CA-02-WOLF","Grumpy Bear Camping Hatchet with Wolf Carving, Full Tang Outdoor Axe with Decorative Handle, Durable Forged Blade for Hiking, Bushcraft, and Survival","1","amazon.com","Standard Orders","Amazon","LEBANON","OR","97355","","19.99","0","0","0","0","0","0","0","0","0","0","-3.00","-5.84","0","0","11.15"
"Dec 1, 2025 7:51:37 AM PST","25081665871","Order","113-4524861-6620223","C-axe-01","Full Tang Survival Camping Axe with Wood Ergonomic Handle and Nylon Sheath Sheath - High Carbon Stainless Steel, Multi-Tool for Outdoor, Hunting, Emer","1","amazon.com","Standard Orders","Amazon","GLENDALE","AZ","85306","MarketplaceFacilitator","10.99","1.00","0","0","0","0","0","0","0","0","-1.00","-1.65","-6.10","0","0","3.24"
"Dec 1, 2025 7:59:39 AM PST","25081665871","Order","114-1431407-4080259","C-axe-02","Full Tang Survival Camping Axe with Wood Ergonomic Handle and Nylon Sheath Sheath - High Carbon Stainless Steel, Multi-Tool for Outdoor, Hunting, Emer","1","amazon.com","Standard Orders","Amazon","MARTINS FERRY","OH","43935","MarketplaceFacilitator","14.99","1.09","0","0","0","0","0","0","0","0","-1.09","-2.25","-6.44","0","0","6.30"
"Dec 1, 2025 8:01:02 AM PST","25081665871","Order","113-0726651-3896265","GB-CA-02-TIGER","Grumpy Bear Camping Hatchet with Tiger Carving, Full Tang Outdoor Axe with Decorative Handle, Durable Forged Blade for Hiking, Bushcraft, and Survival","1","amazon.com","Standard Orders","Amazon","ROYAL","AR","71968","MarketplaceFacilitator","14.99","1.20","0","0","0","0","0","0","0","0","-1.20","-2.25","-5.84","0","0","6.90"
"Dec 1, 2025 8:42:22 AM PST","25081665871","Order","S01-1374137-1083660","AXE-SH-S","Grumpy Bear 11"" Survival Axe Camping Hatchet – Forged High Carbon Steel Blade with Walnut Wood Handle – Shock-Absorbing, Anti-Slip Grip – Ideal for Bushcraft, Wood Splitting & Outdoor Adventures","1","sim1.stores.amazon.com","Standard Orders","Amazon","JACKSONVILLE","FL","32226","","0","0","0","0","0","0","0","0","0","0","0","0","-11.75","0","0","-11.75"
"Dec 1, 2025 9:24:50 AM PST","25081665871","Order","S01-5823211-7057232","AXE-SH-S","Grumpy Bear 11"" Survival Axe Camping Hatchet – Forged High Carbon Steel Blade with Walnut Wood Handle – Shock-Absorbing, Anti-Slip Grip – Ideal for Bushcraft, Wood Splitting & Outdoor Adventures","1","sim1.stores.amazon.com","Standard Orders","Amazon","FORT WAYNE","IN","46816","","0","0","0","0","0","0","0","0","0","0","0","0","-11.75","0","0","-11.75"
"Dec 1, 2025 10:35:58 AM PST","25081665871","Order","111-6604656-8926620","C-axe-01","Full Tang Survival Camping Axe with Wood Ergonomic Handle and Nylon Sheath Sheath - High Carbon Stainless Steel, Multi-Tool for Outdoor, Hunting, Emer","1","amazon.com","Standard Orders","Amazon","cotati","CA","94931","MarketplaceFacilitator","10.99","1.13","0","0","0","0","0","0","0","0","-1.13","-1.65","-6.10","0","0","3.24"
"Dec 1, 2025 12:18:43 PM PST","25081665871","Service Fee","","","Cost of Advertising","","","Standard Orders","","","","","","0","0","0","0","0","0","0","0","0","0","0","0","0","-502.51","0","-502.51"
"Dec 1, 2025 12:40:32 PM PST","25081665871","Order","S01-3481927-7199642","AXE-SH-S","Grumpy Bear 11"" Survival Axe Camping Hatchet – Forged High Carbon Steel Blade with Walnut Wood Handle – Shock-Absorbing, Anti-Slip Grip – Ideal for Bushcraft, Wood Splitting & Outdoor Adventures","1","sim1.stores.amazon.com","Standard Orders","Amazon","APPLE VALLEY","CA","92307","","0","0","0","0","0","0","0","0","0","0","0","0","-11.75","0","0","-11.75"
"Dec 1, 2025 12:58:40 PM PST","25081665871","Order","S01-0176873-3925222","AXE-SH-S","Grumpy Bear 11"" Survival Axe Camping Hatchet – Forged High Carbon Steel Blade with Walnut Wood Handle – Shock-Absorbing, Anti-Slip Grip – Ideal for Bushcraft, Wood Splitting & Outdoor Adventures","1","sim1.stores.amazon.com","Standard Orders","Amazon","MINTO","ND","58261","","0","0","0","0","0","0","0","0","0","0","0","0","-11.75","0","0","-11.75"
"Dec 1, 2025 4:34:06 PM PST","25081665871","Order","S01-3193968-5303633","CP-A-K-U","Grumpy Bear Camping Axe & Sickle Set – Dual Outdoor Tools for Camping, Survival & Bushcraft | High Carbon Steel Camping Axe & Hatchet Combo | Black Oxide Finish, Protective Sheaths","1","sim1.stores.amazon.com","Standard Orders","Amazon","Jefferson","GA","30549","","0","0","0","0","0","0","0","0","0","0","0","0","-10.60","0","0","-10.60"
"Dec 1, 2025 4:58:55 PM PST","25081665871","Order","113-9404704-4689068","GB-CA-02-TIGER","Grumpy Bear Camping Hatchet with Tiger Carving, Full Tang Outdoor Axe with Decorative Handle, Durable Forged Blade for Hiking, Bushcraft, and Survival","1","amazon.com","Standard Orders","Amazon","CHARLOTTE","NC","28214","MarketplaceFacilitator","14.99","1.09","0","0","0","0","0","0","0","0","-1.09","-2.25","-5.84","0","0","6.90"
"Dec 1, 2025 5:40:07 PM PST","25081665871","Order","114-6170434-0005015","GB-CA-02-EAGLE","Grumpy Bear Camping Hatchet, Full Tang Outdoor Axe with Decorative Handle, Durable Forged Blade for Hiking, Bushcraft, and Survival (Eagle)","1","amazon.com","Standard Orders","Amazon","MANCHESTER TOWNSHIP","NJ","08759","MarketplaceFacilitator","19.99","1.32","0","0","0","0","0","0","0","0","-1.32","-3.00","-5.68","0","0","11.31"
"Dec 1, 2025 8:41:23 PM PST","25081665871","Order","S01-0497877-5162007","AXE-SH-L","Grumpy Bear 15"" Survival Axe Camping Hatchet – Forged High Carbon Steel Blade with Walnut Wood Handle – Shock-Absorbing, Anti-Slip Grip – Ideal for Bushcraft, Wood Splitting & Outdoor Adventures","1","sim1.stores.amazon.com","Standard Orders","Amazon","CLEVELAND","TN","37323","","0","0","0","0","0","0","0","0","0","0","0","0","-11.75","0","0","-11.75"
"Dec 1, 2025 9:58:45 PM PST","25081665871","Order","S01-5835348-7147665","AXE-SH-S","Grumpy Bear 11"" Survival Axe Camping Hatchet – Forged High Carbon Steel Blade with Walnut Wood Handle – Shock-Absorbing, Anti-Slip Grip – Ideal for Bushcraft, Wood Splitting & Outdoor Adventures","1","sim1.stores.amazon.com","Standard Orders","Amazon","SEYMOUR","MO","65746","","0","0","0","0","0","0","0","0","0","0","0","0","-11.75","0","0","-11.75"
"Dec 1, 2025 11:36:02 PM PST","25081665871","Order","113-2322320-3516229","GB-CA-02-EAGLE","Grumpy Bear Camping Hatchet, Full Tang Outdoor Axe with Decorative Handle, Durable Forged Blade for Hiking, Bushcraft, and Survival (Eagle)","1","amazon.com","Standard Orders","Amazon","ANTELOPE","CA","95843","MarketplaceFacilitator","19.99","1.55","0","0","0","0","0","0","0","0","-1.55","-3.00","-5.68","0","0","11.31"
"Dec 1, 2025 11:36:02 PM PST","25081665871","Order","113-2322320-3516229","GB-CA-02-TIGER","Grumpy Bear Camping Hatchet with Tiger Carving, Full Tang Outdoor Axe with Decorative Handle, Durable Forged Blade for Hiking, Bushcraft, and Survival","1","amazon.com","Standard Orders","Amazon","ANTELOPE","CA","95843","MarketplaceFacilitator","14.99","1.16","0","0","0","0","0","0","0","0","-1.16","-2.25","-5.84","0","0","6.90"
"Dec 1, 2025 11:42:16 PM PST","25081665871","Order","112-5493796-6313063","C-axe-02","Full Tang Survival Camping Axe with Wood Ergonomic Handle and Nylon Sheath Sheath - High Carbon Stainless Steel, Multi-Tool for Outdoor, Hunting, Emer","1","amazon.com","Standard Orders","Amazon","HANCEVILLE","AL","35077","MarketplaceFacilitator","14.99","1.20","0","0","0","0","0","0","0","0","-1.20","-2.25","-6.44","0","0","6.30"
"Dec 2, 2025 12:17:57 AM PST","25081665871","Order","113-8501931-0839449","Axe-F-R-L","Grumpy Bear 15"" Survival Axe Camping Hatchet - Forged High Carbon Steel Blade with Walnut Wood Handle - Shock-Absorbing, Anti-Slip Grip - Ideal for Bu","1","amazon.com","Standard Orders","Amazon","SPRINGFIELD","VT","05156","MarketplaceFacilitator","35.94","1.94","0","0","0","0","0","0","-3.59","0","-1.94","-4.85","-6.44","0","0","21.06"
"Dec 2, 2025 12:38:26 AM PST","25081665871","Order","113-9009698-7879442","GB-CA-02-EAGLE","Grumpy Bear Camping Hatchet, Full Tang Outdoor Axe with Decorative Handle, Durable Forged Blade for Hiking, Bushcraft, and Survival (Eagle)","1","amazon.com","Standard Orders","Amazon","Santa Barbara","California","93108","MarketplaceFacilitator","19.99","1.55","0","0","0","0","0","0","0","0","-1.55","-3.00","-5.68","0","0","11.31"
"Dec 2, 2025 12:51:05 AM PST","25081665871","Order","111-0893106-2568220","GB-CA-02-TIGER","Grumpy Bear Camping Hatchet with Tiger Carving, Full Tang Outdoor Axe with Decorative Handle, Durable Forged Blade for Hiking, Bushcraft, and Survival","1","amazon.com","Standard Orders","Amazon","PALMDALE","CA","93591","MarketplaceFacilitator","14.99","1.46","0","0","0","0","0","0","0","0","-1.46","-2.25","-5.84","0","0","6.90"
"Dec 2, 2025 1:15:46 AM PST","25081665871","Order","112-9364191-6327414","C-axe-02","Full Tang Survival Camping Axe with Wood Ergonomic Handle and Nylon Sheath Sheath - High Carbon Stainless Steel, Multi-Tool for Outdoor, Hunting, Emer","1","amazon.com","Standard Orders","Amazon","Trenton","GA","30752","MarketplaceFacilitator","14.99","1.05","0","0","0","0","0","0","0","0","-1.05","-2.25","-6.44","0","0","6.30"
"Dec 2, 2025 2:01:29 AM PST","25081665871","Order","112-9399490-6993046","GB-CA-02-EAGLE","Grumpy Bear Camping Hatchet, Full Tang Outdoor Axe with Decorative Handle, Durable Forged Blade for Hiking, Bushcraft, and Survival (Eagle)","1","amazon.com","Standard Orders","Amazon","WASILLA","AK","99654","MarketplaceFacilitator","19.99","0","0","0","0","0","0","0","0","0","0","-3.00","-5.68","0","0","11.31"
"Dec 2, 2025 2:22:08 AM PST","25081665871","Order","113-4862297-9440235","C-axe-01","Full Tang Survival Camping Axe with Wood Ergonomic Handle and Nylon Sheath Sheath - High Carbon Stainless Steel, Multi-Tool for Outdoor, Hunting, Emer","1","amazon.com","Standard Orders","Amazon","HOOD RIVER","OR","97031","","10.99","0","0","0","0","0","0","0","0","0","0","-1.65","-6.10","0","0","3.24"
"Dec 2, 2025 2:26:24 AM PST","25081665871","Order","112-0301724-2519442","C-axe-01","Full Tang Survival Camping Axe with Wood Ergonomic Handle and Nylon Sheath Sheath - High Carbon Stainless Steel, Multi-Tool for Outdoor, Hunting, Emer","1","amazon.com","Standard Orders","Amazon","CENTER POINT","TX","78010","MarketplaceFacilitator","10.99","0.74","0","0","0","0","0","0","0","0","-0.74","-1.65","-6.10","0","0","3.24"
"Dec 2, 2025 2:35:51 AM PST","25081665871","Order","112-6850162-8439445","CP-A-K-U","Grumpy Bear Camping Axe & Sickle Set - Dual Outdoor Tools for Camping, Survival & Bushcraft | High Carbon Steel Camping Axe & Hatchet Combo | Black Ox","1","amazon.com","Standard Orders","Amazon","DELTONA","FL","32738","MarketplaceFacilitator","29.99","1.95","0.60","0","0","0","0","0","-0.60","0","-1.95","-4.50","-5.84","0","0","19.65"
"Dec 2, 2025 2:54:31 AM PST","25081665871","Order","114-1730850-5385061","GB-CA-02-EAGLE","Grumpy Bear Camping Hatchet, Full Tang Outdoor Axe with Decorative Handle, Durable Forged Blade for Hiking, Bushcraft, and Survival (Eagle)","1","amazon.com","Standard Orders","Amazon","Racine","WI","53405","MarketplaceFacilitator","19.99","1.10","0.34","0","0","0","0","0","-0.34","0","-1.10","-3.00","-5.68","0","0","11.31"
"Dec 2, 2025 2:54:31 AM PST","25081665871","Order","114-1730850-5385061","GB-CA-02-LION","Grumpy Bear Camping Hatchet with Lion Carving, Full Tang Outdoor Axe with Decorative Handle, Durable Forged Blade for Hiking, Bushcraft, and Survival","1","amazon.com","Standard Orders","Amazon","Racine","WI","53405","MarketplaceFacilitator","14.99","0.82","0.33","0","0","0","0","0","-0.33","0","-0.82","-2.25","-5.68","0","0","7.06"
"Dec 2, 2025 2:57:08 AM PST","25081665871","Order","112-0956032-8883448","Axe-F-R-L","Grumpy Bear 15"" Survival Axe Camping Hatchet - Forged High Carbon Steel Blade with Walnut Wood Handle - Shock-Absorbing, Anti-Slip Grip - Ideal for Bu","1","amazon.com","Standard Orders","Amazon","MONROE","WA","98272","MarketplaceFacilitator","35.94","3.04","0","0","0","0","0","0","-3.59","0","-3.04","-4.85","-6.44","0","0","21.06"
"Dec 2, 2025 3:18:49 AM PST","25081665871","Order","113-4731552-7289048","CP-A-K-U","Grumpy Bear Camping Axe & Sickle Set - Dual Outdoor Tools for Camping, Survival & Bushcraft | High Carbon Steel Camping Axe & Hatchet Combo | Black Ox","1","amazon.com","Standard Orders","Amazon","ASTATULA","FL","34705","MarketplaceFacilitator","29.99","2.10","1.49","0","0","0","0","0","-1.49","0","-2.10","-4.50","-5.84","0","0","19.65"
"Dec 2, 2025 3:39:23 AM PST","25081665871","Service Fee","","","Cost of Advertising","","","Standard Orders","","","","","","0","0","0","0","0","0","0","0","0","0","0","0","0","-94.87","0","-94.87"
"Dec 2, 2025 3:44:01 AM PST","25081665871","Order","113-9009698-7879442","GB-CA-02-WOLF","Grumpy Bear Camping Hatchet with Wolf Carving, Full Tang Outdoor Axe with Decorative Handle, Durable Forged Blade for Hiking, Bushcraft, and Survival","1","amazon.com","Standard Orders","Amazon","Santa Barbara","California","93108","MarketplaceFacilitator","19.99","1.55","0","0","0","0","0","0","0","0","-1.55","-3.00","-5.84","0","0","11.15"
"Dec 2, 2025 4:57:12 AM PST","25081665871","Order","114-6839035-1324263","C-axe-02","Full Tang Survival Camping Axe with Wood Ergonomic Handle and Nylon Sheath Sheath - High Carbon Stainless Steel, Multi-Tool for Outdoor, Hunting, Emer","1","amazon.com","Standard Orders","Amazon","Palm Beach Gardens","FL","33410","MarketplaceFacilitator","14.99","1.05","0","0","0","0","0","0","0","0","-1.05","-2.25","-6.44","0","0","6.30"
"Dec 2, 2025 5:19:57 AM PST","25081665871","Order","113-5301802-4782666","Axe-F-R-L","Grumpy Bear 15"" Survival Axe Camping Hatchet - Forged High Carbon Steel Blade with Walnut Wood Handle - Shock-Absorbing, Anti-Slip Grip - Ideal for Bu","1","amazon.com","Standard Orders","Amazon","BRIGHTON","MA","02135","MarketplaceFacilitator","35.94","2.02","0","0","0","0","0","0","-3.59","0","-2.02","-4.85","-6.44","0","0","21.06"
"Dec 2, 2025 5:27:34 AM PST","25081665871","Order","111-7945543-4892259","C-axe-01","Full Tang Survival Camping Axe with Wood Ergonomic Handle and Nylon Sheath Sheath - High Carbon Stainless Steel, Multi-Tool for Outdoor, Hunting, Emer","1","amazon.com","Standard Orders","Amazon","CHATTAROY","WASHINGTON","99003","MarketplaceFacilitator","10.99","0.89","0","0","0","0","0","0","0","0","-0.89","-1.65","-6.10","0","0","3.24"
"Dec 2, 2025 5:28:01 AM PST","25081665871","Order","111-8514588-4233009","AXE-GBWS-L","Grumpy Bear 15"" Survival Axe Camping Hatchet - Forged High Carbon Steel Blade with Walnut Wood Handle - Shock-Absorbing, Anti-Slip Grip - Ideal for Bu","1","amazon.com","Standard Orders","Amazon","BRAHAM","MN","55006","MarketplaceFacilitator","34.41","2.28","0","0","0","0","0","0","-3.44","0","-2.28","-4.65","-6.44","0","0","19.88"
"Dec 2, 2025 5:45:27 AM PST","25081665871","Order","113-0769509-2973014","C-axe-01","Full Tang Survival Camping Axe with Wood Ergonomic Handle and Nylon Sheath Sheath - High Carbon Stainless Steel, Multi-Tool for Outdoor, Hunting, Emer","1","amazon.com","Standard Orders","Amazon","PORTLAND","OR","97219","","10.99","0","0","0","0","0","0","0","0","0","0","-1.65","-6.10","0","0","3.24"
"Dec 2, 2025 6:33:57 AM PST","25081665871","Order","112-5940319-5731440","GB-CA-02-LION","Grumpy Bear Camping Hatchet with Lion Carving, Full Tang Outdoor Axe with Decorative Handle, Durable Forged Blade for Hiking, Bushcraft, and Survival","1","amazon.com","Standard Orders","Amazon","buckingham","VA","23921","MarketplaceFacilitator","14.99","0.79","0","0","0","0","0","0","0","0","-0.79","-2.25","-5.68","0","0","7.06"
"Dec 2, 2025 6:43:50 AM PST","25081665871","Order","112-7362721-6389861","GB-CA-02-EAGLE","Grumpy Bear Camping Hatchet, Full Tang Outdoor Axe with Decorative Handle, Durable Forged Blade for Hiking, Bushcraft, and Survival (Eagle)","1","amazon.com","Standard Orders","Amazon","GARDNER","MA","01440","MarketplaceFacilitator","19.99","1.25","0","0","0","0","0","0","0","0","-1.25","-3.00","-5.68","0","0","11.31"
"Dec 2, 2025 6:47:59 AM PST","25081665871","Order","112-5472980-6068202","AXE-SH-S","Grumpy Bear 11"" Survival Axe Camping Hatchet - Forged High Carbon Steel Blade with Walnut Wood Handle - Shock-Absorbing, Anti-Slip Grip - Ideal for Bu","1","amazon.com","Standard Orders","Amazon","HOPWOOD","PA","15445","MarketplaceFacilitator","34.41","1.86","0","0","0","0","0","0","-3.44","0","-1.86","-4.65","-6.24","0","0","20.08"
"Dec 2, 2025 7:14:33 AM PST","25081665871","Order","114-9303502-9265820","GB-CA-02-LION","Grumpy Bear Camping Hatchet with Lion Carving, Full Tang Outdoor Axe with Decorative Handle, Durable Forged Blade for Hiking, Bushcraft, and Survival","1","amazon.com","Standard Orders","Amazon","N DIGHTON","MA","02764","MarketplaceFacilitator","14.99","0.94","0","0","0","0","0","0","0","0","-0.94","-2.25","-5.68","0","0","7.06"
"Dec 2, 2025 7:31:27 AM PST","25081665871","Order","111-6512673-6463468","C-axe-02","Full Tang Survival Camping Axe with Wood Ergonomic Handle and Nylon Sheath Sheath - High Carbon Stainless Steel, Multi-Tool for Outdoor, Hunting, Emer","1","amazon.com","Standard Orders","Amazon","Wright","WY","82732","MarketplaceFacilitator","14.99","0.75","0","0","0","0","0","0","0","0","-0.75","-2.25","-6.44","0","0","6.30"
"Dec 2, 2025 7:46:06 AM PST","25081665871","Order","114-3515779-5587455","C-axe-01","Full Tang Survival Camping Axe with Wood Ergonomic Handle and Nylon Sheath Sheath - High Carbon Stainless Steel, Multi-Tool for Outdoor, Hunting, Emer","1","amazon.com","Standard Orders","Amazon","DALLAS","TX","75254","MarketplaceFacilitator","10.99","0.91","0","0","0","0","0","0","0","0","-0.91","-1.65","-6.10","0","0","3.24"
"Dec 2, 2025 7:55:41 AM PST","25081665871","Order","112-9826940-0304247","AXE-SH-L","Grumpy Bear 15"" Survival Axe Camping Hatchet - Forged High Carbon Steel Blade with Walnut Wood Handle - Shock-Absorbing, Anti-Slip Grip - Ideal for Bu","1","amazon.com","Standard Orders","Amazon","FRANKLIN","IN","46131","MarketplaceFacilitator","39.94","2.52","0","0","0","0","0","0","-3.99","0","-2.52","-5.39","-6.44","0","0","24.12"
"Dec 2, 2025 7:59:32 AM PST","25081665871","Order","113-6531812-4008246","C-axe-02","Full Tang Survival Camping Axe with Wood Ergonomic Handle and Nylon Sheath Sheath - High Carbon Stainless Steel, Multi-Tool for Outdoor, Hunting, Emer","1","amazon.com","Standard Orders","Amazon","THORNTON","CO","80241","MarketplaceFacilitator","14.99","1.27","0","0","0","0","0","0","0","0","-1.27","-2.25","-6.44","0","0","6.30"
"Dec 2, 2025 10:27:05 AM PST","25081665871","Order","S01-5342743-2002062","CP-A-K-U","Grumpy Bear Camping Axe & Sickle Set – Dual Outdoor Tools for Camping, Survival & Bushcraft | High Carbon Steel Camping Axe & Hatchet Combo | Black Oxide Finish, Protective Sheaths","1","sim1.stores.amazon.com","Standard Orders","Amazon","Waterford","CT","06385","","0","0","0","0","0","0","0","0","0","0","0","0","-10.60","0","0","-10.60"
"Dec 2, 2025 12:08:16 PM PST","25081665871","Order","111-3001495-5883462","Axe-F-R-L","Grumpy Bear 15"" Survival Axe Camping Hatchet - Forged High Carbon Steel Blade with Walnut Wood Handle - Shock-Absorbing, Anti-Slip Grip - Ideal for Bu","1","amazon.com","Standard Orders","Amazon","VALLEY SPRINGS","CA","95252","MarketplaceFacilitator","35.94","2.67","0","0","0","0","0","0","-3.59","0","-2.67","-4.85","-6.44","0","0","21.06"
"Dec 2, 2025 12:10:29 PM PST","25081665871","Order","112-6331570-2161035","AXE-SH-S","Grumpy Bear 11"" Survival Axe Camping Hatchet - Forged High Carbon Steel Blade with Walnut Wood Handle - Shock-Absorbing, Anti-Slip Grip - Ideal for Bu","1","amazon.com","Standard Orders","Amazon","HOUSTON","TX","77064","MarketplaceFacilitator","34.41","0","0","0","0","0","0","0","-3.44","0","0","-55.80","-6.24","0","0","-31.07"
"Dec 2, 2025 12:10:29 PM PST","25081665871","Order","112-6331570-2161035","AXE-SH-S","Grumpy Bear 11"" Survival Axe Camping Hatchet - Forged High Carbon Steel Blade with Walnut Wood Handle - Shock-Absorbing, Anti-Slip Grip - Ideal for Bu","7","amazon.com","Standard Orders","Amazon","HOUSTON","TX","77064","","240.87","0","0","0","0","0","0","0","-24.09","0","0","0","-43.68","0","0","173.10"
"Dec 2, 2025 12:10:29 PM PST","25081665871","Order","112-6331570-2161035","AXE-SH-S","Grumpy Bear 11"" Survival Axe Camping Hatchet - Forged High Carbon Steel Blade with Walnut Wood Handle - Shock-Absorbing, Anti-Slip Grip - Ideal for Bu","4","amazon.com","Standard Orders","Amazon","HOUSTON","TX","77064","","137.64","0","0","0","0","0","0","0","-13.76","0","0","0","-24.96","0","0","98.92"
"Dec 2, 2025 5:30:38 PM PST","25081665871","Order","S01-1392806-0261260","AXE-SH-L","Grumpy Bear 15"" Survival Axe Camping Hatchet – Forged High Carbon Steel Blade with Walnut Wood Handle – Shock-Absorbing, Anti-Slip Grip – Ideal for Bushcraft, Wood Splitting & Outdoor Adventures","1","sim1.stores.amazon.com","Standard Orders","Amazon","LAS VEGAS","NV","89110","","0","0","0","0","0","0","0","0","0","0","0","0","-11.75","0","0","-11.75"
"Dec 2, 2025 8:07:44 PM PST","25081665871","Order","S01-9100914-8226845","CP-A-K-U","Grumpy Bear Camping Axe & Sickle Set – Dual Outdoor Tools for Camping, Survival & Bushcraft | High Carbon Steel Camping Axe & Hatchet Combo | Black Oxide Finish, Protective Sheaths","1","sim1.stores.amazon.com","Standard Orders","Amazon","Huron","OH","44839","","0","0","0","0","0","0","0","0","0","0","0","0","-10.60","0","0","-10.60"
"Dec 2, 2025 9:42:42 PM PST","25081665871","Order","111-7593302-3435432","C-axe-01","Full Tang Survival Camping Axe with Wood Ergonomic Handle and Nylon Sheath Sheath - High Carbon Stainless Steel, Multi-Tool for Outdoor, Hunting, Emer","1","amazon.com","Standard Orders","Amazon","NILES","MI","49120","MarketplaceFacilitator","10.99","0.66","0","0","0","0","0","0","0","0","-0.66","-1.65","-6.10","0","0","3.24"
"Dec 2, 2025 10:16:56 PM PST","25081665871","Order","112-2379679-0401823","GB-CA-02-LION","Grumpy Bear Camping Hatchet with Lion Carving, Full Tang Outdoor Axe with Decorative Handle, Durable Forged Blade for Hiking, Bushcraft, and Survival","1","amazon.com","Standard Orders","Amazon","BEVERLY HILLS","CA","90210","MarketplaceFacilitator","14.99","1.46","0","0","0","0","0","0","0","0","-1.46","-2.25","-5.68","0","0","7.06"
"Dec 2, 2025 10:30:16 PM PST","25081665871","Order","114-3820006-3840255","Axe-F-R-L","Grumpy Bear 15"" Survival Axe Camping Hatchet - Forged High Carbon Steel Blade with Walnut Wood Handle - Shock-Absorbing, Anti-Slip Grip - Ideal for Bu","1","amazon.com","Standard Orders","Amazon","Larimore","North Dakota","58251","MarketplaceFacilitator","35.94","2.26","0","0","0","0","0","0","-3.59","0","-2.26","-4.85","-6.44","0","0","21.06"
"Dec 2, 2025 10:36:39 PM PST","25081665871","Order","114-2620245-2251441","AXE-SH-L","Grumpy Bear 15"" Survival Axe Camping Hatchet - Forged High Carbon Steel Blade with Walnut Wood Handle - Shock-Absorbing, Anti-Slip Grip - Ideal for Bu","1","amazon.com","Standard Orders","Amazon","TUSTIN","CA","92780","MarketplaceFacilitator","39.94","2.79","0","0","0","0","0","0","-3.99","0","-2.79","-5.39","-6.44","0","0","24.12"
"Dec 2, 2025 11:01:41 PM PST","25081665871","Order","S01-3341148-3422822","AXE-WS-L","Grumpy Bear 15"" Survival Axe Camping Hatchet – Forged High Carbon Steel Blade with Walnut Wood Handle – Shock-Absorbing, Anti-Slip Grip – Ideal for Bushcraft, Wood Splitting & Outdoor Adventures","1","sim1.stores.amazon.com","Standard Orders","Amazon","DENNIS PORT","MA","02639","","0","0","0","0","0","0","0","0","0","0","0","0","-11.75","0","0","-11.75"
"Dec 2, 2025 11:17:41 PM PST","25081665871","Order","111-3443721-0041036","C-axe-02","Full Tang Survival Camping Axe with Wood Ergonomic Handle and Nylon Sheath Sheath - High Carbon Stainless Steel, Multi-Tool for Outdoor, Hunting, Emer","1","amazon.com","Standard Orders","Amazon","JONESVILLE","NC","28642","MarketplaceFacilitator","14.99","1.01","0","0","0","0","0","0","0","0","-1.01","-2.25","-6.44","0","0","6.30"
"Dec 2, 2025 11:50:27 PM PST","25081665871","Order","111-2104859-2566642","Axe-F-R-L","Grumpy Bear 15"" Survival Axe Camping Hatchet - Forged High Carbon Steel Blade with Walnut Wood Handle - Shock-Absorbing, Anti-Slip Grip - Ideal for Bu","1","amazon.com","Standard Orders","Amazon","BLOOMSDALE","MO","63627","MarketplaceFacilitator","35.94","1.37","0","0","0","0","0","0","-3.59","0","-1.37","-4.85","-6.44","0","0","21.06"
"Dec 3, 2025 12:00:57 AM PST","25081665871","Order","113-7720392-2871460","GB-CA-02-LION","Grumpy Bear Camping Hatchet with Lion Carving, Full Tang Outdoor Axe with Decorative Handle, Durable Forged Blade for Hiking, Bushcraft, and Survival","1","amazon.com","Standard Orders","Amazon","MARTINSBURG","WV","25404","MarketplaceFacilitator","14.99","0.90","0","0","0","0","0","0","0","0","-0.90","-2.25","-5.68","0","0","7.06"
"Dec 3, 2025 12:07:01 AM PST","25081665871","Order","113-4413135-1860243","C-axe-01","Full Tang Survival Camping Axe with Wood Ergonomic Handle and Nylon Sheath Sheath - High Carbon Stainless Steel, Multi-Tool for Outdoor, Hunting, Emer","1","amazon.com","Standard Orders","Amazon","GAFFNEY","SC","29341","MarketplaceFacilitator","10.99","0.88","0","0","0","0","0","0","0","0","-0.88","-1.65","-6.10","0","0","3.24"
"Dec 3, 2025 12:41:48 AM PST","25081665871","Order","111-4380173-5203431","AXE-SH-L","Grumpy Bear 15"" Survival Axe Camping Hatchet - Forged High Carbon Steel Blade with Walnut Wood Handle - Shock-Absorbing, Anti-Slip Grip - Ideal for Bu","1","amazon.com","Standard Orders","Amazon","TALLAHASSEE","FL","32312","MarketplaceFacilitator","39.94","2.70","0","0","0","0","0","0","-3.99","0","-2.70","-5.39","-6.44","0","0","24.12"
"Dec 3, 2025 12:58:53 AM PST","25081665871","Order","111-0311763-5081051","Axe-F-R-L","Grumpy Bear 15"" Survival Axe Camping Hatchet - Forged High Carbon Steel Blade with Walnut Wood Handle - Shock-Absorbing, Anti-Slip Grip - Ideal for Bu","1","amazon.com","Standard Orders","Amazon","SNOHOMISH","WA","98290","MarketplaceFacilitator","35.94","2.94","0","0","0","0","0","0","-3.59","0","-2.94","-4.85","-6.44","0","0","21.06"
"Dec 3, 2025 1:07:07 AM PST","25081665871","Order","111-7239852-6625010","GB-CA-02-LION","Grumpy Bear Camping Hatchet with Lion Carving, Full Tang Outdoor Axe with Decorative Handle, Durable Forged Blade for Hiking, Bushcraft, and Survival","1","amazon.com","Standard Orders","Amazon","MURRIETA","CA","92563","MarketplaceFacilitator","14.99","1.16","0","0","0","0","0","0","0","0","-1.16","-2.25","-5.68","0","0","7.06"
"Dec 3, 2025 1:19:34 AM PST","25081665871","Order","114-4109946-8871448","C-axe-02","Full Tang Survival Camping Axe with Wood Ergonomic Handle and Nylon Sheath Sheath - High Carbon Stainless Steel, Multi-Tool for Outdoor, Hunting, Emer","1","amazon.com","Standard Orders","Amazon","SEBRING","FL","33870","MarketplaceFacilitator","14.99","1.12","0","0","0","0","0","0","0","0","-1.12","-2.25","-6.44","0","0","6.30"
"Dec 3, 2025 1:36:25 AM PST","25081665871","Order","114-9512026-4525868","C-axe-02","Full Tang Survival Camping Axe with Wood Ergonomic Handle and Nylon Sheath Sheath - High Carbon Stainless Steel, Multi-Tool for Outdoor, Hunting, Emer","1","amazon.com","Standard Orders","Amazon","EOLIA","MO","63344","MarketplaceFacilitator","14.99","0.63","0","0","0","0","0","0","0","0","-0.63","-2.25","-6.44","0","0","6.30"
"Dec 3, 2025 1:42:24 AM PST","25081665871","Order","114-5411283-9517019","C-axe-01","Full Tang Survival Camping Axe with Wood Ergonomic Handle and Nylon Sheath Sheath - High Carbon Stainless Steel, Multi-Tool for Outdoor, Hunting, Emer","1","amazon.com","Standard Orders","Amazon","MARICOPA","AZ","85138","MarketplaceFacilitator","10.99","1.01","0","0","0","0","0","0","0","0","-1.01","-1.65","-6.10","0","0","3.24"
"Dec 3, 2025 3:08:32 AM PST","25081665871","Order","114-4866219-3333866","Axe-F-R-L","Grumpy Bear 15"" Survival Axe Camping Hatchet - Forged High Carbon Steel Blade with Walnut Wood Handle - Shock-Absorbing, Anti-Slip Grip - Ideal for Bu","1","amazon.com","Standard Orders","Amazon","mt vernon","OHIO","43050","MarketplaceFacilitator","35.94","2.35","0","0","0","0","0","0","-3.59","0","-2.35","-4.85","-6.44","0","0","21.06"
"Dec 3, 2025 3:25:43 AM PST","25081665871","Order","111-9382190-6838616","Axe-F-R-L","Grumpy Bear 15"" Survival Axe Camping Hatchet - Forged High Carbon Steel Blade with Walnut Wood Handle - Shock-Absorbing, Anti-Slip Grip - Ideal for Bu","1","amazon.com","Standard Orders","Amazon","JONES","AL","36749","MarketplaceFacilitator","35.94","2.59","0","0","0","0","0","0","-3.59","0","-2.59","-4.85","-6.44","0","0","21.06"
"Dec 3, 2025 3:26:35 AM PST","25081665871","Order","S01-1708015-5646835","AXE-SH-S","Grumpy Bear 11"" Survival Axe Camping Hatchet – Forged High Carbon Steel Blade with Walnut Wood Handle – Shock-Absorbing, Anti-Slip Grip – Ideal for Bushcraft, Wood Splitting & Outdoor Adventures","1","sim1.stores.amazon.com","Standard Orders","Amazon","LANCASTER","CA","93534","","0","0","0","0","0","0","0","0","0","0","0","0","-11.75","0","0","-11.75"
"Dec 3, 2025 3:36:22 AM PST","25081665871","Order","111-8621615-5393817","GB-CA-02-LION","Grumpy Bear Camping Hatchet with Lion Carving, Full Tang Outdoor Axe with Decorative Handle, Durable Forged Blade for Hiking, Bushcraft, and Survival","1","amazon.com","Standard Orders","Amazon","DAVIS","CA","95618","MarketplaceFacilitator","14.99","1.39","0","0","0","0","0","0","0","0","-1.39","-2.25","-5.68","0","0","7.06"
"Dec 3, 2025 3:47:59 AM PST","25081665871","Order","113-1796875-7165027","GB-CA-02-WOLF","Grumpy Bear Camping Hatchet with Wolf Carving, Full Tang Outdoor Axe with Decorative Handle, Durable Forged Blade for Hiking, Bushcraft, and Survival","1","amazon.com","Standard Orders","Amazon","LITTLETON","CO","80125","MarketplaceFacilitator","19.99","0.80","0","0","0","0","0","0","0","0","-0.80","-3.00","-5.84","0","0","11.15"
"Dec 3, 2025 4:29:27 AM PST","25081665871","Order","112-0996407-4887459","C-axe-01","Full Tang Survival Camping Axe with Wood Ergonomic Handle and Nylon Sheath Sheath - High Carbon Stainless Steel, Multi-Tool for Outdoor, Hunting, Emer","1","amazon.com","Standard Orders","Amazon","OGDEN DUNES","IN","46368","MarketplaceFacilitator","10.99","0.77","4.29","0","0","0","0","0","-4.29","0","-0.77","-1.65","-6.10","0","0","3.24"
"Dec 3, 2025 4:32:52 AM PST","25081665871","Order","111-7360408-9653024","GB-CA-02-WOLF","Grumpy Bear Camping Hatchet with Wolf Carving, Full Tang Outdoor Axe with Decorative Handle, Durable Forged Blade for Hiking, Bushcraft, and Survival","1","amazon.com","Standard Orders","Amazon","SNOHOMISH","WA","98290","MarketplaceFacilitator","19.99","1.82","0","0","0","0","0","0","0","0","-1.82","-3.00","-5.84","0","0","11.15"
"Dec 3, 2025 4:47:29 AM PST","25081665871","Order","112-2745295-1092240","GB-CA-02-LION","Grumpy Bear Camping Hatchet with Lion Carving, Full Tang Outdoor Axe with Decorative Handle, Durable Forged Blade for Hiking, Bushcraft, and Survival","1","amazon.com","Standard Orders","Amazon","BLAIRSVILLE","GA","30512","MarketplaceFacilitator","14.99","1.05","0","0","0","0","0","0","0","0","-1.05","-2.25","-5.68","0","0","7.06"
"Dec 3, 2025 5:18:01 AM PST","25081665871","Order","113-4876890-1873050","C-axe-01","Full Tang Survival Camping Axe with Wood Ergonomic Handle and Nylon Sheath Sheath - High Carbon Stainless Steel, Multi-Tool for Outdoor, Hunting, Emer","1","amazon.com","Standard Orders","Amazon","COLLINSVILLE","OK","74021","MarketplaceFacilitator","10.99","1.06","0","0","0","0","0","0","0","0","-1.06","-1.65","-6.10","0","0","3.24"
"Dec 3, 2025 5:35:33 AM PST","25081665871","Order","S01-4603574-8002036","AXE-WS-L","Grumpy Bear 15"" Survival Axe Camping Hatchet – Forged High Carbon Steel Blade with Walnut Wood Handle – Shock-Absorbing, Anti-Slip Grip – Ideal for Bushcraft, Wood Splitting & Outdoor Adventures","1","sim1.stores.amazon.com","Standard Orders","Amazon","KLAMATH FALLS","OR","97603","","0","0","0","0","0","0","0","0","0","0","0","0","-11.75","0","0","-11.75"
"Dec 3, 2025 5:47:38 AM PST","25081665871","Order","112-4102777-9727411","AXE-GBWS-L","Grumpy Bear 15"" Survival Axe Camping Hatchet - Forged High Carbon Steel Blade with Walnut Wood Handle - Shock-Absorbing, Anti-Slip Grip - Ideal for Bu","1","amazon.com","Standard Orders","Amazon","VENTURA","CA","93003","MarketplaceFacilitator","34.41","2.40","2.99","0","0","0","0","0","-6.43","0","-2.40","-4.65","-6.44","0","0","19.88"
"Dec 3, 2025 5:56:42 AM PST","25081665871","Refund","112-4102777-9727411","AXE-GBWS-L","Grumpy Bear 15"" Survival Axe Camping Hatchet - Forged High Carbon Steel Blade with Walnut Wood Handle - Shock-Absorbing, Anti-Slip Grip - Ideal for Bu","1","amazon.com","Standard Orders","Amazon","VENTURA","CA","93003","MarketplaceFacilitator","-34.41","-2.40","-2.99","0","0","0","0","0","6.43","0","2.40","3.72","0","0","0","-27.25"
"Dec 3, 2025 6:05:01 AM PST","25081665871","Order","114-2448056-9550645","C-axe-01","Full Tang Survival Camping Axe with Wood Ergonomic Handle and Nylon Sheath Sheath - High Carbon Stainless Steel, Multi-Tool for Outdoor, Hunting, Emer","1","amazon.com","Standard Orders","Amazon","FRANKTOWN","CO","80116","MarketplaceFacilitator","10.99","0.55","0","0","0","0","0","0","0","0","-0.55","-1.65","-6.10","0","0","3.24"
"Dec 3, 2025 6:14:31 AM PST","25081665871","Order","111-8948048-6843461","Axe-F-R-L","Grumpy Bear 15"" Survival Axe Camping Hatchet - Forged High Carbon Steel Blade with Walnut Wood Handle - Shock-Absorbing, Anti-Slip Grip - Ideal for Bu","1","amazon.com","Standard Orders","Amazon","FOSTORIA","OH","44830","MarketplaceFacilitator","35.94","2.35","0","0","0","0","0","0","-3.59","0","-2.35","-4.85","-6.44","0","0","21.06"
"Dec 3, 2025 7:10:09 AM PST","25081665871","Order","114-4613129-4996243","C-axe-02","Full Tang Survival Camping Axe with Wood Ergonomic Handle and Nylon Sheath Sheath - High Carbon Stainless Steel, Multi-Tool for Outdoor, Hunting, Emer","1","amazon.com","Standard Orders","Amazon","NEW BERN","NC","28562","MarketplaceFacilitator","14.99","1.01","0","0","0","0","0","0","0","0","-1.01","-2.25","-6.44","0","0","6.30"
"Dec 3, 2025 7:41:55 AM PST","25081665871","Order","111-3191629-0562633","Axe-F-R-L","Grumpy Bear 15"" Survival Axe Camping Hatchet - Forged High Carbon Steel Blade with Walnut Wood Handle - Shock-Absorbing, Anti-Slip Grip - Ideal for Bu","1","amazon.com","Standard Orders","Amazon","ISLAMORADA","FL","33036","MarketplaceFacilitator","35.94","2.43","0","0","0","0","0","0","-3.59","0","-2.43","-4.85","-6.44","0","0","21.06"
"Dec 3, 2025 7:54:03 AM PST","25081665871","Order","114-7293126-3325044","Axe-F-R-L","Grumpy Bear 15"" Survival Axe Camping Hatchet - Forged High Carbon Steel Blade with Walnut Wood Handle - Shock-Absorbing, Anti-Slip Grip - Ideal for Bu","1","amazon.com","Standard Orders","Amazon","LONG BEACH","CA","90806","MarketplaceFacilitator","35.94","3.40","0","0","0","0","0","0","-3.59","0","-3.40","-4.85","-6.44","0","0","21.06"
"Dec 3, 2025 7:58:47 AM PST","25081665871","Order","112-9955758-9115402","C-axe-01","Full Tang Survival Camping Axe with Wood Ergonomic Handle and Nylon Sheath Sheath - High Carbon Stainless Steel, Multi-Tool for Outdoor, Hunting, Emer","1","amazon.com","Standard Orders","Amazon","OGDEN DUNES","IN","46368","MarketplaceFacilitator","10.99","0.77","6.99","0","0","0","0","0","-6.99","0","-0.77","-1.65","-6.10","0","0","3.24"
"Dec 3, 2025 8:05:31 AM PST","25081665871","Order","113-5799517-5269866","Axe-F-R-S","Grumpy Bear 11"" Survival Axe Camping Hatchet - Forged High Carbon Steel Blade with Walnut Wood Handle - Shock-Absorbing, Anti-Slip Grip - Ideal for Bu","1","amazon.com","Standard Orders","Amazon","BIG SPRING","TX","79720","MarketplaceFacilitator","34.41","2.56","0","0","0","0","0","0","-3.44","0","-2.56","-4.65","-6.24","0","0","20.08"
"Dec 3, 2025 8:14:21 AM PST","25081665871","Order","113-0742341-1742658","GB-CA-02-TIGER","Grumpy Bear Camping Hatchet with Tiger Carving, Full Tang Outdoor Axe with Decorative Handle, Durable Forged Blade for Hiking, Bushcraft, and Survival","1","amazon.com","Standard Orders","Amazon","NEVADA","IA","50201","MarketplaceFacilitator","14.99","1.05","6.99","0","0","0","0","0","0","0","-1.05","-2.25","-12.83","0","0","6.90"
"Dec 3, 2025 10:10:06 AM PST","25081665871","Order","S01-7489445-0171624","CP-A-K-U","Grumpy Bear Camping Axe & Sickle Set – Dual Outdoor Tools for Camping, Survival & Bushcraft | High Carbon Steel Camping Axe & Hatchet Combo | Black Oxide Finish, Protective Sheaths","1","sim1.stores.amazon.com","Standard Orders","Amazon","South Berwick","ME","03908","","0","0","0","0","0","0","0","0","0","0","0","0","-10.60","0","0","-10.60"
"Dec 3, 2025 1:16:22 PM PST","25081665871","Order","S01-7366485-9102046","GB-CA-02-EAGLE","Grumpy Bear Camping Hatchet, Full Tang Outdoor Axe with Decorative Handle, Durable Forged Blade for Hiking, Bushcraft, and Survival (Eagle)","1","sim1.stores.amazon.com","Standard Orders","Amazon","SAINT CLOUD","FL","34771","","0","0","0","0","0","0","0","0","0","0","0","0","-10.60","0","0","-10.60"
"Dec 3, 2025 1:23:15 PM PST","25081665871","Order","S01-6677366-7755633","GB-CA-02-EAGLE","Grumpy Bear Camping Hatchet, Full Tang Outdoor Axe with Decorative Handle, Durable Forged Blade for Hiking, Bushcraft, and Survival (Eagle)","1","sim1.stores.amazon.com","Standard Orders","Amazon","SPENCER","VA","24165","","0","0","0","0","0","0","0","0","0","0","0","0","-10.60","0","0","-10.60"
"Dec 3, 2025 2:46:03 PM PST","25081665871","Order","S01-6974108-6087666","GB-CA-02-EAGLE","Grumpy Bear Camping Hatchet, Full Tang Outdoor Axe with Decorative Handle, Durable Forged Blade for Hiking, Bushcraft, and Survival (Eagle)","1","sim1.stores.amazon.com","Standard Orders","Amazon","COLUMBUS","OH","43204","","0","0","0","0","0","0","0","0","0","0","0","0","-10.60","0","0","-10.60"
"Dec 3, 2025 5:22:09 PM PST","25081665871","Order","S01-6067117-0381226","GB-CA-02-EAGLE","Grumpy Bear Camping Hatchet, Full Tang Outdoor Axe with Decorative Handle, Durable Forged Blade for Hiking, Bushcraft, and Survival (Eagle)","1","sim1.stores.amazon.com","Standard Orders","Amazon","NEW GLOUCESTER","ME","04260","","0","0","0","0","0","0","0","0","0","0","0","0","-10.60","0","0","-10.60"
"Dec 3, 2025 6:33:35 PM PST","25081665871","Order","S01-5861956-6162055","AXE-SH-S","Grumpy Bear 11"" Survival Axe Camping Hatchet – Forged High Carbon Steel Blade with Walnut Wood Handle – Shock-Absorbing, Anti-Slip Grip – Ideal for Bushcraft, Wood Splitting & Outdoor Adventures","1","sim1.stores.amazon.com","Standard Orders","Amazon","SEARCY","AR","72143","","0","0","0","0","0","0","0","0","0","0","0","0","-11.75","0","0","-11.75"
"Dec 3, 2025 10:19:15 PM PST","25081665871","Order","S01-6323403-6154844","C-axe-01","Full Tang Survival Camping Axe with Wood Ergonomic Handle and Nylon Sheath Sheath – High Carbon Stainless Steel, Multi-Tool for Outdoor, Hunting, Emergency (Small)","1","sim1.stores.amazon.com","Standard Orders","Amazon","EUNICE","NM","88231","","0","0","0","0","0","0","0","0","0","0","0","0","-10.60","0","0","-10.60"
"Dec 3, 2025 10:23:18 PM PST","25081665871","Order","111-7536077-9441821","C-axe-02","Full Tang Survival Camping Axe with Wood Ergonomic Handle and Nylon Sheath Sheath - High Carbon Stainless Steel, Multi-Tool for Outdoor, Hunting, Emer","1","amazon.com","Standard Orders","Amazon","SNOW CAMP","NC","27349","MarketplaceFacilitator","14.99","1.01","0","0","0","0","0","0","0","0","-1.01","-2.25","-6.44","0","0","6.30"
"Dec 3, 2025 11:11:27 PM PST","25081665871","Order","113-4825848-4638662","GB-CA-02-EAGLE","Grumpy Bear Camping Hatchet, Full Tang Outdoor Axe with Decorative Handle, Durable Forged Blade for Hiking, Bushcraft, and Survival (Eagle)","1","amazon.com","Standard Orders","Amazon","MANCHESTER","ME","04351","MarketplaceFacilitator","19.99","1.10","0","0","0","0","0","0","0","0","-1.10","-3.00","-5.68","0","0","11.31"
"Dec 3, 2025 11:36:24 PM PST","25081665871","Order","112-5429679-2413013","C-axe-01","Full Tang Survival Camping Axe with Wood Ergonomic Handle and Nylon Sheath Sheath - High Carbon Stainless Steel, Multi-Tool for Outdoor, Hunting, Emer","1","amazon.com","Standard Orders","Amazon","MC EWEN","TN","37101","MarketplaceFacilitator","10.99","1.07","0","0","0","0","0","0","0","0","-1.07","-1.65","-6.10","0","0","3.24"
"Dec 3, 2025 11:50:40 PM PST","25081665871","Order","113-9027372-1972256","GB-CA-02-LION","Grumpy Bear Camping Hatchet with Lion Carving, Full Tang Outdoor Axe with Decorative Handle, Durable Forged Blade for Hiking, Bushcraft, and Survival","1","amazon.com","Standard Orders","Amazon","BRYAN","TX","77801","MarketplaceFacilitator","14.99","1.24","0","0","0","0","0","0","0","0","-1.24","-2.25","-5.68","0","0","7.06"
"Dec 4, 2025 1:21:48 AM PST","25081665871","Order","112-5058479-0029022","GB-CA-02-EAGLE","Grumpy Bear Camping Hatchet, Full Tang Outdoor Axe with Decorative Handle, Durable Forged Blade for Hiking, Bushcraft, and Survival (Eagle)","1","amazon.com","Standard Orders","Amazon","EUSTACE","TX","75124","MarketplaceFacilitator","19.99","1.25","0","0","0","0","0","0","0","0","-1.25","-3.00","-5.68","0","0","11.31"
"Dec 4, 2025 1:22:44 AM PST","25081665871","Order","112-3858349-2126602","C-axe-01","Full Tang Survival Camping Axe with Wood Ergonomic Handle and Nylon Sheath Sheath - High Carbon Stainless Steel, Multi-Tool for Outdoor, Hunting, Emer","1","amazon.com","Standard Orders","Amazon","DEMOSSVILLE","KY","41033","MarketplaceFacilitator","10.99","0.66","0","0","0","0","0","0","0","0","-0.66","-1.65","-6.10","0","0","3.24"
"Dec 4, 2025 1:34:16 AM PST","25081665871","Order","114-0978989-0692250","Axe-F-R-L","Grumpy Bear 15"" Survival Axe Camping Hatchet - Forged High Carbon Steel Blade with Walnut Wood Handle - Shock-Absorbing, Anti-Slip Grip - Ideal for Bu","1","amazon.com","Standard Orders","Amazon","PASCO","WA","99301","MarketplaceFacilitator","35.94","2.62","0","0","0","0","0","0","-3.59","0","-2.62","-4.85","-6.44","0","0","21.06"
"Dec 4, 2025 1:49:26 AM PST","25081665871","Order","112-0416898-9257016","C-axe-02","Full Tang Survival Camping Axe with Wood Ergonomic Handle and Nylon Sheath Sheath - High Carbon Stainless Steel, Multi-Tool for Outdoor, Hunting, Emer","1","amazon.com","Standard Orders","Amazon","CASSELBERRY","FL","32707","MarketplaceFacilitator","14.99","1.05","6.99","0","0","0","0","0","0","0","-1.05","-2.25","-13.43","0","0","6.30"
"Dec 4, 2025 2:08:29 AM PST","25081665871","Order","114-9538195-2773822","C-axe-02","Full Tang Survival Camping Axe with Wood Ergonomic Handle and Nylon Sheath Sheath - High Carbon Stainless Steel, Multi-Tool for Outdoor, Hunting, Emer","1","amazon.com","Standard Orders","Amazon","GRISWOLD","IA","51535","MarketplaceFacilitator","14.99","1.05","0","0","0","0","0","0","0","0","-4.20","-9.00","-6.44","0","0","-3.60"
"Dec 4, 2025 2:08:29 AM PST","25081665871","Order","114-9538195-2773822","C-axe-02","Full Tang Survival Camping Axe with Wood Ergonomic Handle and Nylon Sheath Sheath - High Carbon Stainless Steel, Multi-Tool for Outdoor, Hunting, Emer","1","amazon.com","Standard Orders","Amazon","GRISWOLD","IA","51535","","14.99","1.05","0","0","0","0","0","0","0","0","0","0","-6.44","0","0","9.60"
"Dec 4, 2025 2:08:29 AM PST","25081665871","Order","114-9538195-2773822","C-axe-02","Full Tang Survival Camping Axe with Wood Ergonomic Handle and Nylon Sheath Sheath - High Carbon Stainless Steel, Multi-Tool for Outdoor, Hunting, Emer","1","amazon.com","Standard Orders","Amazon","GRISWOLD","IA","51535","","14.99","1.05","0","0","0","0","0","0","0","0","0","0","-6.44","0","0","9.60"
"Dec 4, 2025 2:08:29 AM PST","25081665871","Order","114-9538195-2773822","C-axe-02","Full Tang Survival Camping Axe with Wood Ergonomic Handle and Nylon Sheath Sheath - High Carbon Stainless Steel, Multi-Tool for Outdoor, Hunting, Emer","1","amazon.com","Standard Orders","Amazon","GRISWOLD","IA","51535","","14.99","1.05","0","0","0","0","0","0","0","0","0","0","-6.44","0","0","9.60"
"Dec 4, 2025 2:43:02 AM PST","25081665871","Order","114-9282443-2662628","AXE-SH-L","Grumpy Bear 15"" Survival Axe Camping Hatchet - Forged High Carbon Steel Blade with Walnut Wood Handle - Shock-Absorbing, Anti-Slip Grip - Ideal for Bu","1","amazon.com","Standard Orders","Amazon","TABERG","NY","13471","MarketplaceFacilitator","39.94","3.15","0","0","0","0","0","0","-3.99","0","-3.15","-5.39","-6.44","0","0","24.12"
"Dec 4, 2025 2:53:35 AM PST","25081665871","Order","111-3526706-0858647","Axe-F-R-L","Grumpy Bear 15"" Survival Axe Camping Hatchet - Forged High Carbon Steel Blade with Walnut Wood Handle - Shock-Absorbing, Anti-Slip Grip - Ideal for Bu","1","amazon.com","Standard Orders","Amazon","DOTHAN","AL","36305","MarketplaceFacilitator","35.94","2.59","0","0","0","0","0","0","-3.59","0","-2.59","-4.85","-6.44","0","0","21.06"
"Dec 4, 2025 3:45:19 AM PST","25081665871","Order","111-1917392-4771402","GB-CA-02-WOLF","Grumpy Bear Camping Hatchet with Wolf Carving, Full Tang Outdoor Axe with Decorative Handle, Durable Forged Blade for Hiking, Bushcraft, and Survival","1","amazon.com","Standard Orders","Amazon","SAN GABRIEL","CA","91775","MarketplaceFacilitator","19.99","2.10","0","0","0","0","0","0","0","0","-2.10","-3.00","-5.84","0","0","11.15"
"Dec 4, 2025 4:01:31 AM PST","25081665871","Order","113-4219569-8767454","Axe-F-R-S","Grumpy Bear 11"" Survival Axe Camping Hatchet - Forged High Carbon Steel Blade with Walnut Wood Handle - Shock-Absorbing, Anti-Slip Grip - Ideal for Bu","1","amazon.com","Standard Orders","Amazon","PORT LUDLOW","WA","98365","MarketplaceFacilitator","34.41","2.85","6.99","0","0","0","0","0","-10.43","0","-2.85","-4.65","-6.24","0","0","20.08"
"Dec 4, 2025 4:30:21 AM PST","25081665871","Order","112-2713515-6297869","Axe-F-R-L","Grumpy Bear 15"" Survival Axe Camping Hatchet - Forged High Carbon Steel Blade with Walnut Wood Handle - Shock-Absorbing, Anti-Slip Grip - Ideal for Bu","1","amazon.com","Standard Orders","Amazon","SIMPSONVILLE","SC","29681","MarketplaceFacilitator","35.94","1.94","4.51","0","0","0","0","0","-8.10","0","-1.94","-4.85","-6.44","0","0","21.06"
"Dec 4, 2025 4:37:37 AM PST","25081665871","Order","111-6753818-4930600","C-axe-01","Full Tang Survival Camping Axe with Wood Ergonomic Handle and Nylon Sheath Sheath - High Carbon Stainless Steel, Multi-Tool for Outdoor, Hunting, Emer","1","amazon.com","Standard Orders","Amazon","Del Norte","Colorado","81132","MarketplaceFacilitator","10.99","0.60","0","0","0","0","0","0","0","0","-0.60","-1.65","-6.10","0","0","3.24"
"Dec 4, 2025 4:47:43 AM PST","25081665871","Order","114-6087148-1347465","GB-CA-02-EAGLE","Grumpy Bear Camping Hatchet, Full Tang Outdoor Axe with Decorative Handle, Durable Forged Blade for Hiking, Bushcraft, and Survival (Eagle)","1","amazon.com","Standard Orders","Amazon","SAINT JOSEPH","MO","64503","MarketplaceFacilitator","19.99","1.94","0","0","0","0","0","0","0","0","-1.94","-3.00","-5.68","0","0","11.31"
"Dec 4, 2025 4:48:08 AM PST","25081665871","Order","113-4669463-8011461","GB-CA-02-LION","Grumpy Bear Camping Hatchet with Lion Carving, Full Tang Outdoor Axe with Decorative Handle, Durable Forged Blade for Hiking, Bushcraft, and Survival","1","amazon.com","Standard Orders","Amazon","HAMPDEN","MA","01036","MarketplaceFacilitator","14.99","0.94","0","0","0","0","0","0","0","0","-0.94","-2.25","-5.68","0","0","7.06"
"Dec 4, 2025 4:48:14 AM PST","25081665871","Order","113-2246802-7573808","GB-CA-02-WOLF","Grumpy Bear Camping Hatchet with Wolf Carving, Full Tang Outdoor Axe with Decorative Handle, Durable Forged Blade for Hiking, Bushcraft, and Survival","1","amazon.com","Standard Orders","Amazon","GLENN","CA","95943","MarketplaceFacilitator","19.99","1.45","0","0","0","0","0","0","0","0","-1.45","-3.00","-5.84","0","0","11.15"
"Dec 4, 2025 5:12:05 AM PST","25081665871","Order","112-6118394-2104263","GB-CA-02-LION","Grumpy Bear Camping Hatchet with Lion Carving, Full Tang Outdoor Axe with Decorative Handle, Durable Forged Blade for Hiking, Bushcraft, and Survival","1","amazon.com","Standard Orders","Amazon","GAINESVILLE","FL","32605","MarketplaceFacilitator","14.99","1.12","1.50","0","0","0","0","0","-1.50","0","-1.12","-2.25","-5.68","0","0","7.06"
"Dec 4, 2025 5:17:59 AM PST","25081665871","Order","111-7037717-9894615","GB-CA-02-TIGER","Grumpy Bear Camping Hatchet with Tiger Carving, Full Tang Outdoor Axe with Decorative Handle, Durable Forged Blade for Hiking, Bushcraft, and Survival","1","amazon.com","Standard Orders","Amazon","OZARK","MO","65721","MarketplaceFacilitator","14.99","0.63","0","0","0","0","0","0","0","0","-0.63","-2.25","-5.84","0","0","6.90"
"Dec 4, 2025 5:17:59 AM PST","25081665871","Order","111-7037717-9894615","GB-CA-02-LION","Grumpy Bear Camping Hatchet with Lion Carving, Full Tang Outdoor Axe with Decorative Handle, Durable Forged Blade for Hiking, Bushcraft, and Survival","1","amazon.com","Standard Orders","Amazon","OZARK","MO","65721","MarketplaceFacilitator","14.99","0.63","0","0","0","0","0","0","0","0","-0.63","-2.25","-5.68","0","0","7.06"
"Dec 4, 2025 5:33:54 AM PST","25081665871","Order","114-5858323-3204213","C-axe-01","Full Tang Survival Camping Axe with Wood Ergonomic Handle and Nylon Sheath Sheath - High Carbon Stainless Steel, Multi-Tool for Outdoor, Hunting, Emer","1","amazon.com","Standard Orders","Amazon","AUSTIN","TX","78753","MarketplaceFacilitator","10.99","0.91","0","0","0","0","0","0","0","0","-0.91","-1.65","-6.10","0","0","3.24"
"Dec 4, 2025 5:39:16 AM PST","25081665871","Order","111-5920701-5659450","GB-CA-02-TIGER","Grumpy Bear Camping Hatchet with Tiger Carving, Full Tang Outdoor Axe with Decorative Handle, Durable Forged Blade for Hiking, Bushcraft, and Survival","1","amazon.com","Standard Orders","Amazon","CATONSVILLE","MD","21228","MarketplaceFacilitator","14.99","0.90","0","0","0","0","0","0","0","0","-0.90","-2.25","-5.84","0","0","6.90"
"Dec 4, 2025 6:00:12 AM PST","25081665871","Order","113-0283870-0317062","GB-CA-02-WOLF","Grumpy Bear Camping Hatchet with Wolf Carving, Full Tang Outdoor Axe with Decorative Handle, Durable Forged Blade for Hiking, Bushcraft, and Survival","1","amazon.com","Standard Orders","Amazon","ANAHEIM","CA","92802","MarketplaceFacilitator","19.99","1.55","0","0","0","0","0","0","0","0","-1.55","-3.00","-5.84","0","0","11.15"
"Dec 4, 2025 6:00:12 AM PST","25081665871","Order","113-0283870-0317062","GB-CA-02-LION","Grumpy Bear Camping Hatchet with Lion Carving, Full Tang Outdoor Axe with Decorative Handle, Durable Forged Blade for Hiking, Bushcraft, and Survival","1","amazon.com","Standard Orders","Amazon","ANAHEIM","CA","92802","MarketplaceFacilitator","14.99","1.16","0","0","0","0","0","0","0","0","-1.16","-2.25","-5.68","0","0","7.06"
"Dec 4, 2025 6:45:37 AM PST","25081665871","Order","111-5618973-6752267","C-axe-01","Full Tang Survival Camping Axe with Wood Ergonomic Handle and Nylon Sheath Sheath - High Carbon Stainless Steel, Multi-Tool for Outdoor, Hunting, Emer","1","amazon.com","Standard Orders","Amazon","CAYCE","SC","29033","MarketplaceFacilitator","10.99","0.77","0","0","0","0","0","0","0","0","-0.77","-1.65","-6.10","0","0","3.24"
"Dec 4, 2025 7:06:02 AM PST","25081665871","Order","112-5429679-2413013","C-axe-02","Full Tang Survival Camping Axe with Wood Ergonomic Handle and Nylon Sheath Sheath - High Carbon Stainless Steel, Multi-Tool for Outdoor, Hunting, Emer","1","amazon.com","Standard Orders","Amazon","MC EWEN","TN","37101","MarketplaceFacilitator","14.99","1.46","0","0","0","0","0","0","0","0","-1.46","-2.25","-6.44","0","0","6.30"
"Dec 4, 2025 7:09:31 AM PST","25081665871","Order","114-4806887-7593847","C-axe-01","Full Tang Survival Camping Axe with Wood Ergonomic Handle and Nylon Sheath Sheath - High Carbon Stainless Steel, Multi-Tool for Outdoor, Hunting, Emer","2","amazon.com","Standard Orders","Amazon","Hydro","OK","73048","MarketplaceFacilitator","21.98","2.30","0","0","0","0","0","0","0","0","-2.30","-3.30","-12.20","0","0","6.48"
"Dec 4, 2025 7:10:57 AM PST","25081665871","Order","112-8621639-2765866","GB-CA-02-LION","Grumpy Bear Camping Hatchet with Lion Carving, Full Tang Outdoor Axe with Decorative Handle, Durable Forged Blade for Hiking, Bushcraft, and Survival","1","amazon.com","Standard Orders","Amazon","ALBUQUERQUE","NM","87111","MarketplaceFacilitator","14.99","1.14","0.80","0.06","0","0","0","0","0","0","-1.20","-2.25","-6.48","0","0","7.06"
"Dec 4, 2025 7:21:56 AM PST","25081665871","Order","S01-9851204-9794851","GB-CA-02-LION","Grumpy Bear Camping Hatchet with Lion Carving, Full Tang Outdoor Axe with Decorative Handle, Durable Forged Blade for Hiking, Bushcraft, and Survival","1","sim1.stores.amazon.com","Standard Orders","Amazon","MESA","AZ","85208","","0","0","0","0","0","0","0","0","0","0","0","0","-10.60","0","0","-10.60"
"Dec 4, 2025 7:27:24 AM PST","25081665871","Order","114-6823829-0393069","Axe-F-R-L","Grumpy Bear 15"" Survival Axe Camping Hatchet - Forged High Carbon Steel Blade with Walnut Wood Handle - Shock-Absorbing, Anti-Slip Grip - Ideal for Bu","1","amazon.com","Standard Orders","Amazon","BERWICK","PA","18603","MarketplaceFacilitator","35.94","1.94","0","0","0","0","0","0","-3.59","0","-1.94","-4.85","-6.44","0","0","21.06"
"Dec 4, 2025 7:28:12 AM PST","25081665871","Order","112-1011726-1653042","GB-CA-02-WOLF","Grumpy Bear Camping Hatchet with Wolf Carving, Full Tang Outdoor Axe with Decorative Handle, Durable Forged Blade for Hiking, Bushcraft, and Survival","1","amazon.com","Standard Orders","Amazon","BELLA VISTA","AR","72715","MarketplaceFacilitator","19.99","1.90","0","0","0","0","0","0","0","0","-1.90","-3.00","-5.84","0","0","11.15"
"Dec 4, 2025 7:37:57 AM PST","25081665871","Order","113-7558360-4513806","GB-CA-02-WOLF","Grumpy Bear Camping Hatchet with Wolf Carving, Full Tang Outdoor Axe with Decorative Handle, Durable Forged Blade for Hiking, Bushcraft, and Survival","1","amazon.com","Standard Orders","Amazon","BELLWOOD","IL","60104","MarketplaceFacilitator","19.99","2.10","0","0","0","0","0","0","0","0","-2.10","-3.00","-5.84","0","0","11.15"
"Dec 4, 2025 8:03:32 AM PST","25081665871","Order","S01-1661453-2554842","GB-CA-02-LION","Grumpy Bear Camping Hatchet with Lion Carving, Full Tang Outdoor Axe with Decorative Handle, Durable Forged Blade for Hiking, Bushcraft, and Survival","1","sim1.stores.amazon.com","Standard Orders","Amazon","ENNIS","TX","75119","","0","0","0","0","0","0","0","0","0","0","0","0","-10.60","0","0","-10.60"
"Dec 4, 2025 8:05:39 AM PST","25081665871","Order","114-9603331-0819404","GB-CA-02-WOLF","Grumpy Bear Camping Hatchet with Wolf Carving, Full Tang Outdoor Axe with Decorative Handle, Durable Forged Blade for Hiking, Bushcraft, and Survival","1","amazon.com","Standard Orders","Amazon","SAGINAW","MI","48602","MarketplaceFacilitator","19.99","1.20","0","0","0","0","0","0","0","0","-1.20","-3.00","-5.84","0","0","11.15"
"Dec 4, 2025 8:05:39 AM PST","25081665871","Order","114-9603331-0819404","GB-CA-02-LION","Grumpy Bear Camping Hatchet with Lion Carving, Full Tang Outdoor Axe with Decorative Handle, Durable Forged Blade for Hiking, Bushcraft, and Survival","1","amazon.com","Standard Orders","Amazon","SAGINAW","MI","48602","MarketplaceFacilitator","14.99","0.90","0","0","0","0","0","0","0","0","-0.90","-2.25","-5.68","0","0","7.06"
"Dec 4, 2025 8:05:39 AM PST","25081665871","Order","114-9603331-0819404","GB-CA-02-EAGLE","Grumpy Bear Camping Hatchet, Full Tang Outdoor Axe with Decorative Handle, Durable Forged Blade for Hiking, Bushcraft, and Survival (Eagle)","1","amazon.com","Standard Orders","Amazon","SAGINAW","MI","48602","MarketplaceFacilitator","19.99","1.20","0","0","0","0","0","0","0","0","-1.20","-3.00","-5.68","0","0","11.31"
"Dec 4, 2025 8:11:49 AM PST","25081665871","Order","S01-3562310-7521249","AXE-SH-S","Grumpy Bear 11"" Survival Axe Camping Hatchet – Forged High Carbon Steel Blade with Walnut Wood Handle – Shock-Absorbing, Anti-Slip Grip – Ideal for Bushcraft, Wood Splitting & Outdoor Adventures","1","sim1.stores.amazon.com","Standard Orders","Amazon","MINOT","ND","58701","","0","0","0","0","0","0","0","0","0","0","0","0","-11.75","0","0","-11.75"
"Dec 4, 2025 8:17:48 AM PST","25081665871","Order","114-2433474-0923425","AXE-WS-L","Grumpy Bear 15"" Survival Axe Camping Hatchet - Forged High Carbon Steel Blade with Walnut Wood Handle - Shock-Absorbing, Anti-Slip Grip - Ideal for Bu","1","amazon.com","Standard Orders","Amazon","JACKSONVILLE","FL","32219","MarketplaceFacilitator","29.99","2.25","0","0","0","0","0","0","0","0","-2.25","-4.50","-6.44","0","0","19.05"
"Dec 4, 2025 8:19:53 AM PST","25081665871","Order","113-7824749-1225836","AXE-GBWS-L","Grumpy Bear 15"" Survival Axe Camping Hatchet - Forged High Carbon Steel Blade with Walnut Wood Handle - Shock-Absorbing, Anti-Slip Grip - Ideal for Bu","1","amazon.com","Standard Orders","Amazon","LITITZ","PA","17543","MarketplaceFacilitator","34.41","1.86","0","0","0","0","0","0","-3.44","0","-1.86","-4.65","-6.44","0","0","19.88"
"Dec 4, 2025 11:11:22 AM PST","25081665871","Order","S01-8616749-9425235","AXE-SH-S","Grumpy Bear 11"" Survival Axe Camping Hatchet – Forged High Carbon Steel Blade with Walnut Wood Handle – Shock-Absorbing, Anti-Slip Grip – Ideal for Bushcraft, Wood Splitting & Outdoor Adventures","1","sim1.stores.amazon.com","Standard Orders","Amazon","LA PINE","OR","97739","","0","0","0","0","0","0","0","0","0","0","0","0","-11.75","0","0","-11.75"
"Dec 4, 2025 12:04:46 PM PST","25081665871","Order","111-1623927-1972238","Axe-F-R-L","Grumpy Bear 15"" Survival Axe Camping Hatchet - Forged High Carbon Steel Blade with Walnut Wood Handle - Shock-Absorbing, Anti-Slip Grip - Ideal for Bu","1","amazon.com","Standard Orders","Amazon","PALESTINE","TX","75803","MarketplaceFacilitator","35.94","2.18","0","0","0","0","0","0","-3.59","0","-2.18","-4.85","-6.44","0","0","21.06"
"Dec 4, 2025 1:58:41 PM PST","25081665871","Order","S01-8627569-2112467","GB-CA-02-LION","Grumpy Bear Camping Hatchet with Lion Carving, Full Tang Outdoor Axe with Decorative Handle, Durable Forged Blade for Hiking, Bushcraft, and Survival","1","sim1.stores.amazon.com","Standard Orders","Amazon","CLINTON","MO","64735","","0","0","0","0","0","0","0","0","0","0","0","0","-10.60","0","0","-10.60"
"Dec 4, 2025 2:29:04 PM PST","25081665871","Order","S01-9555933-6410800","GB-CA-02-LION","Grumpy Bear Camping Hatchet with Lion Carving, Full Tang Outdoor Axe with Decorative Handle, Durable Forged Blade for Hiking, Bushcraft, and Survival","1","sim1.stores.amazon.com","Standard Orders","Amazon","SPRINGFIELD","OR","97477","","0","0","0","0","0","0","0","0","0","0","0","0","-10.60","0","0","-10.60"
"Dec 4, 2025 3:19:58 PM PST","25081665871","Order","S01-2341115-0672443","GB-CA-02-LION","Grumpy Bear Camping Hatchet with Lion Carving, Full Tang Outdoor Axe with Decorative Handle, Durable Forged Blade for Hiking, Bushcraft, and Survival","1","sim1.stores.amazon.com","Standard Orders","Amazon","MARYSVILLE","WA","98270","","0","0","0","0","0","0","0","0","0","0","0","0","-10.60","0","0","-10.60"
"Dec 4, 2025 8:31:46 PM PST","25081665871","Order","S01-8730999-2856426","GB-CA-02-LION","Grumpy Bear Camping Hatchet with Lion Carving, Full Tang Outdoor Axe with Decorative Handle, Durable Forged Blade for Hiking, Bushcraft, and Survival","1","sim1.stores.amazon.com","Standard Orders","Amazon","RATON","NM","87740","","0","0","0","0","0","0","0","0","0","0","0","0","-10.60","0","0","-10.60"
"Dec 4, 2025 9:40:59 PM PST","25081665871","Order","S01-9103849-4345215","Axe-F-R-S","Grumpy Bear 11"" Survival Axe Camping Hatchet – Forged High Carbon Steel Blade with Walnut Wood Handle – Shock-Absorbing, Anti-Slip Grip – Ideal for Bushcraft, Wood Splitting & Outdoor Adventures","1","sim1.stores.amazon.com","Standard Orders","Amazon","MINOT","ND","58701","","0","0","0","0","0","0","0","0","0","0","0","0","-11.75","0","0","-11.75"
"Dec 5, 2025 1:03:33 AM PST","25081665871","Order","S01-1719459-8613219","AXE-SH-S","Grumpy Bear 11"" Survival Axe Camping Hatchet – Forged High Carbon Steel Blade with Walnut Wood Handle – Shock-Absorbing, Anti-Slip Grip – Ideal for Bushcraft, Wood Splitting & Outdoor Adventures","1","sim1.stores.amazon.com","Standard Orders","Amazon","TARENTUM","PA","15084","","0","0","0","0","0","0","0","0","0","0","0","0","-11.75","0","0","-11.75"
"Dec 5, 2025 6:17:02 AM PST","25081665871","Order","112-7031037-7262635","C-axe-01","Full Tang Survival Camping Axe with Wood Ergonomic Handle and Nylon Sheath Sheath - High Carbon Stainless Steel, Multi-Tool for Outdoor, Hunting, Emer","1","amazon.com","Standard Orders","Amazon","MARBLE HILL","MO","63764","MarketplaceFacilitator","10.99","0.75","0","0","0","0","0","0","0","0","-0.75","-1.65","-6.10","0","0","3.24"
"Dec 5, 2025 8:00:32 AM PST","25081665871","Order","112-7725934-9393810","Axe-F-R-L","Grumpy Bear 15"" Survival Axe Camping Hatchet - Forged High Carbon Steel Blade with Walnut Wood Handle - Shock-Absorbing, Anti-Slip Grip - Ideal for Bu","1","amazon.com","Standard Orders","Amazon","JACKSON","MO","63755","MarketplaceFacilitator","35.94","1.85","0","0","0","0","0","0","-3.59","0","-1.85","-4.85","-6.44","0","0","21.06"
"Dec 5, 2025 9:24:35 AM PST","25081665871","Order","S01-4435267-1819619","AXE-SH-S","Grumpy Bear 11"" Survival Axe Camping Hatchet – Forged High Carbon Steel Blade with Walnut Wood Handle – Shock-Absorbing, Anti-Slip Grip – Ideal for Bushcraft, Wood Splitting & Outdoor Adventures","1","sim1.stores.amazon.com","Standard Orders","Amazon","VALLEY CENTER","KS","67147","","0","0","0","0","0","0","0","0","0","0","0","0","-11.75","0","0","-11.75"
"Dec 5, 2025 9:45:38 AM PST","25081665871","Order","S01-5397490-4058825","GB-CA-02-LION","Grumpy Bear Camping Hatchet with Lion Carving, Full Tang Outdoor Axe with Decorative Handle, Durable Forged Blade for Hiking, Bushcraft, and Survival","1","sim1.stores.amazon.com","Standard Orders","Amazon","PHOENIX","AZ","85006","","0","0","0","0","0","0","0","0","0","0","0","0","-10.60","0","0","-10.60"
"Dec 5, 2025 10:21:11 AM PST","25081665871","Order","S01-1304799-1080457","AXE-SH-S","Grumpy Bear 11"" Survival Axe Camping Hatchet – Forged High Carbon Steel Blade with Walnut Wood Handle – Shock-Absorbing, Anti-Slip Grip – Ideal for Bushcraft, Wood Splitting & Outdoor Adventures","1","sim1.stores.amazon.com","Standard Orders","Amazon","CHANDLER","TX","75758","","0","0","0","0","0","0","0","0","0","0","0","0","-11.75","0","0","-11.75"
"Dec 5, 2025 11:12:52 AM PST","25081665871","Order","S01-4417315-8752459","GB-CA-02-LION","Grumpy Bear Camping Hatchet with Lion Carving, Full Tang Outdoor Axe with Decorative Handle, Durable Forged Blade for Hiking, Bushcraft, and Survival","1","sim1.stores.amazon.com","Standard Orders","Amazon","PEORIA","IL","61604","","0","0","0","0","0","0","0","0","0","0","0","0","-10.60","0","0","-10.60"
"Dec 5, 2025 11:36:07 AM PST","25081665871","Order","S01-7645050-3076424","AXE-SH-S","Grumpy Bear 11"" Survival Axe Camping Hatchet – Forged High Carbon Steel Blade with Walnut Wood Handle – Shock-Absorbing, Anti-Slip Grip – Ideal for Bushcraft, Wood Splitting & Outdoor Adventures","1","sim1.stores.amazon.com","Standard Orders","Amazon","LOS RANCHOS","NM","87107","","0","0","0","0","0","0","0","0","0","0","0","0","-11.75","0","0","-11.75"
"Dec 5, 2025 12:00:48 PM PST","25081665871","Order","S01-9234029-6174060","AXE-SH-L","Grumpy Bear 15"" Survival Axe Camping Hatchet – Forged High Carbon Steel Blade with Walnut Wood Handle – Shock-Absorbing, Anti-Slip Grip – Ideal for Bushcraft, Wood Splitting & Outdoor Adventures","1","sim1.stores.amazon.com","Standard Orders","Amazon","LA FAYETTE","GA","30728","","0","0","0","0","0","0","0","0","0","0","0","0","-11.75","0","0","-11.75"
"Dec 5, 2025 12:27:33 PM PST","25081665871","Order","S01-2346285-4058808","AXE-SH-S","Grumpy Bear 11"" Survival Axe Camping Hatchet – Forged High Carbon Steel Blade with Walnut Wood Handle – Shock-Absorbing, Anti-Slip Grip – Ideal for Bushcraft, Wood Splitting & Outdoor Adventures","1","sim1.stores.amazon.com","Standard Orders","Amazon","NEWBERRY","FL","32669","","0","0","0","0","0","0","0","0","0","0","0","0","-11.75","0","0","-11.75"
"Dec 5, 2025 12:28:02 PM PST","25081665871","Order","S01-7952064-3926841","GB-CA-02-LION","Grumpy Bear Camping Hatchet with Lion Carving, Full Tang Outdoor Axe with Decorative Handle, Durable Forged Blade for Hiking, Bushcraft, and Survival","1","sim1.stores.amazon.com","Standard Orders","Amazon","OSHKOSH","WI","54902","","0","0","0","0","0","0","0","0","0","0","0","0","-10.60","0","0","-10.60"
"Dec 5, 2025 2:24:55 PM PST","25081665871","Refund","114-8490293-2102634","GB-CA-02-LION","Grumpy Bear Camping Hatchet with Lion Carving, Full Tang Outdoor Axe with Decorative Handle, Durable Forged Blade for Hiking, Bushcraft, and Survival","1","amazon.com","Standard Orders","Amazon","Helmetta","New Jersey","08828","MarketplaceFacilitator","-14.99","-0.99","0","0","0","0","0","0","0","0","0.99","1.80","0","0","0","-13.19"
"Dec 5, 2025 2:46:59 PM PST","25081665871","Order","S01-6105914-2214059","AXE-SH-S","Grumpy Bear 11"" Survival Axe Camping Hatchet – Forged High Carbon Steel Blade with Walnut Wood Handle – Shock-Absorbing, Anti-Slip Grip – Ideal for Bushcraft, Wood Splitting & Outdoor Adventures","1","sim1.stores.amazon.com","Standard Orders","Amazon","PALMDALE","CA","93552","","0","0","0","0","0","0","0","0","0","0","0","0","-11.75","0","0","-11.75"
"Dec 5, 2025 3:17:02 PM PST","25081665871","Order","S01-5694089-9301251","GB-CA-02-EAGLE","Grumpy Bear Camping Hatchet, Full Tang Outdoor Axe with Decorative Handle, Durable Forged Blade for Hiking, Bushcraft, and Survival (Eagle)","1","sim1.stores.amazon.com","Standard Orders","Amazon","KITTITAS","WA","98934","","0","0","0","0","0","0","0","0","0","0","0","0","-13.37","0","0","-13.37"
"Dec 5, 2025 4:57:13 PM PST","25081665871","Refund","113-4745323-5197852","C-axe-02","Full Tang Survival Camping Axe with Wood Ergonomic Handle and Nylon Sheath Sheath - High Carbon Stainless Steel, Multi-Tool for Outdoor, Hunting, Emer","1","amazon.com","Standard Orders","Amazon","BATON ROUGE","LA","70809","MarketplaceFacilitator","-14.99","-1.57","0","0","0","0","0","0","0","0","1.57","1.80","0","0","0","-13.19"
"Dec 5, 2025 5:18:13 PM PST","25081665871","Order","S01-7532487-2150018","Axe-F-R-S","Grumpy Bear 11"" Survival Axe Camping Hatchet – Forged High Carbon Steel Blade with Walnut Wood Handle – Shock-Absorbing, Anti-Slip Grip – Ideal for Bushcraft, Wood Splitting & Outdoor Adventures","1","sim1.stores.amazon.com","Standard Orders","Amazon","BLAIRSVILLE","GA","30512","","0","0","0","0","0","0","0","0","0","0","0","0","-11.75","0","0","-11.75"
"Dec 5, 2025 6:03:44 PM PST","25081665871","Order","S01-1880780-1030013","GB-CA-02-LION","Grumpy Bear Camping Hatchet with Lion Carving, Full Tang Outdoor Axe with Decorative Handle, Durable Forged Blade for Hiking, Bushcraft, and Survival","1","sim1.stores.amazon.com","Standard Orders","Amazon","SAN JOSE","CA","95125","","0","0","0","0","0","0","0","0","0","0","0","0","-10.60","0","0","-10.60"
"Dec 5, 2025 6:21:21 PM PST","25081665871","Order","111-9157627-3637824","C-axe-02","Full Tang Survival Camping Axe with Wood Ergonomic Handle and Nylon Sheath Sheath - High Carbon Stainless Steel, Multi-Tool for Outdoor, Hunting, Emer","1","amazon.com","Standard Orders","Amazon","GOOSE CREEK","SC","29445","MarketplaceFacilitator","14.99","1.35","0","0","0","0","0","0","0","0","-1.35","-2.25","-6.44","0","0","6.30"
"Dec 5, 2025 6:44:07 PM PST","25081665871","Order","111-3341848-7932211","Axe-F-R-S","Grumpy Bear 11"" Survival Axe Camping Hatchet - Forged High Carbon Steel Blade with Walnut Wood Handle - Shock-Absorbing, Anti-Slip Grip - Ideal for Bu","1","amazon.com","Standard Orders","Amazon","New York","NY","10017","MarketplaceFacilitator","34.41","2.75","0","0","0","0","0","0","-3.44","0","-2.75","-4.65","-6.24","0","0","20.08"
"Dec 5, 2025 7:46:00 PM PST","25081665871","Order","S01-4784043-9963638","AXE-SH-S","Grumpy Bear 11"" Survival Axe Camping Hatchet – Forged High Carbon Steel Blade with Walnut Wood Handle – Shock-Absorbing, Anti-Slip Grip – Ideal for Bushcraft, Wood Splitting & Outdoor Adventures","1","sim1.stores.amazon.com","Standard Orders","Amazon","GROVELAND","CA","95321","","0","0","0","0","0","0","0","0","0","0","0","0","-11.75","0","0","-11.75"
"Dec 5, 2025 9:57:54 PM PST","25081665871","Order","111-9944611-0546649","AXE-SH-L","Grumpy Bear 15"" Survival Axe Camping Hatchet - Forged High Carbon Steel Blade with Walnut Wood Handle - Shock-Absorbing, Anti-Slip Grip - Ideal for Bu","1","amazon.com","Standard Orders","Amazon","NEWARK","OH","43055","MarketplaceFacilitator","39.94","2.61","3.47","0","0","0","0","0","-7.46","0","-2.61","-5.39","-6.44","0","0","24.12"
"Dec 5, 2025 10:25:57 PM PST","25081665871","Order","111-3467192-4417810","C-axe-01","Full Tang Survival Camping Axe with Wood Ergonomic Handle and Nylon Sheath Sheath - High Carbon Stainless Steel, Multi-Tool for Outdoor, Hunting, Emer","1","amazon.com","Standard Orders","Amazon","CREEDMOOR","NC","27522","MarketplaceFacilitator","10.99","0.74","0","0","0","0","0","0","0","0","-0.74","-1.65","-6.10","0","0","3.24"
"Dec 5, 2025 10:45:55 PM PST","25081665871","Order","113-4890378-9061000","C-axe-01","Full Tang Survival Camping Axe with Wood Ergonomic Handle and Nylon Sheath Sheath - High Carbon Stainless Steel, Multi-Tool for Outdoor, Hunting, Emer","1","amazon.com","Standard Orders","Amazon","AVALON","NJ","08202","MarketplaceFacilitator","10.99","0.73","0","0","0","0","0","0","0","0","-0.73","-1.65","-6.10","0","0","3.24"
"Dec 5, 2025 11:23:21 PM PST","25081665871","Order","112-8299083-1637058","GB-CA-02-WOLF","Grumpy Bear Camping Hatchet with Wolf Carving, Full Tang Outdoor Axe with Decorative Handle, Durable Forged Blade for Hiking, Bushcraft, and Survival","1","amazon.com","Standard Orders","Amazon","Lewiston","Idaho","83501","MarketplaceFacilitator","19.99","1.20","0","0","0","0","0","0","0","0","-1.20","-3.00","-5.84","0","0","11.15"
"Dec 5, 2025 11:25:56 PM PST","25081665871","Order","113-8630062-7422619","C-axe-01","Full Tang Survival Camping Axe with Wood Ergonomic Handle and Nylon Sheath Sheath - High Carbon Stainless Steel, Multi-Tool for Outdoor, Hunting, Emer","1","amazon.com","Standard Orders","Amazon","Denver","CO","80216","MarketplaceFacilitator","10.99","1.01","0","0","0","0","0","0","0","0","-1.01","-1.65","-6.10","0","0","3.24"
"Dec 5, 2025 11:35:36 PM PST","25081665871","Order","112-5129446-5076206","GB-CA-02-EAGLE","Grumpy Bear Camping Hatchet, Full Tang Outdoor Axe with Decorative Handle, Durable Forged Blade for Hiking, Bushcraft, and Survival (Eagle)","1","amazon.com","Standard Orders","Amazon","FORTUNA","CA","95540","MarketplaceFacilitator","19.99","1.90","0","0","0","0","0","0","0","0","-1.90","-3.00","-5.68","0","0","11.31"
"Dec 5, 2025 11:36:27 PM PST","25081665871","Order","112-9852980-2462619","CP-A-K-U","Grumpy Bear Camping Axe & Sickle Set - Dual Outdoor Tools for Camping, Survival & Bushcraft | High Carbon Steel Camping Axe & Hatchet Combo | Black Ox","1","amazon.com","Standard Orders","Amazon","LOUISVILLE","KY","40243","MarketplaceFacilitator","29.99","1.80","0","0","0","0","0","0","0","0","-1.80","-4.50","-5.84","0","0","19.65"
"Dec 5, 2025 11:39:21 PM PST","25081665871","Order","111-0226448-8040238","C-axe-01","Full Tang Survival Camping Axe with Wood Ergonomic Handle and Nylon Sheath Sheath - High Carbon Stainless Steel, Multi-Tool for Outdoor, Hunting, Emer","1","amazon.com","Standard Orders","Amazon","FRESNO","CA","93711","MarketplaceFacilitator","10.99","0.88","0","0","0","0","0","0","0","0","-0.88","-1.65","-6.10","0","0","3.24"
"Dec 5, 2025 11:42:58 PM PST","25081665871","Refund","113-1052113-4640241","C-axe-01","Full Tang Survival Camping Axe with Wood Ergonomic Handle and Nylon Sheath Sheath - High Carbon Stainless Steel, Multi-Tool for Outdoor, Hunting, Emer","1","amazon.com","Standard Orders","Amazon","LOS ALTOS HILLS","CA","94022","MarketplaceFacilitator","-10.99","-1.00","0","0","0","0","0","0","0","0","1.00","1.32","0","0","0","-9.67"
"Dec 5, 2025 11:46:26 PM PST","25081665871","Order","112-9314275-1376239","GB-CA-02-LION","Grumpy Bear Camping Hatchet with Lion Carving, Full Tang Outdoor Axe with Decorative Handle, Durable Forged Blade for Hiking, Bushcraft, and Survival","1","amazon.com","Standard Orders","Amazon","CALABASH","NC","28467","MarketplaceFacilitator","14.99","1.01","0","0","0","0","0","0","0","0","-1.01","-2.25","-5.68","0","0","7.06"
"Dec 6, 2025 12:21:43 AM PST","25081665871","Order","111-5680698-4559461","GB-CA-02-LION","Grumpy Bear Camping Hatchet with Lion Carving, Full Tang Outdoor Axe with Decorative Handle, Durable Forged Blade for Hiking, Bushcraft, and Survival","1","amazon.com","Standard Orders","Amazon","KALISPELL","MT","59901","","14.99","0","0","0","0","0","0","0","0","0","0","-2.25","-5.68","0","0","7.06"
"Dec 6, 2025 12:52:00 AM PST","25081665871","Order","111-8249192-0653016","C-axe-01","Full Tang Survival Camping Axe with Wood Ergonomic Handle and Nylon Sheath Sheath - High Carbon Stainless Steel, Multi-Tool for Outdoor, Hunting, Emer","3","amazon.com","Standard Orders","Amazon","Danville","Virginia","24540","MarketplaceFacilitator","32.97","2.07","0","0","0","0","0","0","0","0","-2.07","-4.95","-18.30","0","0","9.72"
"Dec 6, 2025 12:58:24 AM PST","25081665871","Order","112-9695453-2537056","GB-CA-02-WOLF","Grumpy Bear Camping Hatchet with Wolf Carving, Full Tang Outdoor Axe with Decorative Handle, Durable Forged Blade for Hiking, Bushcraft, and Survival","1","amazon.com","Standard Orders","Amazon","THOMPSON","OH","44086","MarketplaceFacilitator","19.99","1.45","0","0","0","0","0","0","0","0","-1.45","-3.00","-5.84","0","0","11.15"
"Dec 6, 2025 1:10:40 AM PST","25081665871","Order","113-2895725-4409821","AXE-WS-L","Grumpy Bear 15"" Survival Axe Camping Hatchet - Forged High Carbon Steel Blade with Walnut Wood Handle - Shock-Absorbing, Anti-Slip Grip - Ideal for Bu","1","amazon.com","Standard Orders","Amazon","JONESBURG","MO","63351","MarketplaceFacilitator","29.99","1.87","6.99","0.44","0","0","0","0","0","0","-2.31","-4.50","-13.43","0","0","19.05"
"Dec 6, 2025 1:39:45 AM PST","25081665871","Order","112-9958173-0757856","C-axe-02","Full Tang Survival Camping Axe with Wood Ergonomic Handle and Nylon Sheath Sheath - High Carbon Stainless Steel, Multi-Tool for Outdoor, Hunting, Emer","1","amazon.com","Standard Orders","Amazon","OGDENSBURG","NJ","07439","MarketplaceFacilitator","14.99","0.99","0","0","0","0","0","0","0","0","-0.99","-2.25","-6.44","0","0","6.30"
"Dec 6, 2025 1:39:53 AM PST","25081665871","Order","112-1391801-8484210","GB-CA-02-EAGLE","Grumpy Bear Camping Hatchet, Full Tang Outdoor Axe with Decorative Handle, Durable Forged Blade for Hiking, Bushcraft, and Survival (Eagle)","1","amazon.com","Standard Orders","Amazon","WETHERSFIELD","CT","06109","MarketplaceFacilitator","19.99","1.27","0","0","0","0","0","0","0","0","-1.27","-3.00","-5.68","0","0","11.31"
"Dec 6, 2025 2:13:20 AM PST","25081665871","Order","114-8407148-5584211","Axe-F-R-L","Grumpy Bear 15"" Survival Axe Camping Hatchet - Forged High Carbon Steel Blade with Walnut Wood Handle - Shock-Absorbing, Anti-Slip Grip - Ideal for Bu","1","amazon.com","Standard Orders","Amazon","WESTON","FL","33332","MarketplaceFacilitator","35.94","2.26","0","0","0","0","0","0","-3.59","0","-2.26","-4.85","-6.44","0","0","21.06"
"Dec 6, 2025 2:35:59 AM PST","25081665871","Order","S01-9849531-7343646","AXE-WS-L","Grumpy Bear 15"" Survival Axe Camping Hatchet – Forged High Carbon Steel Blade with Walnut Wood Handle – Shock-Absorbing, Anti-Slip Grip – Ideal for Bushcraft, Wood Splitting & Outdoor Adventures","1","sim1.stores.amazon.com","Standard Orders","Amazon","HUNTINGTON","WV","25701","","0","0","0","0","0","0","0","0","0","0","0","0","-11.75","0","0","-11.75"
"Dec 6, 2025 3:04:17 AM PST","25081665871","Order","111-3021297-2642662","GB-CA-02-WOLF","Grumpy Bear Camping Hatchet with Wolf Carving, Full Tang Outdoor Axe with Decorative Handle, Durable Forged Blade for Hiking, Bushcraft, and Survival","1","amazon.com","Standard Orders","Amazon","KLAMATH FALLS","OREGON","97603","","19.99","0","0","0","0","0","0","0","0","0","0","-3.00","-5.84","0","0","11.15"
"Dec 6, 2025 3:04:17 AM PST","25081665871","Order","111-3021297-2642662","GB-CA-02-LION","Grumpy Bear Camping Hatchet with Lion Carving, Full Tang Outdoor Axe with Decorative Handle, Durable Forged Blade for Hiking, Bushcraft, and Survival","1","amazon.com","Standard Orders","Amazon","KLAMATH FALLS","OREGON","97603","","14.99","0","0","0","0","0","0","0","0","0","0","-2.25","-5.68","0","0","7.06"
"Dec 6, 2025 3:13:50 AM PST","25081665871","Order","113-9022482-8812256","C-axe-01","Full Tang Survival Camping Axe with Wood Ergonomic Handle and Nylon Sheath Sheath - High Carbon Stainless Steel, Multi-Tool for Outdoor, Hunting, Emer","1","amazon.com","Standard Orders","Amazon","WILLIAMSTOWN","NJ","08094","MarketplaceFacilitator","10.99","0.73","0","0","0","0","0","0","0","0","-0.73","-1.65","-6.10","0","0","3.24"
"Dec 6, 2025 3:27:13 AM PST","25081665871","Order","113-1784283-8729037","AXE-GBWS-L","Grumpy Bear 15"" Survival Axe Camping Hatchet - Forged High Carbon Steel Blade with Walnut Wood Handle - Shock-Absorbing, Anti-Slip Grip - Ideal for Bu","1","amazon.com","Standard Orders","Amazon","KIRKWOOD","MO","63122","MarketplaceFacilitator","0","0","0","0","0","0","0","0","0","0","0","0","0","0","0","0"
"Dec 6, 2025 3:32:00 AM PST","25081665871","Order","111-9446970-8513049","C-axe-02","Full Tang Survival Camping Axe with Wood Ergonomic Handle and Nylon Sheath Sheath - High Carbon Stainless Steel, Multi-Tool for Outdoor, Hunting, Emer","4","amazon.com","Standard Orders","Amazon","MELBOURNE","FL","32935","MarketplaceFacilitator","59.96","4.20","0","0","0","0","0","0","0","0","-4.20","-9.00","-25.76","0","0","25.20"
"Dec 6, 2025 3:43:36 AM PST","25081665871","Order","113-6444051-3361003","GB-CA-02-TIGER","Grumpy Bear Camping Hatchet with Tiger Carving, Full Tang Outdoor Axe with Decorative Handle, Durable Forged Blade for Hiking, Bushcraft, and Survival","1","amazon.com","Standard Orders","Amazon","DRAPER","UT","84020","MarketplaceFacilitator","14.99","1.12","0","0","0","0","0","0","0","0","-1.12","-2.25","-5.84","0","0","6.90"
"Dec 6, 2025 4:56:06 AM PST","25081665871","Order","113-1052113-4640241","C-axe-01","Full Tang Survival Camping Axe with Wood Ergonomic Handle and Nylon Sheath Sheath - High Carbon Stainless Steel, Multi-Tool for Outdoor, Hunting, Emer","1","amazon.com","Standard Orders","Amazon","LOS ALTOS HILLS","CA","94022","MarketplaceFacilitator","10.99","1.00","0","0","0","0","0","0","0","0","-1.00","-1.65","-6.10","0","0","3.24"
"Dec 6, 2025 5:04:06 AM PST","25081665871","Order","114-8489247-0298662","C-axe-01","Full Tang Survival Camping Axe with Wood Ergonomic Handle and Nylon Sheath Sheath - High Carbon Stainless Steel, Multi-Tool for Outdoor, Hunting, Emer","1","amazon.com","Standard Orders","Amazon","OKLAHOMA CITY","OK","73118","MarketplaceFacilitator","10.99","0.95","2.99","0","0","0","0","0","-2.99","0","-0.95","-1.65","-6.10","0","0","3.24"
"Dec 6, 2025 5:22:48 AM PST","25081665871","Order","114-3822358-6813002","GB-CA-02-EAGLE","Grumpy Bear Camping Hatchet, Full Tang Outdoor Axe with Decorative Handle, Durable Forged Blade for Hiking, Bushcraft, and Survival (Eagle)","1","amazon.com","Standard Orders","Amazon","COSBY","TN","37722","MarketplaceFacilitator","19.99","1.95","3.67","0","0","0","0","0","-3.67","0","-1.95","-3.00","-5.68","0","0","11.31"
"Dec 6, 2025 5:39:39 AM PST","25081665871","Order","114-5781929-8652221","AXE-WS-L","Grumpy Bear 15"" Survival Axe Camping Hatchet - Forged High Carbon Steel Blade with Walnut Wood Handle - Shock-Absorbing, Anti-Slip Grip - Ideal for Bu","1","amazon.com","Standard Orders","Amazon","REDLANDS","CA","92373","MarketplaceFacilitator","29.99","2.62","0","0","0","0","0","0","0","0","-2.62","-4.50","-6.44","0","0","19.05"
"Dec 6, 2025 5:42:21 AM PST","25081665871","Order","113-4745323-5197852","C-axe-02","Full Tang Survival Camping Axe with Wood Ergonomic Handle and Nylon Sheath Sheath - High Carbon Stainless Steel, Multi-Tool for Outdoor, Hunting, Emer","1","amazon.com","Standard Orders","Amazon","BATON ROUGE","LA","70809","MarketplaceFacilitator","14.99","1.57","0","0","0","0","0","0","0","0","-1.57","-2.25","-6.44","0","0","6.30"
"Dec 6, 2025 5:50:12 AM PST","25081665871","Order","111-1083600-8028209","CP-A-K-U","Grumpy Bear Camping Axe & Sickle Set - Dual Outdoor Tools for Camping, Survival & Bushcraft | High Carbon Steel Camping Axe & Hatchet Combo | Black Ox","2","amazon.com","Standard Orders","Amazon","PORT WASHINGTON","NEW YORK","11050","MarketplaceFacilitator","59.98","5.18","0","0","0","0","0","0","0","0","-5.18","-9.00","-11.68","0","0","39.30"
"Dec 6, 2025 5:51:25 AM PST","25081665871","Order","114-8407148-5584211","AXE-GBWS-L","Grumpy Bear 15"" Survival Axe Camping Hatchet - Forged High Carbon Steel Blade with Walnut Wood Handle - Shock-Absorbing, Anti-Slip Grip - Ideal for Bu","1","amazon.com","Standard Orders","Amazon","WESTON","FL","33332","MarketplaceFacilitator","34.41","2.17","0","0","0","0","0","0","-3.45","0","-2.17","-4.64","-6.44","0","0","19.88"
"Dec 6, 2025 6:28:27 AM PST","25081665871","Order","112-9571205-6663417","C-axe-01","Full Tang Survival Camping Axe with Wood Ergonomic Handle and Nylon Sheath Sheath - High Carbon Stainless Steel, Multi-Tool for Outdoor, Hunting, Emer","1","amazon.com","Standard Orders","Amazon","FRANKFORT","KY","40601","MarketplaceFacilitator","10.99","0.66","0","0","0","0","0","0","0","0","-0.66","-1.65","-6.10","0","0","3.24"
"Dec 6, 2025 6:44:27 AM PST","25081665871","Order","114-8719115-1789007","GB-CA-02-EAGLE","Grumpy Bear Camping Hatchet, Full Tang Outdoor Axe with Decorative Handle, Durable Forged Blade for Hiking, Bushcraft, and Survival (Eagle)","1","amazon.com","Standard Orders","Amazon","NAUVOO","AL","35578","MarketplaceFacilitator","19.99","1.60","6.99","0.56","0","0","0","0","0","0","-2.16","-3.00","-12.67","0","0","11.31"
"Dec 6, 2025 7:04:17 AM PST","25081665871","Order","114-1550599-8005007","AXE-GBWS-S","Grumpy Bear 11"" Survival Axe Camping Hatchet - Forged High Carbon Steel Blade with Walnut Wood Handle - Shock-Absorbing, Anti-Slip Grip - Ideal for Bu","1","amazon.com","Standard Orders","Amazon","LITTLETON","NH","03561","","36.54","0","0","0","0","0","0","0","-3.65","0","0","-4.93","-6.10","0","0","21.86"
"Dec 6, 2025 7:22:30 AM PST","25081665871","Order","111-5693016-4105055","GB-CA-02-TIGER","Grumpy Bear Camping Hatchet with Tiger Carving, Full Tang Outdoor Axe with Decorative Handle, Durable Forged Blade for Hiking, Bushcraft, and Survival","1","amazon.com","Standard Orders","Amazon","TOWNSEND","TN","37882","MarketplaceFacilitator","14.99","0","0","0","0","0","0","0","0","0","0","-2.25","-5.84","0","0","6.90"
"Dec 6, 2025 7:44:33 AM PST","25081665871","Order","S01-0283662-5215616","GB-CA-02-LION","Grumpy Bear Camping Hatchet with Lion Carving, Full Tang Outdoor Axe with Decorative Handle, Durable Forged Blade for Hiking, Bushcraft, and Survival","1","sim1.stores.amazon.com","Standard Orders","Amazon","PLAINVIEW","NE","68769","","0","0","0","0","0","0","0","0","0","0","0","0","-10.60","0","0","-10.60"
"Dec 6, 2025 7:46:27 AM PST","25081665871","Order","113-3851752-8916220","C-axe-02","Full Tang Survival Camping Axe with Wood Ergonomic Handle and Nylon Sheath Sheath - High Carbon Stainless Steel, Multi-Tool for Outdoor, Hunting, Emer","1","amazon.com","Standard Orders","Amazon","LAS VEGAS","NEVADA","89110","MarketplaceFacilitator","14.99","1.26","2.99","0","0","0","0","0","-2.99","0","-1.26","-2.25","-6.44","0","0","6.30"
"Dec 6, 2025 8:01:18 AM PST","25081665871","Order","113-9125982-2485807","C-axe-02","Full Tang Survival Camping Axe with Wood Ergonomic Handle and Nylon Sheath Sheath - High Carbon Stainless Steel, Multi-Tool for Outdoor, Hunting, Emer","1","amazon.com","Standard Orders","Amazon","HAMPTON","CT","06247","MarketplaceFacilitator","14.99","0.95","0","0","0","0","0","0","0","0","-0.95","-2.25","-6.44","0","0","6.30"
"Dec 6, 2025 8:25:43 AM PST","25081665871","Order","S01-4987089-3439603","AXE-SH-S","Grumpy Bear 11"" Survival Axe Camping Hatchet – Forged High Carbon Steel Blade with Walnut Wood Handle – Shock-Absorbing, Anti-Slip Grip – Ideal for Bushcraft, Wood Splitting & Outdoor Adventures","1","sim1.stores.amazon.com","Standard Orders","Amazon","SALIDA","CO","81201","","0","0","0","0","0","0","0","0","0","0","0","0","-11.75","0","0","-11.75"
"Dec 6, 2025 11:19:09 AM PST","25081665871","Order","S01-0137793-9296448","AXE-SH-S","Grumpy Bear 11"" Survival Axe Camping Hatchet – Forged High Carbon Steel Blade with Walnut Wood Handle – Shock-Absorbing, Anti-Slip Grip – Ideal for Bushcraft, Wood Splitting & Outdoor Adventures","1","sim1.stores.amazon.com","Standard Orders","Amazon","YOUNGSTOWN","FL","32466","","0","0","0","0","0","0","0","0","0","0","0","0","-11.75","0","0","-11.75"
"Dec 6, 2025 12:36:40 PM PST","25081665871","Order","S01-8473104-0038005","AXE-SH-L","Grumpy Bear 15"" Survival Axe Camping Hatchet – Forged High Carbon Steel Blade with Walnut Wood Handle – Shock-Absorbing, Anti-Slip Grip – Ideal for Bushcraft, Wood Splitting & Outdoor Adventures","1","sim1.stores.amazon.com","Standard Orders","Amazon","MUNCY","PA","17756","","0","0","0","0","0","0","0","0","0","0","0","0","-11.75","0","0","-11.75"
"Dec 6, 2025 3:07:23 PM PST","25081665871","Order","S01-4504222-1690048","GB-CA-02-LION","Grumpy Bear Camping Hatchet with Lion Carving, Full Tang Outdoor Axe with Decorative Handle, Durable Forged Blade for Hiking, Bushcraft, and Survival","1","sim1.stores.amazon.com","Standard Orders","Amazon","HUNTINGDON","PA","16652","","0","0","0","0","0","0","0","0","0","0","0","0","-10.60","0","0","-10.60"
"Dec 6, 2025 3:47:27 PM PST","25081665871","Order","S01-4378685-7788443","AXE-SH-S","Grumpy Bear 11"" Survival Axe Camping Hatchet – Forged High Carbon Steel Blade with Walnut Wood Handle – Shock-Absorbing, Anti-Slip Grip – Ideal for Bushcraft, Wood Splitting & Outdoor Adventures","1","sim1.stores.amazon.com","Standard Orders","Amazon","LUDLOW","VT","05149","","0","0","0","0","0","0","0","0","0","0","0","0","-11.75","0","0","-11.75"
"Dec 6, 2025 5:20:12 PM PST","25081665871","Order","113-7235475-6037800","AXE-SH-S","Grumpy Bear 11"" Survival Axe Camping Hatchet - Forged High Carbon Steel Blade with Walnut Wood Handle - Shock-Absorbing, Anti-Slip Grip - Ideal for Bu","2","amazon.com","Standard Orders","Amazon","WILLIAMSBURG","VA","23185","MarketplaceFacilitator","68.82","4.34","0","0","0","0","0","0","-6.88","0","-4.34","-9.30","-12.48","0","0","40.16"
"Dec 6, 2025 5:45:51 PM PST","25081665871","Order","S01-3529940-9913204","AXE-SH-S","Grumpy Bear 11"" Survival Axe Camping Hatchet – Forged High Carbon Steel Blade with Walnut Wood Handle – Shock-Absorbing, Anti-Slip Grip – Ideal for Bushcraft, Wood Splitting & Outdoor Adventures","1","sim1.stores.amazon.com","Standard Orders","Amazon","POULSBO","WA","98370","","0","0","0","0","0","0","0","0","0","0","0","0","-11.75","0","0","-11.75"
"Dec 6, 2025 6:06:40 PM PST","25081665871","Order","113-8341292-8009832","AXE-SH-L","Grumpy Bear 15"" Survival Axe Camping Hatchet - Forged High Carbon Steel Blade with Walnut Wood Handle - Shock-Absorbing, Anti-Slip Grip - Ideal for Bu","1","amazon.com","Standard Orders","Amazon","AUSTIN","TX","78753","MarketplaceFacilitator","39.94","2.97","0","0","0","0","0","0","-3.99","0","-2.97","-5.39","-6.44","0","0","24.12"
"Dec 6, 2025 6:08:45 PM PST","25081665871","Service Fee","","","Cost of Advertising","","","Standard Orders","","","","","","0","0","0","0","0","0","0","0","0","0","0","0","0","-501.98","0","-501.98"
"Dec 6, 2025 6:25:31 PM PST","25081665871","Order","112-8695683-5282657","CP-A-K-U","Grumpy Bear Camping Axe & Sickle Set - Dual Outdoor Tools for Camping, Survival & Bushcraft | High Carbon Steel Camping Axe & Hatchet Combo | Black Ox","1","amazon.com","Standard Orders","Amazon","Rockwood","TN","37854","MarketplaceFacilitator","29.99","2.85","1.46","0.14","0","0","0","0","0","0","-2.99","-4.50","-7.30","0","0","19.65"
"Dec 6, 2025 7:22:38 PM PST","25081665871","Order","S01-8435548-2589259","AXE-SH-S","Grumpy Bear 11"" Survival Axe Camping Hatchet – Forged High Carbon Steel Blade with Walnut Wood Handle – Shock-Absorbing, Anti-Slip Grip – Ideal for Bushcraft, Wood Splitting & Outdoor Adventures","1","sim1.stores.amazon.com","Standard Orders","Amazon","PEKIN","IL","61554","","0","0","0","0","0","0","0","0","0","0","0","0","-11.75","0","0","-11.75"
"Dec 6, 2025 9:28:07 PM PST","25081665871","Order","S01-4551639-8371612","AXE-SH-S","Grumpy Bear 11"" Survival Axe Camping Hatchet – Forged High Carbon Steel Blade with Walnut Wood Handle – Shock-Absorbing, Anti-Slip Grip – Ideal for Bushcraft, Wood Splitting & Outdoor Adventures","1","sim1.stores.amazon.com","Standard Orders","Amazon","JEFFERSON TOWNSHIP","PA","18436","","0","0","0","0","0","0","0","0","0","0","0","0","-11.75","0","0","-11.75"
"Dec 6, 2025 9:58:46 PM PST","25081665871","Order","113-5054298-9330667","AXE-SH-S","Grumpy Bear 11"" Survival Axe Camping Hatchet - Forged High Carbon Steel Blade with Walnut Wood Handle - Shock-Absorbing, Anti-Slip Grip - Ideal for Bu","1","amazon.com","Standard Orders","Amazon","DECATUR","AL","35603","MarketplaceFacilitator","34.41","2.48","0","0","0","0","0","0","-3.44","0","-2.48","-4.65","-6.24","0","0","20.08"
"Dec 6, 2025 11:09:51 PM PST","25081665871","Order","111-3916762-2655429","C-axe-02","Full Tang Survival Camping Axe with Wood Ergonomic Handle and Nylon Sheath Sheath - High Carbon Stainless Steel, Multi-Tool for Outdoor, Hunting, Emer","1","amazon.com","Standard Orders","Amazon","FOREST HILL","MD","21050","MarketplaceFacilitator","14.99","0.90","0","0","0","0","0","0","0","0","-0.90","-2.25","-6.44","0","0","6.30"
"Dec 6, 2025 11:23:43 PM PST","25081665871","Order","112-5970404-1310623","GB-CA-02-EAGLE","Grumpy Bear Camping Hatchet, Full Tang Outdoor Axe with Decorative Handle, Durable Forged Blade for Hiking, Bushcraft, and Survival (Eagle)","1","amazon.com","Standard Orders","Amazon","PRICE","UT","84501","MarketplaceFacilitator","19.99","1.35","0","0","0","0","0","0","0","0","-1.35","-3.00","-5.68","0","0","11.31"
"Dec 7, 2025 12:40:15 AM PST","25081665871","Order","113-8903797-6417826","GB-CA-02-TIGER","Grumpy Bear Camping Hatchet with Tiger Carving, Full Tang Outdoor Axe with Decorative Handle, Durable Forged Blade for Hiking, Bushcraft, and Survival","1","amazon.com","Standard Orders","Amazon","RADCLIFF","KY","40160","MarketplaceFacilitator","14.99","0.90","0","0","0","0","0","0","0","0","-0.90","-2.25","-5.84","0","0","6.90"
"Dec 7, 2025 12:59:34 AM PST","25081665871","Order","S01-6601202-7054009","GB-CA-02-LION","Grumpy Bear Camping Hatchet with Lion Carving, Full Tang Outdoor Axe with Decorative Handle, Durable Forged Blade for Hiking, Bushcraft, and Survival","1","sim1.stores.amazon.com","Standard Orders","Amazon","HOUSTON","TX","77033","","0","0","0","0","0","0","0","0","0","0","0","0","-10.60","0","0","-10.60"
"Dec 7, 2025 1:22:12 AM PST","25081665871","Order","114-6668786-7747412","Axe-F-R-S","Grumpy Bear 11"" Survival Axe Camping Hatchet - Forged High Carbon Steel Blade with Walnut Wood Handle - Shock-Absorbing, Anti-Slip Grip - Ideal for Bu","1","amazon.com","Standard Orders","Amazon","JUNCTION CITY","KS","66441","MarketplaceFacilitator","34.41","3.02","0","0","0","0","0","0","-3.44","0","-6.04","-9.30","-6.24","0","0","12.41"
"Dec 7, 2025 1:22:12 AM PST","25081665871","Order","114-6668786-7747412","Axe-F-R-S","Grumpy Bear 11"" Survival Axe Camping Hatchet - Forged High Carbon Steel Blade with Walnut Wood Handle - Shock-Absorbing, Anti-Slip Grip - Ideal for Bu","1","amazon.com","Standard Orders","Amazon","JUNCTION CITY","KS","66441","","34.41","3.02","0","0","0","0","0","0","-3.44","0","0","0","-6.24","0","0","27.75"
"Dec 7, 2025 1:35:40 AM PST","25081665871","FBA Transaction fees","","","FBA Customer Returns Fee (Non-Apparel and Non-Shoes) for ASIN: B0DGFT7RFW (2025-09-01 to 2025-11-30)","","Amazon.com","Standard Orders","","","","","","0","0","0","0","0","0","0","0","0","0","0","0","-5.70","0","0","-5.70"
"Dec 7, 2025 1:53:23 AM PST","25081665871","Order","111-3390122-5801065","GB-CA-02-WOLF","Grumpy Bear Camping Hatchet with Wolf Carving, Full Tang Outdoor Axe with Decorative Handle, Durable Forged Blade for Hiking, Bushcraft, and Survival","1","amazon.com","Standard Orders","Amazon","CHIPLEY","FL","32428","MarketplaceFacilitator","19.99","1.50","0","0","0","0","0","0","0","0","-1.50","-3.00","-5.84","0","0","11.15"
"Dec 7, 2025 2:10:28 AM PST","25081665871","Order","114-6455688-0212232","C-axe-01","Full Tang Survival Camping Axe with Wood Ergonomic Handle and Nylon Sheath Sheath - High Carbon Stainless Steel, Multi-Tool for Outdoor, Hunting, Emer","1","amazon.com","Standard Orders","Amazon","FRAMINGHAM","MA","01702","MarketplaceFacilitator","10.99","0.69","0","0","0","0","0","0","0","0","-0.69","-1.65","-6.10","0","0","3.24"
"Dec 7, 2025 2:41:15 AM PST","25081665871","Order","113-0792711-7671415","AXE-GBWS-L","Grumpy Bear 15"" Survival Axe Camping Hatchet - Forged High Carbon Steel Blade with Walnut Wood Handle - Shock-Absorbing, Anti-Slip Grip - Ideal for Bu","1","amazon.com","Standard Orders","Amazon","SIERRA VISTA","AZ","85635","MarketplaceFacilitator","34.41","2.49","0","0","0","0","0","0","-3.44","0","-2.49","-4.65","-6.44","0","0","19.88"
"Dec 7, 2025 3:08:27 AM PST","25081665871","Order","114-5370976-2568255","C-axe-01","Full Tang Survival Camping Axe with Wood Ergonomic Handle and Nylon Sheath Sheath - High Carbon Stainless Steel, Multi-Tool for Outdoor, Hunting, Emer","1","amazon.com","Standard Orders","Amazon","TULSA","OK","74136","MarketplaceFacilitator","10.99","0.94","0","0","0","0","0","0","0","0","-0.94","-1.65","-6.10","0","0","3.24"
"Dec 7, 2025 3:59:56 AM PST","25081665871","Order","113-4886307-8776246","GB-CA-02-TIGER","Grumpy Bear Camping Hatchet with Tiger Carving, Full Tang Outdoor Axe with Decorative Handle, Durable Forged Blade for Hiking, Bushcraft, and Survival","1","amazon.com","Standard Orders","Amazon","ROYAL","AR","71968","MarketplaceFacilitator","14.99","1.20","0","0","0","0","0","0","0","0","-1.20","-2.25","-5.84","0","0","6.90"
"Dec 7, 2025 4:19:30 AM PST","25081665871","Order","112-9829076-5503434","AXE-GBWS-L","Grumpy Bear 15"" Survival Axe Camping Hatchet - Forged High Carbon Steel Blade with Walnut Wood Handle - Shock-Absorbing, Anti-Slip Grip - Ideal for Bu","1","amazon.com","Standard Orders","Amazon","Knights Landing","CA","95645","MarketplaceFacilitator","34.41","2.25","0","0","0","0","0","0","-3.44","0","-2.25","-4.65","-6.44","0","0","19.88"
"Dec 7, 2025 4:32:56 AM PST","25081665871","Order","114-0606267-8742616","C-axe-01","Full Tang Survival Camping Axe with Wood Ergonomic Handle and Nylon Sheath Sheath - High Carbon Stainless Steel, Multi-Tool for Outdoor, Hunting, Emer","1","amazon.com","Standard Orders","Amazon","NORTH ATTLEBORO","MA","02760","MarketplaceFacilitator","10.99","0.69","0","0","0","0","0","0","0","0","-0.69","-1.65","-6.10","0","0","3.24"
"Dec 7, 2025 4:40:32 AM PST","25081665871","Order","112-9870438-7690615","GB-CA-02-TIGER","Grumpy Bear Camping Hatchet with Tiger Carving, Full Tang Outdoor Axe with Decorative Handle, Durable Forged Blade for Hiking, Bushcraft, and Survival","1","amazon.com","Standard Orders","Amazon","SCOTT DEPOT","WV","25560","MarketplaceFacilitator","14.99","0.90","0","0","0","0","0","0","0","0","-0.90","-2.25","-5.84","0","0","6.90"
"Dec 7, 2025 4:46:05 AM PST","25081665871","Order","114-9603331-0819404","GB-CA-02-TIGER","Grumpy Bear Camping Hatchet with Tiger Carving, Full Tang Outdoor Axe with Decorative Handle, Durable Forged Blade for Hiking, Bushcraft, and Survival","1","amazon.com","Standard Orders","Amazon","SAGINAW","MI","48602","MarketplaceFacilitator","14.99","0.90","0","0","0","0","0","0","0","0","-0.90","-2.25","-5.84","0","0","6.90"
"Dec 7, 2025 4:55:00 AM PST","25081665871","Order","113-4886307-8776246","GB-CA-02-TIGER","Grumpy Bear Camping Hatchet with Tiger Carving, Full Tang Outdoor Axe with Decorative Handle, Durable Forged Blade for Hiking, Bushcraft, and Survival","1","amazon.com","Standard Orders","Amazon","ROYAL","AR","71968","MarketplaceFacilitator","14.99","1.20","0","0","0","0","0","0","0","0","-1.20","-2.25","-5.84","0","0","6.90"
"Dec 7, 2025 5:57:12 AM PST","25081665871","Order","112-2136839-9728235","C-axe-02","Full Tang Survival Camping Axe with Wood Ergonomic Handle and Nylon Sheath Sheath - High Carbon Stainless Steel, Multi-Tool for Outdoor, Hunting, Emer","1","amazon.com","Standard Orders","Amazon","BAYTOWN","TX","77521","MarketplaceFacilitator","14.99","1.24","0","0","0","0","0","0","0","0","-1.24","-2.25","-6.44","0","0","6.30"
"Dec 7, 2025 5:57:13 AM PST","25081665871","Order","111-6364376-9212239","Axe-F-R-L","Grumpy Bear 15"" Survival Axe Camping Hatchet - Forged High Carbon Steel Blade with Walnut Wood Handle - Shock-Absorbing, Anti-Slip Grip - Ideal for Bu","1","amazon.com","Standard Orders","Amazon","LEXINGTON","KY","40514","MarketplaceFacilitator","35.94","1.94","0","0","0","0","0","0","-3.59","0","-1.94","-4.85","-6.44","0","0","21.06"
"Dec 7, 2025 5:58:54 AM PST","25081665871","Order","113-7795139-4405812","C-axe-02","Full Tang Survival Camping Axe with Wood Ergonomic Handle and Nylon Sheath Sheath - High Carbon Stainless Steel, Multi-Tool for Outdoor, Hunting, Emer","1","amazon.com","Standard Orders","Amazon","SARATOGA","CA","95070","MarketplaceFacilitator","14.99","1.37","0","0","0","0","0","0","0","0","-1.37","-2.25","-6.44","0","0","6.30"
"Dec 7, 2025 6:11:15 AM PST","25081665871","Refund","113-7235475-6037800","AXE-SH-S","Grumpy Bear 11"" Survival Axe Camping Hatchet - Forged High Carbon Steel Blade with Walnut Wood Handle - Shock-Absorbing, Anti-Slip Grip - Ideal for Bu","1","amazon.com","Standard Orders","Amazon","WILLIAMSBURG","VA","23185","MarketplaceFacilitator","-34.41","-2.17","0","0","0","0","0","0","3.44","0","2.17","3.72","0","0","0","-27.25"
"Dec 7, 2025 6:54:08 AM PST","25081665871","Order","111-7680302-6279400","AXE-GBWS-L","Grumpy Bear 15"" Survival Axe Camping Hatchet - Forged High Carbon Steel Blade with Walnut Wood Handle - Shock-Absorbing, Anti-Slip Grip - Ideal for Bu","1","amazon.com","Standard Orders","Amazon","CANBY","OR","97013","","34.41","0","0","0","0","0","0","0","-3.44","0","0","-4.65","-6.44","0","0","19.88"
"Dec 7, 2025 7:22:42 AM PST","25081665871","Order","111-3977679-8193864","GB-CA-02-EAGLE","Grumpy Bear Camping Hatchet, Full Tang Outdoor Axe with Decorative Handle, Durable Forged Blade for Hiking, Bushcraft, and Survival (Eagle)","1","amazon.com","Standard Orders","Amazon","PUNXSUTAWNEY","PA","15767","MarketplaceFacilitator","19.99","1.20","0","0","0","0","0","0","0","0","-1.20","-3.00","-5.68","0","0","11.31"
"Dec 7, 2025 7:34:44 AM PST","25081665871","Order","113-6082576-5266632","Axe-F-R-L","Grumpy Bear 15"" Survival Axe Camping Hatchet - Forged High Carbon Steel Blade with Walnut Wood Handle - Shock-Absorbing, Anti-Slip Grip - Ideal for Bu","1","amazon.com","Standard Orders","Amazon","PORT CRANE","NY","13833","MarketplaceFacilitator","35.94","2.59","0","0","0","0","0","0","-3.59","0","-2.59","-4.85","-6.44","0","0","21.06"
"Dec 7, 2025 8:39:11 AM PST","25081665871","Order","S01-0238312-6859622","AXE-SH-S","Grumpy Bear 11"" Survival Axe Camping Hatchet – Forged High Carbon Steel Blade with Walnut Wood Handle – Shock-Absorbing, Anti-Slip Grip – Ideal for Bushcraft, Wood Splitting & Outdoor Adventures","1","sim1.stores.amazon.com","Standard Orders","Amazon","SAYRE","OK","73662","","0","0","0","0","0","0","0","0","0","0","0","0","-11.75","0","0","-11.75"
"Dec 7, 2025 8:41:18 AM PST","25081665871","Order","S01-4713739-9702005","AXE-SH-S","Grumpy Bear 11"" Survival Axe Camping Hatchet – Forged High Carbon Steel Blade with Walnut Wood Handle – Shock-Absorbing, Anti-Slip Grip – Ideal for Bushcraft, Wood Splitting & Outdoor Adventures","1","sim1.stores.amazon.com","Standard Orders","Amazon","BUNKER HILL","WV","25413","","0","0","0","0","0","0","0","0","0","0","0","0","-11.75","0","0","-11.75"
"Dec 7, 2025 8:50:16 AM PST","25081665871","Order","113-9155044-6845000","C-axe-02","Full Tang Survival Camping Axe with Wood Ergonomic Handle and Nylon Sheath Sheath - High Carbon Stainless Steel, Multi-Tool for Outdoor, Hunting, Emer","2","amazon.com","Standard Orders","Amazon","HURRICANE","UT","84737","MarketplaceFacilitator","29.98","2.02","0","0","0","0","0","0","0","0","-3.03","-6.75","-12.88","0","0","9.34"
"Dec 7, 2025 8:50:16 AM PST","25081665871","Order","113-9155044-6845000","C-axe-01","Full Tang Survival Camping Axe with Wood Ergonomic Handle and Nylon Sheath Sheath - High Carbon Stainless Steel, Multi-Tool for Outdoor, Hunting, Emer","1","amazon.com","Standard Orders","Amazon","HURRICANE","UT","84737","MarketplaceFacilitator","10.99","0.74","0","0","0","0","0","0","0","0","-1.48","-3.30","-6.10","0","0","0.85"
"Dec 7, 2025 8:50:16 AM PST","25081665871","Order","113-9155044-6845000","C-axe-01","Full Tang Survival Camping Axe with Wood Ergonomic Handle and Nylon Sheath Sheath - High Carbon Stainless Steel, Multi-Tool for Outdoor, Hunting, Emer","1","amazon.com","Standard Orders","Amazon","HURRICANE","UT","84737","","10.99","0.74","0","0","0","0","0","0","0","0","0","0","-6.10","0","0","5.63"
"Dec 7, 2025 8:50:16 AM PST","25081665871","Order","113-9155044-6845000","C-axe-02","Full Tang Survival Camping Axe with Wood Ergonomic Handle and Nylon Sheath Sheath - High Carbon Stainless Steel, Multi-Tool for Outdoor, Hunting, Emer","1","amazon.com","Standard Orders","Amazon","HURRICANE","UT","84737","","14.99","1.01","0","0","0","0","0","0","0","0","0","0","-6.44","0","0","9.56"
"Dec 7, 2025 8:58:06 AM PST","25081665871","Order","S01-4206256-8413258","AXE-SH-S","Grumpy Bear 11"" Survival Axe Camping Hatchet – Forged High Carbon Steel Blade with Walnut Wood Handle – Shock-Absorbing, Anti-Slip Grip – Ideal for Bushcraft, Wood Splitting & Outdoor Adventures","1","sim1.stores.amazon.com","Standard Orders","Amazon","BRONX","NY","10470","","0","0","0","0","0","0","0","0","0","0","0","0","-11.75","0","0","-11.75"
"Dec 7, 2025 9:37:36 AM PST","25081665871","Order","S01-2692679-3894827","AXE-SH-S","Grumpy Bear 11"" Survival Axe Camping Hatchet – Forged High Carbon Steel Blade with Walnut Wood Handle – Shock-Absorbing, Anti-Slip Grip – Ideal for Bushcraft, Wood Splitting & Outdoor Adventures","1","sim1.stores.amazon.com","Standard Orders","Amazon","WEST MONROE","LA","71291","","0","0","0","0","0","0","0","0","0","0","0","0","-11.75","0","0","-11.75"
"Dec 7, 2025 9:53:56 AM PST","25081665871","Order","111-9281228-8169029","C-axe-01","Full Tang Survival Camping Axe with Wood Ergonomic Handle and Nylon Sheath Sheath - High Carbon Stainless Steel, Multi-Tool for Outdoor, Hunting, Emer","1","amazon.com","Standard Orders","Amazon","PHILADELPHIA","PA","19136","MarketplaceFacilitator","10.99","0.66","0","0","0","0","0","0","0","0","-0.66","-1.65","-6.10","0","0","3.24"
"Dec 7, 2025 10:57:29 AM PST","25081665871","Order","113-2182228-2661044","C-axe-01","Full Tang Survival Camping Axe with Wood Ergonomic Handle and Nylon Sheath Sheath - High Carbon Stainless Steel, Multi-Tool for Outdoor, Hunting, Emer","1","amazon.com","Standard Orders","Amazon","LAURINBURG","NC","28352","MarketplaceFacilitator","10.99","0.74","0","0","0","0","0","0","0","0","-0.74","-1.65","-6.10","0","0","3.24"
"Dec 7, 2025 11:23:25 AM PST","25081665871","Order","111-0718025-7027412","Axe-F-R-L","Grumpy Bear 15"" Survival Axe Camping Hatchet - Forged High Carbon Steel Blade with Walnut Wood Handle - Shock-Absorbing, Anti-Slip Grip - Ideal for Bu","1","amazon.com","Standard Orders","Amazon","EAST PALESTINE","OH","44413","MarketplaceFacilitator","35.94","2.35","0","0","0","0","0","0","-3.59","0","-2.35","-4.85","-6.44","0","0","21.06"
"Dec 7, 2025 11:45:42 AM PST","25081665871","Order","S01-8823877-0054823","AXE-SH-L","Grumpy Bear 15"" Survival Axe Camping Hatchet – Forged High Carbon Steel Blade with Walnut Wood Handle – Shock-Absorbing, Anti-Slip Grip – Ideal for Bushcraft, Wood Splitting & Outdoor Adventures","1","sim1.stores.amazon.com","Standard Orders","Amazon","WOODLAND PARK","CO","80863","","0","0","0","0","0","0","0","0","0","0","0","0","-11.75","0","0","-11.75"
"Dec 7, 2025 12:23:40 PM PST","25081665871","Order","S01-8240695-5777212","AXE-WS-S","Grumpy Bear 11"" Survival Axe Camping Hatchet – Forged High Carbon Steel Blade with Walnut Wood Handle – Shock-Absorbing, Anti-Slip Grip – Ideal for Bushcraft, Wood Splitting & Outdoor Adventures","1","sim1.stores.amazon.com","Standard Orders","Amazon","GALETON","CO","80622","","0","0","0","0","0","0","0","0","0","0","0","0","-11.75","0","0","-11.75"
"Dec 7, 2025 1:13:35 PM PST","25081665871","Order","114-1684087-0221821","Axe-F-R-L","Grumpy Bear 15"" Survival Axe Camping Hatchet - Forged High Carbon Steel Blade with Walnut Wood Handle - Shock-Absorbing, Anti-Slip Grip - Ideal for Bu","1","amazon.com","Standard Orders","Amazon","PENACOOK","NH","03303","","36.94","0","0","0","0","0","0","0","-3.69","0","0","-4.99","-6.44","0","0","21.82"
"Dec 7, 2025 1:34:50 PM PST","25081665871","Order","111-2251383-9383422","C-axe-02","Full Tang Survival Camping Axe with Wood Ergonomic Handle and Nylon Sheath Sheath - High Carbon Stainless Steel, Multi-Tool for Outdoor, Hunting, Emer","1","amazon.com","Standard Orders","Amazon","BONNEY LAKE","WA","98391","MarketplaceFacilitator","14.99","1.42","0","0","0","0","0","0","0","0","-1.42","-2.25","-6.44","0","0","6.30"
"Dec 7, 2025 3:06:35 PM PST","25081665871","Order","114-4425202-9546611","GB-CA-02-LION","Grumpy Bear Camping Hatchet with Lion Carving, Full Tang Outdoor Axe with Decorative Handle, Durable Forged Blade for Hiking, Bushcraft, and Survival","1","amazon.com","Standard Orders","Amazon","Marietta","GA","30064","MarketplaceFacilitator","14.99","0.90","0","0","0","0","0","0","0","0","-0.90","-2.25","-5.68","0","0","7.06"
"Dec 7, 2025 4:35:23 PM PST","25081665871","Order","113-7215547-8926659","C-axe-02","Full Tang Survival Camping Axe with Wood Ergonomic Handle and Nylon Sheath Sheath - High Carbon Stainless Steel, Multi-Tool for Outdoor, Hunting, Emer","1","amazon.com","Standard Orders","Amazon","LOCUST","NC","28097","MarketplaceFacilitator","14.99","1.05","0","0","0","0","0","0","0","0","-1.05","-2.25","-6.44","0","0","6.30"
"Dec 7, 2025 5:06:04 PM PST","25081665871","Order","S01-6069865-3267643","AXE-SH-L","Grumpy Bear 15"" Survival Axe Camping Hatchet – Forged High Carbon Steel Blade with Walnut Wood Handle – Shock-Absorbing, Anti-Slip Grip – Ideal for Bushcraft, Wood Splitting & Outdoor Adventures","1","sim1.stores.amazon.com","Standard Orders","Amazon","JERSEY SHORE","PA","17740","","0","0","0","0","0","0","0","0","0","0","0","0","-11.75","0","0","-11.75"
"Dec 7, 2025 5:34:24 PM PST","25081665871","Order","113-5619319-4211403","C-axe-02","Full Tang Survival Camping Axe with Wood Ergonomic Handle and Nylon Sheath Sheath - High Carbon Stainless Steel, Multi-Tool for Outdoor, Hunting, Emer","1","amazon.com","Standard Orders","Amazon","MADISON","NC","27025","MarketplaceFacilitator","14.99","1.05","0","0","0","0","0","0","0","0","-1.05","-2.25","-6.44","0","0","6.30"
"Dec 7, 2025 7:49:19 PM PST","25081665871","Order","113-5619319-4211403","C-axe-02","Full Tang Survival Camping Axe with Wood Ergonomic Handle and Nylon Sheath Sheath - High Carbon Stainless Steel, Multi-Tool for Outdoor, Hunting, Emer","1","amazon.com","Standard Orders","Amazon","MADISON","NC","27025","MarketplaceFacilitator","14.99","1.05","0","0","0","0","0","0","0","0","-1.05","-2.25","-6.44","0","0","6.30"
"Dec 7, 2025 8:18:54 PM PST","25081665871","Order","113-4858500-2865026","GB-CA-02-LION","Grumpy Bear Camping Hatchet with Lion Carving, Full Tang Outdoor Axe with Decorative Handle, Durable Forged Blade for Hiking, Bushcraft, and Survival","1","amazon.com","Standard Orders","Amazon","BREMERTON","WA","98311","MarketplaceFacilitator","14.99","1.38","0","0","0","0","0","0","0","0","-1.38","-2.25","-5.68","0","0","7.06"
"Dec 7, 2025 10:28:46 PM PST","25081665871","Order","112-6387977-6116203","Axe-F-R-L","Grumpy Bear 15"" Survival Axe Camping Hatchet - Forged High Carbon Steel Blade with Walnut Wood Handle - Shock-Absorbing, Anti-Slip Grip - Ideal for Bu","1","amazon.com","Standard Orders","Amazon","SAN DIEGO","CA","92123","MarketplaceFacilitator","35.94","2.51","0","0","0","0","0","0","-3.59","0","-2.51","-4.85","-6.44","0","0","21.06"
"Dec 7, 2025 10:44:29 PM PST","25081665871","Order","114-7823012-3751444","GB-CA-02-WOLF","Grumpy Bear Camping Hatchet with Wolf Carving, Full Tang Outdoor Axe with Decorative Handle, Durable Forged Blade for Hiking, Bushcraft, and Survival","1","amazon.com","Standard Orders","Amazon","THORNDALE","TX","76577","MarketplaceFacilitator","19.99","1.65","0","0","0","0","0","0","0","0","-1.65","-3.00","-5.84","0","0","11.15"
"Dec 7, 2025 10:46:20 PM PST","25081665871","Order","112-5353467-0214630","Axe-F-R-L","Grumpy Bear 15"" Survival Axe Camping Hatchet - Forged High Carbon Steel Blade with Walnut Wood Handle - Shock-Absorbing, Anti-Slip Grip - Ideal for Bu","1","amazon.com","Standard Orders","Amazon","GRAVETTE","AR","72736","MarketplaceFacilitator","35.94","3.07","0","0","0","0","0","0","-3.59","0","-3.07","-4.85","-6.44","0","0","21.06"
"Dec 7, 2025 11:05:41 PM PST","25081665871","FBA Inventory Fee","","","FBA storage fee","","Amazon.com","Standard Orders","","","","","","0","0","0","0","0","0","0","0","0","0","0","0","0","0","-966.80","-966.80"
"Dec 8, 2025 12:15:23 AM PST","25081665871","Order","114-6157784-1886645","C-axe-02","Full Tang Survival Camping Axe with Wood Ergonomic Handle and Nylon Sheath Sheath - High Carbon Stainless Steel, Multi-Tool for Outdoor, Hunting, Emer","1","amazon.com","Standard Orders","Amazon","ANAHEIM","CA","92804","MarketplaceFacilitator","14.99","1.16","3.56","0.28","0","0","0","0","0","0","-1.44","-2.25","-10.00","0","0","6.30"
"Dec 8, 2025 12:20:24 AM PST","25081665871","Order","114-4683024-2196255","C-axe-01","Full Tang Survival Camping Axe with Wood Ergonomic Handle and Nylon Sheath Sheath - High Carbon Stainless Steel, Multi-Tool for Outdoor, Hunting, Emer","1","amazon.com","Standard Orders","Amazon","CLAYMONT","DE","19703","","10.99","0","0","0","0","0","0","0","0","0","0","-1.65","-6.10","0","0","3.24"
"Dec 8, 2025 1:13:44 AM PST","25081665871","Order","113-1351291-8442654","GB-CA-02-LION","Grumpy Bear Camping Hatchet with Lion Carving, Full Tang Outdoor Axe with Decorative Handle, Durable Forged Blade for Hiking, Bushcraft, and Survival","1","amazon.com","Standard Orders","Amazon","KUNA","ID","83634","MarketplaceFacilitator","14.99","0.90","0","0","0","0","0","0","0","0","-0.90","-2.25","-5.68","0","0","7.06"
"Dec 8, 2025 1:14:45 AM PST","25081665871","Order","114-7983308-8214630","GB-CA-02-LION","Grumpy Bear Camping Hatchet with Lion Carving, Full Tang Outdoor Axe with Decorative Handle, Durable Forged Blade for Hiking, Bushcraft, and Survival","1","amazon.com","Standard Orders","Amazon","PHOENIX","AZ","85016","MarketplaceFacilitator","14.99","1.36","0","0","0","0","0","0","0","0","-1.36","-2.25","-5.68","0","0","7.06"
"Dec 8, 2025 1:39:34 AM PST","25081665871","Order","114-9593449-1955409","C-axe-01","Full Tang Survival Camping Axe with Wood Ergonomic Handle and Nylon Sheath Sheath - High Carbon Stainless Steel, Multi-Tool for Outdoor, Hunting, Emer","1","amazon.com","Standard Orders","Amazon","Bellingham","WA","98225","MarketplaceFacilitator","10.99","0.99","0","0","0","0","0","0","0","0","-0.99","-1.65","-6.10","0","0","3.24"
"Dec 8, 2025 1:46:50 AM PST","25081665871","Order","112-2421298-8433824","GB-CA-02-TIGER","Grumpy Bear Camping Hatchet with Tiger Carving, Full Tang Outdoor Axe with Decorative Handle, Durable Forged Blade for Hiking, Bushcraft, and Survival","1","amazon.com","Standard Orders","Amazon","DRACUT","MA","01826","MarketplaceFacilitator","14.99","0.94","0","0","0","0","0","0","0","0","-0.94","-2.25","-5.84","0","0","6.90"
"Dec 8, 2025 1:46:50 AM PST","25081665871","Order","112-2421298-8433824","GB-CA-02-WOLF","Grumpy Bear Camping Hatchet with Wolf Carving, Full Tang Outdoor Axe with Decorative Handle, Durable Forged Blade for Hiking, Bushcraft, and Survival","1","amazon.com","Standard Orders","Amazon","DRACUT","MA","01826","MarketplaceFacilitator","19.99","1.25","0","0","0","0","0","0","0","0","-1.25","-3.00","-5.84","0","0","11.15"
"Dec 8, 2025 1:47:24 AM PST","25081665871","Order","113-7215547-8926659","C-axe-01","Full Tang Survival Camping Axe with Wood Ergonomic Handle and Nylon Sheath Sheath - High Carbon Stainless Steel, Multi-Tool for Outdoor, Hunting, Emer","1","amazon.com","Standard Orders","Amazon","LOCUST","NC","28097","MarketplaceFacilitator","10.99","0.77","0","0","0","0","0","0","0","0","-0.77","-1.65","-6.10","0","0","3.24"
"Dec 8, 2025 1:50:28 AM PST","25081665871","Order","113-3035184-0432259","Axe-F-R-L","Grumpy Bear 15"" Survival Axe Camping Hatchet - Forged High Carbon Steel Blade with Walnut Wood Handle - Shock-Absorbing, Anti-Slip Grip - Ideal for Bu","1","amazon.com","Standard Orders","Amazon","MOOSUP","CT","06354","MarketplaceFacilitator","35.94","2.05","0","0","0","0","0","0","-3.59","0","-2.05","-4.85","-6.44","0","0","21.06"
"Dec 8, 2025 1:53:40 AM PST","25081665871","Order","113-5847154-4442644","C-axe-01","Full Tang Survival Camping Axe with Wood Ergonomic Handle and Nylon Sheath Sheath - High Carbon Stainless Steel, Multi-Tool for Outdoor, Hunting, Emer","1","amazon.com","Standard Orders","Amazon","CHARLESTON","SC","29412","MarketplaceFacilitator","10.99","0.99","0","0","0","0","0","0","0","0","-0.99","-1.65","-6.10","0","0","3.24"
"Dec 8, 2025 2:08:22 AM PST","25081665871","Order","S01-9760380-2354008","AXE-SH-S","Grumpy Bear 11"" Survival Axe Camping Hatchet – Forged High Carbon Steel Blade with Walnut Wood Handle – Shock-Absorbing, Anti-Slip Grip – Ideal for Bushcraft, Wood Splitting & Outdoor Adventures","1","sim1.stores.amazon.com","Standard Orders","Amazon","BIG SUR","CA","93920","","0","0","0","0","0","0","0","0","0","0","0","0","-11.75","0","0","-11.75"
"Dec 8, 2025 2:25:25 AM PST","25081665871","Order","112-9666025-4390668","CP-A-K-U","Grumpy Bear Camping Axe & Sickle Set - Dual Outdoor Tools for Camping, Survival & Bushcraft | High Carbon Steel Camping Axe & Hatchet Combo | Black Ox","1","amazon.com","Standard Orders","Amazon","BETHEL PARK","PA","15102","MarketplaceFacilitator","29.99","1.80","0","0","0","0","0","0","0","0","-1.80","-4.50","-5.84","0","0","19.65"
"Dec 8, 2025 2:36:57 AM PST","25081665871","Order","113-4886307-8776246","GB-CA-02-TIGER","Grumpy Bear Camping Hatchet with Tiger Carving, Full Tang Outdoor Axe with Decorative Handle, Durable Forged Blade for Hiking, Bushcraft, and Survival","1","amazon.com","Standard Orders","Amazon","ROYAL","AR","71968","MarketplaceFacilitator","14.99","1.20","0","0","0","0","0","0","0","0","-1.20","-2.25","-5.84","0","0","6.90"
"Dec 8, 2025 2:42:28 AM PST","25081665871","Order","113-2122874-3824202","GB-CA-02-EAGLE","Grumpy Bear Camping Hatchet, Full Tang Outdoor Axe with Decorative Handle, Durable Forged Blade for Hiking, Bushcraft, and Survival (Eagle)","1","amazon.com","Standard Orders","Amazon","HOPEDALE","MA","01747","MarketplaceFacilitator","19.99","1.25","0","0","0","0","0","0","0","0","-1.25","-3.00","-5.68","0","0","11.31"
"Dec 8, 2025 2:45:28 AM PST","25081665871","Order","111-2155442-1669022","AXE-SH-L","Grumpy Bear 15"" Survival Axe Camping Hatchet - Forged High Carbon Steel Blade with Walnut Wood Handle - Shock-Absorbing, Anti-Slip Grip - Ideal for Bu","1","amazon.com","Standard Orders","Amazon","SAN DIEGO","CA","92130","MarketplaceFacilitator","36.94","2.58","0","0","0","0","0","0","-3.69","0","-2.58","-4.99","-6.44","0","0","21.82"
"Dec 8, 2025 3:06:44 AM PST","25081665871","Order","112-7218425-3875429","Axe-F-R-L","Grumpy Bear 15"" Survival Axe Camping Hatchet - Forged High Carbon Steel Blade with Walnut Wood Handle - Shock-Absorbing, Anti-Slip Grip - Ideal for Bu","1","amazon.com","Standard Orders","Amazon","DENVER","NC","28037","MarketplaceFacilitator","35.94","2.26","0","0","0","0","0","0","-3.59","0","-2.26","-4.85","-6.44","0","0","21.06"
"Dec 8, 2025 3:07:41 AM PST","25081665871","Order","113-1724031-9416226","GB-CA-02-LION","Grumpy Bear Camping Hatchet with Lion Carving, Full Tang Outdoor Axe with Decorative Handle, Durable Forged Blade for Hiking, Bushcraft, and Survival","1","amazon.com","Standard Orders","Amazon","MOORHEAD","MN","56560","MarketplaceFacilitator","14.99","1.18","0","0","0","0","0","0","0","0","-1.18","-2.25","-5.68","0","0","7.06"
"Dec 8, 2025 3:10:07 AM PST","25081665871","Order","111-6837203-4814654","C-axe-02","Full Tang Survival Camping Axe with Wood Ergonomic Handle and Nylon Sheath Sheath - High Carbon Stainless Steel, Multi-Tool for Outdoor, Hunting, Emer","1","amazon.com","Standard Orders","Amazon","PITTSTON","PA","18640","MarketplaceFacilitator","14.99","0.90","0","0","0","0","0","0","0","0","-0.90","-2.25","-6.44","0","0","6.30"
"Dec 8, 2025 3:27:13 AM PST","25081665871","Order","111-3219742-2342603","C-axe-01","Full Tang Survival Camping Axe with Wood Ergonomic Handle and Nylon Sheath Sheath - High Carbon Stainless Steel, Multi-Tool for Outdoor, Hunting, Emer","1","amazon.com","Standard Orders","Amazon","BONNEY LAKE","WA","98391","MarketplaceFacilitator","10.99","1.04","0","0","0","0","0","0","0","0","-1.04","-1.65","-6.10","0","0","3.24"
"Dec 8, 2025 4:47:42 AM PST","25081665871","Order","113-6042879-4090601","C-axe-02","Full Tang Survival Camping Axe with Wood Ergonomic Handle and Nylon Sheath Sheath - High Carbon Stainless Steel, Multi-Tool for Outdoor, Hunting, Emer","1","amazon.com","Standard Orders","Amazon","Green Valley","Arizona","85614","MarketplaceFacilitator","14.99","0.91","0","0","0","0","0","0","0","0","-0.91","-2.25","-6.44","0","0","6.30"
"Dec 8, 2025 6:31:25 AM PST","25081665871","Order","S01-3164884-2882836","GB-CA-02-LION","Grumpy Bear Camping Hatchet with Lion Carving, Full Tang Outdoor Axe with Decorative Handle, Durable Forged Blade for Hiking, Bushcraft, and Survival","1","sim1.stores.amazon.com","Standard Orders","Amazon","CHILDWOLD","NY","12922","","0","0","0","0","0","0","0","0","0","0","0","0","-10.60","0","0","-10.60"
"Dec 8, 2025 6:34:09 AM PST","25081665871","Order","112-2256969-7241065","C-axe-01","Full Tang Survival Camping Axe with Wood Ergonomic Handle and Nylon Sheath Sheath - High Carbon Stainless Steel, Multi-Tool for Outdoor, Hunting, Emer","2","amazon.com","Standard Orders","Amazon","TACOMA","WA","98465","MarketplaceFacilitator","21.98","2.26","0","0","0","0","0","0","0","0","-2.26","-3.30","-12.20","0","0","6.48"
"Dec 8, 2025 7:01:54 AM PST","25081665871","Order","114-1389918-7547465","C-axe-01","Full Tang Survival Camping Axe with Wood Ergonomic Handle and Nylon Sheath Sheath - High Carbon Stainless Steel, Multi-Tool for Outdoor, Hunting, Emer","1","amazon.com","Standard Orders","Amazon","PUEBLO","CO","81001","MarketplaceFacilitator","10.99","0.84","0","0","0","0","0","0","0","0","-0.84","-1.65","-6.10","0","0","3.24"
"Dec 8, 2025 7:04:57 AM PST","25081665871","Order","114-8072923-9641022","C-axe-01","Full Tang Survival Camping Axe with Wood Ergonomic Handle and Nylon Sheath Sheath - High Carbon Stainless Steel, Multi-Tool for Outdoor, Hunting, Emer","1","amazon.com","Standard Orders","Amazon","DIAMOND BAR","CA","91765","MarketplaceFacilitator","10.99","1.07","0","0","0","0","0","0","0","0","-1.07","-1.65","-6.10","0","0","3.24"
"Dec 8, 2025 7:21:28 AM PST","25081665871","Order","112-3078217-0237865","AXE-GBWS-L","Grumpy Bear 15"" Survival Axe Camping Hatchet - Forged High Carbon Steel Blade with Walnut Wood Handle - Shock-Absorbing, Anti-Slip Grip - Ideal for Bu","1","amazon.com","Standard Orders","Amazon","APOPKA","FL","32703","MarketplaceFacilitator","34.41","2.01","0","0","0","0","0","0","-3.44","0","-2.01","-4.65","-6.44","0","0","19.88"
"Dec 8, 2025 7:50:07 AM PST","25081665871","Order","113-0468741-3225058","Axe-F-R-L","Grumpy Bear 15"" Survival Axe Camping Hatchet - Forged High Carbon Steel Blade with Walnut Wood Handle - Shock-Absorbing, Anti-Slip Grip - Ideal for Bu","1","amazon.com","Standard Orders","Amazon","GREENWOOD","SC","29646","MarketplaceFacilitator","35.94","2.26","0","0","0","0","0","0","-3.59","0","-2.26","-4.85","-6.44","0","0","21.06"
"Dec 8, 2025 7:59:00 AM PST","25081665871","Order","113-1927302-7394610","GB-CA-02-TIGER","Grumpy Bear Camping Hatchet with Tiger Carving, Full Tang Outdoor Axe with Decorative Handle, Durable Forged Blade for Hiking, Bushcraft, and Survival","1","amazon.com","Standard Orders","Amazon","HIALEAH","FL","33012","MarketplaceFacilitator","14.99","1.05","0","0","0","0","0","0","0","0","-1.05","-2.25","-5.84","0","0","6.90"
"Dec 8, 2025 8:16:13 AM PST","25081665871","Order","113-1724572-0696224","C-axe-02","Full Tang Survival Camping Axe with Wood Ergonomic Handle and Nylon Sheath Sheath - High Carbon Stainless Steel, Multi-Tool for Outdoor, Hunting, Emer","2","amazon.com","Standard Orders","Amazon","WINTER PARK","FL","32789","MarketplaceFacilitator","29.98","1.94","0","0","0","0","0","0","0","0","-1.94","-4.50","-12.88","0","0","12.60"
"Dec 8, 2025 8:41:09 AM PST","25081665871","Order","113-2122874-3824202","GB-CA-02-TIGER","Grumpy Bear Camping Hatchet with Tiger Carving, Full Tang Outdoor Axe with Decorative Handle, Durable Forged Blade for Hiking, Bushcraft, and Survival","1","amazon.com","Standard Orders","Amazon","HOPEDALE","MA","01747","MarketplaceFacilitator","14.99","0.94","0","0","0","0","0","0","0","0","-0.94","-2.25","-5.84","0","0","6.90"
"Dec 8, 2025 9:41:49 AM PST","25081665871","Order","S01-3899600-7134864","AXE-SH-S","Grumpy Bear 11"" Survival Axe Camping Hatchet – Forged High Carbon Steel Blade with Walnut Wood Handle – Shock-Absorbing, Anti-Slip Grip – Ideal for Bushcraft, Wood Splitting & Outdoor Adventures","1","sim1.stores.amazon.com","Standard Orders","Amazon","OAKDALE","MN","55128","","0","0","0","0","0","0","0","0","0","0","0","0","-11.75","0","0","-11.75"
"Dec 8, 2025 10:01:56 AM PST","25081665871","Order","S01-1677916-0855615","AXE-WS-L","Grumpy Bear 15"" Survival Axe Camping Hatchet – Forged High Carbon Steel Blade with Walnut Wood Handle – Shock-Absorbing, Anti-Slip Grip – Ideal for Bushcraft, Wood Splitting & Outdoor Adventures","1","sim1.stores.amazon.com","Standard Orders","Amazon","PERRY","UT","84302","","0","0","0","0","0","0","0","0","0","0","0","0","-7.20","0","0","-7.20"
"Dec 8, 2025 10:01:56 AM PST","25081665871","Order","S01-1677916-0855615","C-axe-02","Full Tang Survival Camping Axe with Wood Ergonomic Handle and Nylon Sheath Sheath – High Carbon Stainless Steel, Multi-Tool for Outdoor, Hunting, Emergency (Big)","2","sim1.stores.amazon.com","Standard Orders","Amazon","PERRY","UT","84302","","0","0","0","0","0","0","0","0","0","0","0","0","-14.40","0","0","-14.40"
"Dec 8, 2025 10:35:20 AM PST","25081665871","Refund","111-1795824-3489840","C-axe-01","Full Tang Survival Camping Axe with Wood Ergonomic Handle and Nylon Sheath Sheath - High Carbon Stainless Steel, Multi-Tool for Outdoor, Hunting, Emer","1","amazon.com","Standard Orders","Amazon","COCKEYSVILLE","MD","21030","MarketplaceFacilitator","-10.99","-0.66","0","0","0","0","0","0","0","0","0.66","1.32","0","0","0","-9.67"
"Dec 8, 2025 11:06:11 AM PST","25081665871","Order","S01-7791821-3352426","AXE-SH-S","Grumpy Bear 11"" Survival Axe Camping Hatchet – Forged High Carbon Steel Blade with Walnut Wood Handle – Shock-Absorbing, Anti-Slip Grip – Ideal for Bushcraft, Wood Splitting & Outdoor Adventures","1","sim1.stores.amazon.com","Standard Orders","Amazon","GLEN BURNIE","MD","21060","","0","0","0","0","0","0","0","0","0","0","0","0","-11.75","0","0","-11.75"
"Dec 8, 2025 11:26:54 AM PST","25081665871","Order","114-7823012-3751444","GB-CA-02-LION","Grumpy Bear Camping Hatchet with Lion Carving, Full Tang Outdoor Axe with Decorative Handle, Durable Forged Blade for Hiking, Bushcraft, and Survival","1","amazon.com","Standard Orders","Amazon","THORNDALE","TX","76577","MarketplaceFacilitator","14.99","1.24","0","0","0","0","0","0","0","0","-1.24","-2.25","-5.68","0","0","7.06"
"Dec 8, 2025 11:39:25 AM PST","25081665871","Order","S01-8616241-6889234","GB-CA-02-LION","Grumpy Bear Camping Hatchet with Lion Carving, Full Tang Outdoor Axe with Decorative Handle, Durable Forged Blade for Hiking, Bushcraft, and Survival","1","sim1.stores.amazon.com","Standard Orders","Amazon","DALLAS","NC","28034","","0","0","0","0","0","0","0","0","0","0","0","0","-10.60","0","0","-10.60"
"Dec 8, 2025 11:44:09 AM PST","25081665871","Order","S01-7974957-3097206","GB-CA-02-LION","Grumpy Bear Camping Hatchet with Lion Carving, Full Tang Outdoor Axe with Decorative Handle, Durable Forged Blade for Hiking, Bushcraft, and Survival","1","sim1.stores.amazon.com","Standard Orders","Amazon","AURORA","CO","80013","","0","0","0","0","0","0","0","0","0","0","0","0","-10.60","0","0","-10.60"
"Dec 8, 2025 11:52:27 AM PST","25081665871","Order","S01-4342777-6322065","AXE-SH-S","Grumpy Bear 11"" Survival Axe Camping Hatchet – Forged High Carbon Steel Blade with Walnut Wood Handle – Shock-Absorbing, Anti-Slip Grip – Ideal for Bushcraft, Wood Splitting & Outdoor Adventures","1","sim1.stores.amazon.com","Standard Orders","Amazon","FOUNTAIN","FL","32438","","0","0","0","0","0","0","0","0","0","0","0","0","-11.75","0","0","-11.75"
"Dec 8, 2025 2:15:33 PM PST","25081665871","Order","S01-7130886-0581223","AXE-SH-S","Grumpy Bear 11"" Survival Axe Camping Hatchet – Forged High Carbon Steel Blade with Walnut Wood Handle – Shock-Absorbing, Anti-Slip Grip – Ideal for Bushcraft, Wood Splitting & Outdoor Adventures","1","sim1.stores.amazon.com","Standard Orders","Amazon","PALATINE","IL","60074","","0","0","0","0","0","0","0","0","0","0","0","0","-11.75","0","0","-11.75"
"Dec 8, 2025 2:23:01 PM PST","25081665871","Order","S01-8025506-3085267","AXE-SH-S","Grumpy Bear 11"" Survival Axe Camping Hatchet – Forged High Carbon Steel Blade with Walnut Wood Handle – Shock-Absorbing, Anti-Slip Grip – Ideal for Bushcraft, Wood Splitting & Outdoor Adventures","1","sim1.stores.amazon.com","Standard Orders","Amazon","BUFFALO","NY","14217","","0","0","0","0","0","0","0","0","0","0","0","0","-11.75","0","0","-11.75"
"Dec 8, 2025 2:24:03 PM PST","25081665871","Order","S01-0629244-1826065","AXE-SH-S","Grumpy Bear 11"" Survival Axe Camping Hatchet – Forged High Carbon Steel Blade with Walnut Wood Handle – Shock-Absorbing, Anti-Slip Grip – Ideal for Bushcraft, Wood Splitting & Outdoor Adventures","1","sim1.stores.amazon.com","Standard Orders","Amazon","FARMINGTON","MN","55024","","0","0","0","0","0","0","0","0","0","0","0","0","-11.75","0","0","-11.75"
"Dec 8, 2025 2:49:07 PM PST","25081665871","Order","S01-1670661-0683608","GB-CA-02-LION","Grumpy Bear Camping Hatchet with Lion Carving, Full Tang Outdoor Axe with Decorative Handle, Durable Forged Blade for Hiking, Bushcraft, and Survival","1","sim1.stores.amazon.com","Standard Orders","Amazon","POLLOCK PINES","CA","95726","","0","0","0","0","0","0","0","0","0","0","0","0","-10.60","0","0","-10.60"
"Dec 8, 2025 3:17:11 PM PST","25081665871","Order","112-5827563-7838621","Axe-F-R-L","Grumpy Bear 15"" Survival Axe Camping Hatchet - Forged High Carbon Steel Blade with Walnut Wood Handle - Shock-Absorbing, Anti-Slip Grip - Ideal for Bu","1","amazon.com","Standard Orders","Amazon","FRISCO","TX","75033","MarketplaceFacilitator","35.94","2.67","0","0","0","0","0","0","-3.59","0","-2.67","-4.85","-6.44","0","0","21.06"
"Dec 8, 2025 3:59:16 PM PST","25081665871","Order","114-5404329-7265005","C-axe-02","Full Tang Survival Camping Axe with Wood Ergonomic Handle and Nylon Sheath Sheath - High Carbon Stainless Steel, Multi-Tool for Outdoor, Hunting, Emer","1","amazon.com","Standard Orders","Amazon","LAVEEN","AZ","85339","MarketplaceFacilitator","14.99","1.36","0","0","0","0","0","0","0","0","-1.36","-2.25","-6.44","0","0","6.30"
"Dec 8, 2025 4:09:29 PM PST","25081665871","Order","114-7977761-6873038","Axe-F-R-S","Grumpy Bear 11"" Survival Axe Camping Hatchet - Forged High Carbon Steel Blade with Walnut Wood Handle - Shock-Absorbing, Anti-Slip Grip - Ideal for Bu","1","amazon.com","Standard Orders","Amazon","BARBERTON","OH","44203","MarketplaceFacilitator","34.41","2.09","0","0","0","0","0","0","-3.44","0","-2.09","-4.65","-6.24","0","0","20.08"
"Dec 8, 2025 5:04:51 PM PST","25081665871","Order","111-8729803-7005066","Axe-F-R-L","Grumpy Bear 15"" Survival Axe Camping Hatchet - Forged High Carbon Steel Blade with Walnut Wood Handle - Shock-Absorbing, Anti-Slip Grip - Ideal for Bu","1","amazon.com","Standard Orders","Amazon","MATEWAN","WV","25678","MarketplaceFacilitator","35.94","1.94","6.99","0","0","0","0","0","-10.58","0","-1.94","-4.85","-6.44","0","0","21.06"
"Dec 8, 2025 5:20:43 PM PST","25081665871","Order","113-5224391-1901052","C-axe-02","Full Tang Survival Camping Axe with Wood Ergonomic Handle and Nylon Sheath Sheath - High Carbon Stainless Steel, Multi-Tool for Outdoor, Hunting, Emer","1","amazon.com","Standard Orders","Amazon","SEFFNER","FL","33584","MarketplaceFacilitator","14.99","1.12","0","0","0","0","0","0","0","0","-1.12","-2.25","-6.44","0","0","6.30"
"Dec 8, 2025 6:14:57 PM PST","25081665871","Order","114-2159800-4321829","C-axe-01","Full Tang Survival Camping Axe with Wood Ergonomic Handle and Nylon Sheath Sheath - High Carbon Stainless Steel, Multi-Tool for Outdoor, Hunting, Emer","1","amazon.com","Standard Orders","Amazon","Osceola","Indiana","46561","MarketplaceFacilitator","10.99","0.77","0","0","0","0","0","0","0","0","-0.77","-1.65","-6.10","0","0","3.24"
"Dec 8, 2025 7:48:01 PM PST","25081665871","Order","S01-4281365-6694820","AXE-SH-S","Grumpy Bear 11"" Survival Axe Camping Hatchet – Forged High Carbon Steel Blade with Walnut Wood Handle – Shock-Absorbing, Anti-Slip Grip – Ideal for Bushcraft, Wood Splitting & Outdoor Adventures","1","sim1.stores.amazon.com","Standard Orders","Amazon","BEDFORD","IN","47421","","0","0","0","0","0","0","0","0","0","0","0","0","-11.75","0","0","-11.75"
"Dec 8, 2025 7:50:44 PM PST","25081665871","Order","S01-0675907-3706039","AXE-SH-S","Grumpy Bear 11"" Survival Axe Camping Hatchet – Forged High Carbon Steel Blade with Walnut Wood Handle – Shock-Absorbing, Anti-Slip Grip – Ideal for Bushcraft, Wood Splitting & Outdoor Adventures","1","sim1.stores.amazon.com","Standard Orders","Amazon","EDMORE","MI","48829","","0","0","0","0","0","0","0","0","0","0","0","0","-11.75","0","0","-11.75"
"Dec 8, 2025 7:54:39 PM PST","25081665871","Order","112-7327275-6336228","AXE-GBWS-L","Grumpy Bear 15"" Survival Axe Camping Hatchet - Forged High Carbon Steel Blade with Walnut Wood Handle - Shock-Absorbing, Anti-Slip Grip - Ideal for Bu","1","amazon.com","Standard Orders","Amazon","APOPKA","FL","32703","MarketplaceFacilitator","35.41","2.07","0","0","0","0","0","0","-3.54","0","-2.07","-4.78","-6.44","0","0","20.65"
"Dec 8, 2025 8:01:30 PM PST","25081665871","Order","S01-0749838-5951637","AXE-SH-S","Grumpy Bear 11"" Survival Axe Camping Hatchet – Forged High Carbon Steel Blade with Walnut Wood Handle – Shock-Absorbing, Anti-Slip Grip – Ideal for Bushcraft, Wood Splitting & Outdoor Adventures","1","sim1.stores.amazon.com","Standard Orders","Amazon","POWELL","TN","37849","","0","0","0","0","0","0","0","0","0","0","0","0","-11.75","0","0","-11.75"
"Dec 8, 2025 8:05:30 PM PST","25081665871","Order","113-3067709-4186614","AXE-WS-L","Grumpy Bear 15"" Survival Axe Camping Hatchet - Forged High Carbon Steel Blade with Walnut Wood Handle - Shock-Absorbing, Anti-Slip Grip - Ideal for Bu","1","amazon.com","Standard Orders","Amazon","NORTH FORT MYERS","FL","33903","MarketplaceFacilitator","29.99","1.95","0","0","0","0","0","0","0","0","-1.95","-4.50","-6.44","0","0","19.05"
"Dec 8, 2025 9:04:34 PM PST","25081665871","Order","114-9833765-8020256","C-axe-01","Full Tang Survival Camping Axe with Wood Ergonomic Handle and Nylon Sheath Sheath - High Carbon Stainless Steel, Multi-Tool for Outdoor, Hunting, Emer","1","amazon.com","Standard Orders","Amazon","Castro Valley","CA","94546","MarketplaceFacilitator","10.99","1.13","0","0","0","0","0","0","0","0","-1.13","-1.65","-6.10","0","0","3.24"
"Dec 8, 2025 10:38:22 PM PST","25081665871","Order","111-9711742-8016238","GB-CA-02-EAGLE","Grumpy Bear Camping Hatchet, Full Tang Outdoor Axe with Decorative Handle, Durable Forged Blade for Hiking, Bushcraft, and Survival (Eagle)","1","amazon.com","Standard Orders","Amazon","KERNERSVILLE","NC","27284","MarketplaceFacilitator","19.99","1.40","0","0","0","0","0","0","0","0","-1.40","-3.00","-5.68","0","0","11.31"
"Dec 8, 2025 10:54:28 PM PST","25081665871","Order","112-9949087-7756211","GB-CA-02-LION","Grumpy Bear Camping Hatchet with Lion Carving, Full Tang Outdoor Axe with Decorative Handle, Durable Forged Blade for Hiking, Bushcraft, and Survival","1","amazon.com","Standard Orders","Amazon","Garland","Maine","04939","MarketplaceFacilitator","14.99","0.82","0","0","0","0","0","0","0","0","-0.82","-2.25","-5.68","0","0","7.06"
"Dec 8, 2025 11:07:31 PM PST","25081665871","Order","111-6807975-9436246","C-axe-02","Full Tang Survival Camping Axe with Wood Ergonomic Handle and Nylon Sheath Sheath - High Carbon Stainless Steel, Multi-Tool for Outdoor, Hunting, Emer","1","amazon.com","Standard Orders","Amazon","Wright","WY","82732","MarketplaceFacilitator","14.99","0.75","0","0","0","0","0","0","0","0","-0.75","-2.25","-6.44","0","0","6.30"
"Dec 8, 2025 11:23:56 PM PST","25081665871","Order","113-3902497-0180260","C-axe-02","Full Tang Survival Camping Axe with Wood Ergonomic Handle and Nylon Sheath Sheath - High Carbon Stainless Steel, Multi-Tool for Outdoor, Hunting, Emer","1","amazon.com","Standard Orders","Amazon","QUINCY","FL","32351","MarketplaceFacilitator","14.99","1.12","0","0","0","0","0","0","0","0","-1.12","-2.25","-6.44","0","0","6.30"
"Dec 8, 2025 11:49:19 PM PST","25081665871","Order","112-7005946-4361838","Axe-F-R-L","Grumpy Bear 15"" Survival Axe Camping Hatchet - Forged High Carbon Steel Blade with Walnut Wood Handle - Shock-Absorbing, Anti-Slip Grip - Ideal for Bu","1","amazon.com","Standard Orders","Amazon","CONCORD","NC","28027","MarketplaceFacilitator","37.94","2.39","0","0","0","0","0","0","-3.79","0","-2.39","-5.12","-6.44","0","0","22.59"
"Dec 8, 2025 11:50:41 PM PST","25081665871","Order","114-1624429-5311437","C-axe-01","Full Tang Survival Camping Axe with Wood Ergonomic Handle and Nylon Sheath Sheath - High Carbon Stainless Steel, Multi-Tool for Outdoor, Hunting, Emer","1","amazon.com","Standard Orders","Amazon","BROKEN ARROW","OK","74011","MarketplaceFacilitator","10.99","0.93","0","0","0","0","0","0","0","0","-0.93","-1.65","-6.10","0","0","3.24"
"Dec 8, 2025 11:51:15 PM PST","25081665871","Adjustment","","Axe-F-R-L","FBA Inventory Reimbursement - Lost:Inbound","3","","Standard Orders","","","","","","0","0","0","0","0","0","0","0","0","0","0","0","0","0","28.14","28.14"
"Dec 9, 2025 12:00:36 AM PST","25081665871","Order","111-7526271-5297040","C-axe-01","Full Tang Survival Camping Axe with Wood Ergonomic Handle and Nylon Sheath Sheath - High Carbon Stainless Steel, Multi-Tool for Outdoor, Hunting, Emer","1","amazon.com","Standard Orders","Amazon","CAMERON PARK","CA","95682","MarketplaceFacilitator","10.99","0.80","0","0","0","0","0","0","0","0","-0.80","-1.65","-6.10","0","0","3.24"
"Dec 9, 2025 12:09:24 AM PST","25081665871","Order","111-0972927-7335451","Axe-F-R-L","Grumpy Bear 15"" Survival Axe Camping Hatchet - Forged High Carbon Steel Blade with Walnut Wood Handle - Shock-Absorbing, Anti-Slip Grip - Ideal for Bu","1","amazon.com","Standard Orders","Amazon","CRYSTAL SPRINGS","MS","39059","MarketplaceFacilitator","35.94","2.26","1.50","0","0","0","0","0","-5.09","0","-2.26","-4.85","-6.44","0","0","21.06"
"Dec 9, 2025 12:16:13 AM PST","25081665871","Order","112-6326887-4157030","C-axe-02","Full Tang Survival Camping Axe with Wood Ergonomic Handle and Nylon Sheath Sheath - High Carbon Stainless Steel, Multi-Tool for Outdoor, Hunting, Emer","1","amazon.com","Standard Orders","Amazon","UNIVERSAL CITY","TX","78148","MarketplaceFacilitator","14.99","1.24","0","0","0","0","0","0","0","0","-1.24","-2.25","-6.44","0","0","6.30"
"Dec 9, 2025 1:25:22 AM PST","25081665871","Order","114-3697369-9325001","GB-CA-02-LION","Grumpy Bear Camping Hatchet with Lion Carving, Full Tang Outdoor Axe with Decorative Handle, Durable Forged Blade for Hiking, Bushcraft, and Survival","1","amazon.com","Standard Orders","Amazon","JACKSONVILLE","FL","32207","MarketplaceFacilitator","14.99","1.12","0","0","0","0","0","0","0","0","-1.12","-2.25","-5.68","0","0","7.06"
"Dec 9, 2025 1:25:22 AM PST","25081665871","Order","114-3697369-9325001","GB-CA-02-EAGLE","Grumpy Bear Camping Hatchet, Full Tang Outdoor Axe with Decorative Handle, Durable Forged Blade for Hiking, Bushcraft, and Survival (Eagle)","1","amazon.com","Standard Orders","Amazon","JACKSONVILLE","FL","32207","MarketplaceFacilitator","19.99","1.50","0","0","0","0","0","0","0","0","-1.50","-3.00","-5.68","0","0","11.31"
"Dec 9, 2025 1:25:22 AM PST","25081665871","Order","114-3697369-9325001","GB-CA-02-TIGER","Grumpy Bear Camping Hatchet with Tiger Carving, Full Tang Outdoor Axe with Decorative Handle, Durable Forged Blade for Hiking, Bushcraft, and Survival","1","amazon.com","Standard Orders","Amazon","JACKSONVILLE","FL","32207","MarketplaceFacilitator","14.99","1.12","0","0","0","0","0","0","0","0","-1.12","-2.25","-5.84","0","0","6.90"
"Dec 9, 2025 2:00:56 AM PST","25081665871","Order","111-1795824-3489840","C-axe-01","Full Tang Survival Camping Axe with Wood Ergonomic Handle and Nylon Sheath Sheath - High Carbon Stainless Steel, Multi-Tool for Outdoor, Hunting, Emer","1","amazon.com","Standard Orders","Amazon","COCKEYSVILLE","MD","21030","MarketplaceFacilitator","10.99","0.66","0","0","0","0","0","0","0","0","-0.66","-1.65","-6.10","0","0","3.24"
"Dec 9, 2025 2:13:37 AM PST","25081665871","Order","113-2922154-3471420","GB-CA-02-LION","Grumpy Bear Camping Hatchet with Lion Carving, Full Tang Outdoor Axe with Decorative Handle, Durable Forged Blade for Hiking, Bushcraft, and Survival","1","amazon.com","Standard Orders","Amazon","Atlanta","GA","30314","MarketplaceFacilitator","14.99","1.33","6.99","0.62","0","0","0","0","0","0","-1.95","-2.25","-12.67","0","0","7.06"
"Dec 9, 2025 2:46:35 AM PST","25081665871","Order","112-9584140-7945022","CP-A-K-U","Grumpy Bear Camping Axe & Sickle Set - Dual Outdoor Tools for Camping, Survival & Bushcraft | High Carbon Steel Camping Axe & Hatchet Combo | Black Ox","1","amazon.com","Standard Orders","Amazon","ADDISON","AL","35540","MarketplaceFacilitator","35.99","2.88","0","0","0","0","0","0","0","0","-2.88","-5.40","-5.84","0","0","24.75"
"Dec 9, 2025 3:19:44 AM PST","25081665871","Order","114-4819836-0594640","GB-CA-02-WOLF","Grumpy Bear Camping Hatchet with Wolf Carving, Full Tang Outdoor Axe with Decorative Handle, Durable Forged Blade for Hiking, Bushcraft, and Survival","1","amazon.com","Standard Orders","Amazon","DECATUR","AL","35603","MarketplaceFacilitator","19.99","1.60","0","0","0","0","0","0","0","0","-1.60","-3.00","-5.84","0","0","11.15"
"Dec 9, 2025 3:23:10 AM PST","25081665871","Order","114-3732843-4239468","Axe-F-R-L","Grumpy Bear 15"" Survival Axe Camping Hatchet - Forged High Carbon Steel Blade with Walnut Wood Handle - Shock-Absorbing, Anti-Slip Grip - Ideal for Bu","1","amazon.com","Standard Orders","Amazon","FORT COLLINS","CO","80524","MarketplaceFacilitator","35.94","1.20","0","0","0","0","0","0","-3.59","0","-1.20","-4.85","-6.44","0","0","21.06"
"Dec 9, 2025 3:31:50 AM PST","25081665871","Order","112-4434864-2187434","CP-A-K-U","Grumpy Bear Camping Axe & Sickle Set - Dual Outdoor Tools for Camping, Survival & Bushcraft | High Carbon Steel Camping Axe & Hatchet Combo | Black Ox","1","amazon.com","Standard Orders","Amazon","ALBUQUERQUE","NM","87120","MarketplaceFacilitator","29.99","2.29","0","0","0","0","0","0","0","0","-2.29","-4.50","-5.84","0","0","19.65"
"Dec 9, 2025 3:56:38 AM PST","25081665871","Order","111-6837203-4814654","C-axe-01","Full Tang Survival Camping Axe with Wood Ergonomic Handle and Nylon Sheath Sheath - High Carbon Stainless Steel, Multi-Tool for Outdoor, Hunting, Emer","1","amazon.com","Standard Orders","Amazon","PITTSTON","PA","18640","MarketplaceFacilitator","10.99","0.66","0","0","0","0","0","0","0","0","-0.66","-1.65","-6.10","0","0","3.24"
"Dec 9, 2025 4:12:52 AM PST","25081665871","Order","113-0498137-0982611","GB-CA-02-LION","Grumpy Bear Camping Hatchet with Lion Carving, Full Tang Outdoor Axe with Decorative Handle, Durable Forged Blade for Hiking, Bushcraft, and Survival","1","amazon.com","Standard Orders","Amazon","ANTIGO","WI","54409","MarketplaceFacilitator","14.99","0.82","0","0","0","0","0","0","0","0","-0.82","-2.25","-5.68","0","0","7.06"
"Dec 9, 2025 4:26:46 AM PST","25081665871","Order","111-2891259-2421041","GB-CA-02-WOLF","Grumpy Bear Camping Hatchet with Wolf Carving, Full Tang Outdoor Axe with Decorative Handle, Durable Forged Blade for Hiking, Bushcraft, and Survival","1","amazon.com","Standard Orders","Amazon","ROCHESTER","MI","48307","MarketplaceFacilitator","19.99","1.20","0","0","0","0","0","0","0","0","-1.20","-3.00","-5.84","0","0","11.15"
"Dec 9, 2025 4:48:49 AM PST","25081665871","Order","111-4755357-3356238","AXE-GBWS-L","Grumpy Bear 15"" Survival Axe Camping Hatchet - Forged High Carbon Steel Blade with Walnut Wood Handle - Shock-Absorbing, Anti-Slip Grip - Ideal for Bu","1","amazon.com","Standard Orders","Amazon","kissimmee","FL","34758","MarketplaceFacilitator","35.41","2.39","0","0","0","0","0","0","-3.54","0","-2.39","-4.78","-6.44","0","0","20.65"
"Dec 9, 2025 5:07:25 AM PST","25081665871","Adjustment","","AXE-WS-S","FBA Inventory Reimbursement - Damaged:Warehouse","1","","Standard Orders","","","","","","0","0","0","0","0","0","0","0","0","0","0","0","0","0","9.38","9.38"
"Dec 9, 2025 5:53:43 AM PST","25081665871","Order","112-6590528-2876251","GB-CA-02-LION","Grumpy Bear Camping Hatchet with Lion Carving, Full Tang Outdoor Axe with Decorative Handle, Durable Forged Blade for Hiking, Bushcraft, and Survival","1","amazon.com","Standard Orders","Amazon","WINTHROP","ME","04364","MarketplaceFacilitator","19.99","1.10","0","0","0","0","0","0","0","0","-1.10","-3.00","-5.68","0","0","11.31"
"Dec 9, 2025 6:02:06 AM PST","25081665871","Order","112-6878000-5945021","Axe-F-R-S","Grumpy Bear 11"" Survival Axe Camping Hatchet - Forged High Carbon Steel Blade with Walnut Wood Handle - Shock-Absorbing, Anti-Slip Grip - Ideal for Bu","1","amazon.com","Standard Orders","Amazon","CAMARILLO","CA","93012","MarketplaceFacilitator","34.41","2.25","0","0","0","0","0","0","-3.44","0","-2.25","-4.65","-6.24","0","0","20.08"
"Dec 9, 2025 6:08:04 AM PST","25081665871","Order","112-9381609-2070607","AXE-WS-S","Grumpy Bear 11"" Survival Axe Camping Hatchet - Forged High Carbon Steel Blade with Walnut Wood Handle - Shock-Absorbing, Anti-Slip Grip - Ideal for Bu","1","amazon.com","Standard Orders","Amazon","LAS VEGAS","NV","89156","MarketplaceFacilitator","29.99","2.51","0","0","0","0","0","0","0","0","-2.51","-4.50","-6.24","0","0","19.25"
"Dec 9, 2025 6:33:44 AM PST","25081665871","Order","112-7965585-5211405","GB-CA-02-TIGER","Grumpy Bear Camping Hatchet with Tiger Carving, Full Tang Outdoor Axe with Decorative Handle, Durable Forged Blade for Hiking, Bushcraft, and Survival","1","amazon.com","Standard Orders","Amazon","DEL NORTE","CO","81132","MarketplaceFacilitator","14.99","1.12","0","0","0","0","0","0","0","0","-1.12","-2.25","-5.84","0","0","6.90"
"Dec 9, 2025 7:21:16 AM PST","25081665871","Order","111-6056330-6981043","GB-CA-02-LION","Grumpy Bear Camping Hatchet with Lion Carving, Full Tang Outdoor Axe with Decorative Handle, Durable Forged Blade for Hiking, Bushcraft, and Survival","1","amazon.com","Standard Orders","Amazon","BUCKLEY","WA","98321","MarketplaceFacilitator","14.99","1.42","0","0","0","0","0","0","0","0","-1.42","-2.25","-5.68","0","0","7.06"
"Dec 9, 2025 7:22:17 AM PST","25081665871","Order","S01-7490986-2169248","AXE-SH-S","Grumpy Bear 11"" Survival Axe Camping Hatchet – Forged High Carbon Steel Blade with Walnut Wood Handle – Shock-Absorbing, Anti-Slip Grip – Ideal for Bushcraft, Wood Splitting & Outdoor Adventures","1","sim1.stores.amazon.com","Standard Orders","Amazon","MIDLAND","OH","45148","","0","0","0","0","0","0","0","0","0","0","0","0","-11.75","0","0","-11.75"
"Dec 9, 2025 7:36:30 AM PST","25081665871","Order","113-2332995-4787441","C-axe-01","Full Tang Survival Camping Axe with Wood Ergonomic Handle and Nylon Sheath Sheath - High Carbon Stainless Steel, Multi-Tool for Outdoor, Hunting, Emer","1","amazon.com","Standard Orders","Amazon","MENDON","MA","01756","MarketplaceFacilitator","10.99","0.69","0","0","0","0","0","0","0","0","-0.69","-1.65","-6.10","0","0","3.24"
"Dec 9, 2025 7:55:30 AM PST","25081665871","Order","112-7965585-5211405","GB-CA-02-LION","Grumpy Bear Camping Hatchet with Lion Carving, Full Tang Outdoor Axe with Decorative Handle, Durable Forged Blade for Hiking, Bushcraft, and Survival","1","amazon.com","Standard Orders","Amazon","DEL NORTE","CO","81132","MarketplaceFacilitator","14.99","1.12","0","0","0","0","0","0","0","0","-1.12","-2.25","-5.68","0","0","7.06"
"Dec 9, 2025 8:01:50 AM PST","25081665871","Order","114-5974108-5381042","AXE-GBWS-L","Grumpy Bear 15"" Survival Axe Camping Hatchet - Forged High Carbon Steel Blade with Walnut Wood Handle - Shock-Absorbing, Anti-Slip Grip - Ideal for Bu","1","amazon.com","Standard Orders","Amazon","FLAT ROCK","MI","48134","MarketplaceFacilitator","35.41","1.91","0","0","0","0","0","0","-3.54","0","-1.91","-4.78","-6.44","0","0","20.65"
"Dec 9, 2025 8:03:46 AM PST","25081665871","Order","111-5745845-4311431","GB-CA-02-LION","Grumpy Bear Camping Hatchet with Lion Carving, Full Tang Outdoor Axe with Decorative Handle, Durable Forged Blade for Hiking, Bushcraft, and Survival","1","amazon.com","Standard Orders","Amazon","ROMEOVILLE","IL","60446","MarketplaceFacilitator","14.99","1.27","0","0","0","0","0","0","0","0","-1.27","-2.25","-5.68","0","0","7.06"
"Dec 9, 2025 8:12:12 AM PST","25081665871","Order","113-1630452-2094611","C-axe-01","Full Tang Survival Camping Axe with Wood Ergonomic Handle and Nylon Sheath Sheath - High Carbon Stainless Steel, Multi-Tool for Outdoor, Hunting, Emer","1","amazon.com","Standard Orders","Amazon","timonium","md","21093","MarketplaceFacilitator","10.99","0.66","4.53","0","0","0","0","0","-4.53","0","-0.66","-1.65","-6.10","0","0","3.24"
"Dec 9, 2025 8:19:23 AM PST","25081665871","Order","113-3365894-0932252","AXE-SH-L","Grumpy Bear 15"" Survival Axe Camping Hatchet - Forged High Carbon Steel Blade with Walnut Wood Handle - Shock-Absorbing, Anti-Slip Grip - Ideal for Bu","1","amazon.com","Standard Orders","Amazon","ESCALON","CA","95320","MarketplaceFacilitator","36.94","2.91","0","0","0","0","0","0","-3.69","0","-2.91","-4.99","-6.44","0","0","21.82"
"Dec 9, 2025 9:30:01 AM PST","25081665871","Order","S01-2124839-0901232","AXE-SH-S","Grumpy Bear 11"" Survival Axe Camping Hatchet – Forged High Carbon Steel Blade with Walnut Wood Handle – Shock-Absorbing, Anti-Slip Grip – Ideal for Bushcraft, Wood Splitting & Outdoor Adventures","1","sim1.stores.amazon.com","Standard Orders","Amazon","COEUR D ALENE","ID","83814","","0","0","0","0","0","0","0","0","0","0","0","0","-11.75","0","0","-11.75"
"Dec 9, 2025 11:32:24 AM PST","25081665871","Order","S01-9567324-8298024","GB-CA-02-LION","Grumpy Bear Camping Hatchet with Lion Carving, Full Tang Outdoor Axe with Decorative Handle, Durable Forged Blade for Hiking, Bushcraft, and Survival","1","sim1.stores.amazon.com","Standard Orders","Amazon","LEWISPORT","KY","42351","","0","0","0","0","0","0","0","0","0","0","0","0","-10.60","0","0","-10.60"
"Dec 9, 2025 11:36:46 AM PST","25081665871","Order","S01-3480142-6650867","AXE-SH-L","Grumpy Bear 15"" Survival Axe Camping Hatchet – Forged High Carbon Steel Blade with Walnut Wood Handle – Shock-Absorbing, Anti-Slip Grip – Ideal for Bushcraft, Wood Splitting & Outdoor Adventures","1","sim1.stores.amazon.com","Standard Orders","Amazon","PENSACOLA","FL","32506","","0","0","0","0","0","0","0","0","0","0","0","0","-11.75","0","0","-11.75"
"Dec 9, 2025 12:17:22 PM PST","25081665871","Order","113-9300599-7238600","Axe-F-R-L","Grumpy Bear 15"" Survival Axe Camping Hatchet - Forged High Carbon Steel Blade with Walnut Wood Handle - Shock-Absorbing, Anti-Slip Grip - Ideal for Bu","1","amazon.com","Standard Orders","Amazon","MORA","NM","87732","MarketplaceFacilitator","35.94","2.11","0","0","0","0","0","0","-3.59","0","-2.11","-4.85","-6.44","0","0","21.06"
"Dec 9, 2025 1:30:00 PM PST","25081665871","Order","S01-1115744-4633221","AXE-SH-L","Grumpy Bear 15"" Survival Axe Camping Hatchet – Forged High Carbon Steel Blade with Walnut Wood Handle – Shock-Absorbing, Anti-Slip Grip – Ideal for Bushcraft, Wood Splitting & Outdoor Adventures","1","sim1.stores.amazon.com","Standard Orders","Amazon","CUERO","TX","77954","","0","0","0","0","0","0","0","0","0","0","0","0","-11.75","0","0","-11.75"
"Dec 9, 2025 2:27:47 PM PST","25081665871","Order","113-9992082-0742607","C-axe-02","Full Tang Survival Camping Axe with Wood Ergonomic Handle and Nylon Sheath Sheath - High Carbon Stainless Steel, Multi-Tool for Outdoor, Hunting, Emer","1","amazon.com","Standard Orders","Amazon","STATEN ISLAND","NY","10310","MarketplaceFacilitator","29.99","2.66","0","0","0","0","0","0","0","0","-2.66","-4.50","-6.44","0","0","19.05"
"Dec 9, 2025 3:35:26 PM PST","25081665871","Order","S01-1989970-1892434","AXE-SH-L","Grumpy Bear 15"" Survival Axe Camping Hatchet – Forged High Carbon Steel Blade with Walnut Wood Handle – Shock-Absorbing, Anti-Slip Grip – Ideal for Bushcraft, Wood Splitting & Outdoor Adventures","1","sim1.stores.amazon.com","Standard Orders","Amazon","TACOMA","WA","98444","","0","0","0","0","0","0","0","0","0","0","0","0","-11.75","0","0","-11.75"
"Dec 9, 2025 4:40:42 PM PST","25081665871","Order","114-6374113-6675431","C-axe-01","Full Tang Survival Camping Axe with Wood Ergonomic Handle and Nylon Sheath Sheath - High Carbon Stainless Steel, Multi-Tool for Outdoor, Hunting, Emer","1","amazon.com","Standard Orders","Amazon","San Francisco","CA","94105","MarketplaceFacilitator","10.99","0.95","6.99","0","0","0","0","0","-6.99","0","-0.95","-1.65","-6.10","0","0","3.24"
"Dec 9, 2025 5:39:23 PM PST","25081665871","Order","111-0924152-0804247","C-axe-01","Full Tang Survival Camping Axe with Wood Ergonomic Handle and Nylon Sheath Sheath - High Carbon Stainless Steel, Multi-Tool for Outdoor, Hunting, Emer","1","amazon.com","Standard Orders","Amazon","BERWYN","IL","60402","MarketplaceFacilitator","10.99","1.18","0","0","0","0","0","0","0","0","-1.18","-1.65","-6.10","0","0","3.24"
"Dec 9, 2025 5:58:31 PM PST","25081665871","Order","S01-2466680-4456468","GB-CA-02-LION","Grumpy Bear Camping Hatchet with Lion Carving, Full Tang Outdoor Axe with Decorative Handle, Durable Forged Blade for Hiking, Bushcraft, and Survival","1","sim1.stores.amazon.com","Standard Orders","Amazon","BUCKHANNON","WV","26201","","0","0","0","0","0","0","0","0","0","0","0","0","-10.60","0","0","-10.60"
"Dec 9, 2025 6:09:55 PM PST","25081665871","Order","114-9905506-9368246","C-axe-02","Full Tang Survival Camping Axe with Wood Ergonomic Handle and Nylon Sheath Sheath - High Carbon Stainless Steel, Multi-Tool for Outdoor, Hunting, Emer","1","amazon.com","Standard Orders","Amazon","PHOENIX","AZ","85019","MarketplaceFacilitator","14.99","1.36","0","0","0","0","0","0","0","0","-1.36","-2.25","-6.44","0","0","6.30"
"Dec 9, 2025 7:34:21 PM PST","25081665871","Order","111-9488433-0302657","Axe-F-R-L","Grumpy Bear 15"" Survival Axe Camping Hatchet - Forged High Carbon Steel Blade with Walnut Wood Handle - Shock-Absorbing, Anti-Slip Grip - Ideal for Bu","1","amazon.com","Standard Orders","Amazon","OMAHA","NE","68144","MarketplaceFacilitator","35.94","2.26","0","0","0","0","0","0","-3.59","0","-2.26","-4.85","-6.44","0","0","21.06"
"Dec 9, 2025 7:46:06 PM PST","25081665871","Order","114-2090719-3835444","Axe-F-R-S","Grumpy Bear 11"" Survival Axe Camping Hatchet - Forged High Carbon Steel Blade with Walnut Wood Handle - Shock-Absorbing, Anti-Slip Grip - Ideal for Bu","1","amazon.com","Standard Orders","Amazon","SLOCOMB","AL","36375","MarketplaceFacilitator","34.41","2.48","0","0","0","0","0","0","-3.44","0","-2.48","-4.65","-6.24","0","0","20.08"
"Dec 9, 2025 7:56:01 PM PST","25081665871","Order","S01-5860896-0426046","GB-CA-02-LION","Grumpy Bear Camping Hatchet with Lion Carving, Full Tang Outdoor Axe with Decorative Handle, Durable Forged Blade for Hiking, Bushcraft, and Survival","1","sim1.stores.amazon.com","Standard Orders","Amazon","GREENSBURG","IN","47240","","0","0","0","0","0","0","0","0","0","0","0","0","-10.60","0","0","-10.60"
"Dec 9, 2025 11:28:38 PM PST","25081665871","Order","113-7963069-3552259","Axe-F-R-S","Grumpy Bear 11"" Survival Axe Camping Hatchet - Forged High Carbon Steel Blade with Walnut Wood Handle - Shock-Absorbing, Anti-Slip Grip - Ideal for Bu","1","amazon.com","Standard Orders","Amazon","Seminole","TX","79360","MarketplaceFacilitator","34.41","2.56","0","0","0","0","0","0","-3.44","0","-2.56","-4.65","-6.24","0","0","20.08"
"Dec 10, 2025 12:07:59 AM PST","25081665871","Order","111-9743448-3725001","C-axe-02","Full Tang Survival Camping Axe with Wood Ergonomic Handle and Nylon Sheath Sheath - High Carbon Stainless Steel, Multi-Tool for Outdoor, Hunting, Emer","1","amazon.com","Standard Orders","Amazon","LOUISVILLE","KY","40219","MarketplaceFacilitator","14.99","0.90","0","0","0","0","0","0","0","0","-0.90","-2.25","-6.44","0","0","6.30"
"Dec 10, 2025 12:18:01 AM PST","25081665871","Order","113-5278894-6402658","C-axe-01","Full Tang Survival Camping Axe with Wood Ergonomic Handle and Nylon Sheath Sheath - High Carbon Stainless Steel, Multi-Tool for Outdoor, Hunting, Emer","1","amazon.com","Standard Orders","Amazon","RUSSELLVILLE","KY","42276","MarketplaceFacilitator","10.99","0.66","0","0","0","0","0","0","0","0","-0.66","-1.65","-6.10","0","0","3.24"
"Dec 10, 2025 12:24:42 AM PST","25081665871","Order","112-0868082-2738634","AXE-SH-S","Grumpy Bear 11"" Survival Axe Camping Hatchet - Forged High Carbon Steel Blade with Walnut Wood Handle - Shock-Absorbing, Anti-Slip Grip - Ideal for Bu","1","amazon.com","Standard Orders","Amazon","WINTERVILLE PLT","ME","04739","MarketplaceFacilitator","34.41","1.70","0","0","0","0","0","0","-3.44","0","-1.70","-4.65","-6.24","0","0","20.08"
"Dec 10, 2025 12:52:58 AM PST","25081665871","Order","112-1384632-3165024","C-axe-01","Full Tang Survival Camping Axe with Wood Ergonomic Handle and Nylon Sheath Sheath - High Carbon Stainless Steel, Multi-Tool for Outdoor, Hunting, Emer","1","amazon.com","Standard Orders","Amazon","BURLINGTON","WI","53105","MarketplaceFacilitator","10.99","0.60","0","0","0","0","0","0","0","0","-0.60","-1.65","-6.10","0","0","3.24"
"Dec 10, 2025 1:23:50 AM PST","25081665871","Order","112-4219572-0539438","C-axe-01","Full Tang Survival Camping Axe with Wood Ergonomic Handle and Nylon Sheath Sheath - High Carbon Stainless Steel, Multi-Tool for Outdoor, Hunting, Emer","1","amazon.com","Standard Orders","Amazon","MIAMI","FL","33145","MarketplaceFacilitator","10.99","0.77","0","0","0","0","0","0","0","0","-0.77","-1.65","-6.10","0","0","3.24"
"Dec 10, 2025 1:28:41 AM PST","25081665871","Order","113-1041537-3160256","Axe-F-R-S","Grumpy Bear 11"" Survival Axe Camping Hatchet - Forged High Carbon Steel Blade with Walnut Wood Handle - Shock-Absorbing, Anti-Slip Grip - Ideal for Bu","1","amazon.com","Standard Orders","Amazon","CHESTER","VA","23831","MarketplaceFacilitator","34.41","1.86","1.00","0","0","0","0","0","-4.44","0","-1.86","-4.65","-6.24","0","0","20.08"
"Dec 10, 2025 1:59:45 AM PST","25081665871","Order","113-9027018-0837867","AXE-WS-L","Grumpy Bear 15"" Survival Axe Camping Hatchet - Forged High Carbon Steel Blade with Walnut Wood Handle - Shock-Absorbing, Anti-Slip Grip - Ideal for Bu","1","amazon.com","Standard Orders","Amazon","CONCORD","CA","94520","MarketplaceFacilitator","29.99","2.92","1.58","0","0","0","0","0","-1.58","0","-2.92","-4.50","-6.44","0","0","19.05"
"Dec 10, 2025 2:15:46 AM PST","25081665871","Order","113-2615942-8025842","Axe-F-R-L","Grumpy Bear 15"" Survival Axe Camping Hatchet - Forged High Carbon Steel Blade with Walnut Wood Handle - Shock-Absorbing, Anti-Slip Grip - Ideal for Bu","1","amazon.com","Standard Orders","Amazon","GRAND RAPIDS","MI","49525","MarketplaceFacilitator","35.94","1.94","0.95","0","0","0","0","0","-4.54","0","-1.94","-4.85","-6.44","0","0","21.06"
"Dec 10, 2025 4:40:40 AM PST","25081665871","Service Fee","","","Cost of Advertising","","","Standard Orders","","","","","","0","0","0","0","0","0","0","0","0","0","0","0","0","-500.04","0","-500.04"
"Dec 10, 2025 4:42:19 AM PST","25081665871","Order","112-8615101-8494625","GB-CA-02-EAGLE","Grumpy Bear Camping Hatchet, Full Tang Outdoor Axe with Decorative Handle, Durable Forged Blade for Hiking, Bushcraft, and Survival (Eagle)","1","amazon.com","Standard Orders","Amazon","PHILADELPHIA","PA","19152","MarketplaceFacilitator","19.99","1.20","0","0","0","0","0","0","0","0","-1.20","-3.00","-5.68","0","0","11.31"
"Dec 10, 2025 4:47:47 AM PST","25081665871","Order","113-4800793-3809027","AXE-GBWS-L","Grumpy Bear 15"" Survival Axe Camping Hatchet - Forged High Carbon Steel Blade with Walnut Wood Handle - Shock-Absorbing, Anti-Slip Grip - Ideal for Bu","1","amazon.com","Standard Orders","Amazon","Warrenville","SC","29851","MarketplaceFacilitator","35.41","2.55","0.60","0","0","0","0","0","-4.14","0","-2.55","-4.78","0","0","0","27.09"
"Dec 10, 2025 5:36:06 AM PST","25081665871","Order","114-2274701-8928247","C-axe-01","Full Tang Survival Camping Axe with Wood Ergonomic Handle and Nylon Sheath Sheath - High Carbon Stainless Steel, Multi-Tool for Outdoor, Hunting, Emer","1","amazon.com","Standard Orders","Amazon","SEABROOK","NH","03874","","14.99","0","0.36","0","0","0","0","0","-0.36","0","0","-2.25","-6.10","0","0","6.64"
"Dec 10, 2025 7:07:56 AM PST","25081665871","Order","S01-0926440-7266013","GB-CA-02-LION","Grumpy Bear Camping Hatchet with Lion Carving, Full Tang Outdoor Axe with Decorative Handle, Durable Forged Blade for Hiking, Bushcraft, and Survival","1","sim1.stores.amazon.com","Standard Orders","Amazon","JOHNSON CITY","TN","37615","","0","0","0","0","0","0","0","0","0","0","0","0","-10.60","0","0","-10.60"
"Dec 10, 2025 7:09:46 AM PST","25081665871","Order","114-7155342-5336208","C-axe-02","Full Tang Survival Camping Axe with Wood Ergonomic Handle and Nylon Sheath Sheath - High Carbon Stainless Steel, Multi-Tool for Outdoor, Hunting, Emer","1","amazon.com","Standard Orders","Amazon","SALMON","ID","83467","MarketplaceFacilitator","14.99","0.90","0","0","0","0","0","0","0","0","-0.90","-2.25","-6.44","0","0","6.30"
"Dec 10, 2025 7:37:48 AM PST","25081665871","Order","114-5092518-5342635","AXE-SH-L","Grumpy Bear 15"" Survival Axe Camping Hatchet - Forged High Carbon Steel Blade with Walnut Wood Handle - Shock-Absorbing, Anti-Slip Grip - Ideal for Bu","1","amazon.com","Standard Orders","Amazon","DESERT HOT SPRINGS","CA","92241","MarketplaceFacilitator","36.94","2.58","0","0","0","0","0","0","-3.69","0","-2.58","-4.99","-6.44","0","0","21.82"
"Dec 10, 2025 8:06:53 AM PST","25081665871","Order","112-1642515-8149011","AXE-GBWS-L","Grumpy Bear 15"" Survival Axe Camping Hatchet - Forged High Carbon Steel Blade with Walnut Wood Handle - Shock-Absorbing, Anti-Slip Grip - Ideal for Bu","1","amazon.com","Standard Orders","Amazon","BETTENDORF","IA","52722","MarketplaceFacilitator","34.41","2.17","0","0","0","0","0","0","-3.44","0","-2.17","-4.65","-6.44","0","0","19.88"
"Dec 10, 2025 8:10:48 AM PST","25081665871","Order","111-2526949-1601800","C-axe-01","Full Tang Survival Camping Axe with Wood Ergonomic Handle and Nylon Sheath Sheath - High Carbon Stainless Steel, Multi-Tool for Outdoor, Hunting, Emer","1","amazon.com","Standard Orders","Amazon","Wright","WY","82732","MarketplaceFacilitator","10.99","0.55","0","0","0","0","0","0","0","0","-0.55","-1.65","-6.10","0","0","3.24"
"Dec 10, 2025 8:15:57 AM PST","25081665871","Order","112-5724377-2342632","GB-CA-02-EAGLE","Grumpy Bear Camping Hatchet, Full Tang Outdoor Axe with Decorative Handle, Durable Forged Blade for Hiking, Bushcraft, and Survival (Eagle)","1","amazon.com","Standard Orders","Amazon","OOLTEWAH","TN","37363","MarketplaceFacilitator","19.99","1.85","6.99","0","0","0","0","0","-6.99","0","-1.85","-3.00","-5.68","0","0","11.31"
"Dec 10, 2025 8:19:24 AM PST","25081665871","Order","111-5862847-5553842","GB-CA-02-EAGLE","Grumpy Bear Camping Hatchet, Full Tang Outdoor Axe with Decorative Handle, Durable Forged Blade for Hiking, Bushcraft, and Survival (Eagle)","1","amazon.com","Standard Orders","Amazon","DERIDDER","LA","70634","MarketplaceFacilitator","19.99","1.95","0","0","0","0","0","0","0","0","-1.95","-3.00","-5.68","0","0","11.31"
"Dec 10, 2025 8:29:41 AM PST","25081665871","Order","S01-4571739-6480447","GB-CA-02-LION","Grumpy Bear Camping Hatchet with Lion Carving, Full Tang Outdoor Axe with Decorative Handle, Durable Forged Blade for Hiking, Bushcraft, and Survival","1","sim1.stores.amazon.com","Standard Orders","Amazon","LINCOLN","NE","68501","","0","0","0","0","0","0","0","0","0","0","0","0","-7.27","0","0","-7.27"
"Dec 10, 2025 10:30:33 AM PST","25081665871","Order","S01-4733034-3674845","AXE-SH-S","Grumpy Bear 11"" Survival Axe Camping Hatchet – Forged High Carbon Steel Blade with Walnut Wood Handle – Shock-Absorbing, Anti-Slip Grip – Ideal for Bushcraft, Wood Splitting & Outdoor Adventures","1","sim1.stores.amazon.com","Standard Orders","Amazon","KINSALE","VA","22488","","0","0","0","0","0","0","0","0","0","0","0","0","-11.75","0","0","-11.75"
"Dec 10, 2025 10:37:25 AM PST","25081665871","Order","111-3812040-6205806","GB-CA-02-TIGER","Grumpy Bear Camping Hatchet with Tiger Carving, Full Tang Outdoor Axe with Decorative Handle, Durable Forged Blade for Hiking, Bushcraft, and Survival","1","amazon.com","Standard Orders","Amazon","WATERFORD","MI","48327","MarketplaceFacilitator","14.99","0.90","0","0","0","0","0","0","0","0","-0.90","-2.25","-5.84","0","0","6.90"
"Dec 10, 2025 11:22:53 AM PST","25081665871","Order","S01-2584356-6298869","GB-CA-02-LION","Grumpy Bear Camping Hatchet with Lion Carving, Full Tang Outdoor Axe with Decorative Handle, Durable Forged Blade for Hiking, Bushcraft, and Survival","1","sim1.stores.amazon.com","Standard Orders","Amazon","BYBEE","TN","37713","","0","0","0","0","0","0","0","0","0","0","0","0","-10.60","0","0","-10.60"
"Dec 10, 2025 12:27:42 PM PST","25081665871","Order","S01-7500111-1658855","GB-CA-02-LION","Grumpy Bear Camping Hatchet with Lion Carving, Full Tang Outdoor Axe with Decorative Handle, Durable Forged Blade for Hiking, Bushcraft, and Survival","1","sim1.stores.amazon.com","Standard Orders","Amazon","JASPER","GA","30143","","0","0","0","0","0","0","0","0","0","0","0","0","-10.60","0","0","-10.60"
"Dec 10, 2025 12:43:49 PM PST","25081665871","Order","S01-0734039-1831605","GB-CA-02-LION","Grumpy Bear Camping Hatchet with Lion Carving, Full Tang Outdoor Axe with Decorative Handle, Durable Forged Blade for Hiking, Bushcraft, and Survival","1","sim1.stores.amazon.com","Standard Orders","Amazon","SALEM","KY","42078","","0","0","0","0","0","0","0","0","0","0","0","0","-10.60","0","0","-10.60"
"Dec 10, 2025 1:27:08 PM PST","25081665871","Order","S01-5359968-4939604","AXE-SH-S","Grumpy Bear 11"" Survival Axe Camping Hatchet – Forged High Carbon Steel Blade with Walnut Wood Handle – Shock-Absorbing, Anti-Slip Grip – Ideal for Bushcraft, Wood Splitting & Outdoor Adventures","1","sim1.stores.amazon.com","Standard Orders","Amazon","BOTHELL","WA","98012","","0","0","0","0","0","0","0","0","0","0","0","0","-11.75","0","0","-11.75"
"Dec 10, 2025 3:17:21 PM PST","25081665871","Order","111-9222585-0553821","C-axe-01","Full Tang Survival Camping Axe with Wood Ergonomic Handle and Nylon Sheath Sheath - High Carbon Stainless Steel, Multi-Tool for Outdoor, Hunting, Emer","1","amazon.com","Standard Orders","Amazon","Pulaski","TN","38478","MarketplaceFacilitator","14.99","1.46","0.57","0","0","0","0","0","-0.57","0","-1.46","-2.25","-6.10","0","0","6.64"
"Dec 10, 2025 3:41:06 PM PST","25081665871","Refund","114-9644410-3389015","GB-CA-02-EAGLE","Grumpy Bear Camping Hatchet, Full Tang Outdoor Axe with Decorative Handle, Durable Forged Blade for Hiking, Bushcraft, and Survival (Eagle)","1","amazon.com","Standard Orders","Amazon","YORK","SC","29745","MarketplaceFacilitator","-19.99","-1.40","0","0","0","0","0","0","0","0","1.40","2.40","0","0","0","-17.59"
"Dec 10, 2025 4:48:12 PM PST","25081665871","Order","S01-2209179-1826830","AXE-SH-S","Grumpy Bear 11"" Survival Axe Camping Hatchet – Forged High Carbon Steel Blade with Walnut Wood Handle – Shock-Absorbing, Anti-Slip Grip – Ideal for Bushcraft, Wood Splitting & Outdoor Adventures","1","sim1.stores.amazon.com","Standard Orders","Amazon","TOOELE","UT","84074","","0","0","0","0","0","0","0","0","0","0","0","0","-11.75","0","0","-11.75"
"Dec 10, 2025 6:12:26 PM PST","25081665871","Order","113-4840088-9194614","AXE-GBWS-L","Grumpy Bear 15"" Survival Axe Camping Hatchet - Forged High Carbon Steel Blade with Walnut Wood Handle - Shock-Absorbing, Anti-Slip Grip - Ideal for Bu","1","amazon.com","Standard Orders","Amazon","WILTON","CA","95693","MarketplaceFacilitator","35.41","2.47","0","0","0","0","0","0","-3.54","0","-2.47","-4.78","-6.44","0","0","20.65"
"Dec 10, 2025 6:50:05 PM PST","25081665871","Order","S01-4571739-6480447","GB-CA-02-LION","Grumpy Bear Camping Hatchet with Lion Carving, Full Tang Outdoor Axe with Decorative Handle, Durable Forged Blade for Hiking, Bushcraft, and Survival","1","sim1.stores.amazon.com","Standard Orders","Amazon","LINCOLN","NE","68501","","0","0","0","0","0","0","0","0","0","0","0","0","-7.27","0","0","-7.27"
"Dec 10, 2025 7:40:06 PM PST","25081665871","Order","113-1110561-2910623","Axe-F-R-L","Grumpy Bear 15"" Survival Axe Camping Hatchet - Forged High Carbon Steel Blade with Walnut Wood Handle - Shock-Absorbing, Anti-Slip Grip - Ideal for Bu","1","amazon.com","Standard Orders","Amazon","PUYALLUP","WA","98372","MarketplaceFacilitator","37.94","3.48","0","0","0","0","0","0","-3.79","0","-3.48","-5.12","-6.44","0","0","22.59"
"Dec 10, 2025 10:48:05 PM PST","25081665871","Adjustment","","AXE-WS-S","FBA Inventory Reimbursement - General Adjustment","1","","Standard Orders","","","","","","0","0","0","0","0","0","0","0","0","0","0","0","0","0","-9.38","-9.38"
"Dec 10, 2025 11:08:19 PM PST","25081665871","Order","111-2329505-2063414","C-axe-01","Full Tang Survival Camping Axe with Wood Ergonomic Handle and Nylon Sheath Sheath - High Carbon Stainless Steel, Multi-Tool for Outdoor, Hunting, Emer","1","amazon.com","Standard Orders","Amazon","CASTLEWOOD","VA","24224","MarketplaceFacilitator","14.99","0.32","0.20","0","0","0","0","0","-0.20","0","-0.32","-2.25","-6.10","0","0","6.64"
"Dec 10, 2025 11:09:15 PM PST","25081665871","Order","111-7699749-0748219","Axe-F-R-L","Grumpy Bear 15"" Survival Axe Camping Hatchet - Forged High Carbon Steel Blade with Walnut Wood Handle - Shock-Absorbing, Anti-Slip Grip - Ideal for Bu","1","amazon.com","Standard Orders","Amazon","FRANKFORT","KY","40601","MarketplaceFacilitator","37.94","2.05","0","0","0","0","0","0","-3.79","0","-2.05","-5.12","-6.44","0","0","22.59"
"Dec 10, 2025 11:09:57 PM PST","25081665871","Order","112-6289564-9487451","Axe-F-R-L","Grumpy Bear 15"" Survival Axe Camping Hatchet - Forged High Carbon Steel Blade with Walnut Wood Handle - Shock-Absorbing, Anti-Slip Grip - Ideal for Bu","1","amazon.com","Standard Orders","Amazon","BARTOW","FL","33830","MarketplaceFacilitator","36.94","2.33","3.11","0","0","0","0","0","-6.80","0","-2.33","-4.99","-6.44","0","0","21.82"
"Dec 10, 2025 11:40:01 PM PST","25081665871","Order","112-6992623-1989817","AXE-GBWS-L","Grumpy Bear 15"" Survival Axe Camping Hatchet - Forged High Carbon Steel Blade with Walnut Wood Handle - Shock-Absorbing, Anti-Slip Grip - Ideal for Bu","1","amazon.com","Standard Orders","Amazon","Oakland","CA","94611","MarketplaceFacilitator","35.41","3.43","0","0","0","0","0","0","-3.54","0","-3.43","-4.78","-6.44","0","0","20.65"
"Dec 11, 2025 12:00:32 AM PST","25081665871","Order","114-2316054-9177857","GB-CA-02-EAGLE","Grumpy Bear Camping Hatchet, Full Tang Outdoor Axe with Decorative Handle, Durable Forged Blade for Hiking, Bushcraft, and Survival (Eagle)","1","amazon.com","Standard Orders","Amazon","MOUNT CARMEL","PA","17851","MarketplaceFacilitator","19.99","1.20","0","0","0","0","0","0","0","0","-1.20","-3.00","-5.68","0","0","11.31"
"Dec 11, 2025 12:12:50 AM PST","25081665871","Order","113-9727815-0772238","Axe-F-R-L","Grumpy Bear 15"" Survival Axe Camping Hatchet - Forged High Carbon Steel Blade with Walnut Wood Handle - Shock-Absorbing, Anti-Slip Grip - Ideal for Bu","1","amazon.com","Standard Orders","Amazon","VALLEY SPRINGS","CA","95252","MarketplaceFacilitator","37.94","2.82","0","0","0","0","0","0","-3.79","0","-2.82","-5.12","-6.44","0","0","22.59"
"Dec 11, 2025 12:52:32 AM PST","25081665871","Order","114-0023710-2812211","AXE-SH-L","Grumpy Bear 15"" Survival Axe Camping Hatchet - Forged High Carbon Steel Blade with Walnut Wood Handle - Shock-Absorbing, Anti-Slip Grip - Ideal for Bu","1","amazon.com","Standard Orders","Amazon","MOUNT SHASTA","CA","96067","MarketplaceFacilitator","36.94","2.49","0","0","0","0","0","0","-3.69","0","-2.49","-4.99","-6.44","0","0","21.82"
"Dec 11, 2025 1:23:58 AM PST","25081665871","Order","112-7516276-7153805","AXE-GBWS-L","Grumpy Bear 15"" Survival Axe Camping Hatchet - Forged High Carbon Steel Blade with Walnut Wood Handle - Shock-Absorbing, Anti-Slip Grip - Ideal for Bu","1","amazon.com","Standard Orders","Amazon","SPARTANBURG","SC","29301","MarketplaceFacilitator","35.41","2.23","0","0","0","0","0","0","-3.54","0","-2.23","-4.78","-6.44","0","0","20.65"
"Dec 11, 2025 1:29:52 AM PST","25081665871","Order","112-6625322-3301823","C-axe-01","Full Tang Survival Camping Axe with Wood Ergonomic Handle and Nylon Sheath Sheath - High Carbon Stainless Steel, Multi-Tool for Outdoor, Hunting, Emer","3","amazon.com","Standard Orders","Amazon","AIEA","HI","96701","MarketplaceFacilitator","32.97","1.56","0","0","0","0","0","0","0","0","-1.56","-4.95","-18.30","0","0","9.72"
"Dec 11, 2025 1:47:19 AM PST","25081665871","Order","111-9043374-4594624","C-axe-02","Full Tang Survival Camping Axe with Wood Ergonomic Handle and Nylon Sheath Sheath - High Carbon Stainless Steel, Multi-Tool for Outdoor, Hunting, Emer","1","amazon.com","Standard Orders","Amazon","HULL","TX","77564","MarketplaceFacilitator","14.99","1.24","0","0","0","0","0","0","0","0","-1.24","-2.25","-6.44","0","0","6.30"
"Dec 11, 2025 2:14:44 AM PST","25081665871","Order","114-7807070-9507456","GB-CA-02-EAGLE","Grumpy Bear Camping Hatchet, Full Tang Outdoor Axe with Decorative Handle, Durable Forged Blade for Hiking, Bushcraft, and Survival (Eagle)","1","amazon.com","Standard Orders","Amazon","SODDY DAISY","TN","37379","MarketplaceFacilitator","19.99","1.85","0","0","0","0","0","0","0","0","-1.85","-3.00","-5.68","0","0","11.31"
"Dec 11, 2025 2:47:44 AM PST","25081665871","Order","111-5568698-7363459","Axe-F-R-L","Grumpy Bear 15"" Survival Axe Camping Hatchet - Forged High Carbon Steel Blade with Walnut Wood Handle - Shock-Absorbing, Anti-Slip Grip - Ideal for Bu","1","amazon.com","Standard Orders","Amazon","Herriman","UT","84096","MarketplaceFacilitator","37.94","2.54","0","0","0","0","0","0","-3.79","0","-2.54","-5.12","-6.44","0","0","22.59"
"Dec 11, 2025 2:54:12 AM PST","25081665871","Order","112-4257862-6442645","AXE-GBWS-L","Grumpy Bear 15"" Survival Axe Camping Hatchet - Forged High Carbon Steel Blade with Walnut Wood Handle - Shock-Absorbing, Anti-Slip Grip - Ideal for Bu","1","amazon.com","Standard Orders","Amazon","SPARTANBURG","SC","29301","MarketplaceFacilitator","35.41","2.23","0","0","0","0","0","0","-3.54","0","-2.23","-4.78","-6.44","0","0","20.65"
"Dec 11, 2025 3:22:21 AM PST","25081665871","Order","S01-8749382-4849244","AXE-WS-S","Grumpy Bear 11"" Survival Axe Camping Hatchet – Forged High Carbon Steel Blade with Walnut Wood Handle – Shock-Absorbing, Anti-Slip Grip – Ideal for Bushcraft, Wood Splitting & Outdoor Adventures","1","sim1.stores.amazon.com","Standard Orders","Amazon","HILLSBORO","MO","63050","","0","0","0","0","0","0","0","0","0","0","0","0","-11.75","0","0","-11.75"
"Dec 11, 2025 3:33:06 AM PST","25081665871","Order","114-0306661-7896266","AXE-SH-S","Grumpy Bear 11"" Survival Axe Camping Hatchet - Forged High Carbon Steel Blade with Walnut Wood Handle - Shock-Absorbing, Anti-Slip Grip - Ideal for Bu","1","amazon.com","Standard Orders","Amazon","BIRMINGHAM","AL","35242","MarketplaceFacilitator","34.41","2.48","0","0","0","0","0","0","-3.44","0","-2.48","-4.65","-6.24","0","0","20.08"
"Dec 11, 2025 4:48:09 AM PST","25081665871","Order","113-5607788-4741827","AXE-SH-S","Grumpy Bear 11"" Survival Axe Camping Hatchet - Forged High Carbon Steel Blade with Walnut Wood Handle - Shock-Absorbing, Anti-Slip Grip - Ideal for Bu","1","amazon.com","Standard Orders","Amazon","JOHNSTOWN","NY","12095","MarketplaceFacilitator","34.41","2.48","0","0","0","0","0","0","-3.44","0","-2.48","-4.65","-6.24","0","0","20.08"
"Dec 11, 2025 4:58:46 AM PST","25081665871","Order","114-0538035-7573858","C-axe-02","Full Tang Survival Camping Axe with Wood Ergonomic Handle and Nylon Sheath Sheath - High Carbon Stainless Steel, Multi-Tool for Outdoor, Hunting, Emer","1","amazon.com","Standard Orders","Amazon","FLORENCE","AL","35633","MarketplaceFacilitator","14.99","1.20","0","0","0","0","0","0","0","0","-1.20","-2.25","-6.44","0","0","6.30"
"Dec 11, 2025 5:12:59 AM PST","25081665871","Order","114-5700009-5205027","GB-CA-02-EAGLE","Grumpy Bear Camping Hatchet, Full Tang Outdoor Axe with Decorative Handle, Durable Forged Blade for Hiking, Bushcraft, and Survival (Eagle)","2","amazon.com","Standard Orders","Amazon","LINCOLN","CA","95648","MarketplaceFacilitator","39.98","2.90","0","0","0","0","0","0","0","0","-2.90","-6.00","-11.36","0","0","22.62"
"Dec 11, 2025 5:24:55 AM PST","25081665871","Order","114-0499125-3525859","Axe-F-R-L","Grumpy Bear 15"" Survival Axe Camping Hatchet - Forged High Carbon Steel Blade with Walnut Wood Handle - Shock-Absorbing, Anti-Slip Grip - Ideal for Bu","1","amazon.com","Standard Orders","Amazon","MAGNOLIA","DE","19962","","37.94","0","0","0","0","0","0","0","-3.79","0","0","-5.12","-6.44","0","0","22.59"
"Dec 11, 2025 5:49:43 AM PST","25081665871","Order","112-7962088-0005857","AXE-SH-L","Grumpy Bear 15"" Survival Axe Camping Hatchet - Forged High Carbon Steel Blade with Walnut Wood Handle - Shock-Absorbing, Anti-Slip Grip - Ideal for Bu","1","amazon.com","Standard Orders","Amazon","Branford","CT","06405","MarketplaceFacilitator","36.94","2.11","0","0","0","0","0","0","-3.69","0","-2.11","-4.99","-6.44","0","0","21.82"
"Dec 11, 2025 5:58:52 AM PST","25081665871","Order","111-0321121-4178648","AXE-SH-S","Grumpy Bear 11"" Survival Axe Camping Hatchet - Forged High Carbon Steel Blade with Walnut Wood Handle - Shock-Absorbing, Anti-Slip Grip - Ideal for Bu","1","amazon.com","Standard Orders","Amazon","Toms River","NJ","08753","MarketplaceFacilitator","34.41","2.05","0","0","0","0","0","0","-3.44","0","-2.05","-4.65","-6.24","0","0","20.08"
"Dec 11, 2025 6:13:15 AM PST","25081665871","Order","112-9279013-8434653","AXE-SH-S","Grumpy Bear 11"" Survival Axe Camping Hatchet - Forged High Carbon Steel Blade with Walnut Wood Handle - Shock-Absorbing, Anti-Slip Grip - Ideal for Bu","1","amazon.com","Standard Orders","Amazon","ABILENE","TX","79601","MarketplaceFacilitator","34.41","1.94","0","0","0","0","0","0","-3.44","0","-1.94","-4.65","0","0","0","26.32"
"Dec 11, 2025 6:36:18 AM PST","25081665871","Order","113-0904483-0356228","GB-CA-02-EAGLE","Grumpy Bear Camping Hatchet, Full Tang Outdoor Axe with Decorative Handle, Durable Forged Blade for Hiking, Bushcraft, and Survival (Eagle)","1","amazon.com","Standard Orders","Amazon","NEWNAN","GA","30263","MarketplaceFacilitator","19.99","1.40","0","0","0","0","0","0","0","0","-1.40","-3.00","-5.68","0","0","11.31"
"Dec 11, 2025 6:55:01 AM PST","25081665871","Order","112-6197953-7927403","AXE-GBWS-S","Grumpy Bear 11"" Survival Axe Camping Hatchet - Forged High Carbon Steel Blade with Walnut Wood Handle - Shock-Absorbing, Anti-Slip Grip - Ideal for Bu","1","amazon.com","Standard Orders","Amazon","Salt Lake City","Utah","84121","MarketplaceFacilitator","34.54","2.32","0","0","0","0","0","0","-3.45","0","-2.32","-4.66","-6.10","0","0","20.33"
"Dec 11, 2025 8:11:27 AM PST","25081665871","Order","112-4393641-6328224","AXE-GBWS-S","Grumpy Bear 11"" Survival Axe Camping Hatchet - Forged High Carbon Steel Blade with Walnut Wood Handle - Shock-Absorbing, Anti-Slip Grip - Ideal for Bu","1","amazon.com","Standard Orders","Amazon","ROCKY COMFORT","MO","64861","MarketplaceFacilitator","34.54","1.94","0","0","0","0","0","0","-3.45","0","-1.94","-4.66","-6.10","0","0","20.33"
"Dec 11, 2025 8:26:35 AM PST","25081665871","Order","S01-6311205-7521252","GB-CA-02-LION","Grumpy Bear Camping Hatchet with Lion Carving, Full Tang Outdoor Axe with Decorative Handle, Durable Forged Blade for Hiking, Bushcraft, and Survival","1","sim1.stores.amazon.com","Standard Orders","Amazon","BEDFORD","IN","47421","","0","0","0","0","0","0","0","0","0","0","0","0","-10.60","0","0","-10.60"
"Dec 11, 2025 9:31:28 AM PST","25081665871","Order","112-9883665-3949038","GB-CA-02-LION","Grumpy Bear Camping Hatchet with Lion Carving, Full Tang Outdoor Axe with Decorative Handle, Durable Forged Blade for Hiking, Bushcraft, and Survival","1","amazon.com","Standard Orders","Amazon","CROSS PLAINS","TX","76443","MarketplaceFacilitator","14.99","0.94","1.23","0","0","0","0","0","-1.23","0","-0.94","-2.25","-5.68","0","0","7.06"
"Dec 11, 2025 9:37:27 AM PST","25081665871","Order","113-2413221-0097027","AXE-SH-L","Grumpy Bear 15"" Survival Axe Camping Hatchet - Forged High Carbon Steel Blade with Walnut Wood Handle - Shock-Absorbing, Anti-Slip Grip - Ideal for Bu","1","amazon.com","Standard Orders","Amazon","BANNING","CA","92220","MarketplaceFacilitator","36.94","2.58","0.43","0","0","0","0","0","-4.12","0","-2.58","-4.99","-6.44","0","0","21.82"
"Dec 11, 2025 10:43:44 AM PST","25081665871","Order","S01-1087023-6581246","AXE-SH-S","Grumpy Bear 11"" Survival Axe Camping Hatchet – Forged High Carbon Steel Blade with Walnut Wood Handle – Shock-Absorbing, Anti-Slip Grip – Ideal for Bushcraft, Wood Splitting & Outdoor Adventures","2","sim1.stores.amazon.com","Standard Orders","Amazon","COLUMBIA","MD","21045","","0","0","0","0","0","0","0","0","0","0","0","0","-16.52","0","0","-16.52"
"Dec 11, 2025 12:48:35 PM PST","25081665871","Order","113-5642578-5328211","GB-CA-02-LION","Grumpy Bear Camping Hatchet with Lion Carving, Full Tang Outdoor Axe with Decorative Handle, Durable Forged Blade for Hiking, Bushcraft, and Survival","1","amazon.com","Standard Orders","Amazon","NEW SMYRNA BEACH","FL","32168","MarketplaceFacilitator","17.99","1.17","0","0","0","0","0","0","0","0","-1.17","-2.70","-5.68","0","0","9.61"
"Dec 11, 2025 3:45:32 PM PST","25081665871","Order","113-4942748-8306660","GB-CA-02-EAGLE","Grumpy Bear Camping Hatchet, Full Tang Outdoor Axe with Decorative Handle, Durable Forged Blade for Hiking, Bushcraft, and Survival (Eagle)","1","amazon.com","Standard Orders","Amazon","NEW CASTLE","PA","16101","MarketplaceFacilitator","19.99","1.20","0","0","0","0","0","0","0","0","-1.20","-3.00","-5.68","0","0","11.31"
"Dec 11, 2025 4:14:58 PM PST","25081665871","Order","114-2154366-9727463","GB-CA-02-TIGER","Grumpy Bear Camping Hatchet with Tiger Carving, Full Tang Outdoor Axe with Decorative Handle, Durable Forged Blade for Hiking, Bushcraft, and Survival","1","amazon.com","Standard Orders","Amazon","GREENVILLE","SC","29617","MarketplaceFacilitator","14.99","0.90","0","0","0","0","0","0","0","0","-0.90","-2.25","-5.84","0","0","6.90"
"Dec 11, 2025 4:18:57 PM PST","25081665871","Order","111-9173621-6790639","AXE-GBWS-L","Grumpy Bear 15"" Survival Axe Camping Hatchet - Forged High Carbon Steel Blade with Walnut Wood Handle - Shock-Absorbing, Anti-Slip Grip - Ideal for Bu","1","amazon.com","Standard Orders","Amazon","MODESTO","CA","95354","MarketplaceFacilitator","35.41","2.51","0","0","0","0","0","0","-3.54","0","-2.51","-4.78","-4.14","0","0","22.95"
"Dec 11, 2025 5:41:24 PM PST","25081665871","Order","114-1990739-4777804","AXE-SH-S","Grumpy Bear 11"" Survival Axe Camping Hatchet - Forged High Carbon Steel Blade with Walnut Wood Handle - Shock-Absorbing, Anti-Slip Grip - Ideal for Bu","1","amazon.com","Standard Orders","Amazon","BEAUMONT","TX","77707","MarketplaceFacilitator","34.41","2.56","0","0","0","0","0","0","-3.44","0","-2.56","-4.65","-6.24","0","0","20.08"
"Dec 11, 2025 8:19:40 PM PST","25081665871","Order","S01-0922089-7814025","GB-CA-02-LION","Grumpy Bear Camping Hatchet with Lion Carving, Full Tang Outdoor Axe with Decorative Handle, Durable Forged Blade for Hiking, Bushcraft, and Survival","1","sim1.stores.amazon.com","Standard Orders","Amazon","BRONX","NY","10461","","0","0","0","0","0","0","0","0","0","0","0","0","-10.60","0","0","-10.60"
"Dec 11, 2025 8:53:00 PM PST","25081665871","Order","S01-2056406-5589268","GB-CA-02-LION","Grumpy Bear Camping Hatchet with Lion Carving, Full Tang Outdoor Axe with Decorative Handle, Durable Forged Blade for Hiking, Bushcraft, and Survival","1","sim1.stores.amazon.com","Standard Orders","Amazon","SANTAQUIN","UT","84655","","0","0","0","0","0","0","0","0","0","0","0","0","-10.60","0","0","-10.60"
"Dec 11, 2025 9:11:19 PM PST","25081665871","Order","111-5868448-9070645","Axe-F-R-L","Grumpy Bear 15"" Survival Axe Camping Hatchet - Forged High Carbon Steel Blade with Walnut Wood Handle - Shock-Absorbing, Anti-Slip Grip - Ideal for Bu","1","amazon.com","Standard Orders","Amazon","BEDFORD","NY","10506","MarketplaceFacilitator","37.94","2.86","0","0","0","0","0","0","-3.79","0","-2.86","-5.12","0","0","0","29.03"
"Dec 11, 2025 9:37:14 PM PST","25081665871","Order","114-9056977-8741034","Axe-F-R-L","Grumpy Bear 15"" Survival Axe Camping Hatchet - Forged High Carbon Steel Blade with Walnut Wood Handle - Shock-Absorbing, Anti-Slip Grip - Ideal for Bu","1","amazon.com","Standard Orders","Amazon","Ridgefield","CT","06877","MarketplaceFacilitator","37.94","2.17","0","0","0","0","0","0","-3.79","0","-2.17","-5.12","-6.44","0","0","22.59"
"Dec 11, 2025 10:14:49 PM PST","25081665871","Service Fee","FBA191B54PSJ","","FBA Inbound Placement Service Fee","","Amazon.com","Standard Orders","","","","","","0","0","0","0","0","0","0","0","0","0","0","0","0","0","0","0"
"Dec 11, 2025 10:42:18 PM PST","25081665871","Order","114-4746258-7249837","Axe-F-R-L","Grumpy Bear 15"" Survival Axe Camping Hatchet - Forged High Carbon Steel Blade with Walnut Wood Handle - Shock-Absorbing, Anti-Slip Grip - Ideal for Bu","1","amazon.com","Standard Orders","Amazon","GROVER","WY","83122","MarketplaceFacilitator","35.94","1.62","0","0","0","0","0","0","-3.59","0","-1.62","-4.85","-6.44","0","0","21.06"
"Dec 11, 2025 10:52:22 PM PST","25081665871","Order","114-5589705-8481801","GB-CA-02-EAGLE","Grumpy Bear Camping Hatchet, Full Tang Outdoor Axe with Decorative Handle, Durable Forged Blade for Hiking, Bushcraft, and Survival (Eagle)","1","amazon.com","Standard Orders","Amazon","FORTY FORT","PA","18704","MarketplaceFacilitator","19.99","1.20","0","0","0","0","0","0","0","0","-1.20","-3.00","-5.68","0","0","11.31"
"Dec 11, 2025 11:45:04 PM PST","25081665871","Order","114-2907516-3141014","AXE-GBWS-L","Grumpy Bear 15"" Survival Axe Camping Hatchet - Forged High Carbon Steel Blade with Walnut Wood Handle - Shock-Absorbing, Anti-Slip Grip - Ideal for Bu","1","amazon.com","Standard Orders","Amazon","NEWPORT NEWS","VA","23606","MarketplaceFacilitator","35.41","1.91","0","0","0","0","0","0","-3.54","0","-1.91","-4.78","-6.44","0","0","20.65"
"Dec 11, 2025 11:54:31 PM PST","25081665871","Order","114-1990739-4777804","AXE-SH-S","Grumpy Bear 11"" Survival Axe Camping Hatchet - Forged High Carbon Steel Blade with Walnut Wood Handle - Shock-Absorbing, Anti-Slip Grip - Ideal for Bu","1","amazon.com","Standard Orders","Amazon","BEAUMONT","TX","77707","MarketplaceFacilitator","34.41","2.56","0","0","0","0","0","0","-3.44","0","-2.56","-4.65","-6.24","0","0","20.08"
"Dec 12, 2025 12:21:58 AM PST","25081665871","Order","113-5323941-2525819","AXE-SH-L","Grumpy Bear 15"" Survival Axe Camping Hatchet - Forged High Carbon Steel Blade with Walnut Wood Handle - Shock-Absorbing, Anti-Slip Grip - Ideal for Bu","1","amazon.com","Standard Orders","Amazon","MARTINSVILLE","IN","46151","MarketplaceFacilitator","36.94","2.33","0","0","0","0","0","0","-3.69","0","-2.33","-4.99","-6.44","0","0","21.82"
"Dec 12, 2025 1:06:03 AM PST","25081665871","Order","112-6961168-9255439","AXE-SH-S","Grumpy Bear 11"" Survival Axe Camping Hatchet - Forged High Carbon Steel Blade with Walnut Wood Handle - Shock-Absorbing, Anti-Slip Grip - Ideal for Bu","1","amazon.com","Standard Orders","Amazon","LEVITTOWN","PA","19056","MarketplaceFacilitator","34.41","1.86","0","0","0","0","0","0","-3.44","0","-1.86","-4.65","-6.24","0","0","20.08"
"Dec 12, 2025 1:13:39 AM PST","25081665871","Order","113-1237985-3997064","GB-CA-02-TIGER","Grumpy Bear Camping Hatchet with Tiger Carving, Full Tang Outdoor Axe with Decorative Handle, Durable Forged Blade for Hiking, Bushcraft, and Survival","1","amazon.com","Standard Orders","Amazon","RANCHO CORDOVA","CA","95670","MarketplaceFacilitator","19.99","1.75","0","0","0","0","0","0","0","0","-1.75","-3.00","-5.84","0","0","11.15"
"Dec 12, 2025 1:30:48 AM PST","25081665871","Order","112-3551736-1585027","GB-CA-02-LION","Grumpy Bear Camping Hatchet with Lion Carving, Full Tang Outdoor Axe with Decorative Handle, Durable Forged Blade for Hiking, Bushcraft, and Survival","1","amazon.com","Standard Orders","Amazon","BRANDON","MS","39047","MarketplaceFacilitator","17.99","1.26","0","0","0","0","0","0","0","0","-1.26","-2.70","-5.68","0","0","9.61"
"Dec 12, 2025 2:24:47 AM PST","25081665871","Order","S01-0269855-6859658","AXE-WS-L","Grumpy Bear 15"" Survival Axe Camping Hatchet – Forged High Carbon Steel Blade with Walnut Wood Handle – Shock-Absorbing, Anti-Slip Grip – Ideal for Bushcraft, Wood Splitting & Outdoor Adventures","1","sim1.stores.amazon.com","Standard Orders","Amazon","SAINT MARIES","ID","83861","","0","0","0","0","0","0","0","0","0","0","0","0","-11.75","0","0","-11.75"
"Dec 12, 2025 2:32:55 AM PST","25081665871","Order","114-1222770-8831451","AXE-SH-S","Grumpy Bear 11"" Survival Axe Camping Hatchet - Forged High Carbon Steel Blade with Walnut Wood Handle - Shock-Absorbing, Anti-Slip Grip - Ideal for Bu","1","amazon.com","Standard Orders","Amazon","HUTCHINSON","KS","67501","MarketplaceFacilitator","34.41","2.32","3.11","0","0","0","0","0","-6.55","0","-2.32","-4.65","-6.24","0","0","20.08"
"Dec 12, 2025 2:58:32 AM PST","25081665871","Order","113-2611947-5967440","AXE-SH-S","Grumpy Bear 11"" Survival Axe Camping Hatchet - Forged High Carbon Steel Blade with Walnut Wood Handle - Shock-Absorbing, Anti-Slip Grip - Ideal for Bu","1","amazon.com","Standard Orders","Amazon","KEIZER","OR","97303","","34.41","0","0","0","0","0","0","0","-3.44","0","0","-4.65","-6.24","0","0","20.08"
"Dec 12, 2025 3:02:41 AM PST","25081665871","Order","111-6709316-4648204","GB-CA-02-LION","Grumpy Bear Camping Hatchet with Lion Carving, Full Tang Outdoor Axe with Decorative Handle, Durable Forged Blade for Hiking, Bushcraft, and Survival","1","amazon.com","Standard Orders","Amazon","FORT WORTH","TX","76177","MarketplaceFacilitator","14.99","1.24","0","0","0","0","0","0","0","0","-2.48","-4.50","-5.68","0","0","3.57"
"Dec 12, 2025 3:02:41 AM PST","25081665871","Order","111-6709316-4648204","GB-CA-02-LION","Grumpy Bear Camping Hatchet with Lion Carving, Full Tang Outdoor Axe with Decorative Handle, Durable Forged Blade for Hiking, Bushcraft, and Survival","1","amazon.com","Standard Orders","Amazon","FORT WORTH","TX","76177","","14.99","1.24","0","0","0","0","0","0","0","0","0","0","-5.68","0","0","10.55"
"Dec 12, 2025 3:34:24 AM PST","25081665871","Order","114-8990606-4306660","Axe-F-R-L","Grumpy Bear 15"" Survival Axe Camping Hatchet - Forged High Carbon Steel Blade with Walnut Wood Handle - Shock-Absorbing, Anti-Slip Grip - Ideal for Bu","1","amazon.com","Standard Orders","Amazon","KALAMAZOO","MI","49048","MarketplaceFacilitator","37.94","2.05","0","0","0","0","0","0","-3.79","0","-2.05","-5.12","0","0","0","29.03"
"Dec 12, 2025 3:53:23 AM PST","25081665871","Order","112-4667541-5717060","C-axe-02","Full Tang Survival Camping Axe with Wood Ergonomic Handle and Nylon Sheath Sheath - High Carbon Stainless Steel, Multi-Tool for Outdoor, Hunting, Emer","1","amazon.com","Standard Orders","Amazon","LAWRENCEVILLE","GA","30045","MarketplaceFacilitator","14.99","0.90","0","0","0","0","0","0","0","0","-0.90","-2.25","-6.44","0","0","6.30"
"Dec 12, 2025 4:21:24 AM PST","25081665871","Order","113-9849475-4617038","AXE-GBWS-L","Grumpy Bear 15"" Survival Axe Camping Hatchet - Forged High Carbon Steel Blade with Walnut Wood Handle - Shock-Absorbing, Anti-Slip Grip - Ideal for Bu","1","amazon.com","Standard Orders","Amazon","WILLIAMSTOWN","WV","26187","MarketplaceFacilitator","35.41","2.23","0","0","0","0","0","0","-3.54","0","-2.23","-4.78","0","0","0","27.09"
"Dec 12, 2025 5:05:09 AM PST","25081665871","Order","113-5145807-7233805","C-axe-01","Full Tang Survival Camping Axe with Wood Ergonomic Handle and Nylon Sheath Sheath - High Carbon Stainless Steel, Multi-Tool for Outdoor, Hunting, Emer","1","amazon.com","Standard Orders","Amazon","NEW HILL","NC","27562","MarketplaceFacilitator","14.99","1.05","1.00","0","0","0","0","0","-1.00","0","-1.05","-2.25","-6.10","0","0","6.64"
"Dec 12, 2025 5:21:14 AM PST","25081665871","Order","112-5217557-5689862","AXE-WS-L","Grumpy Bear 15"" Survival Axe Camping Hatchet - Forged High Carbon Steel Blade with Walnut Wood Handle - Shock-Absorbing, Anti-Slip Grip - Ideal for Bu","1","amazon.com","Standard Orders","Amazon","GALLIPOLIS","OH","45631","MarketplaceFacilitator","29.99","2.17","0","0","0","0","0","0","0","0","-2.17","-4.50","-6.44","0","0","19.05"
"Dec 12, 2025 5:37:56 AM PST","25081665871","Order","112-2736398-0709031","AXE-WS-S","Grumpy Bear 11"" Survival Axe Camping Hatchet - Forged High Carbon Steel Blade with Walnut Wood Handle - Shock-Absorbing, Anti-Slip Grip - Ideal for Bu","1","amazon.com","Standard Orders","Amazon","MCGREGOR","TX","76657","MarketplaceFacilitator","29.99","2.47","0","0","0","0","0","0","0","0","-2.47","-4.50","-6.24","0","0","19.25"
"Dec 12, 2025 5:42:16 AM PST","25081665871","Order","114-0166669-8153042","C-axe-01","Full Tang Survival Camping Axe with Wood Ergonomic Handle and Nylon Sheath Sheath - High Carbon Stainless Steel, Multi-Tool for Outdoor, Hunting, Emer","1","amazon.com","Standard Orders","Amazon","Brady","TX","76825","MarketplaceFacilitator","14.99","0.50","0.25","0","0","0","0","0","-0.25","0","-0.50","-2.25","-6.10","0","0","6.64"
"Dec 12, 2025 5:42:41 AM PST","25081665871","Order","112-7747077-3307404","GB-CA-02-LION","Grumpy Bear Camping Hatchet with Lion Carving, Full Tang Outdoor Axe with Decorative Handle, Durable Forged Blade for Hiking, Bushcraft, and Survival","1","amazon.com","Standard Orders","Amazon","FRESNO","CA","93726","MarketplaceFacilitator","17.99","1.50","0","0","0","0","0","0","0","0","-1.50","-2.70","-5.68","0","0","9.61"
"Dec 12, 2025 6:17:18 AM PST","25081665871","Order","113-4645135-6563438","AXE-SH-S","Grumpy Bear 11"" Survival Axe Camping Hatchet - Forged High Carbon Steel Blade with Walnut Wood Handle - Shock-Absorbing, Anti-Slip Grip - Ideal for Bu","1","amazon.com","Standard Orders","Amazon","LA MESA","CA","91942","MarketplaceFacilitator","34.41","2.63","0","0","0","0","0","0","-3.44","0","-2.63","-4.65","-6.24","0","0","20.08"
"Dec 12, 2025 6:28:15 AM PST","25081665871","Order","111-1408238-9230605","AXE-SH-S","Grumpy Bear 11"" Survival Axe Camping Hatchet - Forged High Carbon Steel Blade with Walnut Wood Handle - Shock-Absorbing, Anti-Slip Grip - Ideal for Bu","1","amazon.com","Standard Orders","Amazon","LINCOLN","NE","68508","MarketplaceFacilitator","34.41","2.25","0","0","0","0","0","0","-3.44","0","-2.25","-4.65","-6.24","0","0","20.08"
"Dec 12, 2025 6:28:26 AM PST","25081665871","Order","111-4370490-5475444","C-axe-02","Full Tang Survival Camping Axe with Wood Ergonomic Handle and Nylon Sheath Sheath - High Carbon Stainless Steel, Multi-Tool for Outdoor, Hunting, Emer","1","amazon.com","Standard Orders","Amazon","STATEN ISLAND","NY","10306","MarketplaceFacilitator","14.99","1.33","0","0","0","0","0","0","0","0","-1.33","-2.25","-6.44","0","0","6.30"
"Dec 12, 2025 6:35:07 AM PST","25081665871","Order","112-5836720-9534669","GB-CA-02-LION","Grumpy Bear Camping Hatchet with Lion Carving, Full Tang Outdoor Axe with Decorative Handle, Durable Forged Blade for Hiking, Bushcraft, and Survival","1","amazon.com","Standard Orders","Amazon","NEW HAVEN","CT","06519","MarketplaceFacilitator","14.99","0.95","0","0","0","0","0","0","0","0","-0.95","-2.25","-5.68","0","0","7.06"
"Dec 12, 2025 7:36:49 AM PST","25081665871","Order","113-7053754-9669805","GB-CA-02-LION","Grumpy Bear Camping Hatchet with Lion Carving, Full Tang Outdoor Axe with Decorative Handle, Durable Forged Blade for Hiking, Bushcraft, and Survival","1","amazon.com","Standard Orders","Amazon","LIVERPOOL","PA","17045","MarketplaceFacilitator","14.99","0.90","5.60","0","0","0","0","0","-5.60","0","-0.90","-2.25","-5.68","0","0","7.06"
"Dec 12, 2025 7:42:15 AM PST","25081665871","Order","111-6274222-9290660","GB-CA-02-WOLF","Grumpy Bear Camping Hatchet with Wolf Carving, Full Tang Outdoor Axe with Decorative Handle, Durable Forged Blade for Hiking, Bushcraft, and Survival","1","amazon.com","Standard Orders","Amazon","HAZARD","KY","41702","MarketplaceFacilitator","19.99","1.20","5.73","0","0","0","0","0","-5.73","0","-1.20","-3.00","-5.84","0","0","11.15"
"Dec 12, 2025 7:51:40 AM PST","25081665871","Order","S01-4243719-7258837","AXE-SH-S","Grumpy Bear 11"" Survival Axe Camping Hatchet – Forged High Carbon Steel Blade with Walnut Wood Handle – Shock-Absorbing, Anti-Slip Grip – Ideal for Bushcraft, Wood Splitting & Outdoor Adventures","1","sim1.stores.amazon.com","Standard Orders","Amazon","ROCKLEDGE","FL","32955","","0","0","0","0","0","0","0","0","0","0","0","0","-11.75","0","0","-11.75"
"Dec 12, 2025 8:06:09 AM PST","25081665871","Order","114-7803169-3497817","GB-CA-02-TIGER","Grumpy Bear Camping Hatchet with Tiger Carving, Full Tang Outdoor Axe with Decorative Handle, Durable Forged Blade for Hiking, Bushcraft, and Survival","1","amazon.com","Standard Orders","Amazon","LA GRANGE","NC","28551","MarketplaceFacilitator","19.99","1.35","0","0","0","0","0","0","0","0","-1.35","-3.00","-5.84","0","0","11.15"
"Dec 12, 2025 8:38:33 AM PST","25081665871","Order","S01-7149829-7850811","AXE-WS-L","Grumpy Bear 15"" Survival Axe Camping Hatchet – Forged High Carbon Steel Blade with Walnut Wood Handle – Shock-Absorbing, Anti-Slip Grip – Ideal for Bushcraft, Wood Splitting & Outdoor Adventures","1","sim1.stores.amazon.com","Standard Orders","Amazon","COLUMBUS","NE","68601","","0","0","0","0","0","0","0","0","0","0","0","0","-11.75","0","0","-11.75"
"Dec 12, 2025 9:00:03 AM PST","25081665871","Order","114-3349924-1778664","AXE-SH-S","Grumpy Bear 11"" Survival Axe Camping Hatchet - Forged High Carbon Steel Blade with Walnut Wood Handle - Shock-Absorbing, Anti-Slip Grip - Ideal for Bu","1","amazon.com","Standard Orders","Amazon","STEPHENVILLE","TX","76401","MarketplaceFacilitator","34.41","2.09","0","0","0","0","0","0","-3.44","0","-2.09","-4.65","-6.24","0","0","20.08"
"Dec 12, 2025 11:26:34 AM PST","25081665871","Order","S01-8306118-5214006","GB-CA-02-LION","Grumpy Bear Camping Hatchet with Lion Carving, Full Tang Outdoor Axe with Decorative Handle, Durable Forged Blade for Hiking, Bushcraft, and Survival","1","sim1.stores.amazon.com","Standard Orders","Amazon","MANTECA","CA","95336","","0","0","0","0","0","0","0","0","0","0","0","0","-10.60","0","0","-10.60"
"Dec 12, 2025 11:50:04 AM PST","25081665871","Order","114-0355348-0949050","AXE-WS-S","Grumpy Bear 11"" Survival Axe Camping Hatchet - Forged High Carbon Steel Blade with Walnut Wood Handle - Shock-Absorbing, Anti-Slip Grip - Ideal for Bu","1","amazon.com","Standard Orders","Amazon","SODDY DAISY","TN","37379","MarketplaceFacilitator","29.99","2.77","0","0","0","0","0","0","0","0","-2.77","-4.50","-6.24","0","0","19.25"
"Dec 12, 2025 12:56:13 PM PST","25081665871","Order","112-9937434-9649048","GB-CA-02-EAGLE","Grumpy Bear Camping Hatchet, Full Tang Outdoor Axe with Decorative Handle, Durable Forged Blade for Hiking, Bushcraft, and Survival (Eagle)","1","amazon.com","Standard Orders","Amazon","LAS VEGAS","NV","89107","MarketplaceFacilitator","19.99","1.67","0","0","0","0","0","0","0","0","-1.67","-3.00","-5.68","0","0","11.31"
"Dec 12, 2025 1:05:52 PM PST","25081665871","Order","S01-7879136-3462801","AXE-SH-S","Grumpy Bear 11"" Survival Axe Camping Hatchet – Forged High Carbon Steel Blade with Walnut Wood Handle – Shock-Absorbing, Anti-Slip Grip – Ideal for Bushcraft, Wood Splitting & Outdoor Adventures","1","sim1.stores.amazon.com","Standard Orders","Amazon","LAFAYETTE","LA","70506","","0","0","0","0","0","0","0","0","0","0","0","0","-11.75","0","0","-11.75"
"Dec 12, 2025 4:30:47 PM PST","25081665871","Order","114-8780101-4006644","C-axe-02","Full Tang Survival Camping Axe with Wood Ergonomic Handle and Nylon Sheath Sheath - High Carbon Stainless Steel, Multi-Tool for Outdoor, Hunting, Emer","1","amazon.com","Standard Orders","Amazon","ALGER","OH","45812","MarketplaceFacilitator","14.99","1.09","0","0","0","0","0","0","0","0","-1.09","-2.25","-6.44","0","0","6.30"
"Dec 12, 2025 4:39:44 PM PST","25081665871","Order","113-1709451-5161037","AXE-GBWS-L","Grumpy Bear 15"" Survival Axe Camping Hatchet - Forged High Carbon Steel Blade with Walnut Wood Handle - Shock-Absorbing, Anti-Slip Grip - Ideal for Bu","1","amazon.com","Standard Orders","Amazon","KIRKWOOD","MO","63122","MarketplaceFacilitator","35.41","1.82","0","0","0","0","0","0","-3.54","0","-1.82","-4.78","-6.44","0","0","20.65"
"Dec 12, 2025 6:15:39 PM PST","25081665871","Order","S01-3568953-1001268","AXE-WS-S","Grumpy Bear 11"" Survival Axe Camping Hatchet – Forged High Carbon Steel Blade with Walnut Wood Handle – Shock-Absorbing, Anti-Slip Grip – Ideal for Bushcraft, Wood Splitting & Outdoor Adventures","1","sim1.stores.amazon.com","Standard Orders","Amazon","PORTLAND","OR","97236","","0","0","0","0","0","0","0","0","0","0","0","0","-11.75","0","0","-11.75"
"Dec 12, 2025 7:06:35 PM PST","25081665871","Order","114-6073906-7328231","AXE-GBWS-L","Grumpy Bear 15"" Survival Axe Camping Hatchet - Forged High Carbon Steel Blade with Walnut Wood Handle - Shock-Absorbing, Anti-Slip Grip - Ideal for Bu","1","amazon.com","Standard Orders","Amazon","Ashville","NY","14710","MarketplaceFacilitator","35.41","2.55","0","0","0","0","0","0","-3.54","0","-2.55","-4.78","-6.44","0","0","20.65"
"Dec 12, 2025 7:27:48 PM PST","25081665871","Order","113-6615009-7943438","GB-CA-02-EAGLE","Grumpy Bear Camping Hatchet, Full Tang Outdoor Axe with Decorative Handle, Durable Forged Blade for Hiking, Bushcraft, and Survival (Eagle)","1","amazon.com","Standard Orders","Amazon","ERIE","CO","80516","MarketplaceFacilitator","19.99","1.48","0","0","0","0","0","0","0","0","-1.48","-3.00","-5.68","0","0","11.31"
"Dec 12, 2025 9:53:41 PM PST","25081665871","Order","S01-0909149-2425242","AXE-SH-S","Grumpy Bear 11"" Survival Axe Camping Hatchet – Forged High Carbon Steel Blade with Walnut Wood Handle – Shock-Absorbing, Anti-Slip Grip – Ideal for Bushcraft, Wood Splitting & Outdoor Adventures","1","sim1.stores.amazon.com","Standard Orders","Amazon","STATEN ISLAND","NY","10314","","0","0","0","0","0","0","0","0","0","0","0","0","-11.75","0","0","-11.75"
"Dec 12, 2025 10:33:22 PM PST","25081665871","Order","113-9899133-3401802","C-axe-01","Full Tang Survival Camping Axe with Wood Ergonomic Handle and Nylon Sheath Sheath - High Carbon Stainless Steel, Multi-Tool for Outdoor, Hunting, Emer","1","amazon.com","Standard Orders","Amazon","LINCOLN","NE","68524","MarketplaceFacilitator","10.99","0.80","0","0","0","0","0","0","0","0","-0.80","-1.65","-6.10","0","0","3.24"
"Dec 12, 2025 11:57:55 PM PST","25081665871","Order","114-2597344-0105816","AXE-GBWS-L","Grumpy Bear 15"" Survival Axe Camping Hatchet - Forged High Carbon Steel Blade with Walnut Wood Handle - Shock-Absorbing, Anti-Slip Grip - Ideal for Bu","1","amazon.com","Standard Orders","Amazon","TULSA","OK","74137","MarketplaceFacilitator","35.41","2.71","0","0","0","0","0","0","-3.54","0","-2.71","-4.78","-6.44","0","0","20.65"
"Dec 13, 2025 12:06:14 AM PST","25081665871","Order","112-9457420-6913829","GB-CA-02-LION","Grumpy Bear Camping Hatchet with Lion Carving, Full Tang Outdoor Axe with Decorative Handle, Durable Forged Blade for Hiking, Bushcraft, and Survival","1","amazon.com","Standard Orders","Amazon","ASHLAND","KY","41102","MarketplaceFacilitator","14.99","0.90","0","0","0","0","0","0","0","0","-0.90","-2.25","-5.68","0","0","7.06"
"Dec 13, 2025 1:18:53 AM PST","25081665871","Order","114-2402752-1468243","Axe-F-R-L","Grumpy Bear 15"" Survival Axe Camping Hatchet - Forged High Carbon Steel Blade with Walnut Wood Handle - Shock-Absorbing, Anti-Slip Grip - Ideal for Bu","1","amazon.com","Standard Orders","Amazon","SAINT AUGUSTINE","FL","32095","MarketplaceFacilitator","37.94","2.22","0","0","0","0","0","0","-3.79","0","-2.22","-5.12","-6.44","0","0","22.59"
"Dec 13, 2025 1:30:02 AM PST","25081665871","Order","114-1979619-3042629","GB-CA-02-EAGLE","Grumpy Bear Camping Hatchet, Full Tang Outdoor Axe with Decorative Handle, Durable Forged Blade for Hiking, Bushcraft, and Survival (Eagle)","1","amazon.com","Standard Orders","Amazon","OZARK","AL","36360","MarketplaceFacilitator","19.99","1.60","0","0","0","0","0","0","0","0","-1.60","-3.00","-5.68","0","0","11.31"
"Dec 13, 2025 1:30:02 AM PST","25081665871","Order","114-1979619-3042629","GB-CA-02-TIGER","Grumpy Bear Camping Hatchet with Tiger Carving, Full Tang Outdoor Axe with Decorative Handle, Durable Forged Blade for Hiking, Bushcraft, and Survival","1","amazon.com","Standard Orders","Amazon","OZARK","AL","36360","MarketplaceFacilitator","19.99","1.60","0","0","0","0","0","0","0","0","-1.60","-3.00","-5.84","0","0","11.15"
"Dec 13, 2025 1:52:53 AM PST","25081665871","Order","S01-4766493-8995655","AXE-SH-S","Grumpy Bear 11"" Survival Axe Camping Hatchet – Forged High Carbon Steel Blade with Walnut Wood Handle – Shock-Absorbing, Anti-Slip Grip – Ideal for Bushcraft, Wood Splitting & Outdoor Adventures","1","sim1.stores.amazon.com","Standard Orders","Amazon","FULTON","MS","38843","","0","0","0","0","0","0","0","0","0","0","0","0","-11.75","0","0","-11.75"
"Dec 13, 2025 2:18:11 AM PST","25081665871","Order","114-5521301-3128263","GB-CA-02-WOLF","Grumpy Bear Camping Hatchet with Wolf Carving, Full Tang Outdoor Axe with Decorative Handle, Durable Forged Blade for Hiking, Bushcraft, and Survival","1","amazon.com","Standard Orders","Amazon","PORTLAND","TX","78374","MarketplaceFacilitator","19.99","1.65","0","0","0","0","0","0","0","0","-1.65","-3.00","-5.84","0","0","11.15"
"Dec 13, 2025 2:49:12 AM PST","25081665871","Order","111-5809584-4225024","GB-CA-02-EAGLE","Grumpy Bear Camping Hatchet, Full Tang Outdoor Axe with Decorative Handle, Durable Forged Blade for Hiking, Bushcraft, and Survival (Eagle)","1","amazon.com","Standard Orders","Amazon","LAKEWAY","TX","78738","MarketplaceFacilitator","19.99","1.65","0.38","0","0","0","0","0","-0.38","0","-1.65","-3.00","-5.68","0","0","11.31"
"Dec 13, 2025 3:03:55 AM PST","25081665871","Order","114-6221985-0095441","AXE-GBWS-S","Grumpy Bear 11"" Survival Axe Camping Hatchet - Forged High Carbon Steel Blade with Walnut Wood Handle - Shock-Absorbing, Anti-Slip Grip - Ideal for Bu","1","amazon.com","Standard Orders","Amazon","GLASSBORO","NJ","08028","MarketplaceFacilitator","33.84","2.02","0.43","0","0","0","0","0","-3.81","0","-2.02","-4.57","-6.10","0","0","19.79"
"Dec 13, 2025 3:31:07 AM PST","25081665871","Order","111-0500353-4149022","Axe-F-R-L","Grumpy Bear 15"" Survival Axe Camping Hatchet - Forged High Carbon Steel Blade with Walnut Wood Handle - Shock-Absorbing, Anti-Slip Grip - Ideal for Bu","1","amazon.com","Standard Orders","Amazon","ROYERSFORD","PA","19468","MarketplaceFacilitator","37.94","2.05","0","0","0","0","0","0","-3.79","0","-2.05","-5.12","-6.44","0","0","22.59"
"Dec 13, 2025 4:14:49 AM PST","25081665871","Order","114-4820735-1851469","CP-A-K-U","Grumpy Bear Camping Axe & Sickle Set - Dual Outdoor Tools for Camping, Survival & Bushcraft | High Carbon Steel Camping Axe & Hatchet Combo | Black Ox","1","amazon.com","Standard Orders","Amazon","SAN DIEGO","CA","92117","MarketplaceFacilitator","35.99","2.79","0","0","0","0","0","0","0","0","-2.79","-5.40","-5.84","0","0","24.75"
"Dec 13, 2025 4:22:54 AM PST","25081665871","Order","112-6027660-0456254","GB-CA-02-EAGLE","Grumpy Bear Camping Hatchet, Full Tang Outdoor Axe with Decorative Handle, Durable Forged Blade for Hiking, Bushcraft, and Survival (Eagle)","1","amazon.com","Standard Orders","Amazon","BEACON FALLS","CT","06403","MarketplaceFacilitator","19.99","1.27","0","0","0","0","0","0","0","0","-1.27","-3.00","-5.68","0","0","11.31"
"Dec 13, 2025 4:49:00 AM PST","25081665871","Order","114-7131322-9564248","AXE-GBWS-L","Grumpy Bear 15"" Survival Axe Camping Hatchet - Forged High Carbon Steel Blade with Walnut Wood Handle - Shock-Absorbing, Anti-Slip Grip - Ideal for Bu","1","amazon.com","Standard Orders","Amazon","GREENBACKVILLE","VA","23356","MarketplaceFacilitator","35.41","1.69","0","0","0","0","0","0","-3.54","0","-1.69","-4.78","-6.44","0","0","20.65"
"Dec 13, 2025 5:15:06 AM PST","25081665871","Order","113-3782680-3153813","GB-CA-02-EAGLE","Grumpy Bear Camping Hatchet, Full Tang Outdoor Axe with Decorative Handle, Durable Forged Blade for Hiking, Bushcraft, and Survival (Eagle)","1","amazon.com","Standard Orders","Amazon","HAGERSTOWN","MD","21740","MarketplaceFacilitator","19.99","1.20","0","0","0","0","0","0","0","0","-1.20","-3.00","-5.68","0","0","11.31"
"Dec 13, 2025 5:29:42 AM PST","25081665871","Order","114-9143214-5769826","GB-CA-02-WOLF","Grumpy Bear Camping Hatchet with Wolf Carving, Full Tang Outdoor Axe with Decorative Handle, Durable Forged Blade for Hiking, Bushcraft, and Survival","1","amazon.com","Standard Orders","Amazon","NEW CUMBERLAND","WV","26047","MarketplaceFacilitator","19.99","1.20","0","0","0","0","0","0","0","0","-1.20","-3.00","-5.84","0","0","11.15"
"Dec 13, 2025 5:59:28 AM PST","25081665871","Order","113-7918244-4327412","GB-CA-02-LION","Grumpy Bear Camping Hatchet with Lion Carving, Full Tang Outdoor Axe with Decorative Handle, Durable Forged Blade for Hiking, Bushcraft, and Survival","1","amazon.com","Standard Orders","Amazon","SMYRNA","DE","19977","","17.99","0","0","0","0","0","0","0","0","0","0","-2.70","-5.68","0","0","9.61"
"Dec 13, 2025 6:00:07 AM PST","25081665871","Order","113-3559020-7240210","C-axe-02","Full Tang Survival Camping Axe with Wood Ergonomic Handle and Nylon Sheath Sheath - High Carbon Stainless Steel, Multi-Tool for Outdoor, Hunting, Emer","1","amazon.com","Standard Orders","Amazon","Boomer","North Carolina","28606","MarketplaceFacilitator","14.99","1.05","0","0","0","0","0","0","0","0","-1.05","-2.25","-6.44","0","0","6.30"
"Dec 13, 2025 6:00:07 AM PST","25081665871","Order","113-3559020-7240210","C-axe-01","Full Tang Survival Camping Axe with Wood Ergonomic Handle and Nylon Sheath Sheath - High Carbon Stainless Steel, Multi-Tool for Outdoor, Hunting, Emer","1","amazon.com","Standard Orders","Amazon","Boomer","North Carolina","28606","MarketplaceFacilitator","10.99","0.77","0","0","0","0","0","0","0","0","-0.77","-1.65","-6.10","0","0","3.24"
"Dec 13, 2025 6:03:57 AM PST","25081665871","Order","114-4771932-5271462","AXE-SH-S","Grumpy Bear 11"" Survival Axe Camping Hatchet - Forged High Carbon Steel Blade with Walnut Wood Handle - Shock-Absorbing, Anti-Slip Grip - Ideal for Bu","1","amazon.com","Standard Orders","Amazon","MATAWAN","NJ","07747","MarketplaceFacilitator","34.41","2.05","0","0","0","0","0","0","-3.44","0","-2.05","-4.65","-6.24","0","0","20.08"
"Dec 13, 2025 6:20:58 AM PST","25081665871","Order","112-1302332-6001864","GB-CA-02-EAGLE","Grumpy Bear Camping Hatchet, Full Tang Outdoor Axe with Decorative Handle, Durable Forged Blade for Hiking, Bushcraft, and Survival (Eagle)","1","amazon.com","Standard Orders","Amazon","Tolland","CT","06084","MarketplaceFacilitator","19.99","1.27","0","0","0","0","0","0","0","0","-1.27","-3.00","-5.68","0","0","11.31"
"Dec 13, 2025 7:00:06 AM PST","25081665871","Order","111-5923594-3570609","GB-CA-02-LION","Grumpy Bear Camping Hatchet with Lion Carving, Full Tang Outdoor Axe with Decorative Handle, Durable Forged Blade for Hiking, Bushcraft, and Survival","1","amazon.com","Standard Orders","Amazon","WESTFIELD","MA","01085","MarketplaceFacilitator","17.99","1.12","0","0","0","0","0","0","0","0","-1.12","-2.70","-5.68","0","0","9.61"
"Dec 13, 2025 7:23:10 AM PST","25081665871","Order","112-1243166-9652221","Axe-F-R-S","Grumpy Bear 11"" Survival Axe Camping Hatchet - Forged High Carbon Steel Blade with Walnut Wood Handle - Shock-Absorbing, Anti-Slip Grip - Ideal for Bu","1","amazon.com","Standard Orders","Amazon","HOWELL","MI","48843","MarketplaceFacilitator","34.41","1.86","0","0","0","0","0","0","-3.44","0","-1.86","-4.65","-6.24","0","0","20.08"
"Dec 13, 2025 7:42:17 AM PST","25081665871","Order","114-7352079-6750621","Axe-F-R-L","Grumpy Bear 15"" Survival Axe Camping Hatchet - Forged High Carbon Steel Blade with Walnut Wood Handle - Shock-Absorbing, Anti-Slip Grip - Ideal for Bu","1","amazon.com","Standard Orders","Amazon","CANONSBURG","PA","15317","MarketplaceFacilitator","37.94","2.05","0","0","0","0","0","0","-3.79","0","-2.05","-5.12","-6.44","0","0","22.59"
"Dec 13, 2025 7:56:50 AM PST","25081665871","Order","114-3210158-7153835","AXE-SH-S","Grumpy Bear 11"" Survival Axe Camping Hatchet - Forged High Carbon Steel Blade with Walnut Wood Handle - Shock-Absorbing, Anti-Slip Grip - Ideal for Bu","1","amazon.com","Standard Orders","Amazon","Bremerton","WA","98314","MarketplaceFacilitator","34.41","2.85","0","0","0","0","0","0","-3.44","0","-2.85","-4.65","-6.24","0","0","20.08"
"Dec 13, 2025 8:00:21 AM PST","25081665871","Order","114-7026202-5145829","GB-CA-02-LION","Grumpy Bear Camping Hatchet with Lion Carving, Full Tang Outdoor Axe with Decorative Handle, Durable Forged Blade for Hiking, Bushcraft, and Survival","1","amazon.com","Standard Orders","Amazon","GRUNDY","VA","24614","MarketplaceFacilitator","17.99","0.95","0","0","0","0","0","0","0","0","-0.95","-2.70","-5.68","0","0","9.61"
"Dec 13, 2025 9:38:36 AM PST","25081665871","Order","S01-4646775-8807616","AXE-SH-L","Grumpy Bear 15"" Survival Axe Camping Hatchet – Forged High Carbon Steel Blade with Walnut Wood Handle – Shock-Absorbing, Anti-Slip Grip – Ideal for Bushcraft, Wood Splitting & Outdoor Adventures","1","sim1.stores.amazon.com","Standard Orders","Amazon","WHITEFISH","MT","59937","","0","0","0","0","0","0","0","0","0","0","0","0","-11.75","0","0","-11.75"
"Dec 13, 2025 10:42:57 AM PST","25081665871","Order","112-3625243-5024252","AXE-GBWS-L","Grumpy Bear 15"" Survival Axe Camping Hatchet - Forged High Carbon Steel Blade with Walnut Wood Handle - Shock-Absorbing, Anti-Slip Grip - Ideal for Bu","1","amazon.com","Standard Orders","Amazon","LA JOLLA","CA","92037","MarketplaceFacilitator","35.41","2.47","0","0","0","0","0","0","-3.54","0","-2.47","-4.78","-6.44","0","0","20.65"
"Dec 13, 2025 11:35:23 AM PST","25081665871","Order","S01-7549195-0053212","CP-A-K-U","Grumpy Bear Camping Axe & Sickle Set – Dual Outdoor Tools for Camping, Survival & Bushcraft | High Carbon Steel Camping Axe & Hatchet Combo | Black Oxide Finish, Protective Sheaths","1","sim1.stores.amazon.com","Standard Orders","Amazon","Saratoga Springs","UT","84045","","0","0","0","0","0","0","0","0","0","0","0","0","-10.60","0","0","-10.60"
"Dec 13, 2025 12:12:00 PM PST","25081665871","Order","S01-5233998-8893233","AXE-SH-S","Grumpy Bear 11"" Survival Axe Camping Hatchet – Forged High Carbon Steel Blade with Walnut Wood Handle – Shock-Absorbing, Anti-Slip Grip – Ideal for Bushcraft, Wood Splitting & Outdoor Adventures","1","sim1.stores.amazon.com","Standard Orders","Amazon","LAKE ALFRED","FL","33850","","0","0","0","0","0","0","0","0","0","0","0","0","-11.75","0","0","-11.75"
"Dec 13, 2025 1:25:56 PM PST","25081665871","Order","S01-6374372-9594004","AXE-SH-S","Grumpy Bear 11"" Survival Axe Camping Hatchet – Forged High Carbon Steel Blade with Walnut Wood Handle – Shock-Absorbing, Anti-Slip Grip – Ideal for Bushcraft, Wood Splitting & Outdoor Adventures","1","sim1.stores.amazon.com","Standard Orders","Amazon","WHITEFISH","MT","59937","","0","0","0","0","0","0","0","0","0","0","0","0","-11.75","0","0","-11.75"
"Dec 13, 2025 2:41:00 PM PST","25081665871","Service Fee","","","Cost of Advertising","","","Standard Orders","","","","","","0","0","0","0","0","0","0","0","0","0","0","0","0","-500.19","0","-500.19"
"Dec 13, 2025 4:27:11 PM PST","25081665871","Order","S01-5236568-0054033","GB-CA-02-LION","Grumpy Bear Camping Hatchet with Lion Carving, Full Tang Outdoor Axe with Decorative Handle, Durable Forged Blade for Hiking, Bushcraft, and Survival","1","sim1.stores.amazon.com","Standard Orders","Amazon","AUSTIN","TX","78748","","0","0","0","0","0","0","0","0","0","0","0","0","-10.60","0","0","-10.60"
"Dec 13, 2025 4:47:11 PM PST","25081665871","Amazon Fees","","","Vine Enrollment Fee","","Amazon.com","Standard Orders","","","","","","0","0","0","0","0","0","0","0","0","0","0","-75.00","0","0","0","-75.00"
"Dec 13, 2025 5:08:49 PM PST","25081665871","Order","S01-8492379-1797231","AXE-SH-L","Grumpy Bear 15"" Survival Axe Camping Hatchet – Forged High Carbon Steel Blade with Walnut Wood Handle – Shock-Absorbing, Anti-Slip Grip – Ideal for Bushcraft, Wood Splitting & Outdoor Adventures","1","sim1.stores.amazon.com","Standard Orders","Amazon","MANSFIELD","MA","02048","","0","0","0","0","0","0","0","0","0","0","0","0","-11.75","0","0","-11.75"
"Dec 13, 2025 6:28:46 PM PST","25081665871","Order","S01-0474724-7729217","GB-CA-02-LION","Grumpy Bear Camping Hatchet with Lion Carving, Full Tang Outdoor Axe with Decorative Handle, Durable Forged Blade for Hiking, Bushcraft, and Survival","1","sim1.stores.amazon.com","Standard Orders","Amazon","HATTIESBURG","MS","39402","","0","0","0","0","0","0","0","0","0","0","0","0","-10.60","0","0","-10.60"
"Dec 13, 2025 7:06:16 PM PST","25081665871","Order","114-7246400-7269817","Axe-F-R-L","Grumpy Bear 15"" Survival Axe Camping Hatchet - Forged High Carbon Steel Blade with Walnut Wood Handle - Shock-Absorbing, Anti-Slip Grip - Ideal for Bu","1","amazon.com","Standard Orders","Amazon","TAYLORS","SC","29687","MarketplaceFacilitator","37.94","2.05","0","0","0","0","0","0","-3.79","0","-2.05","-5.12","-6.44","0","0","22.59"
"Dec 13, 2025 8:14:22 PM PST","25081665871","Order","111-3542565-9960267","AXE-SH-S","Grumpy Bear 11"" Survival Axe Camping Hatchet - Forged High Carbon Steel Blade with Walnut Wood Handle - Shock-Absorbing, Anti-Slip Grip - Ideal for Bu","1","amazon.com","Standard Orders","Amazon","BOGATA","TX","75417","MarketplaceFacilitator","34.41","2.09","0","0","0","0","0","0","-3.44","0","-2.09","-4.65","-6.24","0","0","20.08"
"Dec 13, 2025 8:45:52 PM PST","25081665871","Order","S01-3000873-3563606","GB-CA-02-LION","Grumpy Bear Camping Hatchet with Lion Carving, Full Tang Outdoor Axe with Decorative Handle, Durable Forged Blade for Hiking, Bushcraft, and Survival","1","sim1.stores.amazon.com","Standard Orders","Amazon","CARLISLE","PA","17015","","0","0","0","0","0","0","0","0","0","0","0","0","-10.60","0","0","-10.60"
"Dec 13, 2025 9:36:52 PM PST","25081665871","Order","S01-0091359-3847630","AXE-SH-L","Grumpy Bear 15"" Survival Axe Camping Hatchet – Forged High Carbon Steel Blade with Walnut Wood Handle – Shock-Absorbing, Anti-Slip Grip – Ideal for Bushcraft, Wood Splitting & Outdoor Adventures","1","sim1.stores.amazon.com","Standard Orders","Amazon","ESTES PARK","CO","80517","","0","0","0","0","0","0","0","0","0","0","0","0","-11.75","0","0","-11.75"
"Dec 13, 2025 10:23:12 PM PST","25081665871","Order","S01-4001168-9811667","AXE-SH-L","Grumpy Bear 15"" Survival Axe Camping Hatchet – Forged High Carbon Steel Blade with Walnut Wood Handle – Shock-Absorbing, Anti-Slip Grip – Ideal for Bushcraft, Wood Splitting & Outdoor Adventures","1","sim1.stores.amazon.com","Standard Orders","Amazon","EASTFORD","CT","06242","","0","0","0","0","0","0","0","0","0","0","0","0","-11.75","0","0","-11.75"
"Dec 13, 2025 10:36:17 PM PST","25081665871","Order","112-7608829-6349860","Axe-F-R-L","Grumpy Bear 15"" Survival Axe Camping Hatchet - Forged High Carbon Steel Blade with Walnut Wood Handle - Shock-Absorbing, Anti-Slip Grip - Ideal for Bu","1","amazon.com","Standard Orders","Amazon","BURKEVILLE","VA","23922","MarketplaceFacilitator","37.94","1.81","3.67","0.19","0","0","0","0","-3.79","0","-2.00","-5.12","-10.11","0","0","22.59"
"Dec 13, 2025 10:36:17 PM PST","25081665871","Order","112-7608829-6349860","Axe-F-R-S","Grumpy Bear 11"" Survival Axe Camping Hatchet - Forged High Carbon Steel Blade with Walnut Wood Handle - Shock-Absorbing, Anti-Slip Grip - Ideal for Bu","1","amazon.com","Standard Orders","Amazon","BURKEVILLE","VA","23922","MarketplaceFacilitator","34.41","1.64","3.32","0.18","0","0","0","0","-3.45","0","-1.82","-4.64","-9.56","0","0","20.08"
"Dec 13, 2025 11:20:09 PM PST","25081665871","Order","112-9562663-1881008","AXE-SH-L","Grumpy Bear 15"" Survival Axe Camping Hatchet - Forged High Carbon Steel Blade with Walnut Wood Handle - Shock-Absorbing, Anti-Slip Grip - Ideal for Bu","1","amazon.com","Standard Orders","Amazon","novato","ca","94949","MarketplaceFacilitator","39.94","3.33","0","0","0","0","0","0","-3.99","0","-3.33","-5.39","-6.44","0","0","24.12"
"Dec 14, 2025 12:22:53 AM PST","25081665871","Order","113-5222577-7409811","C-axe-01","Full Tang Survival Camping Axe with Wood Ergonomic Handle and Nylon Sheath Sheath - High Carbon Stainless Steel, Multi-Tool for Outdoor, Hunting, Emer","1","amazon.com","Standard Orders","Amazon","PARKVILLE","MD","21234","MarketplaceFacilitator","10.99","0.66","0","0","0","0","0","0","0","0","-0.66","-1.65","-6.10","0","0","3.24"
"Dec 14, 2025 12:45:02 AM PST","25081665871","Order","113-2058929-1177819","GB-CA-02-LION","Grumpy Bear Camping Hatchet with Lion Carving, Full Tang Outdoor Axe with Decorative Handle, Durable Forged Blade for Hiking, Bushcraft, and Survival","1","amazon.com","Standard Orders","Amazon","SAN ANTONIO","TX","78213","MarketplaceFacilitator","17.99","1.48","0","0","0","0","0","0","0","0","-1.48","-2.70","-5.68","0","0","9.61"
"Dec 14, 2025 12:52:18 AM PST","25081665871","Order","112-5871369-0005054","AXE-SH-S","Grumpy Bear 11"" Survival Axe Camping Hatchet - Forged High Carbon Steel Blade with Walnut Wood Handle - Shock-Absorbing, Anti-Slip Grip - Ideal for Bu","1","amazon.com","Standard Orders","Amazon","LAFAYETTE","LA","70506","MarketplaceFacilitator","34.41","2.79","0","0","0","0","0","0","-3.44","0","-2.79","-4.65","-6.24","0","0","20.08"
"Dec 14, 2025 12:57:52 AM PST","25081665871","Order","111-4245649-0569062","AXE-SH-S","Grumpy Bear 11"" Survival Axe Camping Hatchet - Forged High Carbon Steel Blade with Walnut Wood Handle - Shock-Absorbing, Anti-Slip Grip - Ideal for Bu","1","amazon.com","Standard Orders","Amazon","OAK ISLAND","NC","28465","MarketplaceFacilitator","34.41","2.09","0","0","0","0","0","0","-3.44","0","-2.09","-4.65","-6.24","0","0","20.08"
"Dec 14, 2025 2:20:43 AM PST","25081665871","Order","113-8744666-0460262","AXE-SH-L","Grumpy Bear 15"" Survival Axe Camping Hatchet - Forged High Carbon Steel Blade with Walnut Wood Handle - Shock-Absorbing, Anti-Slip Grip - Ideal for Bu","1","amazon.com","Standard Orders","Amazon","CALEDONIA","IL","61011","MarketplaceFacilitator","36.94","2.58","0","0","0","0","0","0","-3.69","0","-2.58","-4.99","-6.44","0","0","21.82"
"Dec 14, 2025 2:50:33 AM PST","25081665871","Order","111-4636558-1177027","Axe-F-R-L","Grumpy Bear 15"" Survival Axe Camping Hatchet - Forged High Carbon Steel Blade with Walnut Wood Handle - Shock-Absorbing, Anti-Slip Grip - Ideal for Bu","1","amazon.com","Standard Orders","Amazon","KNOXVILLE","TN","37931","MarketplaceFacilitator","37.94","3.16","0","0","0","0","0","0","-3.79","0","-3.16","-5.12","-6.44","0","0","22.59"
"Dec 14, 2025 3:16:32 AM PST","25081665871","Order","114-2414348-7261010","C-axe-02","Full Tang Survival Camping Axe with Wood Ergonomic Handle and Nylon Sheath Sheath - High Carbon Stainless Steel, Multi-Tool for Outdoor, Hunting, Emer","1","amazon.com","Standard Orders","Amazon","DELTONA","FL","32738","MarketplaceFacilitator","14.99","0.97","0","0","0","0","0","0","0","0","-0.97","-2.25","-6.44","0","0","6.30"
"Dec 14, 2025 3:27:48 AM PST","25081665871","Order","113-9705528-4398612","AXE-GBWS-S","Grumpy Bear 11"" Survival Axe Camping Hatchet - Forged High Carbon Steel Blade with Walnut Wood Handle - Shock-Absorbing, Anti-Slip Grip - Ideal for Bu","1","amazon.com","Standard Orders","Amazon","PIERZ","MN","56364","MarketplaceFacilitator","34.54","2.29","0","0","0","0","0","0","-3.45","0","-2.29","-4.66","-6.10","0","0","20.33"
"Dec 14, 2025 3:37:54 AM PST","25081665871","Order","111-7442250-7808269","Axe-F-R-S","Grumpy Bear 11"" Survival Axe Camping Hatchet - Forged High Carbon Steel Blade with Walnut Wood Handle - Shock-Absorbing, Anti-Slip Grip - Ideal for Bu","1","amazon.com","Standard Orders","Amazon","MONTVALE","VA","24122","MarketplaceFacilitator","34.41","1.64","0","0","0","0","0","0","-3.44","0","-1.64","-4.65","-6.24","0","0","20.08"
"Dec 14, 2025 4:40:02 AM PST","25081665871","Order","114-6669613-2790645","GB-CA-02-EAGLE","Grumpy Bear Camping Hatchet, Full Tang Outdoor Axe with Decorative Handle, Durable Forged Blade for Hiking, Bushcraft, and Survival (Eagle)","1","amazon.com","Standard Orders","Amazon","CHICKASHA","OK","73018","MarketplaceFacilitator","19.99","1.90","0","0","0","0","0","0","0","0","-1.90","-3.00","-5.68","0","0","11.31"
"Dec 14, 2025 4:51:59 AM PST","25081665871","Order","111-9380806-0100209","Axe-F-R-S","Grumpy Bear 11"" Survival Axe Camping Hatchet - Forged High Carbon Steel Blade with Walnut Wood Handle - Shock-Absorbing, Anti-Slip Grip - Ideal for Bu","1","amazon.com","Standard Orders","Amazon","AURORA","CO","80014","MarketplaceFacilitator","34.41","2.48","0","0","0","0","0","0","-3.44","0","-2.48","-4.65","-6.24","0","0","20.08"
"Dec 14, 2025 4:53:58 AM PST","25081665871","Order","111-9043988-6728208","C-axe-02","Full Tang Survival Camping Axe with Wood Ergonomic Handle and Nylon Sheath Sheath - High Carbon Stainless Steel, Multi-Tool for Outdoor, Hunting, Emer","1","amazon.com","Standard Orders","Amazon","SNOHOMISH","WA","98290","MarketplaceFacilitator","14.99","1.36","0","0","0","0","0","0","0","0","-1.36","-2.25","-6.44","0","0","6.30"
"Dec 14, 2025 5:02:35 AM PST","25081665871","Order","112-3435568-4633800","Axe-F-R-S","Grumpy Bear 11"" Survival Axe Camping Hatchet - Forged High Carbon Steel Blade with Walnut Wood Handle - Shock-Absorbing, Anti-Slip Grip - Ideal for Bu","1","amazon.com","Standard Orders","Amazon","SHELTON","CT","06484","MarketplaceFacilitator","34.41","1.97","2.99","0","0","0","0","0","-6.43","0","-1.97","-4.65","-6.24","0","0","20.08"
"Dec 14, 2025 5:39:42 AM PST","25081665871","Order","114-6560578-0669029","AXE-SH-L","Grumpy Bear 15"" Survival Axe Camping Hatchet - Forged High Carbon Steel Blade with Walnut Wood Handle - Shock-Absorbing, Anti-Slip Grip - Ideal for Bu","1","amazon.com","Standard Orders","Amazon","MAIDEN","NC","28650","MarketplaceFacilitator","36.94","2.33","6.99","0","0","0","0","0","-10.68","0","-2.33","-4.99","-6.44","0","0","21.82"
"Dec 14, 2025 6:16:37 AM PST","25081665871","Order","S01-2345689-4875629","Axe-F-R-S","Grumpy Bear 11"" Survival Axe Camping Hatchet – Forged High Carbon Steel Blade with Walnut Wood Handle – Shock-Absorbing, Anti-Slip Grip – Ideal for Bushcraft, Wood Splitting & Outdoor Adventures","1","sim1.stores.amazon.com","Standard Orders","Amazon","WHITEFISH","MT","59937","","0","0","0","0","0","0","0","0","0","0","0","0","-8.26","0","0","-8.26"
"Dec 14, 2025 6:16:37 AM PST","25081665871","Order","S01-2345689-4875629","Axe-F-R-S","Grumpy Bear 11"" Survival Axe Camping Hatchet – Forged High Carbon Steel Blade with Walnut Wood Handle – Shock-Absorbing, Anti-Slip Grip – Ideal for Bushcraft, Wood Splitting & Outdoor Adventures","1","sim1.stores.amazon.com","Standard Orders","Amazon","WHITEFISH","MT","59937","","0","0","0","0","0","0","0","0","0","0","0","0","-8.26","0","0","-8.26"
"Dec 14, 2025 6:24:05 AM PST","25081665871","Order","112-9250810-9172266","AXE-SH-L","Grumpy Bear 15"" Survival Axe Camping Hatchet - Forged High Carbon Steel Blade with Walnut Wood Handle - Shock-Absorbing, Anti-Slip Grip - Ideal for Bu","1","amazon.com","Standard Orders","Amazon","YORK","PA","17403","MarketplaceFacilitator","36.94","2.00","0","0","0","0","0","0","-3.69","0","-2.00","-4.99","-6.44","0","0","21.82"
"Dec 14, 2025 7:03:36 AM PST","25081665871","Order","114-1082465-6091404","AXE-GBWS-L","Grumpy Bear 15"" Survival Axe Camping Hatchet - Forged High Carbon Steel Blade with Walnut Wood Handle - Shock-Absorbing, Anti-Slip Grip - Ideal for Bu","1","amazon.com","Standard Orders","Amazon","CENTENNIAL","CO","80112","MarketplaceFacilitator","35.41","2.15","0","0","0","0","0","0","-3.54","0","-2.15","-4.78","-6.44","0","0","20.65"
"Dec 14, 2025 7:54:26 AM PST","25081665871","Order","111-4664260-8511421","C-axe-01","Full Tang Survival Camping Axe with Wood Ergonomic Handle and Nylon Sheath Sheath - High Carbon Stainless Steel, Multi-Tool for Outdoor, Hunting, Emer","1","amazon.com","Standard Orders","Amazon","ASHBY","MA","01431","MarketplaceFacilitator","14.99","0.94","2.00","0","0","0","0","0","0","0","-0.94","-2.25","-8.10","0","0","6.64"
"Dec 14, 2025 7:58:38 AM PST","25081665871","Order","111-6340335-7659467","C-axe-01","Full Tang Survival Camping Axe with Wood Ergonomic Handle and Nylon Sheath Sheath - High Carbon Stainless Steel, Multi-Tool for Outdoor, Hunting, Emer","1","amazon.com","Standard Orders","Amazon","ASHBY","MA","01431","MarketplaceFacilitator","14.99","0.94","0.80","0","0","0","0","0","-0.80","0","-0.94","-2.25","-6.10","0","0","6.64"
"Dec 14, 2025 8:20:09 AM PST","25081665871","Order","111-2262177-3776216","GB-CA-02-WOLF","Grumpy Bear Camping Hatchet with Wolf Carving, Full Tang Outdoor Axe with Decorative Handle, Durable Forged Blade for Hiking, Bushcraft, and Survival","1","amazon.com","Standard Orders","Amazon","BUTLER","PA","16001","MarketplaceFacilitator","19.99","1.20","0.69","0","0","0","0","0","-0.69","0","-1.20","-3.00","-5.84","0","0","11.15"
"Dec 14, 2025 9:03:13 AM PST","25081665871","Order","114-1625567-4811442","AXE-GBWS-L","Grumpy Bear 15"" Survival Axe Camping Hatchet - Forged High Carbon Steel Blade with Walnut Wood Handle - Shock-Absorbing, Anti-Slip Grip - Ideal for Bu","1","amazon.com","Standard Orders","Amazon","LITHIA","FL","33547","MarketplaceFacilitator","35.41","2.39","0","0","0","0","0","0","-3.54","0","-2.39","-4.78","-6.44","0","0","20.65"
"Dec 14, 2025 10:48:05 AM PST","25081665871","Order","S01-9166889-4052401","AXE-SH-S","Grumpy Bear 11"" Survival Axe Camping Hatchet – Forged High Carbon Steel Blade with Walnut Wood Handle – Shock-Absorbing, Anti-Slip Grip – Ideal for Bushcraft, Wood Splitting & Outdoor Adventures","1","sim1.stores.amazon.com","Standard Orders","Amazon","LAKEVILLE","CT","06039","","0","0","0","0","0","0","0","0","0","0","0","0","-11.75","0","0","-11.75"
"Dec 14, 2025 12:53:42 PM PST","25081665871","Order","113-2626370-7943413","AXE-GBWS-L","Grumpy Bear 15"" Survival Axe Camping Hatchet - Forged High Carbon Steel Blade with Walnut Wood Handle - Shock-Absorbing, Anti-Slip Grip - Ideal for Bu","1","amazon.com","Standard Orders","Amazon","MARYVILLE","TN","37803","MarketplaceFacilitator","0","0","0","0","0","0","0","0","0","0","0","0","0","0","0","0"
"Dec 14, 2025 2:26:13 PM PST","25081665871","Order","113-2951011-9162668","Axe-F-R-S","Grumpy Bear 11"" Survival Axe Camping Hatchet - Forged High Carbon Steel Blade with Walnut Wood Handle - Shock-Absorbing, Anti-Slip Grip - Ideal for Bu","1","amazon.com","Standard Orders","Amazon","LUBBOCK","TX","79423","MarketplaceFacilitator","34.41","2.56","0","0","0","0","0","0","-3.44","0","-2.56","-4.65","-6.24","0","0","20.08"
"Dec 14, 2025 5:24:46 PM PST","25081665871","Order","112-5778231-3446661","GB-CA-02-WOLF","Grumpy Bear Camping Hatchet with Wolf Carving, Full Tang Outdoor Axe with Decorative Handle, Durable Forged Blade for Hiking, Bushcraft, and Survival","1","amazon.com","Standard Orders","Amazon","LAKE HAVASU CITY","AZ","86403","MarketplaceFacilitator","19.99","1.52","6.99","0.53","0","0","0","0","0","0","-2.05","-3.00","-12.83","0","0","11.15"
"Dec 14, 2025 8:20:45 PM PST","25081665871","Order","113-1894505-4942648","C-axe-02","Full Tang Survival Camping Axe with Wood Ergonomic Handle and Nylon Sheath Sheath - High Carbon Stainless Steel, Multi-Tool for Outdoor, Hunting, Emer","1","amazon.com","Standard Orders","Amazon","HULL","TX","77564","MarketplaceFacilitator","0","0","0","0","0","0","0","0","0","0","0","0","0","0","0","0"
"Dec 14, 2025 9:29:51 PM PST","25081665871","Order","111-4842644-1497851","AXE-GBWS-L","Grumpy Bear 15"" Survival Axe Camping Hatchet - Forged High Carbon Steel Blade with Walnut Wood Handle - Shock-Absorbing, Anti-Slip Grip - Ideal for Bu","1","amazon.com","Standard Orders","Amazon","OAKLEY","CA","94561","MarketplaceFacilitator","35.41","2.79","0","0","0","0","0","0","-3.54","0","-2.79","-4.78","-6.44","0","0","20.65"
"Dec 14, 2025 9:47:11 PM PST","25081665871","Order","111-5873423-0336214","AXE-SH-L","Grumpy Bear 15"" Survival Axe Camping Hatchet - Forged High Carbon Steel Blade with Walnut Wood Handle - Shock-Absorbing, Anti-Slip Grip - Ideal for Bu","1","amazon.com","Standard Orders","Amazon","NEEDVILLE","TX","77461","MarketplaceFacilitator","36.94","2.74","0","0","0","0","0","0","-3.69","0","-2.74","-4.99","-6.44","0","0","21.82"
"Dec 14, 2025 10:19:31 PM PST","25081665871","Order","113-8863624-1008222","Axe-F-R-S","Grumpy Bear 11"" Survival Axe Camping Hatchet - Forged High Carbon Steel Blade with Walnut Wood Handle - Shock-Absorbing, Anti-Slip Grip - Ideal for Bu","1","amazon.com","Standard Orders","Amazon","Naples","FL","34117","MarketplaceFacilitator","34.41","1.86","0","0","0","0","0","0","-3.44","0","-1.86","-4.65","-6.24","0","0","20.08"
"Dec 14, 2025 10:32:46 PM PST","25081665871","Order","112-5265239-8807431","Axe-F-R-S","Grumpy Bear 11"" Survival Axe Camping Hatchet - Forged High Carbon Steel Blade with Walnut Wood Handle - Shock-Absorbing, Anti-Slip Grip - Ideal for Bu","1","amazon.com","Standard Orders","Amazon","MOUNDS","OK","74047","MarketplaceFacilitator","34.41","1.88","0","0","0","0","0","0","-3.44","0","-1.88","-4.65","-6.24","0","0","20.08"
"Dec 14, 2025 10:46:29 PM PST","25081665871","Order","114-6526551-2167410","C-axe-01","Full Tang Survival Camping Axe with Wood Ergonomic Handle and Nylon Sheath Sheath - High Carbon Stainless Steel, Multi-Tool for Outdoor, Hunting, Emer","1","amazon.com","Standard Orders","Amazon","ABINGTON","PA","19001","MarketplaceFacilitator","14.99","0.45","1.33","0","0","0","0","0","-1.33","0","-0.45","-2.25","-6.10","0","0","6.64"
"Dec 14, 2025 10:53:23 PM PST","25081665871","Order","112-8990351-8535439","GB-CA-02-LION","Grumpy Bear Camping Hatchet with Lion Carving, Full Tang Outdoor Axe with Decorative Handle, Durable Forged Blade for Hiking, Bushcraft, and Survival","1","amazon.com","Standard Orders","Amazon","SAINT ALBANS","VT","05478","MarketplaceFacilitator","17.99","1.26","0","0","0","0","0","0","0","0","-1.26","-2.70","-5.68","0","0","9.61"
"Dec 14, 2025 11:01:15 PM PST","25081665871","Order","112-2390930-4404228","Axe-F-R-S","Grumpy Bear 11"" Survival Axe Camping Hatchet - Forged High Carbon Steel Blade with Walnut Wood Handle - Shock-Absorbing, Anti-Slip Grip - Ideal for Bu","1","amazon.com","Standard Orders","Amazon","BOCA RATON","FL","33431","MarketplaceFacilitator","34.41","2.17","0","0","0","0","0","0","-3.44","0","-2.17","-4.65","-6.24","0","0","20.08"
"Dec 14, 2025 11:05:12 PM PST","25081665871","Order","111-9223469-9845061","C-axe-01","Full Tang Survival Camping Axe with Wood Ergonomic Handle and Nylon Sheath Sheath - High Carbon Stainless Steel, Multi-Tool for Outdoor, Hunting, Emer","1","amazon.com","Standard Orders","Amazon","Tempe","AZ","85281","MarketplaceFacilitator","14.99","1.21","1.33","0","0","0","0","0","-1.33","0","-1.21","-2.25","-6.10","0","0","6.64"
"Dec 14, 2025 11:38:12 PM PST","25187401591","Order","111-7485556-6351426","GB-CA-02-LION","Grumpy Bear Camping Hatchet with Lion Carving, Full Tang Outdoor Axe with Decorative Handle, Durable Forged Blade for Hiking, Bushcraft, and Survival","1","amazon.com","Standard Orders","Amazon","KANNAPOLIS","NC","28081","MarketplaceFacilitator","17.99","1.26","0","0","0","0","0","0","0","0","-1.26","-2.70","-5.68","0","0","9.61"
"Dec 14, 2025 11:44:48 PM PST","25187401591","Order","S01-6132161-8182005","GB-CA-02-LION","Grumpy Bear Camping Hatchet with Lion Carving, Full Tang Outdoor Axe with Decorative Handle, Durable Forged Blade for Hiking, Bushcraft, and Survival","1","sim1.stores.amazon.com","Standard Orders","Amazon","BROOKLYN","NY","11209","","0","0","0","0","0","0","0","0","0","0","0","0","-10.60","0","0","-10.60"
"Dec 15, 2025 12:54:10 AM PST","25187401591","Order","S01-5635785-3271652","AXE-SH-S","Grumpy Bear 11"" Survival Axe Camping Hatchet – Forged High Carbon Steel Blade with Walnut Wood Handle – Shock-Absorbing, Anti-Slip Grip – Ideal for Bushcraft, Wood Splitting & Outdoor Adventures","1","sim1.stores.amazon.com","Standard Orders","Amazon","MANSFIELD","MO","65704","","0","0","0","0","0","0","0","0","0","0","0","0","-11.75","0","0","-11.75"
"Dec 15, 2025 1:52:50 AM PST","25187401591","Order","112-8520103-2446602","Axe-F-R-L","Grumpy Bear 15"" Survival Axe Camping Hatchet - Forged High Carbon Steel Blade with Walnut Wood Handle - Shock-Absorbing, Anti-Slip Grip - Ideal for Bu","1","amazon.com","Standard Orders","Amazon","SHOEMAKERSVILLE","PA","19555","MarketplaceFacilitator","37.94","2.05","0","0","0","0","0","0","-3.79","0","-2.05","-5.12","-6.44","0","0","22.59"
"Dec 15, 2025 2:05:30 AM PST","25187401591","Order","113-4156872-1129022","GB-CA-02-LION","Grumpy Bear Camping Hatchet with Lion Carving, Full Tang Outdoor Axe with Decorative Handle, Durable Forged Blade for Hiking, Bushcraft, and Survival","1","amazon.com","Standard Orders","Amazon","PARKVILLE","MD","21234","MarketplaceFacilitator","17.99","1.08","0","0","0","0","0","0","0","0","-1.08","-2.70","-5.68","0","0","9.61"
"Dec 15, 2025 2:09:35 AM PST","25187401591","Order","112-7737420-1361867","GB-CA-02-LION","Grumpy Bear Camping Hatchet with Lion Carving, Full Tang Outdoor Axe with Decorative Handle, Durable Forged Blade for Hiking, Bushcraft, and Survival","1","amazon.com","Standard Orders","Amazon","SOUTHAVEN","MS","38671","MarketplaceFacilitator","14.99","1.05","0","0","0","0","0","0","0","0","-1.05","-2.25","-5.68","0","0","7.06"
"Dec 15, 2025 2:11:22 AM PST","25187401591","Order","111-2910149-3694611","AXE-GBWS-L","Grumpy Bear 15"" Survival Axe Camping Hatchet - Forged High Carbon Steel Blade with Walnut Wood Handle - Shock-Absorbing, Anti-Slip Grip - Ideal for Bu","1","amazon.com","Standard Orders","Amazon","CERRITOS","CA","90703","MarketplaceFacilitator","35.41","3.11","0","0","0","0","0","0","-3.54","0","-3.11","-4.78","-6.44","0","0","20.65"
"Dec 15, 2025 2:13:05 AM PST","25187401591","Order","111-3986077-4281059","GB-CA-02-EAGLE","Grumpy Bear Camping Hatchet, Full Tang Outdoor Axe with Decorative Handle, Durable Forged Blade for Hiking, Bushcraft, and Survival (Eagle)","1","amazon.com","Standard Orders","Amazon","JACKSONVILLE","FL","32226","MarketplaceFacilitator","19.99","1.50","0","0","0","0","0","0","0","0","-1.50","-3.00","-5.68","0","0","11.31"
"Dec 15, 2025 2:57:09 AM PST","25187401591","Order","114-2336706-3874616","Axe-F-R-S","Grumpy Bear 11"" Survival Axe Camping Hatchet - Forged High Carbon Steel Blade with Walnut Wood Handle - Shock-Absorbing, Anti-Slip Grip - Ideal for Bu","1","amazon.com","Standard Orders","Amazon","WHISPERING PINES","NC","28327","MarketplaceFacilitator","34.41","2.17","0","0","0","0","0","0","-3.44","0","-2.17","-4.65","-6.24","0","0","20.08"
"Dec 15, 2025 3:20:43 AM PST","25187401591","Order","113-6855450-4399411","GB-CA-02-WOLF","Grumpy Bear Camping Hatchet with Wolf Carving, Full Tang Outdoor Axe with Decorative Handle, Durable Forged Blade for Hiking, Bushcraft, and Survival","1","amazon.com","Standard Orders","Amazon","VAN WERT","OH","45891","MarketplaceFacilitator","19.99","1.45","0","0","0","0","0","0","0","0","-1.45","-3.00","-5.84","0","0","11.15"
"Dec 15, 2025 3:23:53 AM PST","25187401591","Order","114-3126640-3869822","GB-CA-02-TIGER","Grumpy Bear Camping Hatchet with Tiger Carving, Full Tang Outdoor Axe with Decorative Handle, Durable Forged Blade for Hiking, Bushcraft, and Survival","1","amazon.com","Standard Orders","Amazon","SPRINGFIELD","MO","65804","MarketplaceFacilitator","19.99","1.27","0","0","0","0","0","0","0","0","-1.27","-3.00","-5.84","0","0","11.15"
"Dec 15, 2025 3:32:53 AM PST","25187401591","Order","S01-7347591-2378857","C-axe-02","Full Tang Survival Camping Axe with Wood Ergonomic Handle and Nylon Sheath Sheath – High Carbon Stainless Steel, Multi-Tool for Outdoor, Hunting, Emergency (Big)","1","sim1.stores.amazon.com","Standard Orders","Amazon","MONTEREY PARK","CA","91755","","0","0","0","0","0","0","0","0","0","0","0","0","-11.75","0","0","-11.75"
"Dec 15, 2025 3:35:02 AM PST","25187401591","Order","114-6472851-7965855","GB-CA-02-WOLF","Grumpy Bear Camping Hatchet with Wolf Carving, Full Tang Outdoor Axe with Decorative Handle, Durable Forged Blade for Hiking, Bushcraft, and Survival","1","amazon.com","Standard Orders","Amazon","DOUGLASVILLE","GA","30135","MarketplaceFacilitator","19.99","1.40","0","0","0","0","0","0","0","0","-1.40","-3.00","-5.84","0","0","11.15"
"Dec 15, 2025 3:35:02 AM PST","25187401591","Order","114-6472851-7965855","GB-CA-02-LION","Grumpy Bear Camping Hatchet with Lion Carving, Full Tang Outdoor Axe with Decorative Handle, Durable Forged Blade for Hiking, Bushcraft, and Survival","1","amazon.com","Standard Orders","Amazon","DOUGLASVILLE","GA","30135","MarketplaceFacilitator","17.99","1.26","0","0","0","0","0","0","0","0","-1.26","-2.70","-5.68","0","0","9.61"
"Dec 15, 2025 4:13:01 AM PST","25187401591","Order","112-5665468-0524215","Axe-F-R-S","Grumpy Bear 11"" Survival Axe Camping Hatchet - Forged High Carbon Steel Blade with Walnut Wood Handle - Shock-Absorbing, Anti-Slip Grip - Ideal for Bu","1","amazon.com","Standard Orders","Amazon","FORT WORTH","TX","76137","MarketplaceFacilitator","34.41","2.56","0","0","0","0","0","0","-3.44","0","-2.56","-4.65","-6.24","0","0","20.08"
"Dec 15, 2025 4:21:15 AM PST","25187401591","Order","113-9541111-8589027","AXE-WS-S","Grumpy Bear 11"" Survival Axe Camping Hatchet - Forged High Carbon Steel Blade with Walnut Wood Handle - Shock-Absorbing, Anti-Slip Grip - Ideal for Bu","1","amazon.com","Standard Orders","Amazon","MERCEDES","TX","78570","MarketplaceFacilitator","29.99","2.47","0","0","0","0","0","0","0","0","-2.47","-4.50","-6.24","0","0","19.25"
"Dec 15, 2025 4:26:25 AM PST","25187401591","Order","112-3933519-0410646","C-axe-01","Full Tang Survival Camping Axe with Wood Ergonomic Handle and Nylon Sheath Sheath - High Carbon Stainless Steel, Multi-Tool for Outdoor, Hunting, Emer","2","amazon.com","Standard Orders","Amazon","PORTLAND","OR","97236","","29.98","0","0.88","0","0","0","0","0","-0.88","0","0","-4.50","-12.20","0","0","13.28"
"Dec 15, 2025 4:30:55 AM PST","25187401591","Order","111-4657451-0885838","C-axe-01","Full Tang Survival Camping Axe with Wood Ergonomic Handle and Nylon Sheath Sheath - High Carbon Stainless Steel, Multi-Tool for Outdoor, Hunting, Emer","1","amazon.com","Standard Orders","Amazon","SNOHOMISH","WA","98290","MarketplaceFacilitator","14.99","1.36","1.00","0","0","0","0","0","-1.00","0","-1.36","-2.25","-6.10","0","0","6.64"
"Dec 15, 2025 4:41:55 AM PST","25187401591","Refund","111-5873423-0336214","AXE-SH-L","Grumpy Bear 15"" Survival Axe Camping Hatchet - Forged High Carbon Steel Blade with Walnut Wood Handle - Shock-Absorbing, Anti-Slip Grip - Ideal for Bu","1","amazon.com","Standard Orders","Amazon","NEEDVILLE","TX","77461","MarketplaceFacilitator","-36.94","-2.74","0","0","0","0","0","0","3.69","0","2.74","3.99","0","0","0","-29.26"
"Dec 15, 2025 5:13:13 AM PST","25187401591","Order","113-8805934-5410656","AXE-SH-L","Grumpy Bear 15"" Survival Axe Camping Hatchet - Forged High Carbon Steel Blade with Walnut Wood Handle - Shock-Absorbing, Anti-Slip Grip - Ideal for Bu","1","amazon.com","Standard Orders","Amazon","MACK","CO","81525","MarketplaceFacilitator","36.94","1.75","0","0","0","0","0","0","-3.69","0","-1.75","-4.99","-6.44","0","0","21.82"
"Dec 15, 2025 5:15:56 AM PST","25187401591","Order","111-7168126-8709005","C-axe-01","Full Tang Survival Camping Axe with Wood Ergonomic Handle and Nylon Sheath Sheath - High Carbon Stainless Steel, Multi-Tool for Outdoor, Hunting, Emer","1","amazon.com","Standard Orders","Amazon","INTERLAKEN","NEW YORK","14847","MarketplaceFacilitator","14.99","0.48","0.33","0","0","0","0","0","-0.33","0","-0.48","-2.25","-6.10","0","0","6.64"
"Dec 15, 2025 5:37:39 AM PST","25187401591","Order","114-8017625-7475454","Axe-F-R-S","Grumpy Bear 11"" Survival Axe Camping Hatchet - Forged High Carbon Steel Blade with Walnut Wood Handle - Shock-Absorbing, Anti-Slip Grip - Ideal for Bu","1","amazon.com","Standard Orders","Amazon","PLANT CITY","FL","33565","MarketplaceFacilitator","34.41","2.32","0","0","0","0","0","0","-3.44","0","-2.32","-4.65","-6.24","0","0","20.08"
"Dec 15, 2025 5:53:46 AM PST","25187401591","Order","S01-4488467-1234801","AXE-SH-L","Grumpy Bear 15"" Survival Axe Camping Hatchet – Forged High Carbon Steel Blade with Walnut Wood Handle – Shock-Absorbing, Anti-Slip Grip – Ideal for Bushcraft, Wood Splitting & Outdoor Adventures","1","sim1.stores.amazon.com","Standard Orders","Amazon","HOT SPRINGS NATIONAL PARK","AR","71913","","0","0","0","0","0","0","0","0","0","0","0","0","-11.75","0","0","-11.75"
"Dec 15, 2025 6:02:38 AM PST","25187401591","Order","113-6873717-8117849","GB-CA-02-LION","Grumpy Bear Camping Hatchet with Lion Carving, Full Tang Outdoor Axe with Decorative Handle, Durable Forged Blade for Hiking, Bushcraft, and Survival","1","amazon.com","Standard Orders","Amazon","PORT ST LUCIE","FL","34952","MarketplaceFacilitator","17.99","1.26","0","0","0","0","0","0","0","0","-1.26","-2.70","-5.68","0","0","9.61"
"Dec 15, 2025 6:13:44 AM PST","25187401591","Order","112-9790450-3494648","Axe-F-R-L","Grumpy Bear 15"" Survival Axe Camping Hatchet - Forged High Carbon Steel Blade with Walnut Wood Handle - Shock-Absorbing, Anti-Slip Grip - Ideal for Bu","1","amazon.com","Standard Orders","Amazon","VISTA","CA","92083","MarketplaceFacilitator","37.94","2.82","0","0","0","0","0","0","-3.79","0","-2.82","-5.12","0","0","0","29.03"
"Dec 15, 2025 6:35:09 AM PST","25187401591","Order","113-6031273-3960205","GB-CA-02-LION","Grumpy Bear Camping Hatchet with Lion Carving, Full Tang Outdoor Axe with Decorative Handle, Durable Forged Blade for Hiking, Bushcraft, and Survival","1","amazon.com","Standard Orders","Amazon","MOUNT STERLING","OH","43143","MarketplaceFacilitator","17.99","1.26","0","0","0","0","0","0","0","0","-1.26","-2.70","-5.68","0","0","9.61"
"Dec 15, 2025 7:28:14 AM PST","25187401591","Order","112-8965448-1939460","GB-CA-02-EAGLE","Grumpy Bear Camping Hatchet, Full Tang Outdoor Axe with Decorative Handle, Durable Forged Blade for Hiking, Bushcraft, and Survival (Eagle)","1","amazon.com","Standard Orders","Amazon","SACO","ME","04072","MarketplaceFacilitator","19.99","1.10","0","0","0","0","0","0","0","0","-1.10","-3.00","-5.68","0","0","11.31"
"Dec 15, 2025 8:14:36 AM PST","25187401591","Order","S01-5261330-9902046","AXE-SH-S","Grumpy Bear 11"" Survival Axe Camping Hatchet – Forged High Carbon Steel Blade with Walnut Wood Handle – Shock-Absorbing, Anti-Slip Grip – Ideal for Bushcraft, Wood Splitting & Outdoor Adventures","1","sim1.stores.amazon.com","Standard Orders","Amazon","SCHULENBURG","TX","78956","","0","0","0","0","0","0","0","0","0","0","0","0","-11.75","0","0","-11.75"
"Dec 15, 2025 8:50:57 AM PST","25187401591","Order","S01-1367704-4528422","GB-CA-02-LION","Grumpy Bear Camping Hatchet with Lion Carving, Full Tang Outdoor Axe with Decorative Handle, Durable Forged Blade for Hiking, Bushcraft, and Survival","1","sim1.stores.amazon.com","Standard Orders","Amazon","WARNER ROBINS","GA","31093","","0","0","0","0","0","0","0","0","0","0","0","0","-10.60","0","0","-10.60"
"Dec 15, 2025 8:53:38 AM PST","25187401591","Order","S01-5774125-0006839","AXE-SH-S","Grumpy Bear 11"" Survival Axe Camping Hatchet – Forged High Carbon Steel Blade with Walnut Wood Handle – Shock-Absorbing, Anti-Slip Grip – Ideal for Bushcraft, Wood Splitting & Outdoor Adventures","1","sim1.stores.amazon.com","Standard Orders","Amazon","WINDSOR","WI","53598","","0","0","0","0","0","0","0","0","0","0","0","0","-11.75","0","0","-11.75"
"Dec 15, 2025 9:13:13 AM PST","25187401591","Order","114-2894833-1519468","AXE-SH-L","Grumpy Bear 15"" Survival Axe Camping Hatchet - Forged High Carbon Steel Blade with Walnut Wood Handle - Shock-Absorbing, Anti-Slip Grip - Ideal for Bu","1","amazon.com","Standard Orders","Amazon","TUSTIN","CA","92780","MarketplaceFacilitator","36.94","2.58","2.99","0","0","0","0","0","-6.68","0","-2.58","-4.99","-6.44","0","0","21.82"
"Dec 15, 2025 9:27:44 AM PST","25187401591","Order","S01-1097620-3739659","GB-CA-02-LION","Grumpy Bear Camping Hatchet with Lion Carving, Full Tang Outdoor Axe with Decorative Handle, Durable Forged Blade for Hiking, Bushcraft, and Survival","1","sim1.stores.amazon.com","Standard Orders","Amazon","HOUSTON","TX","77070","","0","0","0","0","0","0","0","0","0","0","0","0","-10.60","0","0","-10.60"
"Dec 15, 2025 12:18:01 PM PST","25187401591","Order","S01-2518015-8087641","AXE-SH-L","Grumpy Bear 15"" Survival Axe Camping Hatchet – Forged High Carbon Steel Blade with Walnut Wood Handle – Shock-Absorbing, Anti-Slip Grip – Ideal for Bushcraft, Wood Splitting & Outdoor Adventures","1","sim1.stores.amazon.com","Standard Orders","Amazon","MOUNT DORA","FL","32757","","0","0","0","0","0","0","0","0","0","0","0","0","-11.75","0","0","-11.75"
"Dec 15, 2025 1:56:17 PM PST","25187401591","Order","114-2951339-3271421","GB-CA-02-EAGLE","Grumpy Bear Camping Hatchet, Full Tang Outdoor Axe with Decorative Handle, Durable Forged Blade for Hiking, Bushcraft, and Survival (Eagle)","1","amazon.com","Standard Orders","Amazon","CLEARWATER","FL","33755","MarketplaceFacilitator","19.99","1.40","1.49","0","0","0","0","0","-1.49","0","-1.40","-3.00","-5.68","0","0","11.31"
"Dec 15, 2025 2:36:08 PM PST","25187401591","Order","S01-8887510-1966020","GB-CA-02-LION","Grumpy Bear Camping Hatchet with Lion Carving, Full Tang Outdoor Axe with Decorative Handle, Durable Forged Blade for Hiking, Bushcraft, and Survival","1","sim1.stores.amazon.com","Standard Orders","Amazon","ATCHISON","KS","66002","","0","0","0","0","0","0","0","0","0","0","0","0","-10.60","0","0","-10.60"
"Dec 15, 2025 3:21:23 PM PST","25187401591","Adjustment","","Axe-F-R-L","FBA Inventory Reimbursement - General Adjustment","1","","Standard Orders","","","","","","0","0","0","0","0","0","0","0","0","0","0","0","0","0","-9.38","-9.38"
"Dec 15, 2025 3:23:18 PM PST","25187401591","Refund","111-0598827-8149817","C-axe-02","Full Tang Survival Camping Axe with Wood Ergonomic Handle and Nylon Sheath Sheath - High Carbon Stainless Steel, Multi-Tool for Outdoor, Hunting, Emer","1","amazon.com","Standard Orders","Amazon","KENNER","LA","70065","MarketplaceFacilitator","-19.99","-1.95","-1.49","0","0","0","0","0","1.49","0","1.95","2.40","0","0","0","-17.59"
"Dec 15, 2025 3:59:45 PM PST","25187401591","Order","113-4186628-4489042","GB-CA-02-EAGLE","Grumpy Bear Camping Hatchet, Full Tang Outdoor Axe with Decorative Handle, Durable Forged Blade for Hiking, Bushcraft, and Survival (Eagle)","1","amazon.com","Standard Orders","Amazon","WILSONVILLE","OR","97070","","19.99","0","0","0","0","0","0","0","0","0","0","-3.00","-5.68","0","0","11.31"
"Dec 15, 2025 4:24:10 PM PST","25187401591","Order","114-7026202-5145829","GB-CA-02-TIGER","Grumpy Bear Camping Hatchet with Tiger Carving, Full Tang Outdoor Axe with Decorative Handle, Durable Forged Blade for Hiking, Bushcraft, and Survival","1","amazon.com","Standard Orders","Amazon","GRUNDY","VA","24614","MarketplaceFacilitator","19.99","1.06","0","0","0","0","0","0","0","0","-1.06","-3.00","-5.84","0","0","11.15"
"Dec 15, 2025 4:52:38 PM PST","25187401591","Order","S01-3059255-2912428","GB-CA-02-LION","Grumpy Bear Camping Hatchet with Lion Carving, Full Tang Outdoor Axe with Decorative Handle, Durable Forged Blade for Hiking, Bushcraft, and Survival","1","sim1.stores.amazon.com","Standard Orders","Amazon","CALUMET","MI","49913","","0","0","0","0","0","0","0","0","0","0","0","0","-10.60","0","0","-10.60"
"Dec 15, 2025 4:53:03 PM PST","25187401591","Order","S01-4545683-9886027","AXE-SH-S","Grumpy Bear 11"" Survival Axe Camping Hatchet – Forged High Carbon Steel Blade with Walnut Wood Handle – Shock-Absorbing, Anti-Slip Grip – Ideal for Bushcraft, Wood Splitting & Outdoor Adventures","1","sim1.stores.amazon.com","Standard Orders","Amazon","HOUSTON","TX","77070","","0","0","0","0","0","0","0","0","0","0","0","0","-11.75","0","0","-11.75"
"Dec 15, 2025 5:31:47 PM PST","25187401591","Order","113-5723744-2851410","Axe-F-R-S","Grumpy Bear 11"" Survival Axe Camping Hatchet - Forged High Carbon Steel Blade with Walnut Wood Handle - Shock-Absorbing, Anti-Slip Grip - Ideal for Bu","1","amazon.com","Standard Orders","Amazon","TOMBALL","TX","77375","MarketplaceFacilitator","34.41","2.56","0","0","0","0","0","0","-3.44","0","-2.56","-4.65","-6.24","0","0","20.08"
"Dec 15, 2025 5:41:30 PM PST","25187401591","Order","112-2507165-7248223","AXE-GBWS-S","Grumpy Bear 11"" Survival Axe Camping Hatchet - Forged High Carbon Steel Blade with Walnut Wood Handle - Shock-Absorbing, Anti-Slip Grip - Ideal for Bu","1","amazon.com","Standard Orders","Amazon","BOISE","ID","83716","MarketplaceFacilitator","33.84","1.83","6.99","0","0","0","0","0","-3.38","0","-1.83","-4.57","-13.09","0","0","19.79"
"Dec 15, 2025 6:28:59 PM PST","25187401591","Order","112-6567112-6306649","GB-CA-02-WOLF","Grumpy Bear Camping Hatchet with Wolf Carving, Full Tang Outdoor Axe with Decorative Handle, Durable Forged Blade for Hiking, Bushcraft, and Survival","1","amazon.com","Standard Orders","Amazon","SUMNER","IL","62466","MarketplaceFacilitator","19.99","1.45","3.46","0","0","0","0","0","-3.46","0","-1.45","-3.00","-5.84","0","0","11.15"
"Dec 15, 2025 6:50:09 PM PST","25187401591","Order","112-8382315-6847403","AXE-GBWS-L","Grumpy Bear 15"" Survival Axe Camping Hatchet - Forged High Carbon Steel Blade with Walnut Wood Handle - Shock-Absorbing, Anti-Slip Grip - Ideal for Bu","1","amazon.com","Standard Orders","Amazon","NEWARK","MD","21841","MarketplaceFacilitator","35.41","1.91","0","0","0","0","0","0","-3.54","0","-1.91","-4.78","-6.44","0","0","20.65"
"Dec 15, 2025 6:58:37 PM PST","25187401591","Order","S01-7819815-1174034","GB-CA-02-LION","Grumpy Bear Camping Hatchet with Lion Carving, Full Tang Outdoor Axe with Decorative Handle, Durable Forged Blade for Hiking, Bushcraft, and Survival","1","sim1.stores.amazon.com","Standard Orders","Amazon","PORTSMOUTH","VA","23703","","0","0","0","0","0","0","0","0","0","0","0","0","-10.60","0","0","-10.60"
"Dec 15, 2025 7:00:38 PM PST","25187401591","Refund","112-6878000-5945021","Axe-F-R-S","Grumpy Bear 11"" Survival Axe Camping Hatchet - Forged High Carbon Steel Blade with Walnut Wood Handle - Shock-Absorbing, Anti-Slip Grip - Ideal for Bu","1","amazon.com","Standard Orders","Amazon","CAMARILLO","CA","93012","MarketplaceFacilitator","-34.41","-2.25","0","0","0","0","0","0","3.44","0","2.25","3.72","0","0","0","-27.25"
"Dec 15, 2025 7:01:01 PM PST","25187401591","Order","S01-2162364-6102809","AXE-SH-L","Grumpy Bear 15"" Survival Axe Camping Hatchet – Forged High Carbon Steel Blade with Walnut Wood Handle – Shock-Absorbing, Anti-Slip Grip – Ideal for Bushcraft, Wood Splitting & Outdoor Adventures","2","sim1.stores.amazon.com","Standard Orders","Amazon","GREENSBURG","PA","15601","","0","0","0","0","0","0","0","0","0","0","0","0","-16.52","0","0","-16.52"
"Dec 15, 2025 7:01:53 PM PST","25187401591","Refund","114-2448056-9550645","C-axe-01","Full Tang Survival Camping Axe with Wood Ergonomic Handle and Nylon Sheath Sheath - High Carbon Stainless Steel, Multi-Tool for Outdoor, Hunting, Emer","1","amazon.com","Standard Orders","Amazon","FRANKTOWN","CO","80116","MarketplaceFacilitator","-10.99","-0.55","0","0","0","0","0","0","0","0","0.55","1.32","0","0","0","-9.67"
"Dec 15, 2025 7:08:55 PM PST","25187401591","Order","S01-6711843-8727667","GB-CA-02-LION","Grumpy Bear Camping Hatchet with Lion Carving, Full Tang Outdoor Axe with Decorative Handle, Durable Forged Blade for Hiking, Bushcraft, and Survival","1","sim1.stores.amazon.com","Standard Orders","Amazon","TAMAQUA","PA","18252","","0","0","0","0","0","0","0","0","0","0","0","0","-10.60","0","0","-10.60"
"Dec 15, 2025 7:17:40 PM PST","25187401591","Order","111-6403553-2691431","AXE-WS-L","Grumpy Bear 15"" Survival Axe Camping Hatchet - Forged High Carbon Steel Blade with Walnut Wood Handle - Shock-Absorbing, Anti-Slip Grip - Ideal for Bu","1","amazon.com","Standard Orders","Amazon","FREDERICK","MD","21701","MarketplaceFacilitator","29.99","1.80","0","0","0","0","0","0","0","0","-1.80","-4.50","-6.44","0","0","19.05"
"Dec 15, 2025 7:58:52 PM PST","25187401591","Order","S01-0999333-4747603","GB-CA-02-LION","Grumpy Bear Camping Hatchet with Lion Carving, Full Tang Outdoor Axe with Decorative Handle, Durable Forged Blade for Hiking, Bushcraft, and Survival","1","sim1.stores.amazon.com","Standard Orders","Amazon","OVERLAND","MO","63114","","0","0","0","0","0","0","0","0","0","0","0","0","-10.60","0","0","-10.60"
"Dec 15, 2025 8:18:22 PM PST","25187401591","Service Fee","","","Cost of Advertising","","","Standard Orders","","","","","","0","0","0","0","0","0","0","0","0","0","0","0","0","-501.87","0","-501.87"
"Dec 15, 2025 8:30:27 PM PST","25187401591","Order","113-3816382-9656203","Axe-F-R-L","Grumpy Bear 15"" Survival Axe Camping Hatchet - Forged High Carbon Steel Blade with Walnut Wood Handle - Shock-Absorbing, Anti-Slip Grip - Ideal for Bu","1","amazon.com","Standard Orders","Amazon","EDGEWOOD","MD","21040","MarketplaceFacilitator","37.94","2.05","0","0","0","0","0","0","-3.79","0","-2.05","-5.12","-6.44","0","0","22.59"
"Dec 15, 2025 9:10:16 PM PST","25187401591","Refund","113-8097447-9862605","C-axe-02","Full Tang Survival Camping Axe with Wood Ergonomic Handle and Nylon Sheath Sheath - High Carbon Stainless Steel, Multi-Tool for Outdoor, Hunting, Emer","1","amazon.com","Standard Orders","Amazon","PLEASANTON","CA","94588","MarketplaceFacilitator","-14.99","-1.54","0","0","0","0","0","0","0","0","1.54","1.80","0","0","0","-13.19"
"Dec 15, 2025 10:17:36 PM PST","25187401591","Order","S01-8981516-5032467","AXE-SH-L","Grumpy Bear 15"" Survival Axe Camping Hatchet – Forged High Carbon Steel Blade with Walnut Wood Handle – Shock-Absorbing, Anti-Slip Grip – Ideal for Bushcraft, Wood Splitting & Outdoor Adventures","1","sim1.stores.amazon.com","Standard Orders","Amazon","RIPLEY","TN","38063","","0","0","0","0","0","0","0","0","0","0","0","0","-11.75","0","0","-11.75"
"Dec 15, 2025 10:42:44 PM PST","25187401591","Order","113-6525514-9367453","C-axe-01","Full Tang Survival Camping Axe with Wood Ergonomic Handle and Nylon Sheath Sheath - High Carbon Stainless Steel, Multi-Tool for Outdoor, Hunting, Emer","2","amazon.com","Standard Orders","Amazon","COLORADO SPRINGS","CO","80922","MarketplaceFacilitator","29.98","1.54","2.33","0","0","0","0","0","-2.33","0","-4.62","-13.50","-12.20","0","0","1.20"
"Dec 15, 2025 10:42:44 PM PST","25187401591","Order","113-6525514-9367453","C-axe-01","Full Tang Survival Camping Axe with Wood Ergonomic Handle and Nylon Sheath Sheath - High Carbon Stainless Steel, Multi-Tool for Outdoor, Hunting, Emer","4","amazon.com","Standard Orders","Amazon","COLORADO SPRINGS","CO","80922","","59.96","3.08","4.66","0","0","0","0","0","-4.66","0","0","0","-24.40","0","0","38.64"
"Dec 15, 2025 10:52:37 PM PST","25187401591","Order","113-3735750-2625048","AXE-GBWS-S","Grumpy Bear 11"" Survival Axe Camping Hatchet - Forged High Carbon Steel Blade with Walnut Wood Handle - Shock-Absorbing, Anti-Slip Grip - Ideal for Bu","1","amazon.com","Standard Orders","Amazon","VIENNA","OH","44473","MarketplaceFacilitator","33.84","2.06","0","0","0","0","0","0","-3.38","0","-2.06","-4.57","-6.10","0","0","19.79"
"Dec 15, 2025 10:53:32 PM PST","25187401591","Order","S01-7917264-7344427","GB-CA-02-LION","Grumpy Bear Camping Hatchet with Lion Carving, Full Tang Outdoor Axe with Decorative Handle, Durable Forged Blade for Hiking, Bushcraft, and Survival","1","sim1.stores.amazon.com","Standard Orders","Amazon","ALBUQUERQUE","NM","87123","","0","0","0","0","0","0","0","0","0","0","0","0","-10.60","0","0","-10.60"
"Dec 15, 2025 10:55:11 PM PST","25187401591","Order","112-5633007-3797053","AXE-WS-L","Grumpy Bear 15"" Survival Axe Camping Hatchet - Forged High Carbon Steel Blade with Walnut Wood Handle - Shock-Absorbing, Anti-Slip Grip - Ideal for Bu","1","amazon.com","Standard Orders","Amazon","SOUTH HAVEN","MI","49090","MarketplaceFacilitator","29.99","1.80","0","0","0","0","0","0","0","0","-1.80","-4.50","-6.44","0","0","19.05"
"Dec 15, 2025 11:13:27 PM PST","25187401591","Service Fee","FBA191B96XTD","","FBA Inbound Placement Service Fee","","Amazon.com","Standard Orders","","","","","","0","0","0","0","0","0","0","0","0","0","0","0","0","0","0","0"
"Dec 16, 2025 12:38:48 AM PST","25187401591","Refund","113-3816382-9656203","Axe-F-R-L","Grumpy Bear 15"" Survival Axe Camping Hatchet - Forged High Carbon Steel Blade with Walnut Wood Handle - Shock-Absorbing, Anti-Slip Grip - Ideal for Bu","1","amazon.com","Standard Orders","Amazon","EDGEWOOD","MD","21040","MarketplaceFacilitator","-37.94","-2.05","0","0","0","0","0","0","3.79","0","2.05","4.10","0","0","0","-30.05"
"Dec 16, 2025 1:02:30 AM PST","25187401591","Order","114-7263487-5918668","C-axe-01","Full Tang Survival Camping Axe with Wood Ergonomic Handle and Nylon Sheath Sheath - High Carbon Stainless Steel, Multi-Tool for Outdoor, Hunting, Emer","1","amazon.com","Standard Orders","Amazon","China sprIng","Tx","76633","MarketplaceFacilitator","10.99","0.74","0","0","0","0","0","0","0","0","-0.74","-1.65","-6.10","0","0","3.24"
"Dec 16, 2025 1:14:38 AM PST","25187401591","Order","113-7888952-6063435","Axe-F-R-S","Grumpy Bear 11"" Survival Axe Camping Hatchet - Forged High Carbon Steel Blade with Walnut Wood Handle - Shock-Absorbing, Anti-Slip Grip - Ideal for Bu","1","amazon.com","Standard Orders","Amazon","FRESNO","CA","93710","MarketplaceFacilitator","34.41","2.59","0","0","0","0","0","0","-3.44","0","-2.59","-4.65","-6.24","0","0","20.08"
"Dec 16, 2025 1:34:52 AM PST","25187401591","Order","111-0111839-6719410","GB-CA-02-EAGLE","Grumpy Bear Camping Hatchet, Full Tang Outdoor Axe with Decorative Handle, Durable Forged Blade for Hiking, Bushcraft, and Survival (Eagle)","1","amazon.com","Standard Orders","Amazon","Jefferson","ga","30549","MarketplaceFacilitator","19.99","1.40","0","0","0","0","0","0","0","0","-1.40","-3.00","-5.68","0","0","11.31"
"Dec 16, 2025 1:59:45 AM PST","25187401591","Order","114-3571202-8050632","AXE-SH-L","Grumpy Bear 15"" Survival Axe Camping Hatchet - Forged High Carbon Steel Blade with Walnut Wood Handle - Shock-Absorbing, Anti-Slip Grip - Ideal for Bu","1","amazon.com","Standard Orders","Amazon","DUNCAN","OK","73533","MarketplaceFacilitator","36.94","2.89","0","0","0","0","0","0","-3.69","0","-2.89","-4.99","-6.44","0","0","21.82"
"Dec 16, 2025 2:36:10 AM PST","25187401591","Order","113-8683174-9157033","AXE-WS-L","Grumpy Bear 15"" Survival Axe Camping Hatchet - Forged High Carbon Steel Blade with Walnut Wood Handle - Shock-Absorbing, Anti-Slip Grip - Ideal for Bu","1","amazon.com","Standard Orders","Amazon","JONESBURG","MO","63351","MarketplaceFacilitator","29.99","1.87","6.99","0.44","0","0","0","0","0","0","-2.31","-4.50","-13.43","0","0","19.05"
"Dec 16, 2025 3:19:19 AM PST","25187401591","Order","112-1161813-2041812","GB-CA-02-LION","Grumpy Bear Camping Hatchet with Lion Carving, Full Tang Outdoor Axe with Decorative Handle, Durable Forged Blade for Hiking, Bushcraft, and Survival","1","amazon.com","Standard Orders","Amazon","CHURCH POINT","LA","70525","MarketplaceFacilitator","14.99","1.54","0","0","0","0","0","0","0","0","-1.54","-2.25","-5.68","0","0","7.06"
"Dec 16, 2025 3:48:29 AM PST","25187401591","Order","113-4811118-1103403","Axe-F-R-S","Grumpy Bear 11"" Survival Axe Camping Hatchet - Forged High Carbon Steel Blade with Walnut Wood Handle - Shock-Absorbing, Anti-Slip Grip - Ideal for Bu","1","amazon.com","Standard Orders","Amazon","GUILFORD","CT","06437","MarketplaceFacilitator","34.41","1.97","0","0","0","0","0","0","-3.44","0","-1.97","-4.65","-6.24","0","0","20.08"
"Dec 16, 2025 4:12:24 AM PST","25187401591","Order","114-2955482-1425032","GB-CA-02-TIGER","Grumpy Bear Camping Hatchet with Tiger Carving, Full Tang Outdoor Axe with Decorative Handle, Durable Forged Blade for Hiking, Bushcraft, and Survival","1","amazon.com","Standard Orders","Amazon","Richwood","WV","26261","MarketplaceFacilitator","19.99","1.40","0","0","0","0","0","0","0","0","-1.40","-3.00","-5.84","0","0","11.15"
"Dec 16, 2025 5:07:57 AM PST","25187401591","Order","113-3970189-7303443","GB-CA-02-WOLF","Grumpy Bear Camping Hatchet with Wolf Carving, Full Tang Outdoor Axe with Decorative Handle, Durable Forged Blade for Hiking, Bushcraft, and Survival","1","amazon.com","Standard Orders","Amazon","WILBURTON","OK","74578","MarketplaceFacilitator","19.99","1.15","0","0","0","0","0","0","0","0","-1.15","-3.00","-5.84","0","0","11.15"
"Dec 16, 2025 5:19:45 AM PST","25187401591","Order","113-7494263-9437803","AXE-SH-S","Grumpy Bear 11"" Survival Axe Camping Hatchet - Forged High Carbon Steel Blade with Walnut Wood Handle - Shock-Absorbing, Anti-Slip Grip - Ideal for Bu","1","amazon.com","Standard Orders","Amazon","ASHEBORO","NC","27205","MarketplaceFacilitator","34.41","2.17","0","0","0","0","0","0","-3.44","0","-2.17","-4.65","-6.24","0","0","20.08"
"Dec 16, 2025 6:21:14 AM PST","25187401591","Order","113-1074846-6613836","GB-CA-02-LION","Grumpy Bear Camping Hatchet with Lion Carving, Full Tang Outdoor Axe with Decorative Handle, Durable Forged Blade for Hiking, Bushcraft, and Survival","1","amazon.com","Standard Orders","Amazon","APALACHICOLA","FL","32320","MarketplaceFacilitator","14.99","1.12","0","0","0","0","0","0","0","0","-1.12","-2.25","-5.68","0","0","7.06"
"Dec 16, 2025 6:38:45 AM PST","25187401591","Order","111-0598827-8149817","C-axe-02","Full Tang Survival Camping Axe with Wood Ergonomic Handle and Nylon Sheath Sheath - High Carbon Stainless Steel, Multi-Tool for Outdoor, Hunting, Emer","1","amazon.com","Standard Orders","Amazon","KENNER","LA","70065","MarketplaceFacilitator","19.99","1.95","1.49","0","0","0","0","0","-1.49","0","-1.95","-3.00","-6.44","0","0","10.55"
"Dec 16, 2025 7:19:20 AM PST","25187401591","Order","112-2481866-6304220","AXE-WS-L","Grumpy Bear 15"" Survival Axe Camping Hatchet - Forged High Carbon Steel Blade with Walnut Wood Handle - Shock-Absorbing, Anti-Slip Grip - Ideal for Bu","1","amazon.com","Standard Orders","Amazon","Newtown CT","CT","06482","MarketplaceFacilitator","29.99","1.90","0","0","0","0","0","0","0","0","-1.90","-4.50","-6.44","0","0","19.05"
"Dec 16, 2025 7:27:19 AM PST","25187401591","Order","S01-7525434-3170841","AXE-WS-L","Grumpy Bear 15"" Survival Axe Camping Hatchet – Forged High Carbon Steel Blade with Walnut Wood Handle – Shock-Absorbing, Anti-Slip Grip – Ideal for Bushcraft, Wood Splitting & Outdoor Adventures","1","sim1.stores.amazon.com","Standard Orders","Amazon","ONEONTA","AL","35121","","0","0","0","0","0","0","0","0","0","0","0","0","-11.75","0","0","-11.75"
"Dec 16, 2025 7:34:51 AM PST","25187401591","Transfer","","","To your account ending in: 547, Bank Transfer ID: 4B7A7E8UASDC8HI","","","Standard Orders","","","","","","0","0","0","0","0","0","0","0","0","0","0","0","0","0","-1,063.16","-1,063.16"
"Dec 16, 2025 7:41:48 AM PST","25187401591","Order","113-2200058-5565000","GB-CA-02-WOLF","Grumpy Bear Camping Hatchet with Wolf Carving, Full Tang Outdoor Axe with Decorative Handle, Durable Forged Blade for Hiking, Bushcraft, and Survival","1","amazon.com","Standard Orders","Amazon","CHATTANOOGA","TN","37421","MarketplaceFacilitator","19.99","1.85","0","0","0","0","0","0","0","0","-5.55","-9.00","-5.84","0","0","1.45"
"Dec 16, 2025 7:41:48 AM PST","25187401591","Order","113-2200058-5565000","GB-CA-02-WOLF","Grumpy Bear Camping Hatchet with Wolf Carving, Full Tang Outdoor Axe with Decorative Handle, Durable Forged Blade for Hiking, Bushcraft, and Survival","1","amazon.com","Standard Orders","Amazon","CHATTANOOGA","TN","37421","","19.99","1.85","0","0","0","0","0","0","0","0","0","0","-5.84","0","0","16.00"
"Dec 16, 2025 7:41:48 AM PST","25187401591","Order","113-2200058-5565000","GB-CA-02-WOLF","Grumpy Bear Camping Hatchet with Wolf Carving, Full Tang Outdoor Axe with Decorative Handle, Durable Forged Blade for Hiking, Bushcraft, and Survival","1","amazon.com","Standard Orders","Amazon","CHATTANOOGA","TN","37421","","19.99","1.85","0","0","0","0","0","0","0","0","0","0","-5.84","0","0","16.00"
"Dec 16, 2025 7:54:36 AM PST","25187401591","Order","112-9667547-9821837","GB-CA-02-EAGLE","Grumpy Bear Camping Hatchet, Full Tang Outdoor Axe with Decorative Handle, Durable Forged Blade for Hiking, Bushcraft, and Survival (Eagle)","1","amazon.com","Standard Orders","Amazon","PRINCETON","WV","24740","MarketplaceFacilitator","19.99","1.20","0","0","0","0","0","0","0","0","-1.20","-3.00","-5.68","0","0","11.31"
"Dec 16, 2025 8:01:58 AM PST","25187401591","Order","S01-0155787-6934876","GB-CA-02-LION","Grumpy Bear Camping Hatchet with Lion Carving, Full Tang Outdoor Axe with Decorative Handle, Durable Forged Blade for Hiking, Bushcraft, and Survival","1","sim1.stores.amazon.com","Standard Orders","Amazon","MONTGOMERY","TX","77316","","0","0","0","0","0","0","0","0","0","0","0","0","-10.60","0","0","-10.60"
"Dec 16, 2025 8:07:56 AM PST","25187401591","Order","112-7111322-4029852","GB-CA-02-WOLF","Grumpy Bear Camping Hatchet with Wolf Carving, Full Tang Outdoor Axe with Decorative Handle, Durable Forged Blade for Hiking, Bushcraft, and Survival","1","amazon.com","Standard Orders","Amazon","LUMBERTON","NC","28360","MarketplaceFacilitator","19.99","1.40","0","0","0","0","0","0","0","0","-1.40","-3.00","-5.84","0","0","11.15"
"Dec 16, 2025 8:08:15 AM PST","25187401591","Order","113-3968847-8213013","Axe-F-R-L","Grumpy Bear 15"" Survival Axe Camping Hatchet - Forged High Carbon Steel Blade with Walnut Wood Handle - Shock-Absorbing, Anti-Slip Grip - Ideal for Bu","1","amazon.com","Standard Orders","Amazon","CABOT","AR","72023","MarketplaceFacilitator","37.94","2.73","4.87","0","0","0","0","0","-8.66","0","-2.73","-5.12","-6.44","0","0","22.59"
"Dec 16, 2025 8:21:22 AM PST","25187401591","Order","114-4344883-5799404","C-axe-01","Full Tang Survival Camping Axe with Wood Ergonomic Handle and Nylon Sheath Sheath - High Carbon Stainless Steel, Multi-Tool for Outdoor, Hunting, Emer","1","amazon.com","Standard Orders","Amazon","Warm Springs","OR","97761","","14.99","0","0.16","0","0","0","0","0","-0.16","0","0","-2.25","-6.10","0","0","6.64"
"Dec 16, 2025 9:07:47 AM PST","25187401591","Order","S01-0030823-7574878","GB-CA-02-LION","Grumpy Bear Camping Hatchet with Lion Carving, Full Tang Outdoor Axe with Decorative Handle, Durable Forged Blade for Hiking, Bushcraft, and Survival","1","sim1.stores.amazon.com","Standard Orders","Amazon","DOLGEVILLE","NY","13329","","0","0","0","0","0","0","0","0","0","0","0","0","-10.60","0","0","-10.60"
"Dec 16, 2025 11:16:20 AM PST","25187401591","Order","S01-6921818-8074867","GB-CA-02-LION","Grumpy Bear Camping Hatchet with Lion Carving, Full Tang Outdoor Axe with Decorative Handle, Durable Forged Blade for Hiking, Bushcraft, and Survival","1","sim1.stores.amazon.com","Standard Orders","Amazon","CANYON LAKE","CA","92587","","0","0","0","0","0","0","0","0","0","0","0","0","-10.60","0","0","-10.60"
"Dec 16, 2025 12:47:00 PM PST","25187401591","Order","S01-3919638-2355643","AXE-SH-S","Grumpy Bear 11"" Survival Axe Camping Hatchet – Forged High Carbon Steel Blade with Walnut Wood Handle – Shock-Absorbing, Anti-Slip Grip – Ideal for Bushcraft, Wood Splitting & Outdoor Adventures","1","sim1.stores.amazon.com","Standard Orders","Amazon","LONDON","KY","40741","","0","0","0","0","0","0","0","0","0","0","0","0","-11.75","0","0","-11.75"
"Dec 16, 2025 1:21:00 PM PST","25187401591","Order","112-3521225-4897033","GB-CA-02-TIGER","Grumpy Bear Camping Hatchet with Tiger Carving, Full Tang Outdoor Axe with Decorative Handle, Durable Forged Blade for Hiking, Bushcraft, and Survival","1","amazon.com","Standard Orders","Amazon","SUMMERFIELD","NC","27358","MarketplaceFacilitator","19.99","1.35","0","0","0","0","0","0","0","0","-1.35","-3.00","-5.84","0","0","11.15"
"Dec 16, 2025 1:47:08 PM PST","25187401591","Order","112-3631283-2806622","Axe-F-R-L","Grumpy Bear 15"" Survival Axe Camping Hatchet - Forged High Carbon Steel Blade with Walnut Wood Handle - Shock-Absorbing, Anti-Slip Grip - Ideal for Bu","1","amazon.com","Standard Orders","Amazon","SHOW LOW","AZ","85901","MarketplaceFacilitator","37.94","2.08","0","0","0","0","0","0","-3.79","0","-2.08","-5.12","-6.44","0","0","22.59"
"Dec 16, 2025 2:55:19 PM PST","25187401591","Order","S01-4555294-6559631","AXE-SH-S","Grumpy Bear 11"" Survival Axe Camping Hatchet – Forged High Carbon Steel Blade with Walnut Wood Handle – Shock-Absorbing, Anti-Slip Grip – Ideal for Bushcraft, Wood Splitting & Outdoor Adventures","1","sim1.stores.amazon.com","Standard Orders","Amazon","GLEN SAINT MARY","FL","32040","","0","0","0","0","0","0","0","0","0","0","0","0","-11.75","0","0","-11.75"
"Dec 16, 2025 4:01:33 PM PST","25187401591","Order","111-9871350-8816243","GB-CA-02-WOLF","Grumpy Bear Camping Hatchet with Wolf Carving, Full Tang Outdoor Axe with Decorative Handle, Durable Forged Blade for Hiking, Bushcraft, and Survival","1","amazon.com","Standard Orders","Amazon","CARPENTERSVILLE","IL","60110","MarketplaceFacilitator","19.99","1.80","0","0","0","0","0","0","0","0","-1.80","-3.00","-5.84","0","0","11.15"
"Dec 16, 2025 4:03:00 PM PST","25187401591","Order","113-3970189-7303443","AXE-SH-S","Grumpy Bear 11"" Survival Axe Camping Hatchet - Forged High Carbon Steel Blade with Walnut Wood Handle - Shock-Absorbing, Anti-Slip Grip - Ideal for Bu","1","amazon.com","Standard Orders","Amazon","WILBURTON","OK","74578","MarketplaceFacilitator","34.41","1.78","0","0","0","0","0","0","-3.44","0","-1.78","-4.65","-6.24","0","0","20.08"
"Dec 16, 2025 4:46:23 PM PST","25187401591","Order","112-4449988-2269069","GB-CA-02-WOLF","Grumpy Bear Camping Hatchet with Wolf Carving, Full Tang Outdoor Axe with Decorative Handle, Durable Forged Blade for Hiking, Bushcraft, and Survival","2","amazon.com","Standard Orders","Amazon","TAMPA","FL","33607","MarketplaceFacilitator","39.98","3.00","0","0","0","0","0","0","0","0","-3.00","-6.00","-11.68","0","0","22.30"
"Dec 16, 2025 5:02:34 PM PST","25187401591","Order","113-2392366-5474630","AXE-SH-L","Grumpy Bear 15"" Survival Axe Camping Hatchet - Forged High Carbon Steel Blade with Walnut Wood Handle - Shock-Absorbing, Anti-Slip Grip - Ideal for Bu","1","amazon.com","Standard Orders","Amazon","CHENEY","WA","99004","MarketplaceFacilitator","36.94","2.69","6.99","0","0","0","0","0","-10.68","0","-2.69","-4.99","-6.44","0","0","21.82"
"Dec 16, 2025 5:35:23 PM PST","25187401591","Order","114-8226535-4923438","AXE-WS-L","Grumpy Bear 15"" Survival Axe Camping Hatchet - Forged High Carbon Steel Blade with Walnut Wood Handle - Shock-Absorbing, Anti-Slip Grip - Ideal for Bu","1","amazon.com","Standard Orders","Amazon","CONCORD","CA","94520","MarketplaceFacilitator","29.99","2.62","0","0","0","0","0","0","0","0","-2.62","-4.50","-6.44","0","0","19.05"
"Dec 16, 2025 5:53:18 PM PST","25187401591","Order","S01-1580573-7318053","GB-CA-02-LION","Grumpy Bear Camping Hatchet with Lion Carving, Full Tang Outdoor Axe with Decorative Handle, Durable Forged Blade for Hiking, Bushcraft, and Survival","1","sim1.stores.amazon.com","Standard Orders","Amazon","MOUNT GILEAD","OH","43338","","0","0","0","0","0","0","0","0","0","0","0","0","-10.60","0","0","-10.60"
"Dec 16, 2025 5:57:09 PM PST","25187401591","Order","S01-9023016-1774048","AXE-SH-S","Grumpy Bear 11"" Survival Axe Camping Hatchet – Forged High Carbon Steel Blade with Walnut Wood Handle – Shock-Absorbing, Anti-Slip Grip – Ideal for Bushcraft, Wood Splitting & Outdoor Adventures","1","sim1.stores.amazon.com","Standard Orders","Amazon","WINONA","TX","75792","","0","0","0","0","0","0","0","0","0","0","0","0","-11.75","0","0","-11.75"
"Dec 16, 2025 5:58:06 PM PST","25187401591","Order","111-4140601-7560257","AXE-GBWS-L","Grumpy Bear 15"" Survival Axe Camping Hatchet - Forged High Carbon Steel Blade with Walnut Wood Handle - Shock-Absorbing, Anti-Slip Grip - Ideal for Bu","1","amazon.com","Standard Orders","Amazon","ALPINE","CA","91901","MarketplaceFacilitator","35.41","2.47","0","0","0","0","0","0","-3.54","0","-2.47","-4.78","-6.44","0","0","20.65"
"Dec 16, 2025 6:01:12 PM PST","25187401591","Order","113-8293948-1088204","AXE-SH-L","Grumpy Bear 15"" Survival Axe Camping Hatchet - Forged High Carbon Steel Blade with Walnut Wood Handle - Shock-Absorbing, Anti-Slip Grip - Ideal for Bu","1","amazon.com","Standard Orders","Amazon","PUEBLO","CO","81001","MarketplaceFacilitator","36.94","2.53","0","0","0","0","0","0","-3.69","0","-2.53","-4.99","-6.44","0","0","21.82"
"Dec 16, 2025 6:57:52 PM PST","25187401591","Order","111-9959151-3808201","AXE-SH-L","Grumpy Bear 15"" Survival Axe Camping Hatchet - Forged High Carbon Steel Blade with Walnut Wood Handle - Shock-Absorbing, Anti-Slip Grip - Ideal for Bu","1","amazon.com","Standard Orders","Amazon","zanesville","ohio","43701","MarketplaceFacilitator","36.94","2.41","0","0","0","0","0","0","-3.69","0","-2.41","-4.99","-6.44","0","0","21.82"
"Dec 16, 2025 8:13:31 PM PST","25187401591","Order","113-7392043-4482625","GB-CA-02-WOLF","Grumpy Bear Camping Hatchet with Wolf Carving, Full Tang Outdoor Axe with Decorative Handle, Durable Forged Blade for Hiking, Bushcraft, and Survival","1","amazon.com","Standard Orders","Amazon","MOORE HAVEN","FL","33471","MarketplaceFacilitator","19.99","1.40","2.54","0","0","0","0","0","-2.54","0","-1.40","-3.00","-5.84","0","0","11.15"
"Dec 16, 2025 9:42:19 PM PST","25187401591","Order","112-9810000-2240210","GB-CA-02-LION","Grumpy Bear Camping Hatchet with Lion Carving, Full Tang Outdoor Axe with Decorative Handle, Durable Forged Blade for Hiking, Bushcraft, and Survival","1","amazon.com","Standard Orders","Amazon","Granbury","Texas","76048","MarketplaceFacilitator","14.99","1.01","0","0","0","0","0","0","0","0","-1.01","-2.25","-5.68","0","0","7.06"
"Dec 16, 2025 10:44:52 PM PST","25187401591","Refund","111-9959151-3808201","AXE-SH-L","Grumpy Bear 15"" Survival Axe Camping Hatchet - Forged High Carbon Steel Blade with Walnut Wood Handle - Shock-Absorbing, Anti-Slip Grip - Ideal for Bu","1","amazon.com","Standard Orders","Amazon","zanesville","ohio","43701","MarketplaceFacilitator","-36.94","-2.41","0","0","0","0","0","0","3.69","0","2.41","3.99","0","0","0","-29.26"
"Dec 16, 2025 11:59:45 PM PST","25187401591","Order","112-7628131-2813826","C-axe-02","Full Tang Survival Camping Axe with Wood Ergonomic Handle and Nylon Sheath Sheath - High Carbon Stainless Steel, Multi-Tool for Outdoor, Hunting, Emer","1","amazon.com","Standard Orders","Amazon","Orland Park","IL","60462","MarketplaceFacilitator","14.99","1.54","2.00","0","0","0","0","0","-2.00","0","-1.54","-2.25","-6.44","0","0","6.30"
"Dec 17, 2025 1:14:42 AM PST","25187401591","Order","113-4608414-4336204","AXE-GBWS-L","Grumpy Bear 15"" Survival Axe Camping Hatchet - Forged High Carbon Steel Blade with Walnut Wood Handle - Shock-Absorbing, Anti-Slip Grip - Ideal for Bu","1","amazon.com","Standard Orders","Amazon","OAK HILL","WV","25901","MarketplaceFacilitator","35.41","2.23","0","0","0","0","0","0","-3.54","0","-2.23","-4.78","-6.44","0","0","20.65"
"Dec 17, 2025 1:42:24 AM PST","25187401591","Order","S01-7372266-3567650","GB-CA-02-LION","Grumpy Bear Camping Hatchet with Lion Carving, Full Tang Outdoor Axe with Decorative Handle, Durable Forged Blade for Hiking, Bushcraft, and Survival","1","sim1.stores.amazon.com","Standard Orders","Amazon","MUNCIE","IN","47302","","0","0","0","0","0","0","0","0","0","0","0","0","-10.60","0","0","-10.60"
"Dec 17, 2025 2:02:58 AM PST","25187401591","Order","114-5764926-4920207","Axe-F-R-S","Grumpy Bear 11"" Survival Axe Camping Hatchet - Forged High Carbon Steel Blade with Walnut Wood Handle - Shock-Absorbing, Anti-Slip Grip - Ideal for Bu","1","amazon.com","Standard Orders","Amazon","Bronx","NY","10452","MarketplaceFacilitator","34.41","2.75","0","0","0","0","0","0","-3.44","0","-2.75","-4.65","-6.24","0","0","20.08"
"Dec 17, 2025 2:15:14 AM PST","25187401591","Service Fee","FBA191BFZLCX","","FBA Inbound Placement Service Fee","","Amazon.com","Standard Orders","","","","","","0","0","0","0","0","0","0","0","0","0","0","0","0","0","0","0"
"Dec 17, 2025 2:19:26 AM PST","25187401591","Order","113-4378262-7380216","AXE-SH-L","Grumpy Bear 15"" Survival Axe Camping Hatchet - Forged High Carbon Steel Blade with Walnut Wood Handle - Shock-Absorbing, Anti-Slip Grip - Ideal for Bu","1","amazon.com","Standard Orders","Amazon","BAY CITY","MI","48706","MarketplaceFacilitator","36.94","2.00","0","0","0","0","0","0","-3.69","0","-2.00","-4.99","-6.44","0","0","21.82"
"Dec 17, 2025 3:21:49 AM PST","25187401591","Order","112-1937372-8340239","AXE-WS-S","Grumpy Bear 11"" Survival Axe Camping Hatchet - Forged High Carbon Steel Blade with Walnut Wood Handle - Shock-Absorbing, Anti-Slip Grip - Ideal for Bu","1","amazon.com","Standard Orders","Amazon","MCGREGOR","TX","76657","MarketplaceFacilitator","29.99","2.47","0","0","0","0","0","0","0","0","-2.47","-4.50","-6.24","0","0","19.25"
"Dec 17, 2025 3:52:09 AM PST","25187401591","Order","111-7946444-8820241","AXE-SH-L","Grumpy Bear 15"" Survival Axe Camping Hatchet - Forged High Carbon Steel Blade with Walnut Wood Handle - Shock-Absorbing, Anti-Slip Grip - Ideal for Bu","1","amazon.com","Standard Orders","Amazon","MAUD","TX","75567","MarketplaceFacilitator","36.94","2.24","0","0","0","0","0","0","-3.69","0","-2.24","-4.99","-6.44","0","0","21.82"
"Dec 17, 2025 3:52:21 AM PST","25187401591","Order","114-6684059-2917019","Axe-F-R-S","Grumpy Bear 11"" Survival Axe Camping Hatchet - Forged High Carbon Steel Blade with Walnut Wood Handle - Shock-Absorbing, Anti-Slip Grip - Ideal for Bu","1","amazon.com","Standard Orders","Amazon","ENGLEWOOD","FL","34223","MarketplaceFacilitator","34.41","2.17","0","0","0","0","0","0","-3.44","0","-2.17","-4.65","-6.24","0","0","20.08"
"Dec 17, 2025 4:09:35 AM PST","25187401591","Order","S01-0826697-6454033","AXE-SH-L","Grumpy Bear 15"" Survival Axe Camping Hatchet – Forged High Carbon Steel Blade with Walnut Wood Handle – Shock-Absorbing, Anti-Slip Grip – Ideal for Bushcraft, Wood Splitting & Outdoor Adventures","1","sim1.stores.amazon.com","Standard Orders","Amazon","BATTLETOWN","KY","40104","","0","0","0","0","0","0","0","0","0","0","0","0","-11.75","0","0","-11.75"
"Dec 17, 2025 4:26:42 AM PST","25187401591","Order","S01-9352149-3014809","AXE-WS-S","Grumpy Bear 11"" Survival Axe Camping Hatchet – Forged High Carbon Steel Blade with Walnut Wood Handle – Shock-Absorbing, Anti-Slip Grip – Ideal for Bushcraft, Wood Splitting & Outdoor Adventures","1","sim1.stores.amazon.com","Standard Orders","Amazon","FORSYTH","MT","59327","","0","0","0","0","0","0","0","0","0","0","0","0","-11.75","0","0","-11.75"
"Dec 17, 2025 5:11:39 AM PST","25187401591","Order","113-4405648-0613821","Axe-F-R-S","Grumpy Bear 11"" Survival Axe Camping Hatchet - Forged High Carbon Steel Blade with Walnut Wood Handle - Shock-Absorbing, Anti-Slip Grip - Ideal for Bu","1","amazon.com","Standard Orders","Amazon","LEWISVILLE","TX","75077","MarketplaceFacilitator","34.41","2.56","0","0","0","0","0","0","-3.44","0","-2.56","-4.65","-6.24","0","0","20.08"
"Dec 17, 2025 5:37:57 AM PST","25187401591","Order","114-5225336-9866621","GB-CA-02-WOLF","Grumpy Bear Camping Hatchet with Wolf Carving, Full Tang Outdoor Axe with Decorative Handle, Durable Forged Blade for Hiking, Bushcraft, and Survival","1","amazon.com","Standard Orders","Amazon","ALBUQUERQUE","NM","87111","MarketplaceFacilitator","19.99","1.52","1.50","0","0","0","0","0","-1.50","0","-1.52","-3.00","-5.84","0","0","11.15"
"Dec 17, 2025 5:50:29 AM PST","25187401591","Order","112-4397780-7481810","CP-A-K-U","Grumpy Bear Camping Axe & Sickle Set - Dual Outdoor Tools for Camping, Survival & Bushcraft | High Carbon Steel Camping Axe & Hatchet Combo | Black Ox","1","amazon.com","Standard Orders","Amazon","STATESBORO","GA","30461","MarketplaceFacilitator","35.99","2.88","0","0","0","0","0","0","0","0","-2.88","-5.40","-5.84","0","0","24.75"
"Dec 17, 2025 5:51:30 AM PST","25187401591","Order","111-3111064-5373831","C-axe-01","Full Tang Survival Camping Axe with Wood Ergonomic Handle and Nylon Sheath Sheath - High Carbon Stainless Steel, Multi-Tool for Outdoor, Hunting, Emer","1","amazon.com","Standard Orders","Amazon","AUGUSTA","GA","30909","MarketplaceFacilitator","19.99","1.70","0","0","0","0","0","0","0","0","-1.70","-3.00","-6.10","0","0","10.89"
"Dec 17, 2025 5:51:35 AM PST","25187401591","Order","113-5236064-6646647","AXE-SH-L","Grumpy Bear 15"" Survival Axe Camping Hatchet - Forged High Carbon Steel Blade with Walnut Wood Handle - Shock-Absorbing, Anti-Slip Grip - Ideal for Bu","1","amazon.com","Standard Orders","Amazon","APPLETON","WI","54913","MarketplaceFacilitator","36.94","1.83","0","0","0","0","0","0","-3.69","0","-1.83","-4.99","-6.44","0","0","21.82"
"Dec 17, 2025 6:00:12 AM PST","25187401591","Order","114-6124773-3374602","AXE-SH-S","Grumpy Bear 11"" Survival Axe Camping Hatchet - Forged High Carbon Steel Blade with Walnut Wood Handle - Shock-Absorbing, Anti-Slip Grip - Ideal for Bu","1","amazon.com","Standard Orders","Amazon","MOSCOW MILLS","MO","63362","MarketplaceFacilitator","34.41","1.77","0","0","0","0","0","0","-3.44","0","-1.77","-4.65","-6.24","0","0","20.08"
"Dec 17, 2025 6:02:51 AM PST","25187401591","Order","112-3521225-4897033","GB-CA-02-EAGLE","Grumpy Bear Camping Hatchet, Full Tang Outdoor Axe with Decorative Handle, Durable Forged Blade for Hiking, Bushcraft, and Survival (Eagle)","1","amazon.com","Standard Orders","Amazon","SUMMERFIELD","NC","27358","MarketplaceFacilitator","19.99","1.35","0","0","0","0","0","0","0","0","-1.35","-3.00","-5.68","0","0","11.31"
"Dec 17, 2025 6:17:27 AM PST","25187401591","Order","114-1995376-8774640","AXE-GBWS-L","Grumpy Bear 15"" Survival Axe Camping Hatchet - Forged High Carbon Steel Blade with Walnut Wood Handle - Shock-Absorbing, Anti-Slip Grip - Ideal for Bu","1","amazon.com","Standard Orders","Amazon","WEST SALEM","OH","44287","MarketplaceFacilitator","35.41","2.07","0","0","0","0","0","0","-3.54","0","-2.07","-4.78","-6.44","0","0","20.65"
"Dec 17, 2025 7:02:37 AM PST","25187401591","Order","114-7932067-2154660","GB-CA-02-LION","Grumpy Bear Camping Hatchet with Lion Carving, Full Tang Outdoor Axe with Decorative Handle, Durable Forged Blade for Hiking, Bushcraft, and Survival","1","amazon.com","Standard Orders","Amazon","Hiawassee","Ga","30546","MarketplaceFacilitator","17.99","1.44","0","0","0","0","0","0","0","0","-1.44","-2.70","-5.68","0","0","9.61"
"Dec 17, 2025 7:35:40 AM PST","25187401591","Order","114-4098349-5337849","C-axe-01","Full Tang Survival Camping Axe with Wood Ergonomic Handle and Nylon Sheath Sheath - High Carbon Stainless Steel, Multi-Tool for Outdoor, Hunting, Emer","1","amazon.com","Standard Orders","Amazon","CINCINNATI","OH","45240","MarketplaceFacilitator","14.99","1.17","0.57","0","0","0","0","0","-0.57","0","-1.17","-2.25","-6.10","0","0","6.64"
"Dec 17, 2025 7:39:03 AM PST","25187401591","Order","112-7111322-4029852","GB-CA-02-LION","Grumpy Bear Camping Hatchet with Lion Carving, Full Tang Outdoor Axe with Decorative Handle, Durable Forged Blade for Hiking, Bushcraft, and Survival","1","amazon.com","Standard Orders","Amazon","LUMBERTON","NC","28360","MarketplaceFacilitator","17.99","1.26","0","0","0","0","0","0","0","0","-1.26","-2.70","-5.68","0","0","9.61"
"Dec 17, 2025 7:39:28 AM PST","25187401591","Order","113-8538242-3293057","AXE-GBWS-L","Grumpy Bear 15"" Survival Axe Camping Hatchet - Forged High Carbon Steel Blade with Walnut Wood Handle - Shock-Absorbing, Anti-Slip Grip - Ideal for Bu","1","amazon.com","Standard Orders","Amazon","MEMPHIS","TN","38108","MarketplaceFacilitator","35.41","3.11","0","0","0","0","0","0","-3.54","0","-3.11","-4.78","-6.44","0","0","20.65"
"Dec 17, 2025 7:51:15 AM PST","25187401591","Order","113-5972272-9716226","GB-CA-02-EAGLE","Grumpy Bear Camping Hatchet, Full Tang Outdoor Axe with Decorative Handle, Durable Forged Blade for Hiking, Bushcraft, and Survival (Eagle)","1","amazon.com","Standard Orders","Amazon","BARNESVILLE","GA","30204","MarketplaceFacilitator","19.99","1.60","0","0","0","0","0","0","0","0","-1.60","-3.00","-5.68","0","0","11.31"
"Dec 17, 2025 8:03:32 AM PST","25187401591","Order","111-9846283-2730624","GB-CA-02-WOLF","Grumpy Bear Camping Hatchet with Wolf Carving, Full Tang Outdoor Axe with Decorative Handle, Durable Forged Blade for Hiking, Bushcraft, and Survival","1","amazon.com","Standard Orders","Amazon","HUNTSVILLE","TN","37756","MarketplaceFacilitator","19.99","1.85","4.85","0","0","0","0","0","-4.85","0","-1.85","-3.00","-5.84","0","0","11.15"
"Dec 17, 2025 8:18:18 AM PST","25187401591","Order","S01-4247970-4270019","GB-CA-02-LION","Grumpy Bear Camping Hatchet with Lion Carving, Full Tang Outdoor Axe with Decorative Handle, Durable Forged Blade for Hiking, Bushcraft, and Survival","1","sim1.stores.amazon.com","Standard Orders","Amazon","HOUSTON","TX","77089","","0","0","0","0","0","0","0","0","0","0","0","0","-10.60","0","0","-10.60"
"Dec 17, 2025 8:22:26 AM PST","25187401591","Order","S01-6321503-7918044","AXE-SH-L","Grumpy Bear 15"" Survival Axe Camping Hatchet – Forged High Carbon Steel Blade with Walnut Wood Handle – Shock-Absorbing, Anti-Slip Grip – Ideal for Bushcraft, Wood Splitting & Outdoor Adventures","1","sim1.stores.amazon.com","Standard Orders","Amazon","GEORGETOWN","TX","78626","","0","0","0","0","0","0","0","0","0","0","0","0","-11.75","0","0","-11.75"
"Dec 17, 2025 8:39:54 AM PST","25187401591","Order","S01-4379758-3368441","GB-CA-02-LION","Grumpy Bear Camping Hatchet with Lion Carving, Full Tang Outdoor Axe with Decorative Handle, Durable Forged Blade for Hiking, Bushcraft, and Survival","1","sim1.stores.amazon.com","Standard Orders","Amazon","HAWK POINT","MO","63349","","0","0","0","0","0","0","0","0","0","0","0","0","-10.60","0","0","-10.60"
"Dec 17, 2025 9:45:12 AM PST","25187401591","Order","113-0515323-6026603","AXE-SH-L","Grumpy Bear 15"" Survival Axe Camping Hatchet - Forged High Carbon Steel Blade with Walnut Wood Handle - Shock-Absorbing, Anti-Slip Grip - Ideal for Bu","1","amazon.com","Standard Orders","Amazon","WALLED LAKE","MI","48390","MarketplaceFacilitator","36.94","2.00","0","0","0","0","0","0","-3.69","0","-2.00","-4.99","-6.44","0","0","21.82"
"Dec 17, 2025 10:21:15 AM PST","25187401591","Order","S01-0032344-3143624","AXE-SH-S","Grumpy Bear 11"" Survival Axe Camping Hatchet – Forged High Carbon Steel Blade with Walnut Wood Handle – Shock-Absorbing, Anti-Slip Grip – Ideal for Bushcraft, Wood Splitting & Outdoor Adventures","1","sim1.stores.amazon.com","Standard Orders","Amazon","SUNNYVALE","CA","94085","","0","0","0","0","0","0","0","0","0","0","0","0","-11.75","0","0","-11.75"
"Dec 17, 2025 11:59:58 AM PST","25187401591","Order","112-2316276-5633030","AXE-SH-L","Grumpy Bear 15"" Survival Axe Camping Hatchet - Forged High Carbon Steel Blade with Walnut Wood Handle - Shock-Absorbing, Anti-Slip Grip - Ideal for Bu","1","amazon.com","Standard Orders","Amazon","ARVADA","CO","80007","MarketplaceFacilitator","36.94","2.65","0","0","3.99","0.32","0","0","-3.69","0","-2.97","-4.99","-10.43","0","0","21.82"
"Dec 17, 2025 1:24:02 PM PST","25187401591","Order","S01-1108819-1101202","AXE-WS-L","Grumpy Bear 15"" Survival Axe Camping Hatchet – Forged High Carbon Steel Blade with Walnut Wood Handle – Shock-Absorbing, Anti-Slip Grip – Ideal for Bushcraft, Wood Splitting & Outdoor Adventures","2","sim1.stores.amazon.com","Standard Orders","Amazon","LONDON","KY","40741","","0","0","0","0","0","0","0","0","0","0","0","0","-16.52","0","0","-16.52"
"Dec 17, 2025 1:45:56 PM PST","25187401591","Refund","112-7628131-2813826","C-axe-02","Full Tang Survival Camping Axe with Wood Ergonomic Handle and Nylon Sheath Sheath - High Carbon Stainless Steel, Multi-Tool for Outdoor, Hunting, Emer","1","amazon.com","Standard Orders","Amazon","Orland Park","IL","60462","MarketplaceFacilitator","-14.99","-1.54","-2.00","0","0","0","0","0","2.00","0","1.54","1.80","0","0","0","-13.19"
"Dec 17, 2025 2:08:51 PM PST","25187401591","Order","114-8399394-1673040","GB-CA-02-EAGLE","Grumpy Bear Camping Hatchet, Full Tang Outdoor Axe with Decorative Handle, Durable Forged Blade for Hiking, Bushcraft, and Survival (Eagle)","1","amazon.com","Standard Orders","Amazon","BONIFAY","FL","32425","MarketplaceFacilitator","19.99","1.50","0.86","0","0","0","0","0","-0.86","0","-1.50","-3.00","-5.68","0","0","11.31"
"Dec 17, 2025 4:12:40 PM PST","25187401591","Order","111-7076224-1680215","GB-CA-02-EAGLE","Grumpy Bear Camping Hatchet, Full Tang Outdoor Axe with Decorative Handle, Durable Forged Blade for Hiking, Bushcraft, and Survival (Eagle)","1","amazon.com","Standard Orders","Amazon","MONEE","IL","60449","MarketplaceFacilitator","19.99","1.60","0","0","0","0","0","0","0","0","-1.60","-3.00","-5.68","0","0","11.31"
"Dec 17, 2025 4:19:31 PM PST","25187401591","Order","113-1229154-2859432","GB-CA-02-WOLF","Grumpy Bear Camping Hatchet with Wolf Carving, Full Tang Outdoor Axe with Decorative Handle, Durable Forged Blade for Hiking, Bushcraft, and Survival","1","amazon.com","Standard Orders","Amazon","CLARKSTON","MI","48348","MarketplaceFacilitator","19.99","1.20","0","0","0","0","0","0","0","0","-1.20","-3.00","-5.84","0","0","11.15"
"Dec 17, 2025 4:27:28 PM PST","25187401591","Order","113-6468773-4285021","GB-CA-02-EAGLE","Grumpy Bear Camping Hatchet, Full Tang Outdoor Axe with Decorative Handle, Durable Forged Blade for Hiking, Bushcraft, and Survival (Eagle)","1","amazon.com","Standard Orders","Amazon","SANTA FE","TX","77510","MarketplaceFacilitator","19.99","1.65","0","0","0","0","0","0","0","0","-1.65","-3.00","-5.68","0","0","11.31"
"Dec 17, 2025 4:32:46 PM PST","25187401591","Order","113-5578489-8804235","AXE-SH-S","Grumpy Bear 11"" Survival Axe Camping Hatchet - Forged High Carbon Steel Blade with Walnut Wood Handle - Shock-Absorbing, Anti-Slip Grip - Ideal for Bu","1","amazon.com","Standard Orders","Amazon","WILLIAMSTOWN","WV","26187","MarketplaceFacilitator","34.41","2.17","0","0","0","0","0","0","-3.44","0","-2.17","-4.65","-6.24","0","0","20.08"
"Dec 17, 2025 4:44:33 PM PST","25187401591","Order","114-5808805-3253047","GB-CA-02-WOLF","Grumpy Bear Camping Hatchet with Wolf Carving, Full Tang Outdoor Axe with Decorative Handle, Durable Forged Blade for Hiking, Bushcraft, and Survival","1","amazon.com","Standard Orders","Amazon","DECATUR","AL","35603","MarketplaceFacilitator","19.99","1.60","0","0","0","0","0","0","0","0","-1.60","-3.00","-5.84","0","0","11.15"
"Dec 17, 2025 5:19:13 PM PST","25187401591","Order","114-6829062-1913802","AXE-SH-L","Grumpy Bear 15"" Survival Axe Camping Hatchet - Forged High Carbon Steel Blade with Walnut Wood Handle - Shock-Absorbing, Anti-Slip Grip - Ideal for Bu","1","amazon.com","Standard Orders","Amazon","SALLISAW","OK","74955","MarketplaceFacilitator","36.94","1.97","0","0","0","0","0","0","-3.69","0","-1.97","-4.99","-6.44","0","0","21.82"
"Dec 17, 2025 7:14:23 PM PST","25187401591","Order","S01-6218156-1462048","AXE-WS-S","Grumpy Bear 11"" Survival Axe Camping Hatchet – Forged High Carbon Steel Blade with Walnut Wood Handle – Shock-Absorbing, Anti-Slip Grip – Ideal for Bushcraft, Wood Splitting & Outdoor Adventures","1","sim1.stores.amazon.com","Standard Orders","Amazon","CLARINDA","IA","51632","","0","0","0","0","0","0","0","0","0","0","0","0","-11.75","0","0","-11.75"
"Dec 17, 2025 7:19:39 PM PST","25187401591","Order","113-8071407-5003413","Axe-F-R-S","Grumpy Bear 11"" Survival Axe Camping Hatchet - Forged High Carbon Steel Blade with Walnut Wood Handle - Shock-Absorbing, Anti-Slip Grip - Ideal for Bu","1","amazon.com","Standard Orders","Amazon","Poughkeepsie","New York","12603","MarketplaceFacilitator","0","0","0","0","0","0","0","0","0","0","0","0","0","0","0","0"
"Dec 17, 2025 9:47:45 PM PST","25187401591","Order","S01-1684555-6683647","GB-CA-02-LION","Grumpy Bear Camping Hatchet with Lion Carving, Full Tang Outdoor Axe with Decorative Handle, Durable Forged Blade for Hiking, Bushcraft, and Survival","1","sim1.stores.amazon.com","Standard Orders","Amazon","CHICO","CA","95973","","0","0","0","0","0","0","0","0","0","0","0","0","-10.60","0","0","-10.60"
"Dec 17, 2025 11:10:03 PM PST","25187401591","Order","114-2955482-1425032","GB-CA-02-WOLF","Grumpy Bear Camping Hatchet with Wolf Carving, Full Tang Outdoor Axe with Decorative Handle, Durable Forged Blade for Hiking, Bushcraft, and Survival","1","amazon.com","Standard Orders","Amazon","Richwood","WV","26261","MarketplaceFacilitator","19.99","1.40","0","0","0","0","0","0","0","0","-1.40","-3.00","-5.84","0","0","11.15"
"Dec 17, 2025 11:14:31 PM PST","25187401591","Order","113-7598116-1439418","GB-CA-02-EAGLE","Grumpy Bear Camping Hatchet, Full Tang Outdoor Axe with Decorative Handle, Durable Forged Blade for Hiking, Bushcraft, and Survival (Eagle)","1","amazon.com","Standard Orders","Amazon","NORWALK","IA","50211","MarketplaceFacilitator","19.99","1.40","0","0","0","0","0","0","0","0","-1.40","-3.00","-5.68","0","0","11.31"
"Dec 17, 2025 11:32:15 PM PST","25187401591","Order","112-1574053-6849047","Axe-F-R-S","Grumpy Bear 11"" Survival Axe Camping Hatchet - Forged High Carbon Steel Blade with Walnut Wood Handle - Shock-Absorbing, Anti-Slip Grip - Ideal for Bu","1","amazon.com","Standard Orders","Amazon","KALAMAZOO","MI","49007","MarketplaceFacilitator","34.41","1.86","5.80","0","0","0","0","0","-9.24","0","-1.86","-4.65","-6.24","0","0","20.08"
"Dec 17, 2025 11:36:44 PM PST","25187401591","Order","113-8519262-8636228","AXE-SH-L","Grumpy Bear 15"" Survival Axe Camping Hatchet - Forged High Carbon Steel Blade with Walnut Wood Handle - Shock-Absorbing, Anti-Slip Grip - Ideal for Bu","1","amazon.com","Standard Orders","Amazon","LOOGOOTEE","IN","47553","MarketplaceFacilitator","36.94","2.33","0","0","0","0","0","0","-3.69","0","-2.33","-4.99","-6.44","0","0","21.82"
"Dec 18, 2025 12:04:31 AM PST","25187401591","Order","114-6621577-6138658","AXE-SH-S","Grumpy Bear 11"" Survival Axe Camping Hatchet - Forged High Carbon Steel Blade with Walnut Wood Handle - Shock-Absorbing, Anti-Slip Grip - Ideal for Bu","1","amazon.com","Standard Orders","Amazon","BOLIVIA","NC","28422","MarketplaceFacilitator","34.41","2.09","0","0","0","0","0","0","-3.44","0","-2.09","-4.65","-6.24","0","0","20.08"
"Dec 18, 2025 12:28:26 AM PST","25187401591","Order","113-5905927-6047450","C-axe-01","Full Tang Survival Camping Axe with Wood Ergonomic Handle and Nylon Sheath Sheath - High Carbon Stainless Steel, Multi-Tool for Outdoor, Hunting, Emer","1","amazon.com","Standard Orders","Amazon","VALRICO","FL","33596","MarketplaceFacilitator","14.99","0.79","0.80","0","0","0","0","0","-0.80","0","-0.79","-2.25","-6.10","0","0","6.64"
"Dec 18, 2025 12:47:58 AM PST","25187401591","Order","114-5836886-0985823","GB-CA-02-EAGLE","Grumpy Bear Camping Hatchet, Full Tang Outdoor Axe with Decorative Handle, Durable Forged Blade for Hiking, Bushcraft, and Survival (Eagle)","1","amazon.com","Standard Orders","Amazon","VANCOUVER","WA","98683","MarketplaceFacilitator","19.99","1.76","6.99","0","0","0","0","0","-6.99","0","-1.76","-3.00","-5.68","0","0","11.31"
"Dec 18, 2025 12:53:24 AM PST","25187401591","Order","114-3791039-9365058","Axe-F-R-S","Grumpy Bear 11"" Survival Axe Camping Hatchet - Forged High Carbon Steel Blade with Walnut Wood Handle - Shock-Absorbing, Anti-Slip Grip - Ideal for Bu","1","amazon.com","Standard Orders","Amazon","WHEATON","MD","20902","MarketplaceFacilitator","34.41","1.86","6.99","0.42","0","0","0","0","-3.44","0","-2.28","-4.65","-13.23","0","0","20.08"
"Dec 18, 2025 2:03:23 AM PST","25187401591","Service Fee","","","Cost of Advertising","","","Standard Orders","","","","","","0","0","0","0","0","0","0","0","0","0","0","0","0","-500.76","0","-500.76"
"Dec 18, 2025 2:05:57 AM PST","25187401591","Order","114-0181741-5611431","GB-CA-02-EAGLE","Grumpy Bear Camping Hatchet, Full Tang Outdoor Axe with Decorative Handle, Durable Forged Blade for Hiking, Bushcraft, and Survival (Eagle)","1","amazon.com","Standard Orders","Amazon","Otis Orchards","Wa","99027","MarketplaceFacilitator","19.99","1.62","0","0","0","0","0","0","0","0","-1.62","-3.00","-5.68","0","0","11.31"
"Dec 18, 2025 2:52:48 AM PST","25187401591","Order","114-4382143-4913834","GB-CA-02-EAGLE","Grumpy Bear Camping Hatchet, Full Tang Outdoor Axe with Decorative Handle, Durable Forged Blade for Hiking, Bushcraft, and Survival (Eagle)","1","amazon.com","Standard Orders","Amazon","CRESCENT VALLEY","NV","89821","MarketplaceFacilitator","19.99","1.37","6.99","0.48","0","0","0","0","0","0","-1.85","-3.00","-12.67","0","0","11.31"
"Dec 18, 2025 3:35:24 AM PST","25187401591","Order","112-3098706-2792218","Axe-F-R-L","Grumpy Bear 15"" Survival Axe Camping Hatchet - Forged High Carbon Steel Blade with Walnut Wood Handle - Shock-Absorbing, Anti-Slip Grip - Ideal for Bu","1","amazon.com","Standard Orders","Amazon","SAN TAN VALLEY","AZ","85140","MarketplaceFacilitator","37.94","2.29","0","0","0","0","0","0","-3.79","0","-2.29","-5.12","-6.44","0","0","22.59"
"Dec 18, 2025 3:47:32 AM PST","25187401591","Order","111-1767368-4913848","GB-CA-02-LION","Grumpy Bear Camping Hatchet with Lion Carving, Full Tang Outdoor Axe with Decorative Handle, Durable Forged Blade for Hiking, Bushcraft, and Survival","1","amazon.com","Standard Orders","Amazon","BONNEAU","SC","29431","MarketplaceFacilitator","17.99","1.62","0","0","0","0","0","0","0","0","-1.62","-2.70","-5.68","0","0","9.61"
"Dec 18, 2025 3:53:19 AM PST","25187401591","Order","111-1702021-1028260","C-axe-02","Full Tang Survival Camping Axe with Wood Ergonomic Handle and Nylon Sheath Sheath - High Carbon Stainless Steel, Multi-Tool for Outdoor, Hunting, Emer","1","amazon.com","Standard Orders","Amazon","SNOHOMISH","WA","98290","MarketplaceFacilitator","10.99","1.00","0","0","0","0","0","0","0","0","-1.00","-1.65","-6.44","0","0","2.90"
"Dec 18, 2025 3:56:11 AM PST","25187401591","Order","113-1365842-1419420","GB-CA-02-EAGLE","Grumpy Bear Camping Hatchet, Full Tang Outdoor Axe with Decorative Handle, Durable Forged Blade for Hiking, Bushcraft, and Survival (Eagle)","1","amazon.com","Standard Orders","Amazon","LAND O LAKES","FL","34638","MarketplaceFacilitator","19.99","1.40","0","0","0","0","0","0","0","0","-1.40","-3.00","-5.68","0","0","11.31"
"Dec 18, 2025 4:00:58 AM PST","25187401591","Order","113-3901203-7158648","Axe-F-R-L","Grumpy Bear 15"" Survival Axe Camping Hatchet - Forged High Carbon Steel Blade with Walnut Wood Handle - Shock-Absorbing, Anti-Slip Grip - Ideal for Bu","1","amazon.com","Standard Orders","Amazon","EDGEWOOD","MD","21040","MarketplaceFacilitator","37.94","2.05","0","0","0","0","0","0","-3.79","0","-2.05","-5.12","-6.44","0","0","22.59"
"Dec 18, 2025 4:32:15 AM PST","25187401591","Order","111-3124510-0330652","GB-CA-02-WOLF","Grumpy Bear Camping Hatchet with Wolf Carving, Full Tang Outdoor Axe with Decorative Handle, Durable Forged Blade for Hiking, Bushcraft, and Survival","1","amazon.com","Standard Orders","Amazon","SUNNYVALE","CA","94086","MarketplaceFacilitator","19.99","1.82","0","0","0","0","0","0","0","0","-1.82","-3.00","-5.84","0","0","11.15"
"Dec 18, 2025 4:43:08 AM PST","25187401591","Order","113-4678056-5789049","AXE-SH-L","Grumpy Bear 15"" Survival Axe Camping Hatchet - Forged High Carbon Steel Blade with Walnut Wood Handle - Shock-Absorbing, Anti-Slip Grip - Ideal for Bu","1","amazon.com","Standard Orders","Amazon","BLOOMINGTON","IN","47403","MarketplaceFacilitator","36.94","2.33","0","0","0","0","0","0","-3.69","0","-2.33","-4.99","-6.44","0","0","21.82"
"Dec 18, 2025 5:19:05 AM PST","25187401591","Order","114-6991724-1998610","Axe-F-R-L","Grumpy Bear 15"" Survival Axe Camping Hatchet - Forged High Carbon Steel Blade with Walnut Wood Handle - Shock-Absorbing, Anti-Slip Grip - Ideal for Bu","1","amazon.com","Standard Orders","Amazon","CLOVIS","CA","93612","MarketplaceFacilitator","37.94","3.06","0","0","0","0","0","0","-3.79","0","-3.06","-5.12","-6.44","0","0","22.59"
"Dec 18, 2025 5:32:11 AM PST","25187401591","Order","112-2878704-7142659","Axe-F-R-L","Grumpy Bear 15"" Survival Axe Camping Hatchet - Forged High Carbon Steel Blade with Walnut Wood Handle - Shock-Absorbing, Anti-Slip Grip - Ideal for Bu","1","amazon.com","Standard Orders","Amazon","KETCHIKAN","AK","99901","MarketplaceFacilitator","35.94","1.78","2.81","0","0","0","0","0","-6.40","0","-1.78","-4.85","-6.44","0","0","21.06"
"Dec 18, 2025 5:53:58 AM PST","25187401591","Order","114-4621311-5599454","AXE-SH-S","Grumpy Bear 11"" Survival Axe Camping Hatchet - Forged High Carbon Steel Blade with Walnut Wood Handle - Shock-Absorbing, Anti-Slip Grip - Ideal for Bu","1","amazon.com","Standard Orders","Amazon","BIRMINGHAM","AL","35242","MarketplaceFacilitator","34.41","2.48","0","0","0","0","0","0","-3.44","0","-2.48","-4.65","-6.24","0","0","20.08"
"Dec 18, 2025 6:59:00 AM PST","25187401591","Order","S01-1415079-8811643","GB-CA-02-LION","Grumpy Bear Camping Hatchet with Lion Carving, Full Tang Outdoor Axe with Decorative Handle, Durable Forged Blade for Hiking, Bushcraft, and Survival","1","sim1.stores.amazon.com","Standard Orders","Amazon","JOPLIN","MO","64804","","0","0","0","0","0","0","0","0","0","0","0","0","-10.60","0","0","-10.60"
"Dec 18, 2025 7:06:50 AM PST","25187401591","Order","112-0692207-9917831","Axe-F-R-L","Grumpy Bear 15"" Survival Axe Camping Hatchet - Forged High Carbon Steel Blade with Walnut Wood Handle - Shock-Absorbing, Anti-Slip Grip - Ideal for Bu","1","amazon.com","Standard Orders","Amazon","CRESTVIEW","FL","32539","MarketplaceFacilitator","37.94","2.39","0","0","0","0","0","0","-3.79","0","-2.39","-5.12","-6.44","0","0","22.59"
"Dec 18, 2025 7:20:53 AM PST","25187401591","Order","111-2746758-2965852","AXE-SH-L","Grumpy Bear 15"" Survival Axe Camping Hatchet - Forged High Carbon Steel Blade with Walnut Wood Handle - Shock-Absorbing, Anti-Slip Grip - Ideal for Bu","1","amazon.com","Standard Orders","Amazon","MOUNT AIRY","NC","27030","MarketplaceFacilitator","36.94","2.33","0","0","0","0","0","0","-3.69","0","-4.66","-9.98","-6.44","0","0","14.50"
"Dec 18, 2025 7:20:53 AM PST","25187401591","Order","111-2746758-2965852","AXE-SH-L","Grumpy Bear 15"" Survival Axe Camping Hatchet - Forged High Carbon Steel Blade with Walnut Wood Handle - Shock-Absorbing, Anti-Slip Grip - Ideal for Bu","1","amazon.com","Standard Orders","Amazon","MOUNT AIRY","NC","27030","","36.94","2.33","0","0","0","0","0","0","-3.70","0","0","0","-6.44","0","0","29.13"
"Dec 18, 2025 7:21:45 AM PST","25187401591","Order","113-4863101-7517009","C-axe-01","Full Tang Survival Camping Axe with Wood Ergonomic Handle and Nylon Sheath Sheath - High Carbon Stainless Steel, Multi-Tool for Outdoor, Hunting, Emer","1","amazon.com","Standard Orders","Amazon","ALMA","MI","48801","MarketplaceFacilitator","14.99","0.90","0.13","0","0","0","0","0","-0.13","0","-0.90","-2.25","-6.10","0","0","6.64"
"Dec 18, 2025 8:05:31 AM PST","25187401591","Order","111-7925036-1014641","AXE-SH-S","Grumpy Bear 11"" Survival Axe Camping Hatchet - Forged High Carbon Steel Blade with Walnut Wood Handle - Shock-Absorbing, Anti-Slip Grip - Ideal for Bu","1","amazon.com","Standard Orders","Amazon","CONCAN","TX","78838","MarketplaceFacilitator","34.41","2.25","0","0","0","0","0","0","-3.44","0","-2.25","-4.65","-6.24","0","0","20.08"
"Dec 18, 2025 9:42:52 AM PST","25187401591","Order","113-5986926-1354608","C-axe-01","Full Tang Survival Camping Axe with Wood Ergonomic Handle and Nylon Sheath Sheath - High Carbon Stainless Steel, Multi-Tool for Outdoor, Hunting, Emer","1","amazon.com","Standard Orders","Amazon","HARRISON","MI","48625","MarketplaceFacilitator","14.99","0.90","0.50","0","0","0","0","0","-0.50","0","-0.90","-2.25","-6.10","0","0","6.64"
"Dec 18, 2025 11:12:26 AM PST","25187401591","Order","113-7967391-4726668","Axe-F-R-L","Grumpy Bear 15"" Survival Axe Camping Hatchet - Forged High Carbon Steel Blade with Walnut Wood Handle - Shock-Absorbing, Anti-Slip Grip - Ideal for Bu","1","amazon.com","Standard Orders","Amazon","SPRING VALLEY","CA","91977","MarketplaceFacilitator","37.94","2.65","0.34","0","0","0","0","0","-4.13","0","-2.65","-5.12","-6.44","0","0","22.59"
"Dec 18, 2025 11:13:59 AM PST","25187401591","Order","114-4681625-9823405","AXE-WS-L","Grumpy Bear 15"" Survival Axe Camping Hatchet - Forged High Carbon Steel Blade with Walnut Wood Handle - Shock-Absorbing, Anti-Slip Grip - Ideal for Bu","1","amazon.com","Standard Orders","Amazon","Pueblo","COLORADO","81001","MarketplaceFacilitator","29.99","2.28","0","0","0","0","0","0","0","0","-2.28","-4.50","-6.44","0","0","19.05"
"Dec 18, 2025 12:13:33 PM PST","25187401591","Order","113-0613105-7029052","GB-CA-02-TIGER","Grumpy Bear Camping Hatchet with Tiger Carving, Full Tang Outdoor Axe with Decorative Handle, Durable Forged Blade for Hiking, Bushcraft, and Survival","1","amazon.com","Standard Orders","Amazon","COLLINSVILLE","MS","39325","MarketplaceFacilitator","19.99","1.40","0","0","0","0","0","0","0","0","-1.40","-3.00","-5.84","0","0","11.15"
"Dec 18, 2025 1:14:20 PM PST","25187401591","Order","S01-4305425-4462825","GB-CA-02-LION","Grumpy Bear Camping Hatchet with Lion Carving, Full Tang Outdoor Axe with Decorative Handle, Durable Forged Blade for Hiking, Bushcraft, and Survival","1","sim1.stores.amazon.com","Standard Orders","Amazon","SPRINGVALE","ME","04083","","0","0","0","0","0","0","0","0","0","0","0","0","-10.60","0","0","-10.60"
"Dec 18, 2025 2:03:36 PM PST","25187401591","Order","112-4386442-8979404","AXE-SH-L","Grumpy Bear 15"" Survival Axe Camping Hatchet - Forged High Carbon Steel Blade with Walnut Wood Handle - Shock-Absorbing, Anti-Slip Grip - Ideal for Bu","1","amazon.com","Standard Orders","Amazon","WELCHES","OR","97067","","36.94","0","0","0","0","0","0","0","-3.70","0","0","-4.99","-6.44","0","0","21.81"
"Dec 18, 2025 2:10:45 PM PST","25187401591","Refund","112-5429679-2413013","C-axe-02","Full Tang Survival Camping Axe with Wood Ergonomic Handle and Nylon Sheath Sheath - High Carbon Stainless Steel, Multi-Tool for Outdoor, Hunting, Emer","1","amazon.com","Standard Orders","Amazon","MC EWEN","TN","37101","MarketplaceFacilitator","-14.99","-1.46","0","0","0","0","0","0","0","0","1.46","1.80","0","0","0","-13.19"
"Dec 18, 2025 2:16:05 PM PST","25187401591","Refund","112-5429679-2413013","C-axe-01","Full Tang Survival Camping Axe with Wood Ergonomic Handle and Nylon Sheath Sheath - High Carbon Stainless Steel, Multi-Tool for Outdoor, Hunting, Emer","1","amazon.com","Standard Orders","Amazon","MC EWEN","TN","37101","MarketplaceFacilitator","-10.99","-1.07","0","0","0","0","0","0","0","0","1.07","1.32","0","0","0","-9.67"
"Dec 18, 2025 4:20:02 PM PST","25187401591","Order","S01-6673524-9222012","GB-CA-02-LION","Grumpy Bear Camping Hatchet with Lion Carving, Full Tang Outdoor Axe with Decorative Handle, Durable Forged Blade for Hiking, Bushcraft, and Survival","1","sim1.stores.amazon.com","Standard Orders","Amazon","CLEVELAND","GA","30528","","0","0","0","0","0","0","0","0","0","0","0","0","-10.60","0","0","-10.60"
"Dec 18, 2025 4:26:46 PM PST","25187401591","Order","S01-5893756-9698806","GB-CA-02-LION","Grumpy Bear Camping Hatchet with Lion Carving, Full Tang Outdoor Axe with Decorative Handle, Durable Forged Blade for Hiking, Bushcraft, and Survival","1","sim1.stores.amazon.com","Standard Orders","Amazon","BRAZORIA","TX","77422","","0","0","0","0","0","0","0","0","0","0","0","0","-10.60","0","0","-10.60"
"Dec 18, 2025 5:15:26 PM PST","25187401591","Order","113-2150783-6286642","AXE-SH-L","Grumpy Bear 15"" Survival Axe Camping Hatchet - Forged High Carbon Steel Blade with Walnut Wood Handle - Shock-Absorbing, Anti-Slip Grip - Ideal for Bu","1","amazon.com","Standard Orders","Amazon","EL DORADO HILLS","CA","95762","MarketplaceFacilitator","36.94","2.41","0","0","0","0","0","0","-3.69","0","-2.41","-4.99","-6.44","0","0","21.82"
"Dec 18, 2025 5:42:53 PM PST","25187401591","Order","112-0855639-8170660","AXE-SH-L","Grumpy Bear 15"" Survival Axe Camping Hatchet - Forged High Carbon Steel Blade with Walnut Wood Handle - Shock-Absorbing, Anti-Slip Grip - Ideal for Bu","1","amazon.com","Standard Orders","Amazon","PORT JEFFERSON STATION","NY","11776","MarketplaceFacilitator","36.94","2.91","0","0","0","0","0","0","-3.69","0","-2.91","-4.99","-6.44","0","0","21.82"
"Dec 18, 2025 5:47:41 PM PST","25187401591","Order","114-9596145-3320210","Axe-F-R-L","Grumpy Bear 15"" Survival Axe Camping Hatchet - Forged High Carbon Steel Blade with Walnut Wood Handle - Shock-Absorbing, Anti-Slip Grip - Ideal for Bu","1","amazon.com","Standard Orders","Amazon","ROLLA","MO","65401","MarketplaceFacilitator","37.94","1.83","0","0","0","0","0","0","-3.79","0","-1.83","-5.12","-6.44","0","0","22.59"
"Dec 18, 2025 6:26:09 PM PST","25187401591","Order","S01-4003220-9038047","AXE-SH-S","Grumpy Bear 11"" Survival Axe Camping Hatchet – Forged High Carbon Steel Blade with Walnut Wood Handle – Shock-Absorbing, Anti-Slip Grip – Ideal for Bushcraft, Wood Splitting & Outdoor Adventures","1","sim1.stores.amazon.com","Standard Orders","Amazon","GOLD BEACH","OR","97444","","0","0","0","0","0","0","0","0","0","0","0","0","-11.75","0","0","-11.75"
"Dec 18, 2025 10:37:28 PM PST","25187401591","Order","111-7735836-4256221","Axe-F-R-S","Grumpy Bear 11"" Survival Axe Camping Hatchet - Forged High Carbon Steel Blade with Walnut Wood Handle - Shock-Absorbing, Anti-Slip Grip - Ideal for Bu","1","amazon.com","Standard Orders","Amazon","BREMEN","KY","42325","MarketplaceFacilitator","34.41","1.86","0","0","0","0","0","0","-3.44","0","-1.86","-4.65","-6.24","0","0","20.08"
"Dec 18, 2025 11:46:01 PM PST","25187401591","Order","111-6991451-8230603","GB-CA-02-LION","Grumpy Bear Camping Hatchet with Lion Carving, Full Tang Outdoor Axe with Decorative Handle, Durable Forged Blade for Hiking, Bushcraft, and Survival","1","amazon.com","Standard Orders","Amazon","JACKSONVILLE","FL","32244","MarketplaceFacilitator","17.99","1.35","0","0","0","0","0","0","0","0","-1.35","-2.70","-5.68","0","0","9.61"
"Dec 19, 2025 12:01:15 AM PST","25187401591","Order","111-1677172-4364266","AXE-SH-S","Grumpy Bear 11"" Survival Axe Camping Hatchet - Forged High Carbon Steel Blade with Walnut Wood Handle - Shock-Absorbing, Anti-Slip Grip - Ideal for Bu","1","amazon.com","Standard Orders","Amazon","BUTLER","MO","64730","MarketplaceFacilitator","34.41","1.62","0","0","0","0","0","0","-3.44","0","-1.62","-4.65","-6.24","0","0","20.08"
"Dec 19, 2025 12:08:43 AM PST","25187401591","Order","113-1161001-0949060","GB-CA-02-LION","Grumpy Bear Camping Hatchet with Lion Carving, Full Tang Outdoor Axe with Decorative Handle, Durable Forged Blade for Hiking, Bushcraft, and Survival","1","amazon.com","Standard Orders","Amazon","VALPARAISO","IN","46385","MarketplaceFacilitator","17.99","1.26","2.89","0","0","0","0","0","-2.89","0","-1.26","-2.70","-5.68","0","0","9.61"
"Dec 19, 2025 1:24:58 AM PST","25187401591","Order","114-1622207-5451468","AXE-SH-S","Grumpy Bear 11"" Survival Axe Camping Hatchet - Forged High Carbon Steel Blade with Walnut Wood Handle - Shock-Absorbing, Anti-Slip Grip - Ideal for Bu","1","amazon.com","Standard Orders","Amazon","LITTLETON","CO","80127","MarketplaceFacilitator","34.41","1.55","0","0","0","0","0","0","-3.44","0","-1.55","-4.65","-6.24","0","0","20.08"
"Dec 19, 2025 1:39:22 AM PST","25187401591","Order","113-1013741-2446655","C-axe-02","Full Tang Survival Camping Axe with Wood Ergonomic Handle and Nylon Sheath Sheath - High Carbon Stainless Steel, Multi-Tool for Outdoor, Hunting, Emer","1","amazon.com","Standard Orders","Amazon","WENONAH","NJ","08090","MarketplaceFacilitator","10.99","0.73","0","0","0","0","0","0","0","0","-0.73","-1.65","-6.44","0","0","2.90"
"Dec 19, 2025 2:14:06 AM PST","25187401591","Order","112-4460820-2848207","AXE-SH-L","Grumpy Bear 15"" Survival Axe Camping Hatchet - Forged High Carbon Steel Blade with Walnut Wood Handle - Shock-Absorbing, Anti-Slip Grip - Ideal for Bu","1","amazon.com","Standard Orders","Amazon","CATAWISSA","MO","63015","MarketplaceFacilitator","36.94","1.40","0","0","0","0","0","0","-3.69","0","-1.40","-4.99","-6.44","0","0","21.82"
"Dec 19, 2025 2:38:57 AM PST","25187401591","Order","112-3883726-7227469","GB-CA-02-TIGER","Grumpy Bear Camping Hatchet with Tiger Carving, Full Tang Outdoor Axe with Decorative Handle, Durable Forged Blade for Hiking, Bushcraft, and Survival","1","amazon.com","Standard Orders","Amazon","EUSTACE","TX","75124","MarketplaceFacilitator","17.99","1.12","0","0","0","0","0","0","0","0","-1.12","-2.70","-5.84","0","0","9.45"
"Dec 19, 2025 2:40:36 AM PST","25187401591","Order","111-2461713-0733069","GB-CA-02-LION","Grumpy Bear Camping Hatchet with Lion Carving, Full Tang Outdoor Axe with Decorative Handle, Durable Forged Blade for Hiking, Bushcraft, and Survival","1","amazon.com","Standard Orders","Amazon","ALBION","IN","46701","MarketplaceFacilitator","17.99","1.26","0","0","0","0","0","0","0","0","-1.26","-2.70","-5.68","0","0","9.61"
"Dec 19, 2025 2:50:26 AM PST","25187401591","Order","111-7432593-7525051","Axe-F-R-L","Grumpy Bear 15"" Survival Axe Camping Hatchet - Forged High Carbon Steel Blade with Walnut Wood Handle - Shock-Absorbing, Anti-Slip Grip - Ideal for Bu","1","amazon.com","Standard Orders","Amazon","JACKSONVILLE","AR","72076","MarketplaceFacilitator","37.94","3.24","0","0","0","0","0","0","-3.79","0","-3.24","-5.12","-6.44","0","0","22.59"
"Dec 19, 2025 2:54:19 AM PST","25187401591","Order","112-9919540-5951467","GB-CA-02-WOLF","Grumpy Bear Camping Hatchet with Wolf Carving, Full Tang Outdoor Axe with Decorative Handle, Durable Forged Blade for Hiking, Bushcraft, and Survival","2","amazon.com","Standard Orders","Amazon","TAMPA","FL","33607","MarketplaceFacilitator","39.98","3.00","0","0","0","0","0","0","0","0","-3.00","-6.00","-11.68","0","0","22.30"
"Dec 19, 2025 3:17:38 AM PST","25187401591","Order","114-2307737-8013826","GB-CA-02-EAGLE","Grumpy Bear Camping Hatchet, Full Tang Outdoor Axe with Decorative Handle, Durable Forged Blade for Hiking, Bushcraft, and Survival (Eagle)","1","amazon.com","Standard Orders","Amazon","JACKSONVILLE","AR","72076","MarketplaceFacilitator","19.99","1.50","0","0","0","0","0","0","0","0","-1.50","-3.00","-5.68","0","0","11.31"
"Dec 19, 2025 3:17:43 AM PST","25187401591","Order","113-9146435-0445049","Axe-F-R-S","Grumpy Bear 11"" Survival Axe Camping Hatchet - Forged High Carbon Steel Blade with Walnut Wood Handle - Shock-Absorbing, Anti-Slip Grip - Ideal for Bu","1","amazon.com","Standard Orders","Amazon","ELGIN","IL","60123","MarketplaceFacilitator","34.41","2.63","1.50","0","0","0","0","0","-4.94","0","-2.63","-4.65","-6.24","0","0","20.08"
"Dec 19, 2025 3:35:34 AM PST","25187401591","Order","113-2967338-1065803","AXE-SH-S","Grumpy Bear 11"" Survival Axe Camping Hatchet - Forged High Carbon Steel Blade with Walnut Wood Handle - Shock-Absorbing, Anti-Slip Grip - Ideal for Bu","1","amazon.com","Standard Orders","Amazon","PEA RIDGE","AR","72751","MarketplaceFacilitator","34.41","2.94","0","0","0","0","0","0","-3.44","0","-2.94","-4.65","-6.24","0","0","20.08"
"Dec 19, 2025 3:44:30 AM PST","25187401591","Order","112-4418709-9696225","Axe-F-R-S","Grumpy Bear 11"" Survival Axe Camping Hatchet - Forged High Carbon Steel Blade with Walnut Wood Handle - Shock-Absorbing, Anti-Slip Grip - Ideal for Bu","1","amazon.com","Standard Orders","Amazon","BELL","CA","90201","MarketplaceFacilitator","34.41","3.02","3.12","0","0","0","0","0","-6.56","0","-3.02","-4.65","-6.24","0","0","20.08"
"Dec 19, 2025 3:58:42 AM PST","25187401591","Order","114-1545188-4798609","AXE-SH-L","Grumpy Bear 15"" Survival Axe Camping Hatchet - Forged High Carbon Steel Blade with Walnut Wood Handle - Shock-Absorbing, Anti-Slip Grip - Ideal for Bu","1","amazon.com","Standard Orders","Amazon","SISTERS","OR","97759","","36.94","0","0","0","0","0","0","0","-3.69","0","0","-4.99","-6.44","0","0","21.82"
"Dec 19, 2025 4:07:19 AM PST","25187401591","FBA Inventory Fee","","","FBA Long-Term Storage Fee","","Amazon.com","Standard Orders","","","","","","0","0","0","0","0","0","0","0","0","0","0","0","0","0","-221.08","-221.08"
"Dec 19, 2025 4:26:44 AM PST","25187401591","Order","111-0704154-6215458","GB-CA-02-EAGLE","Grumpy Bear Camping Hatchet, Full Tang Outdoor Axe with Decorative Handle, Durable Forged Blade for Hiking, Bushcraft, and Survival (Eagle)","1","amazon.com","Standard Orders","Amazon","VINCENT","AL","35178","MarketplaceFacilitator","19.99","1.60","0","0","0","0","0","0","0","0","-1.60","-3.00","-5.68","0","0","11.31"
"Dec 19, 2025 4:47:32 AM PST","25187401591","Order","114-1378053-4527437","GB-CA-02-WOLF","Grumpy Bear Camping Hatchet with Wolf Carving, Full Tang Outdoor Axe with Decorative Handle, Durable Forged Blade for Hiking, Bushcraft, and Survival","1","amazon.com","Standard Orders","Amazon","NEW PALESTINE","IN","46163","MarketplaceFacilitator","19.99","1.40","0","0","0","0","0","0","0","0","-1.40","-3.00","-5.84","0","0","11.15"
"Dec 19, 2025 5:19:45 AM PST","25187401591","Order","113-1357243-6716214","GB-CA-02-LION","Grumpy Bear Camping Hatchet with Lion Carving, Full Tang Outdoor Axe with Decorative Handle, Durable Forged Blade for Hiking, Bushcraft, and Survival","1","amazon.com","Standard Orders","Amazon","CLARKSTON","WA","99403","MarketplaceFacilitator","17.99","1.48","0","0","0","0","0","0","0","0","-1.48","-2.70","-5.68","0","0","9.61"
"Dec 19, 2025 5:37:29 AM PST","25187401591","Order","114-1196037-6931422","Axe-F-R-S","Grumpy Bear 11"" Survival Axe Camping Hatchet - Forged High Carbon Steel Blade with Walnut Wood Handle - Shock-Absorbing, Anti-Slip Grip - Ideal for Bu","1","amazon.com","Standard Orders","Amazon","VIDOR","TX","77662","MarketplaceFacilitator","34.41","2.09","0","0","0","0","0","0","-3.44","0","-2.09","-4.65","-6.24","0","0","20.08"
"Dec 19, 2025 6:05:31 AM PST","25187401591","Order","111-0704154-6215458","GB-CA-02-LION","Grumpy Bear Camping Hatchet with Lion Carving, Full Tang Outdoor Axe with Decorative Handle, Durable Forged Blade for Hiking, Bushcraft, and Survival","1","amazon.com","Standard Orders","Amazon","VINCENT","AL","35178","MarketplaceFacilitator","17.99","1.44","0","0","0","0","0","0","0","0","-1.44","-2.70","-5.68","0","0","9.61"
"Dec 19, 2025 6:40:53 AM PST","25187401591","Order","114-5625046-5361845","GB-CA-02-EAGLE","Grumpy Bear Camping Hatchet, Full Tang Outdoor Axe with Decorative Handle, Durable Forged Blade for Hiking, Bushcraft, and Survival (Eagle)","1","amazon.com","Standard Orders","Amazon","CHESNEE","SC","29323","MarketplaceFacilitator","19.99","1.40","0","0","0","0","0","0","0","0","-1.40","-3.00","-5.68","0","0","11.31"
"Dec 19, 2025 6:56:25 AM PST","25187401591","Order","114-6291107-1980226","AXE-SH-L","Grumpy Bear 15"" Survival Axe Camping Hatchet - Forged High Carbon Steel Blade with Walnut Wood Handle - Shock-Absorbing, Anti-Slip Grip - Ideal for Bu","1","amazon.com","Standard Orders","Amazon","Tyngsboro","Ma","01879","MarketplaceFacilitator","36.94","2.08","0","0","0","0","0","0","-3.69","0","-2.08","-4.99","-6.44","0","0","21.82"
"Dec 19, 2025 7:08:46 AM PST","25187401591","Order","112-2237084-3037069","Axe-F-R-S","Grumpy Bear 11"" Survival Axe Camping Hatchet - Forged High Carbon Steel Blade with Walnut Wood Handle - Shock-Absorbing, Anti-Slip Grip - Ideal for Bu","1","amazon.com","Standard Orders","Amazon","MOYIE SPRINGS","ID","83845","MarketplaceFacilitator","34.41","1.86","0","0","0","0","0","0","-3.44","0","-1.86","-4.65","-6.24","0","0","20.08"
"Dec 19, 2025 7:25:08 AM PST","25187401591","Order","112-3252797-1878653","C-axe-01","Full Tang Survival Camping Axe with Wood Ergonomic Handle and Nylon Sheath Sheath - High Carbon Stainless Steel, Multi-Tool for Outdoor, Hunting, Emer","1","amazon.com","Standard Orders","Amazon","CLIFTON","NJ","07013","MarketplaceFacilitator","10.99","0.73","1.00","0","0","0","0","0","-1.00","0","-0.73","-1.65","-6.10","0","0","3.24"
"Dec 19, 2025 7:40:49 AM PST","25187401591","Order","113-6103096-0834649","GB-CA-02-EAGLE","Grumpy Bear Camping Hatchet, Full Tang Outdoor Axe with Decorative Handle, Durable Forged Blade for Hiking, Bushcraft, and Survival (Eagle)","1","amazon.com","Standard Orders","Amazon","CISNE","IL","62823","MarketplaceFacilitator","19.99","1.40","0","0","0","0","0","0","0","0","-1.40","-3.00","-5.68","0","0","11.31"
"Dec 19, 2025 8:11:50 AM PST","25187401591","Order","111-0726094-0562667","AXE-GBWS-L","Grumpy Bear 15"" Survival Axe Camping Hatchet - Forged High Carbon Steel Blade with Walnut Wood Handle - Shock-Absorbing, Anti-Slip Grip - Ideal for Bu","1","amazon.com","Standard Orders","Amazon","MORRISTOWN","TN","37814","MarketplaceFacilitator","35.41","3.11","0","0","0","0","0","0","-3.54","0","-3.11","-4.78","-6.44","0","0","20.65"
"Dec 19, 2025 8:21:31 AM PST","25187401591","Order","111-5798841-7210613","GB-CA-02-LION","Grumpy Bear Camping Hatchet with Lion Carving, Full Tang Outdoor Axe with Decorative Handle, Durable Forged Blade for Hiking, Bushcraft, and Survival","1","amazon.com","Standard Orders","Amazon","KNOXVILLE","TN","37919","MarketplaceFacilitator","17.99","1.66","0","0","0","0","0","0","0","0","-1.66","-2.70","-5.68","0","0","9.61"
"Dec 19, 2025 8:25:46 AM PST","25187401591","Refund","114-1545188-4798609","AXE-SH-L","Grumpy Bear 15"" Survival Axe Camping Hatchet - Forged High Carbon Steel Blade with Walnut Wood Handle - Shock-Absorbing, Anti-Slip Grip - Ideal for Bu","1","amazon.com","Standard Orders","Amazon","SISTERS","OR","97759","","-36.94","0","0","0","0","0","0","0","3.69","0","0","3.99","0","0","0","-29.26"
"Dec 19, 2025 2:17:00 PM PST","25187401591","Order","S01-0318439-4894039","AXE-WS-L","Grumpy Bear 15"" Survival Axe Camping Hatchet – Forged High Carbon Steel Blade with Walnut Wood Handle – Shock-Absorbing, Anti-Slip Grip – Ideal for Bushcraft, Wood Splitting & Outdoor Adventures","1","sim1.stores.amazon.com","Standard Orders","Amazon","TAYLOR","TX","76574","","0","0","0","0","0","0","0","0","0","0","0","0","-11.75","0","0","-11.75"
"Dec 19, 2025 2:18:52 PM PST","25187401591","Order","S01-6788220-6982804","AXE-SH-S","Grumpy Bear 11"" Survival Axe Camping Hatchet – Forged High Carbon Steel Blade with Walnut Wood Handle – Shock-Absorbing, Anti-Slip Grip – Ideal for Bushcraft, Wood Splitting & Outdoor Adventures","1","sim1.stores.amazon.com","Standard Orders","Amazon","LAS VEGAS","NV","89169","","0","0","0","0","0","0","0","0","0","0","0","0","-11.75","0","0","-11.75"
"Dec 19, 2025 4:03:20 PM PST","25187401591","Order","111-0901906-4989052","AXE-WS-L","Grumpy Bear 15"" Survival Axe Camping Hatchet - Forged High Carbon Steel Blade with Walnut Wood Handle - Shock-Absorbing, Anti-Slip Grip - Ideal for Bu","1","amazon.com","Standard Orders","Amazon","SPRINGFIELD","IL","62702","MarketplaceFacilitator","29.99","2.92","6.99","0","0","0","0","0","0","0","-2.92","-4.50","-13.43","0","0","19.05"
"Dec 19, 2025 4:31:40 PM PST","25187401591","Order","112-4083972-8182620","AXE-GBWS-L","Grumpy Bear 15"" Survival Axe Camping Hatchet - Forged High Carbon Steel Blade with Walnut Wood Handle - Shock-Absorbing, Anti-Slip Grip - Ideal for Bu","1","amazon.com","Standard Orders","Amazon","MARYVILLE","TN","37803","MarketplaceFacilitator","35.41","3.11","0","0","0","0","0","0","-3.54","0","-3.11","-4.78","-6.44","0","0","20.65"
"Dec 19, 2025 5:33:20 PM PST","25187401591","Order","114-3743004-3617866","Axe-F-R-L","Grumpy Bear 15"" Survival Axe Camping Hatchet - Forged High Carbon Steel Blade with Walnut Wood Handle - Shock-Absorbing, Anti-Slip Grip - Ideal for Bu","1","amazon.com","Standard Orders","Amazon","Haiku","HI","96708","MarketplaceFacilitator","37.94","1.61","0","0","0","0","0","0","-3.79","0","-1.61","-5.12","-6.44","0","0","22.59"
"Dec 19, 2025 5:47:47 PM PST","25187401591","Order","112-0937206-0817825","Axe-F-R-L","Grumpy Bear 15"" Survival Axe Camping Hatchet - Forged High Carbon Steel Blade with Walnut Wood Handle - Shock-Absorbing, Anti-Slip Grip - Ideal for Bu","1","amazon.com","Standard Orders","Amazon","PORTLAND","OR","97202","","37.94","0","1.62","0","0","0","0","0","-5.41","0","0","-5.12","-6.44","0","0","22.59"
"Dec 19, 2025 7:27:24 PM PST","25187401591","Refund","112-5382886-7062608","CP-A-K-U","Grumpy Bear Camping Axe & Sickle Set - Dual Outdoor Tools for Camping, Survival & Bushcraft | High Carbon Steel Camping Axe & Hatchet Combo | Black Ox","1","amazon.com","Standard Orders","Amazon","SAINT PETERSBURG","FL","33710","MarketplaceFacilitator","0","0","-1.94","0","0","0","0","0","0","0","0","0","3.88","0","0","1.94"
"Dec 19, 2025 7:27:24 PM PST","25187401591","Refund","112-5382886-7062608","CP-A-K-U","Grumpy Bear Camping Axe & Sickle Set - Dual Outdoor Tools for Camping, Survival & Bushcraft | High Carbon Steel Camping Axe & Hatchet Combo | Black Ox","1","amazon.com","Standard Orders","Amazon","SAINT PETERSBURG","FL","33710","","0","0","-1.94","0","0","0","0","0","0","0","0","0","0","0","0","-1.94"
"Dec 19, 2025 7:55:55 PM PST","25187401591","Order","111-2295871-1228244","C-axe-01","Full Tang Survival Camping Axe with Wood Ergonomic Handle and Nylon Sheath Sheath - High Carbon Stainless Steel, Multi-Tool for Outdoor, Hunting, Emer","1","amazon.com","Standard Orders","Amazon","BAKERSFIELD","CA","93313","MarketplaceFacilitator","10.99","0.91","0.66","0","0","0","0","0","-0.66","0","-0.91","-1.65","-6.10","0","0","3.24"
"Dec 19, 2025 8:47:39 PM PST","25187401591","Order","114-9182843-1798629","AXE-SH-S","Grumpy Bear 11"" Survival Axe Camping Hatchet - Forged High Carbon Steel Blade with Walnut Wood Handle - Shock-Absorbing, Anti-Slip Grip - Ideal for Bu","1","amazon.com","Standard Orders","Amazon","GASTONIA","NC","28056","MarketplaceFacilitator","34.41","2.17","0","0","0","0","0","0","-3.44","0","-2.17","-4.65","-6.24","0","0","20.08"
"Dec 19, 2025 9:52:35 PM PST","25187401591","Order","111-0369111-1440267","C-axe-01","Full Tang Survival Camping Axe with Wood Ergonomic Handle and Nylon Sheath Sheath - High Carbon Stainless Steel, Multi-Tool for Outdoor, Hunting, Emer","1","amazon.com","Standard Orders","Amazon","SNOHOMISH","WA","98290","MarketplaceFacilitator","10.99","1.00","0.57","0","0","0","0","0","-0.57","0","-1.00","-1.65","-6.10","0","0","3.24"
"Dec 19, 2025 10:04:31 PM PST","25187401591","Order","114-8941855-8911436","AXE-GBWS-L","Grumpy Bear 15"" Survival Axe Camping Hatchet - Forged High Carbon Steel Blade with Walnut Wood Handle - Shock-Absorbing, Anti-Slip Grip - Ideal for Bu","1","amazon.com","Standard Orders","Amazon","PANAMA CITY","FL","32405","MarketplaceFacilitator","35.41","2.23","0","0","0","0","0","0","-3.54","0","-2.23","-4.78","-6.44","0","0","20.65"
"Dec 19, 2025 11:07:52 PM PST","25187401591","Order","111-3946736-3042647","AXE-SH-S","Grumpy Bear 11"" Survival Axe Camping Hatchet - Forged High Carbon Steel Blade with Walnut Wood Handle - Shock-Absorbing, Anti-Slip Grip - Ideal for Bu","1","amazon.com","Standard Orders","Amazon","EAST WINDSOR","NJ","08520","MarketplaceFacilitator","34.41","2.05","0","0","0","0","0","0","-3.44","0","-2.05","-4.65","-6.24","0","0","20.08"
"Dec 19, 2025 11:24:00 PM PST","25187401591","Order","111-2481509-2945803","GB-CA-02-EAGLE","Grumpy Bear Camping Hatchet, Full Tang Outdoor Axe with Decorative Handle, Durable Forged Blade for Hiking, Bushcraft, and Survival (Eagle)","1","amazon.com","Standard Orders","Amazon","MEDFORD","OR","97504","","19.99","0","0","0","0","0","0","0","0","0","0","-3.00","-5.68","0","0","11.31"
"Dec 19, 2025 11:44:47 PM PST","25187401591","Order","112-4038361-5853816","AXE-WS-L","Grumpy Bear 15"" Survival Axe Camping Hatchet - Forged High Carbon Steel Blade with Walnut Wood Handle - Shock-Absorbing, Anti-Slip Grip - Ideal for Bu","1","amazon.com","Standard Orders","Amazon","NAMPA","ID","83687","MarketplaceFacilitator","29.99","1.80","0","0","0","0","0","0","0","0","-1.80","-4.50","-6.44","0","0","19.05"
"Dec 20, 2025 12:14:39 AM PST","25187401591","Order","111-7656501-7280200","CP-A-K-U","Grumpy Bear Camping Axe & Sickle Set - Dual Outdoor Tools for Camping, Survival & Bushcraft | High Carbon Steel Camping Axe & Hatchet Combo | Black Ox","1","amazon.com","Standard Orders","Amazon","CHARLOTTE HALL","MD","20622","MarketplaceFacilitator","35.99","2.16","4.05","0","0","0","0","0","-4.05","0","-2.16","-5.40","-5.84","0","0","24.75"
"Dec 20, 2025 12:14:41 AM PST","25187401591","Order","111-2461713-0733069","GB-CA-02-TIGER","Grumpy Bear Camping Hatchet with Tiger Carving, Full Tang Outdoor Axe with Decorative Handle, Durable Forged Blade for Hiking, Bushcraft, and Survival","1","amazon.com","Standard Orders","Amazon","ALBION","IN","46701","MarketplaceFacilitator","19.99","1.40","0","0","0","0","0","0","0","0","-1.40","-3.00","-5.84","0","0","11.15"
"Dec 20, 2025 12:14:41 AM PST","25187401591","Order","111-2461713-0733069","GB-CA-02-WOLF","Grumpy Bear Camping Hatchet with Wolf Carving, Full Tang Outdoor Axe with Decorative Handle, Durable Forged Blade for Hiking, Bushcraft, and Survival","1","amazon.com","Standard Orders","Amazon","ALBION","IN","46701","MarketplaceFacilitator","19.99","1.40","0","0","0","0","0","0","0","0","-1.40","-3.00","-5.84","0","0","11.15"
"Dec 20, 2025 12:41:53 AM PST","25187401591","Order","111-4911193-8517041","AXE-SH-S","Grumpy Bear 11"" Survival Axe Camping Hatchet - Forged High Carbon Steel Blade with Walnut Wood Handle - Shock-Absorbing, Anti-Slip Grip - Ideal for Bu","1","amazon.com","Standard Orders","Amazon","PENSACOLA","FL","32506","MarketplaceFacilitator","34.41","2.32","0","0","0","0","0","0","-3.44","0","-2.32","-4.65","-6.24","0","0","20.08"
"Dec 20, 2025 12:46:18 AM PST","25187401591","Order","113-8006031-1837827","Axe-F-R-L","Grumpy Bear 15"" Survival Axe Camping Hatchet - Forged High Carbon Steel Blade with Walnut Wood Handle - Shock-Absorbing, Anti-Slip Grip - Ideal for Bu","1","amazon.com","Standard Orders","Amazon","AIKEN","SC","29801","MarketplaceFacilitator","37.94","2.73","0","0","0","0","0","0","-3.79","0","-2.73","-5.12","-6.44","0","0","22.59"
"Dec 20, 2025 12:48:31 AM PST","25187401591","Order","113-0818900-8515441","AXE-SH-L","Grumpy Bear 15"" Survival Axe Camping Hatchet - Forged High Carbon Steel Blade with Walnut Wood Handle - Shock-Absorbing, Anti-Slip Grip - Ideal for Bu","1","amazon.com","Standard Orders","Amazon","RIVERSIDE","NJ","08075","MarketplaceFacilitator","36.94","2.20","0","0","0","0","0","0","-3.69","0","-2.20","-4.99","-6.44","0","0","21.82"
"Dec 20, 2025 1:06:35 AM PST","25187401591","Order","112-2705811-0086631","C-axe-01","Full Tang Survival Camping Axe with Wood Ergonomic Handle and Nylon Sheath Sheath - High Carbon Stainless Steel, Multi-Tool for Outdoor, Hunting, Emer","1","amazon.com","Standard Orders","Amazon","kingston","ma","02364","MarketplaceFacilitator","10.99","0.31","0.50","0","0","0","0","0","-0.50","0","-0.31","-1.65","-6.10","0","0","3.24"
"Dec 20, 2025 1:15:37 AM PST","25187401591","Order","111-4068588-4122607","AXE-GBWS-L","Grumpy Bear 15"" Survival Axe Camping Hatchet - Forged High Carbon Steel Blade with Walnut Wood Handle - Shock-Absorbing, Anti-Slip Grip - Ideal for Bu","1","amazon.com","Standard Orders","Amazon","BROOKSVILLE","FL","34601","MarketplaceFacilitator","35.41","2.07","0","0","0","0","0","0","-3.54","0","-2.07","-4.78","-6.44","0","0","20.65"
"Dec 20, 2025 1:17:00 AM PST","25187401591","Order","113-0539714-6953818","GB-CA-02-EAGLE","Grumpy Bear Camping Hatchet, Full Tang Outdoor Axe with Decorative Handle, Durable Forged Blade for Hiking, Bushcraft, and Survival (Eagle)","1","amazon.com","Standard Orders","Amazon","Diamond Bar","CA","91765","MarketplaceFacilitator","19.99","1.95","0","0","0","0","0","0","0","0","-1.95","-3.00","-5.68","0","0","11.31"
"Dec 20, 2025 1:29:45 AM PST","25187401591","Order","111-3771653-6040216","AXE-WS-L","Grumpy Bear 15"" Survival Axe Camping Hatchet - Forged High Carbon Steel Blade with Walnut Wood Handle - Shock-Absorbing, Anti-Slip Grip - Ideal for Bu","1","amazon.com","Standard Orders","Amazon","AUBURN","MA","01501","MarketplaceFacilitator","29.99","1.87","0","0","0","0","0","0","0","0","-1.87","-4.50","-6.44","0","0","19.05"
"Dec 20, 2025 1:38:01 AM PST","25187401591","Order","111-4185158-0115445","GB-CA-02-WOLF","Grumpy Bear Camping Hatchet with Wolf Carving, Full Tang Outdoor Axe with Decorative Handle, Durable Forged Blade for Hiking, Bushcraft, and Survival","1","amazon.com","Standard Orders","Amazon","STARKE","FL","32091","MarketplaceFacilitator","19.99","1.40","0","0","0","0","0","0","0","0","-1.40","-3.00","-5.84","0","0","11.15"
"Dec 20, 2025 1:54:35 AM PST","25187401591","Order","112-6364906-3492249","C-axe-01","Full Tang Survival Camping Axe with Wood Ergonomic Handle and Nylon Sheath Sheath - High Carbon Stainless Steel, Multi-Tool for Outdoor, Hunting, Emer","1","amazon.com","Standard Orders","Amazon","Antioch","Tennessee","37013","MarketplaceFacilitator","10.99","1.07","0.50","0","0","0","0","0","-0.50","0","-1.07","-1.65","-6.10","0","0","3.24"
"Dec 20, 2025 3:08:24 AM PST","25187401591","Order","S01-8791457-0657211","AXE-SH-S","Grumpy Bear 11"" Survival Axe Camping Hatchet – Forged High Carbon Steel Blade with Walnut Wood Handle – Shock-Absorbing, Anti-Slip Grip – Ideal for Bushcraft, Wood Splitting & Outdoor Adventures","1","sim1.stores.amazon.com","Standard Orders","Amazon","YUBA CITY","CA","95993","","0","0","0","0","0","0","0","0","0","0","0","0","-11.75","0","0","-11.75"
"Dec 20, 2025 3:32:14 AM PST","25187401591","Order","112-3072301-1421800","C-axe-01","Full Tang Survival Camping Axe with Wood Ergonomic Handle and Nylon Sheath Sheath - High Carbon Stainless Steel, Multi-Tool for Outdoor, Hunting, Emer","1","amazon.com","Standard Orders","Amazon","LAKE IN THE HILLS","IL","60156","MarketplaceFacilitator","10.99","0.91","0.57","0","0","0","0","0","-0.57","0","-0.91","-1.65","-6.10","0","0","3.24"
"Dec 20, 2025 4:06:08 AM PST","25187401591","Order","112-6921234-6609858","GB-CA-02-LION","Grumpy Bear Camping Hatchet with Lion Carving, Full Tang Outdoor Axe with Decorative Handle, Durable Forged Blade for Hiking, Bushcraft, and Survival","1","amazon.com","Standard Orders","Amazon","NAPLES","FL","34117","MarketplaceFacilitator","17.99","1.08","0","0","0","0","0","0","0","0","-1.08","-2.70","-5.68","0","0","9.61"
"Dec 20, 2025 4:09:52 AM PST","25187401591","Order","113-1500439-3897020","GB-CA-02-EAGLE","Grumpy Bear Camping Hatchet, Full Tang Outdoor Axe with Decorative Handle, Durable Forged Blade for Hiking, Bushcraft, and Survival (Eagle)","1","amazon.com","Standard Orders","Amazon","GANS","OK","74936","MarketplaceFacilitator","19.99","1.18","0","0","0","0","0","0","0","0","-1.18","-3.00","-5.68","0","0","11.31"
"Dec 20, 2025 4:16:38 AM PST","25187401591","Order","112-0502771-5266616","Axe-F-R-S","Grumpy Bear 11"" Survival Axe Camping Hatchet - Forged High Carbon Steel Blade with Walnut Wood Handle - Shock-Absorbing, Anti-Slip Grip - Ideal for Bu","1","amazon.com","Standard Orders","Amazon","MONMOUTH","IL","61462","MarketplaceFacilitator","34.41","3.10","0","0","0","0","0","0","-3.44","0","-3.10","-4.65","-6.24","0","0","20.08"
"Dec 20, 2025 4:41:55 AM PST","25187401591","Order","112-6962260-0649842","AXE-SH-S","Grumpy Bear 11"" Survival Axe Camping Hatchet - Forged High Carbon Steel Blade with Walnut Wood Handle - Shock-Absorbing, Anti-Slip Grip - Ideal for Bu","1","amazon.com","Standard Orders","Amazon","BURKEVILLE","VA","23922","MarketplaceFacilitator","34.41","1.64","6.99","0.37","0","0","0","0","-3.44","0","-2.01","-4.65","-13.23","0","0","20.08"
"Dec 20, 2025 4:44:03 AM PST","25187401591","Order","112-0617852-6168206","C-axe-01","Full Tang Survival Camping Axe with Wood Ergonomic Handle and Nylon Sheath Sheath - High Carbon Stainless Steel, Multi-Tool for Outdoor, Hunting, Emer","1","amazon.com","Standard Orders","Amazon","TAYLORSVILLE","NC","28681","MarketplaceFacilitator","10.99","0.77","3.99","0.28","0","0","0","0","0","0","-1.05","-1.65","-10.09","0","0","3.24"
"Dec 20, 2025 4:55:42 AM PST","25187401591","Order","114-3940280-6167424","AXE-GBWS-S","Grumpy Bear 11"" Survival Axe Camping Hatchet - Forged High Carbon Steel Blade with Walnut Wood Handle - Shock-Absorbing, Anti-Slip Grip - Ideal for Bu","1","amazon.com","Standard Orders","Amazon","CONWAY","SC","29527","MarketplaceFacilitator","33.84","2.44","0","0","0","0","0","0","-3.38","0","-2.44","-4.57","-6.10","0","0","19.79"
"Dec 20, 2025 5:06:03 AM PST","25187401591","Order","113-3602728-0370600","GB-CA-02-WOLF","Grumpy Bear Camping Hatchet with Wolf Carving, Full Tang Outdoor Axe with Decorative Handle, Durable Forged Blade for Hiking, Bushcraft, and Survival","1","amazon.com","Standard Orders","Amazon","MARY ESTHER","FL","32569","MarketplaceFacilitator","19.99","1.40","0","0","0","0","0","0","0","0","-1.40","-3.00","-5.84","0","0","11.15"
"Dec 20, 2025 5:28:36 AM PST","25187401591","Order","114-3914820-6912206","AXE-WS-L","Grumpy Bear 15"" Survival Axe Camping Hatchet - Forged High Carbon Steel Blade with Walnut Wood Handle - Shock-Absorbing, Anti-Slip Grip - Ideal for Bu","1","amazon.com","Standard Orders","Amazon","PULASKI","WI","54162","MarketplaceFacilitator","29.99","1.65","0","0","0","0","0","0","0","0","-1.65","-4.50","-6.44","0","0","19.05"
"Dec 20, 2025 5:40:04 AM PST","25187401591","Order","111-2869240-9209867","Axe-F-R-L","Grumpy Bear 15"" Survival Axe Camping Hatchet - Forged High Carbon Steel Blade with Walnut Wood Handle - Shock-Absorbing, Anti-Slip Grip - Ideal for Bu","1","amazon.com","Standard Orders","Amazon","MAHOPAC","NY","10541","MarketplaceFacilitator","37.94","2.86","0","0","0","0","0","0","-3.79","0","-2.86","-5.12","-6.44","0","0","22.59"
"Dec 20, 2025 5:49:19 AM PST","25187401591","Order","111-2243435-2581816","CP-A-K-U","Grumpy Bear Camping Axe & Sickle Set - Dual Outdoor Tools for Camping, Survival & Bushcraft | High Carbon Steel Camping Axe & Hatchet Combo | Black Ox","1","amazon.com","Standard Orders","Amazon","Mount Horeb","WI","53572","MarketplaceFacilitator","35.99","1.98","0","0","0","0","0","0","0","0","-1.98","-5.40","-5.84","0","0","24.75"
"Dec 20, 2025 5:50:58 AM PST","25187401591","Order","114-7192368-1801860","Axe-F-R-S","Grumpy Bear 11"" Survival Axe Camping Hatchet - Forged High Carbon Steel Blade with Walnut Wood Handle - Shock-Absorbing, Anti-Slip Grip - Ideal for Bu","1","amazon.com","Standard Orders","Amazon","MINSTER","OH","45865","MarketplaceFacilitator","34.41","2.25","0","0","0","0","0","0","-3.44","0","-2.25","-4.65","-6.24","0","0","20.08"
"Dec 20, 2025 5:55:38 AM PST","25187401591","Order","S01-0251894-9689226","GB-CA-02-LION","Grumpy Bear Camping Hatchet with Lion Carving, Full Tang Outdoor Axe with Decorative Handle, Durable Forged Blade for Hiking, Bushcraft, and Survival","1","sim1.stores.amazon.com","Standard Orders","Amazon","FOND DU LAC","WI","54935","","0","0","0","0","0","0","0","0","0","0","0","0","-10.60","0","0","-10.60"
"Dec 20, 2025 6:07:30 AM PST","25187401591","Order","114-4431582-8836223","GB-CA-02-EAGLE","Grumpy Bear Camping Hatchet, Full Tang Outdoor Axe with Decorative Handle, Durable Forged Blade for Hiking, Bushcraft, and Survival (Eagle)","1","amazon.com","Standard Orders","Amazon","GREEN COVE SPRINGS","FL","32043","MarketplaceFacilitator","19.99","1.50","0","0","0","0","0","0","0","0","-1.50","-3.00","-5.68","0","0","11.31"
"Dec 20, 2025 6:20:09 AM PST","25187401591","Order","112-6736530-5180203","C-axe-01","Full Tang Survival Camping Axe with Wood Ergonomic Handle and Nylon Sheath Sheath - High Carbon Stainless Steel, Multi-Tool for Outdoor, Hunting, Emer","1","amazon.com","Standard Orders","Amazon","NORTH FERRISBURGH","VT","05473","MarketplaceFacilitator","19.99","1.20","2.90","0","0","0","0","0","-2.90","0","-1.20","-3.00","-6.10","0","0","10.89"
"Dec 20, 2025 6:26:59 AM PST","25187401591","Order","111-5902238-5802661","GB-CA-02-TIGER","Grumpy Bear Camping Hatchet with Tiger Carving, Full Tang Outdoor Axe with Decorative Handle, Durable Forged Blade for Hiking, Bushcraft, and Survival","1","amazon.com","Standard Orders","Amazon","DALLAS","GA","30157","MarketplaceFacilitator","17.99","1.26","0","0","0","0","0","0","0","0","-1.26","-2.70","-5.84","0","0","9.45"
"Dec 20, 2025 6:42:09 AM PST","25187401591","Order","113-7511601-0894668","GB-CA-02-EAGLE","Grumpy Bear Camping Hatchet, Full Tang Outdoor Axe with Decorative Handle, Durable Forged Blade for Hiking, Bushcraft, and Survival (Eagle)","1","amazon.com","Standard Orders","Amazon","ALSIP","IL","60803","MarketplaceFacilitator","19.99","2.00","0","0","0","0","0","0","0","0","-2.00","-3.00","-5.68","0","0","11.31"
"Dec 20, 2025 6:50:27 AM PST","25187401591","Order","114-0677578-5608249","GB-CA-02-LION","Grumpy Bear Camping Hatchet with Lion Carving, Full Tang Outdoor Axe with Decorative Handle, Durable Forged Blade for Hiking, Bushcraft, and Survival","1","amazon.com","Standard Orders","Amazon","ELMORE","AL","36025","MarketplaceFacilitator","17.99","1.44","0","0","0","0","0","0","0","0","-1.44","-2.70","-5.68","0","0","9.61"
"Dec 20, 2025 6:50:27 AM PST","25187401591","Order","114-0677578-5608249","GB-CA-02-WOLF","Grumpy Bear Camping Hatchet with Wolf Carving, Full Tang Outdoor Axe with Decorative Handle, Durable Forged Blade for Hiking, Bushcraft, and Survival","1","amazon.com","Standard Orders","Amazon","ELMORE","AL","36025","MarketplaceFacilitator","19.99","1.60","0","0","0","0","0","0","0","0","-1.60","-3.00","-5.84","0","0","11.15"
"Dec 20, 2025 6:55:51 AM PST","25187401591","Order","112-0845317-0755424","AXE-WS-L","Grumpy Bear 15"" Survival Axe Camping Hatchet - Forged High Carbon Steel Blade with Walnut Wood Handle - Shock-Absorbing, Anti-Slip Grip - Ideal for Bu","1","amazon.com","Standard Orders","Amazon","EUGENE","OR","97405","","29.99","0","0","0","0","0","0","0","0","0","0","-4.50","-6.44","0","0","19.05"
"Dec 20, 2025 7:09:50 AM PST","25187401591","Order","S01-5756714-6223642","GB-CA-02-LION","Grumpy Bear Camping Hatchet with Lion Carving, Full Tang Outdoor Axe with Decorative Handle, Durable Forged Blade for Hiking, Bushcraft, and Survival","1","sim1.stores.amazon.com","Standard Orders","Amazon","NEW ROCHELLE","NY","10801","","0","0","0","0","0","0","0","0","0","0","0","0","-10.60","0","0","-10.60"
"Dec 20, 2025 7:32:16 AM PST","25187401591","Order","113-8681127-8434609","AXE-GBWS-L","Grumpy Bear 15"" Survival Axe Camping Hatchet - Forged High Carbon Steel Blade with Walnut Wood Handle - Shock-Absorbing, Anti-Slip Grip - Ideal for Bu","1","amazon.com","Standard Orders","Amazon","SAN FRANCISCO","CA","94123","MarketplaceFacilitator","35.41","2.75","0","0","0","0","0","0","-3.54","0","-2.75","-4.78","-6.44","0","0","20.65"
"Dec 20, 2025 7:40:59 AM PST","25187401591","Order","113-7383371-9969835","C-axe-01","Full Tang Survival Camping Axe with Wood Ergonomic Handle and Nylon Sheath Sheath - High Carbon Stainless Steel, Multi-Tool for Outdoor, Hunting, Emer","1","amazon.com","Standard Orders","Amazon","IRVING","TX","75063","MarketplaceFacilitator","10.99","0.68","0.66","0","0","0","0","0","-0.66","0","-0.68","-1.65","-6.10","0","0","3.24"
"Dec 20, 2025 7:44:30 AM PST","25187401591","Order","S01-3115295-4600458","AXE-SH-S","Grumpy Bear 11"" Survival Axe Camping Hatchet – Forged High Carbon Steel Blade with Walnut Wood Handle – Shock-Absorbing, Anti-Slip Grip – Ideal for Bushcraft, Wood Splitting & Outdoor Adventures","1","sim1.stores.amazon.com","Standard Orders","Amazon","GULF SHORES","AL","36542","","0","0","0","0","0","0","0","0","0","0","0","0","-11.75","0","0","-11.75"
"Dec 20, 2025 7:46:12 AM PST","25187401591","Order","113-3881874-8007421","AXE-SH-S","Grumpy Bear 11"" Survival Axe Camping Hatchet - Forged High Carbon Steel Blade with Walnut Wood Handle - Shock-Absorbing, Anti-Slip Grip - Ideal for Bu","1","amazon.com","Standard Orders","Amazon","RIPLEY","MS","38663","MarketplaceFacilitator","34.41","2.17","0","0","0","0","0","0","-3.44","0","-2.17","-4.65","-6.24","0","0","20.08"
"Dec 20, 2025 7:51:36 AM PST","25187401591","Order","111-2461713-0733069","GB-CA-02-EAGLE","Grumpy Bear Camping Hatchet, Full Tang Outdoor Axe with Decorative Handle, Durable Forged Blade for Hiking, Bushcraft, and Survival (Eagle)","1","amazon.com","Standard Orders","Amazon","ALBION","IN","46701","MarketplaceFacilitator","19.99","1.40","0","0","0","0","0","0","0","0","-1.40","-3.00","-5.68","0","0","11.31"
"Dec 20, 2025 7:55:18 AM PST","25187401591","Order","112-4199418-0529817","C-axe-01","Full Tang Survival Camping Axe with Wood Ergonomic Handle and Nylon Sheath Sheath - High Carbon Stainless Steel, Multi-Tool for Outdoor, Hunting, Emer","1","amazon.com","Standard Orders","Amazon","MACOMB","OK","74852","MarketplaceFacilitator","10.99","0.66","3.99","0","0","0","0","0","0","0","-0.66","-1.65","-10.09","0","0","3.24"
"Dec 20, 2025 7:59:21 AM PST","25187401591","Refund","112-6364906-3492249","C-axe-01","Full Tang Survival Camping Axe with Wood Ergonomic Handle and Nylon Sheath Sheath - High Carbon Stainless Steel, Multi-Tool for Outdoor, Hunting, Emer","1","amazon.com","Standard Orders","Amazon","Antioch","Tennessee","37013","MarketplaceFacilitator","-10.99","-1.07","-0.50","0","0","0","0","0","0.50","0","1.07","1.32","0","0","0","-9.67"
"Dec 20, 2025 8:00:51 AM PST","25187401591","Order","113-8047022-9578618","GB-CA-02-WOLF","Grumpy Bear Camping Hatchet with Wolf Carving, Full Tang Outdoor Axe with Decorative Handle, Durable Forged Blade for Hiking, Bushcraft, and Survival","1","amazon.com","Standard Orders","Amazon","FLORIDA","NY","10921","MarketplaceFacilitator","19.99","1.62","0","0","0","0","0","0","0","0","-1.62","-3.00","-5.84","0","0","11.15"
"Dec 20, 2025 8:02:10 AM PST","25187401591","Order","111-5858358-5366615","C-axe-01","Full Tang Survival Camping Axe with Wood Ergonomic Handle and Nylon Sheath Sheath - High Carbon Stainless Steel, Multi-Tool for Outdoor, Hunting, Emer","1","amazon.com","Standard Orders","Amazon","Newtown","PA","18940","MarketplaceFacilitator","10.99","0.27","0.13","0","0","0","0","0","-0.13","0","-0.27","-1.65","-6.10","0","0","3.24"
"Dec 20, 2025 8:02:36 AM PST","25187401591","Order","114-6907407-1307462","GB-CA-02-LION","Grumpy Bear Camping Hatchet with Lion Carving, Full Tang Outdoor Axe with Decorative Handle, Durable Forged Blade for Hiking, Bushcraft, and Survival","1","amazon.com","Standard Orders","Amazon","CLIFTON FORGE","VA","24422","MarketplaceFacilitator","17.99","0.95","0","0","0","0","0","0","0","0","-0.95","-2.70","-5.68","0","0","9.61"
"Dec 20, 2025 8:04:52 AM PST","25187401591","Order","113-6781652-4598609","GB-CA-02-WOLF","Grumpy Bear Camping Hatchet with Wolf Carving, Full Tang Outdoor Axe with Decorative Handle, Durable Forged Blade for Hiking, Bushcraft, and Survival","1","amazon.com","Standard Orders","Amazon","LACYGNE","KS","66040","MarketplaceFacilitator","19.99","1.90","0","0","0","0","0","0","0","0","-1.90","-3.00","-5.84","0","0","11.15"
"Dec 20, 2025 8:18:00 AM PST","25187401591","Order","112-8853800-0918623","Axe-F-R-L","Grumpy Bear 15"" Survival Axe Camping Hatchet - Forged High Carbon Steel Blade with Walnut Wood Handle - Shock-Absorbing, Anti-Slip Grip - Ideal for Bu","1","amazon.com","Standard Orders","Amazon","COPPELL","TX","75019","MarketplaceFacilitator","37.94","2.82","0","0","0","0","0","0","-3.79","0","-2.82","-5.12","-6.44","0","0","22.59"
"Dec 20, 2025 8:33:46 AM PST","25187401591","Order","111-0726094-0562667","C-axe-01","Full Tang Survival Camping Axe with Wood Ergonomic Handle and Nylon Sheath Sheath - High Carbon Stainless Steel, Multi-Tool for Outdoor, Hunting, Emer","1","amazon.com","Standard Orders","Amazon","MORRISTOWN","TN","37814","MarketplaceFacilitator","10.99","1.07","0","0","0","0","0","0","0","0","-1.07","-1.65","-6.10","0","0","3.24"
"Dec 20, 2025 9:33:21 AM PST","25187401591","Order","113-2600148-2247467","GB-CA-02-EAGLE","Grumpy Bear Camping Hatchet, Full Tang Outdoor Axe with Decorative Handle, Durable Forged Blade for Hiking, Bushcraft, and Survival (Eagle)","1","amazon.com","Standard Orders","Amazon","WAVERLY","VA","23890","MarketplaceFacilitator","19.99","1.06","0","0","0","0","0","0","0","0","-1.06","-3.00","-5.68","0","0","11.31"
"Dec 20, 2025 10:35:13 AM PST","25187401591","Order","112-4265997-1199463","C-axe-01","Full Tang Survival Camping Axe with Wood Ergonomic Handle and Nylon Sheath Sheath - High Carbon Stainless Steel, Multi-Tool for Outdoor, Hunting, Emer","1","amazon.com","Standard Orders","Amazon","SPRINGDALE","AR","72764","MarketplaceFacilitator","10.99","1.07","0.21","0","0","0","0","0","-0.21","0","-1.07","-1.65","-6.10","0","0","3.24"
"Dec 20, 2025 2:02:26 PM PST","25187401591","Service Fee","","","Cost of Advertising","","","Standard Orders","","","","","","0","0","0","0","0","0","0","0","0","0","0","0","0","-497.67","0","-497.67"
"Dec 20, 2025 2:38:44 PM PST","25187401591","Refund","111-3542565-9960267","AXE-SH-S","Grumpy Bear 11"" Survival Axe Camping Hatchet - Forged High Carbon Steel Blade with Walnut Wood Handle - Shock-Absorbing, Anti-Slip Grip - Ideal for Bu","1","amazon.com","Standard Orders","Amazon","BOGATA","TX","75417","MarketplaceFacilitator","-34.41","-2.09","0","0","0","0","0","0","3.44","0","2.09","3.72","0","0","0","-27.25"
"Dec 20, 2025 2:40:27 PM PST","25187401591","Order","114-8429007-1253032","AXE-SH-S","Grumpy Bear 11"" Survival Axe Camping Hatchet - Forged High Carbon Steel Blade with Walnut Wood Handle - Shock-Absorbing, Anti-Slip Grip - Ideal for Bu","1","amazon.com","Standard Orders","Amazon","BRIGHTON","MA","02135","MarketplaceFacilitator","34.41","1.94","0","0","0","0","0","0","-3.44","0","-1.94","-4.65","-6.24","0","0","20.08"
"Dec 20, 2025 4:49:48 PM PST","25187401591","Order","112-6736530-5180203","C-axe-02","Full Tang Survival Camping Axe with Wood Ergonomic Handle and Nylon Sheath Sheath - High Carbon Stainless Steel, Multi-Tool for Outdoor, Hunting, Emer","1","amazon.com","Standard Orders","Amazon","NORTH FERRISBURGH","VT","05473","MarketplaceFacilitator","19.99","1.20","3.38","0","0","0","0","0","-3.38","0","-1.20","-3.00","-6.44","0","0","10.55"
"Dec 20, 2025 5:21:11 PM PST","25187401591","Order","113-3361894-8981032","C-axe-01","Full Tang Survival Camping Axe with Wood Ergonomic Handle and Nylon Sheath Sheath - High Carbon Stainless Steel, Multi-Tool for Outdoor, Hunting, Emer","2","amazon.com","Standard Orders","Amazon","SILVER SPRING","MD","20902","MarketplaceFacilitator","21.98","0.60","0.89","0","0","0","0","0","-0.89","0","-0.60","-3.30","-12.20","0","0","6.48"
"Dec 20, 2025 6:25:46 PM PST","25187401591","Order","S01-4081180-4308439","C-axe-01","Full Tang Survival Camping Axe with Wood Ergonomic Handle and Nylon Sheath Sheath – High Carbon Stainless Steel, Multi-Tool for Outdoor, Hunting, Emergency (Small)","1","sim1.stores.amazon.com","Standard Orders","Amazon","WARREN","MI","48092","","0","0","0","0","0","0","0","0","0","0","0","0","-10.60","0","0","-10.60"
"Dec 20, 2025 6:41:45 PM PST","25187401591","Order","113-0084079-5781838","GB-CA-02-EAGLE","Grumpy Bear Camping Hatchet, Full Tang Outdoor Axe with Decorative Handle, Durable Forged Blade for Hiking, Bushcraft, and Survival (Eagle)","1","amazon.com","Standard Orders","Amazon","Keokuk","IA","52632","MarketplaceFacilitator","19.99","1.40","0","0","0","0","0","0","0","0","-1.40","-3.00","-5.68","0","0","11.31"
"Dec 20, 2025 7:25:57 PM PST","25187401591","Order","114-4850462-8625069","C-axe-01","Full Tang Survival Camping Axe with Wood Ergonomic Handle and Nylon Sheath Sheath - High Carbon Stainless Steel, Multi-Tool for Outdoor, Hunting, Emer","1","amazon.com","Standard Orders","Amazon","CHAPEL HILL","NC","27517","MarketplaceFacilitator","10.99","0.77","0.57","0","0","0","0","0","-0.57","0","-0.77","-1.65","-6.10","0","0","3.24"
"Dec 20, 2025 7:37:42 PM PST","25187401591","Order","S01-7371359-8664426","AXE-SH-L","Grumpy Bear 15"" Survival Axe Camping Hatchet – Forged High Carbon Steel Blade with Walnut Wood Handle – Shock-Absorbing, Anti-Slip Grip – Ideal for Bushcraft, Wood Splitting & Outdoor Adventures","1","sim1.stores.amazon.com","Standard Orders","Amazon","VIDALIA","LA","71373","","0","0","0","0","0","0","0","0","0","0","0","0","-11.75","0","0","-11.75"
"Dec 20, 2025 7:47:56 PM PST","25187401591","Order","114-3897675-7453800","C-axe-02","Full Tang Survival Camping Axe with Wood Ergonomic Handle and Nylon Sheath Sheath - High Carbon Stainless Steel, Multi-Tool for Outdoor, Hunting, Emer","1","amazon.com","Standard Orders","Amazon","BOWLING GREEN","KY","42101","MarketplaceFacilitator","10.99","0.66","0","0","0","0","0","0","0","0","-0.66","-1.65","-6.44","0","0","2.90"
"Dec 20, 2025 8:22:54 PM PST","25187401591","Order","S01-0678520-2949263","GB-CA-02-LION","Grumpy Bear Camping Hatchet with Lion Carving, Full Tang Outdoor Axe with Decorative Handle, Durable Forged Blade for Hiking, Bushcraft, and Survival","1","sim1.stores.amazon.com","Standard Orders","Amazon","CUMBERLAND","MD","21502","","0","0","0","0","0","0","0","0","0","0","0","0","-10.60","0","0","-10.60"
"Dec 20, 2025 8:31:28 PM PST","25187401591","Order","113-5001510-8299438","AXE-GBWS-L","Grumpy Bear 15"" Survival Axe Camping Hatchet - Forged High Carbon Steel Blade with Walnut Wood Handle - Shock-Absorbing, Anti-Slip Grip - Ideal for Bu","1","amazon.com","Standard Orders","Amazon","BOTHELL","WA","98021","MarketplaceFacilitator","35.41","3.35","0","0","0","0","0","0","-3.54","0","-3.35","-4.78","-6.44","0","0","20.65"
"Dec 20, 2025 9:18:24 PM PST","25187401591","Order","112-4967371-7867435","C-axe-01","Full Tang Survival Camping Axe with Wood Ergonomic Handle and Nylon Sheath Sheath - High Carbon Stainless Steel, Multi-Tool for Outdoor, Hunting, Emer","1","amazon.com","Standard Orders","Amazon","MORENO VALLEY","CA","92555","MarketplaceFacilitator","10.99","0.96","1.33","0","0","0","0","0","-1.33","0","-0.96","-1.65","-6.10","0","0","3.24"
"Dec 20, 2025 10:29:20 PM PST","25187401591","Refund","113-0772937-5119451","Axe-F-R-S","Grumpy Bear 11"" Survival Axe Camping Hatchet - Forged High Carbon Steel Blade with Walnut Wood Handle - Shock-Absorbing, Anti-Slip Grip - Ideal for Bu","1","amazon.com","Standard Orders","Amazon","NEW PORT RICHEY","FL","34653","MarketplaceFacilitator","-34.41","-2.17","0","0","0","0","0","0","3.44","0","2.17","3.72","0","0","0","-27.25"
"Dec 20, 2025 10:32:02 PM PST","25187401591","Order","113-8543084-2293007","Axe-F-R-S","Grumpy Bear 11"" Survival Axe Camping Hatchet - Forged High Carbon Steel Blade with Walnut Wood Handle - Shock-Absorbing, Anti-Slip Grip - Ideal for Bu","1","amazon.com","Standard Orders","Amazon","HAMMONDSPORT","NY","14840","MarketplaceFacilitator","34.41","2.48","0","0","0","0","0","0","-3.44","0","-2.48","-4.65","-6.24","0","0","20.08"
"Dec 20, 2025 10:32:37 PM PST","25187401591","Order","113-8335769-6733004","Axe-F-R-S","Grumpy Bear 11"" Survival Axe Camping Hatchet - Forged High Carbon Steel Blade with Walnut Wood Handle - Shock-Absorbing, Anti-Slip Grip - Ideal for Bu","1","amazon.com","Standard Orders","Amazon","SEATTLE","WA","98117","MarketplaceFacilitator","34.41","3.21","0","0","0","0","0","0","-3.44","0","-3.21","-4.65","-6.24","0","0","20.08"
"Dec 20, 2025 10:42:37 PM PST","25187401591","Order","114-8438882-5816212","GB-CA-02-WOLF","Grumpy Bear Camping Hatchet with Wolf Carving, Full Tang Outdoor Axe with Decorative Handle, Durable Forged Blade for Hiking, Bushcraft, and Survival","1","amazon.com","Standard Orders","Amazon","WEST BABYLON","NY","11704","MarketplaceFacilitator","19.99","1.75","0","0","0","0","0","0","0","0","-1.75","-3.00","-5.84","0","0","11.15"
"Dec 20, 2025 10:53:23 PM PST","25187401591","Order","113-0772937-5119451","Axe-F-R-S","Grumpy Bear 11"" Survival Axe Camping Hatchet - Forged High Carbon Steel Blade with Walnut Wood Handle - Shock-Absorbing, Anti-Slip Grip - Ideal for Bu","1","amazon.com","Standard Orders","Amazon","NEW PORT RICHEY","FL","34653","MarketplaceFacilitator","34.41","2.17","0","0","0","0","0","0","-3.44","0","-2.17","-4.65","-6.24","0","0","20.08"
"Dec 20, 2025 11:03:52 PM PST","25187401591","Order","114-9303817-8026632","Axe-F-R-S","Grumpy Bear 11"" Survival Axe Camping Hatchet - Forged High Carbon Steel Blade with Walnut Wood Handle - Shock-Absorbing, Anti-Slip Grip - Ideal for Bu","1","amazon.com","Standard Orders","Amazon","MCALLEN","TX","78503","MarketplaceFacilitator","34.41","2.56","0","0","0","0","0","0","-3.44","0","-2.56","-4.65","-6.24","0","0","20.08"
"Dec 20, 2025 11:18:54 PM PST","25187401591","Order","113-1334744-0734601","C-axe-01","Full Tang Survival Camping Axe with Wood Ergonomic Handle and Nylon Sheath Sheath - High Carbon Stainless Steel, Multi-Tool for Outdoor, Hunting, Emer","1","amazon.com","Standard Orders","Amazon","ZEPHYRHILLS","FL","33542","MarketplaceFacilitator","10.99","0.39","0.67","0","0","0","0","0","-0.67","0","-0.39","-1.65","-6.10","0","0","3.24"
"Dec 20, 2025 11:23:48 PM PST","25187401591","Order","111-4863420-8760269","Axe-F-R-S","Grumpy Bear 11"" Survival Axe Camping Hatchet - Forged High Carbon Steel Blade with Walnut Wood Handle - Shock-Absorbing, Anti-Slip Grip - Ideal for Bu","1","amazon.com","Standard Orders","Amazon","MCHENRY","IL","60050","MarketplaceFacilitator","34.41","2.48","0","0","0","0","0","0","-3.44","0","-2.48","-4.65","-6.24","0","0","20.08"
"Dec 20, 2025 11:53:28 PM PST","25187401591","Order","111-3625046-7133039","C-axe-01","Full Tang Survival Camping Axe with Wood Ergonomic Handle and Nylon Sheath Sheath - High Carbon Stainless Steel, Multi-Tool for Outdoor, Hunting, Emer","1","amazon.com","Standard Orders","Amazon","Kalamazoo","Michigan","49009","MarketplaceFacilitator","10.99","0.66","0.11","0","0","0","0","0","-0.11","0","-0.66","-1.65","-6.10","0","0","3.24"
"Dec 20, 2025 11:57:50 PM PST","25187401591","Order","112-1143534-6805039","GB-CA-02-WOLF","Grumpy Bear Camping Hatchet with Wolf Carving, Full Tang Outdoor Axe with Decorative Handle, Durable Forged Blade for Hiking, Bushcraft, and Survival","1","amazon.com","Standard Orders","Amazon","McKinney","Texas","75069","MarketplaceFacilitator","19.99","1.65","0","0","0","0","0","0","0","0","-1.65","-3.00","-5.84","0","0","11.15"
"Dec 21, 2025 12:05:47 AM PST","25187401591","Order","112-2968735-7050648","C-axe-01","Full Tang Survival Camping Axe with Wood Ergonomic Handle and Nylon Sheath Sheath - High Carbon Stainless Steel, Multi-Tool for Outdoor, Hunting, Emer","1","amazon.com","Standard Orders","Amazon","SEAGROVE","NC","27341","MarketplaceFacilitator","10.99","0.77","0.57","0","0","0","0","0","-0.57","0","-0.77","-1.65","-6.10","0","0","3.24"
"Dec 21, 2025 12:07:49 AM PST","25187401591","Order","112-4576589-1228268","C-axe-01","Full Tang Survival Camping Axe with Wood Ergonomic Handle and Nylon Sheath Sheath - High Carbon Stainless Steel, Multi-Tool for Outdoor, Hunting, Emer","1","amazon.com","Standard Orders","Amazon","HOUSE SPRINGS","MO","63051","MarketplaceFacilitator","10.99","0.21","0.49","0","0","0","0","0","-0.49","0","-0.21","-1.65","-6.10","0","0","3.24"
"Dec 21, 2025 12:32:42 AM PST","25187401591","Order","114-2868805-2342606","C-axe-01","Full Tang Survival Camping Axe with Wood Ergonomic Handle and Nylon Sheath Sheath - High Carbon Stainless Steel, Multi-Tool for Outdoor, Hunting, Emer","1","amazon.com","Standard Orders","Amazon","ENNIS","TX","75119","MarketplaceFacilitator","10.99","0.37","0.40","0","0","0","0","0","-0.40","0","-0.37","-1.65","-6.10","0","0","3.24"
"Dec 21, 2025 12:44:14 AM PST","25187401591","Order","114-8799002-1835410","C-axe-01","Full Tang Survival Camping Axe with Wood Ergonomic Handle and Nylon Sheath Sheath - High Carbon Stainless Steel, Multi-Tool for Outdoor, Hunting, Emer","2","amazon.com","Standard Orders","Amazon","FONTANA","CA","92336","MarketplaceFacilitator","21.98","1.92","0.49","0","0","0","0","0","-0.49","0","-1.92","-3.30","-12.20","0","0","6.48"
"Dec 21, 2025 12:54:42 AM PST","25187401591","Order","113-3263139-9885041","C-axe-01","Full Tang Survival Camping Axe with Wood Ergonomic Handle and Nylon Sheath Sheath - High Carbon Stainless Steel, Multi-Tool for Outdoor, Hunting, Emer","1","amazon.com","Standard Orders","Amazon","ST MARIES","ID","83861","MarketplaceFacilitator","10.99","0.26","0.20","0","0","0","0","0","-0.20","0","-0.26","-1.65","-6.10","0","0","3.24"
"Dec 21, 2025 12:54:47 AM PST","25187401591","Order","111-9027048-8044212","GB-CA-02-WOLF","Grumpy Bear Camping Hatchet with Wolf Carving, Full Tang Outdoor Axe with Decorative Handle, Durable Forged Blade for Hiking, Bushcraft, and Survival","1","amazon.com","Standard Orders","Amazon","PORT ORANGE","FL","32129","MarketplaceFacilitator","19.99","1.30","0","0","0","0","0","0","0","0","-1.30","-3.00","-5.84","0","0","11.15"
"Dec 21, 2025 12:56:11 AM PST","25187401591","Order","113-0129181-4668200","AXE-SH-S","Grumpy Bear 11"" Survival Axe Camping Hatchet - Forged High Carbon Steel Blade with Walnut Wood Handle - Shock-Absorbing, Anti-Slip Grip - Ideal for Bu","1","amazon.com","Standard Orders","Amazon","KINGWOOD","TX","77339","MarketplaceFacilitator","34.41","2.56","0","0","0","0","0","0","-3.44","0","-2.56","-4.65","-6.24","0","0","20.08"
"Dec 21, 2025 1:00:26 AM PST","25187401591","Order","112-6834345-7446628","GB-CA-02-WOLF","Grumpy Bear Camping Hatchet with Wolf Carving, Full Tang Outdoor Axe with Decorative Handle, Durable Forged Blade for Hiking, Bushcraft, and Survival","1","amazon.com","Standard Orders","Amazon","KNOXVILLE","TN","37921","MarketplaceFacilitator","19.99","1.85","0","0","0","0","0","0","0","0","-1.85","-3.00","-5.84","0","0","11.15"
"Dec 21, 2025 1:15:10 AM PST","25187401591","Order","111-4649224-1923456","C-axe-01","Full Tang Survival Camping Axe with Wood Ergonomic Handle and Nylon Sheath Sheath - High Carbon Stainless Steel, Multi-Tool for Outdoor, Hunting, Emer","1","amazon.com","Standard Orders","Amazon","SOUTHAMPTON","MA","01073","MarketplaceFacilitator","10.99","0.34","0.80","0","0","0","0","0","-0.80","0","-0.34","-1.65","-6.10","0","0","3.24"
"Dec 21, 2025 1:16:51 AM PST","25187401591","Order","113-0518983-1135416","GB-CA-02-EAGLE","Grumpy Bear Camping Hatchet, Full Tang Outdoor Axe with Decorative Handle, Durable Forged Blade for Hiking, Bushcraft, and Survival (Eagle)","1","amazon.com","Standard Orders","Amazon","CIBOLO","TX","78108","MarketplaceFacilitator","19.99","1.65","0","0","0","0","0","0","0","0","-1.65","-3.00","-5.68","0","0","11.31"
"Dec 21, 2025 1:18:05 AM PST","25187401591","Order","113-9797441-1079416","C-axe-01","Full Tang Survival Camping Axe with Wood Ergonomic Handle and Nylon Sheath Sheath - High Carbon Stainless Steel, Multi-Tool for Outdoor, Hunting, Emer","1","amazon.com","Standard Orders","Amazon","EATON RAPIDS","MI","48827","MarketplaceFacilitator","14.99","0.90","1.99","0","0","0","0","0","0","0","-0.90","-2.25","-8.09","0","0","6.64"
"Dec 21, 2025 1:47:59 AM PST","25187401591","Order","114-5794378-2797010","Axe-F-R-L","Grumpy Bear 15"" Survival Axe Camping Hatchet - Forged High Carbon Steel Blade with Walnut Wood Handle - Shock-Absorbing, Anti-Slip Grip - Ideal for Bu","1","amazon.com","Standard Orders","Amazon","LEWISVILLE","NC","27023","MarketplaceFacilitator","37.94","2.39","0","0","0","0","0","0","-3.79","0","-2.39","-5.12","-6.44","0","0","22.59"
"Dec 21, 2025 2:09:56 AM PST","25187401591","Order","114-0207074-2365848","C-axe-01","Full Tang Survival Camping Axe with Wood Ergonomic Handle and Nylon Sheath Sheath - High Carbon Stainless Steel, Multi-Tool for Outdoor, Hunting, Emer","1","amazon.com","Standard Orders","Amazon","DALLAS","TX","75206","MarketplaceFacilitator","10.99","0.36","0.45","0","0","0","0","0","-0.45","0","-0.36","-1.65","-6.10","0","0","3.24"
"Dec 21, 2025 2:26:02 AM PST","25187401591","Order","113-9695190-8636236","Axe-F-R-S","Grumpy Bear 11"" Survival Axe Camping Hatchet - Forged High Carbon Steel Blade with Walnut Wood Handle - Shock-Absorbing, Anti-Slip Grip - Ideal for Bu","1","amazon.com","Standard Orders","Amazon","LA CENTER","WA","98629","MarketplaceFacilitator","34.41","2.42","0","0","0","0","0","0","-3.44","0","-2.42","-4.65","-6.24","0","0","20.08"
"Dec 21, 2025 3:03:56 AM PST","25187401591","Order","113-7350281-9974612","GB-CA-02-LION","Grumpy Bear Camping Hatchet with Lion Carving, Full Tang Outdoor Axe with Decorative Handle, Durable Forged Blade for Hiking, Bushcraft, and Survival","1","amazon.com","Standard Orders","Amazon","NORTHAMPTON","PA","18067","MarketplaceFacilitator","17.99","1.08","0","0","0","0","0","0","0","0","-1.08","-2.70","-5.68","0","0","9.61"
"Dec 21, 2025 3:17:05 AM PST","25187401591","Order","111-0498564-8748253","C-axe-01","Full Tang Survival Camping Axe with Wood Ergonomic Handle and Nylon Sheath Sheath - High Carbon Stainless Steel, Multi-Tool for Outdoor, Hunting, Emer","2","amazon.com","Standard Orders","Amazon","GREENEVILLE","TN","37743","MarketplaceFacilitator","21.98","2.14","0.57","0","0","0","0","0","-0.57","0","-2.14","-3.30","-12.20","0","0","6.48"
"Dec 21, 2025 3:20:28 AM PST","25187401591","Order","113-5440770-0369827","GB-CA-02-LION","Grumpy Bear Camping Hatchet with Lion Carving, Full Tang Outdoor Axe with Decorative Handle, Durable Forged Blade for Hiking, Bushcraft, and Survival","1","amazon.com","Standard Orders","Amazon","WINSLOW","AZ","86047","MarketplaceFacilitator","17.99","1.70","0","0","0","0","0","0","0","0","-1.70","-2.70","-5.68","0","0","9.61"
"Dec 21, 2025 3:21:51 AM PST","25187401591","Order","111-4903302-8991469","C-axe-01","Full Tang Survival Camping Axe with Wood Ergonomic Handle and Nylon Sheath Sheath - High Carbon Stainless Steel, Multi-Tool for Outdoor, Hunting, Emer","1","amazon.com","Standard Orders","Amazon","NORWAY","ME","04268","MarketplaceFacilitator","10.99","0.24","0.23","0","0","0","0","0","-0.23","0","-0.24","-1.65","-6.10","0","0","3.24"
"Dec 21, 2025 3:29:06 AM PST","25187401591","Order","111-0409067-3393040","C-axe-01","Full Tang Survival Camping Axe with Wood Ergonomic Handle and Nylon Sheath Sheath - High Carbon Stainless Steel, Multi-Tool for Outdoor, Hunting, Emer","1","amazon.com","Standard Orders","Amazon","FULLERTON","CA","92832","MarketplaceFacilitator","10.99","0.85","0.57","0","0","0","0","0","-0.57","0","-0.85","-1.65","-6.10","0","0","3.24"
"Dec 21, 2025 3:42:15 AM PST","25187401591","Order","112-3106380-2929841","AXE-GBWS-L","Grumpy Bear 15"" Survival Axe Camping Hatchet - Forged High Carbon Steel Blade with Walnut Wood Handle - Shock-Absorbing, Anti-Slip Grip - Ideal for Bu","1","amazon.com","Standard Orders","Amazon","LONOKE","AR","72086","MarketplaceFacilitator","35.41","2.55","0.80","0.06","0","0","0","0","-3.54","0","-2.61","-4.78","-7.24","0","0","20.65"
"Dec 21, 2025 3:45:07 AM PST","25187401591","Order","111-8089439-1973010","C-axe-01","Full Tang Survival Camping Axe with Wood Ergonomic Handle and Nylon Sheath Sheath - High Carbon Stainless Steel, Multi-Tool for Outdoor, Hunting, Emer","1","amazon.com","Standard Orders","Amazon","SNOHOMISH","WA","98290","MarketplaceFacilitator","10.99","1.00","0.50","0","0","0","0","0","-0.50","0","-1.00","-1.65","-6.10","0","0","3.24"
"Dec 21, 2025 3:45:21 AM PST","25187401591","Order","113-7617450-4360251","C-axe-01","Full Tang Survival Camping Axe with Wood Ergonomic Handle and Nylon Sheath Sheath - High Carbon Stainless Steel, Multi-Tool for Outdoor, Hunting, Emer","1","amazon.com","Standard Orders","Amazon","WILLIAMSBURG","OH","45176","MarketplaceFacilitator","10.99","0.74","0.40","0","0","0","0","0","-0.40","0","-0.74","-1.65","-6.10","0","0","3.24"
"Dec 21, 2025 4:03:57 AM PST","25187401591","Order","114-3736915-4328231","C-axe-01","Full Tang Survival Camping Axe with Wood Ergonomic Handle and Nylon Sheath Sheath - High Carbon Stainless Steel, Multi-Tool for Outdoor, Hunting, Emer","1","amazon.com","Standard Orders","Amazon","NAPLES","FL","34120","MarketplaceFacilitator","10.99","0.26","0.17","0","0","0","0","0","-0.17","0","-0.26","-1.65","-6.10","0","0","3.24"
"Dec 21, 2025 4:17:21 AM PST","25187401591","Order","113-1540938-1887447","AXE-SH-S","Grumpy Bear 11"" Survival Axe Camping Hatchet - Forged High Carbon Steel Blade with Walnut Wood Handle - Shock-Absorbing, Anti-Slip Grip - Ideal for Bu","2","amazon.com","Standard Orders","Amazon","AMARILLO","TX","79106","MarketplaceFacilitator","68.82","5.12","2.64","0.22","0","0","0","0","-6.88","0","-5.34","-9.30","-15.12","0","0","40.16"
"Dec 21, 2025 4:22:32 AM PST","25187401591","Order","111-2327136-0218615","C-axe-01","Full Tang Survival Camping Axe with Wood Ergonomic Handle and Nylon Sheath Sheath - High Carbon Stainless Steel, Multi-Tool for Outdoor, Hunting, Emer","1","amazon.com","Standard Orders","Amazon","LEHIGH ACRES","FL","33971","MarketplaceFacilitator","10.99","0.32","0.37","0","0","0","0","0","-0.37","0","-0.32","-1.65","-6.10","0","0","3.24"
"Dec 21, 2025 4:35:01 AM PST","25187401591","Order","111-7951548-4076265","C-axe-01","Full Tang Survival Camping Axe with Wood Ergonomic Handle and Nylon Sheath Sheath - High Carbon Stainless Steel, Multi-Tool for Outdoor, Hunting, Emer","1","amazon.com","Standard Orders","Amazon","SAN ANTONIO","TX","78204","MarketplaceFacilitator","10.99","0.82","0.40","0","0","0","0","0","-0.40","0","-0.82","-1.65","-6.10","0","0","3.24"
"Dec 21, 2025 4:42:47 AM PST","25187401591","Order","111-3500669-0995423","AXE-SH-L","Grumpy Bear 15"" Survival Axe Camping Hatchet - Forged High Carbon Steel Blade with Walnut Wood Handle - Shock-Absorbing, Anti-Slip Grip - Ideal for Bu","1","amazon.com","Standard Orders","Amazon","WILLITS","CA","95490","MarketplaceFacilitator","36.94","2.62","0","0","0","0","0","0","-3.70","0","-2.62","-4.99","-6.44","0","0","21.81"
"Dec 21, 2025 4:46:22 AM PST","25187401591","Order","112-6103966-3400250","C-axe-01","Full Tang Survival Camping Axe with Wood Ergonomic Handle and Nylon Sheath Sheath - High Carbon Stainless Steel, Multi-Tool for Outdoor, Hunting, Emer","1","amazon.com","Standard Orders","Amazon","Pollock","South Dakota","57648","MarketplaceFacilitator","10.99","0.68","0.23","0","0","0","0","0","-0.23","0","-0.68","-1.65","-6.10","0","0","3.24"
"Dec 21, 2025 5:32:54 AM PST","25187401591","Order","112-6369220-2559406","C-axe-01","Full Tang Survival Camping Axe with Wood Ergonomic Handle and Nylon Sheath Sheath - High Carbon Stainless Steel, Multi-Tool for Outdoor, Hunting, Emer","1","amazon.com","Standard Orders","Amazon","PORT SAINT LUCIE","FLORIDA","34952","MarketplaceFacilitator","10.99","0.77","0.67","0","0","0","0","0","-0.67","0","-0.77","-1.65","-6.10","0","0","3.24"
"Dec 21, 2025 5:36:01 AM PST","25187401591","Order","114-6709008-8327407","C-axe-01","Full Tang Survival Camping Axe with Wood Ergonomic Handle and Nylon Sheath Sheath - High Carbon Stainless Steel, Multi-Tool for Outdoor, Hunting, Emer","1","amazon.com","Standard Orders","Amazon","GRAND JUNCTION","CO","81507","MarketplaceFacilitator","10.99","0.58","0.19","0","0","0","0","0","-0.19","0","-0.58","-1.65","-6.10","0","0","3.24"
"Dec 21, 2025 5:41:56 AM PST","25187401591","Order","114-1675209-2653830","CP-A-K-U","Grumpy Bear Camping Axe & Sickle Set - Dual Outdoor Tools for Camping, Survival & Bushcraft | High Carbon Steel Camping Axe & Hatchet Combo | Black Ox","1","amazon.com","Standard Orders","Amazon","SAN JACINTO","CA","92583","MarketplaceFacilitator","14.99","1.31","1.49","0","0","0","0","0","-1.49","0","-1.31","-2.25","-5.84","0","0","6.90"
"Dec 21, 2025 5:47:48 AM PST","25187401591","Order","113-2258551-1648225","C-axe-01","Full Tang Survival Camping Axe with Wood Ergonomic Handle and Nylon Sheath Sheath - High Carbon Stainless Steel, Multi-Tool for Outdoor, Hunting, Emer","2","amazon.com","Standard Orders","Amazon","Commerce","Georgia","30530","MarketplaceFacilitator","21.98","1.54","0","0","0","0","0","0","0","0","-1.54","-3.30","-12.20","0","0","6.48"
"Dec 21, 2025 6:01:47 AM PST","25187401591","Order","112-4889507-7812205","GB-CA-02-LION","Grumpy Bear Camping Hatchet with Lion Carving, Full Tang Outdoor Axe with Decorative Handle, Durable Forged Blade for Hiking, Bushcraft, and Survival","1","amazon.com","Standard Orders","Amazon","LAWRENCEVILLE","VA","23868","MarketplaceFacilitator","17.99","0.95","0","0","0","0","0","0","0","0","-0.95","-2.70","-5.68","0","0","9.61"
"Dec 21, 2025 6:08:14 AM PST","25187401591","Order","111-2930852-4318608","AXE-SH-S","Grumpy Bear 11"" Survival Axe Camping Hatchet - Forged High Carbon Steel Blade with Walnut Wood Handle - Shock-Absorbing, Anti-Slip Grip - Ideal for Bu","1","amazon.com","Standard Orders","Amazon","MARIETTA","GA","30060","MarketplaceFacilitator","34.41","1.86","0","0","0","0","0","0","-3.44","0","-1.86","-4.65","-6.24","0","0","20.08"
"Dec 21, 2025 6:08:44 AM PST","25187401591","Order","113-8882694-8006615","C-axe-01","Full Tang Survival Camping Axe with Wood Ergonomic Handle and Nylon Sheath Sheath - High Carbon Stainless Steel, Multi-Tool for Outdoor, Hunting, Emer","1","amazon.com","Standard Orders","Amazon","SICKLERVILLE","NJ","08081","MarketplaceFacilitator","10.99","0.73","0.20","0","0","0","0","0","-0.20","0","-0.73","-1.65","-6.10","0","0","3.24"
"Dec 21, 2025 6:14:30 AM PST","25187401591","Order","113-6289144-7566639","AXE-GBWS-L","Grumpy Bear 15"" Survival Axe Camping Hatchet - Forged High Carbon Steel Blade with Walnut Wood Handle - Shock-Absorbing, Anti-Slip Grip - Ideal for Bu","1","amazon.com","Standard Orders","Amazon","WHARTON","NJ","07885","MarketplaceFacilitator","35.41","2.11","0","0","0","0","0","0","-3.54","0","-2.11","-4.78","-6.44","0","0","20.65"
"Dec 21, 2025 6:15:22 AM PST","25187401591","Order","112-9865393-6292244","C-axe-01","Full Tang Survival Camping Axe with Wood Ergonomic Handle and Nylon Sheath Sheath - High Carbon Stainless Steel, Multi-Tool for Outdoor, Hunting, Emer","2","amazon.com","Standard Orders","Amazon","HUDSON","OH","44236","MarketplaceFacilitator","21.98","1.48","0.61","0","0","0","0","0","-0.61","0","-1.48","-3.30","-12.20","0","0","6.48"
"Dec 21, 2025 6:25:08 AM PST","25187401591","Order","111-3748119-2269860","GB-CA-02-EAGLE","Grumpy Bear Camping Hatchet, Full Tang Outdoor Axe with Decorative Handle, Durable Forged Blade for Hiking, Bushcraft, and Survival (Eagle)","1","amazon.com","Standard Orders","Amazon","Spartanburg","SC","29303","MarketplaceFacilitator","19.99","1.40","0","0","0","0","0","0","0","0","-1.40","-3.00","-5.68","0","0","11.31"
"Dec 21, 2025 6:27:44 AM PST","25187401591","Order","111-8687681-6621068","GB-CA-02-WOLF","Grumpy Bear Camping Hatchet with Wolf Carving, Full Tang Outdoor Axe with Decorative Handle, Durable Forged Blade for Hiking, Bushcraft, and Survival","1","amazon.com","Standard Orders","Amazon","VERO BEACH","FL","32966","MarketplaceFacilitator","19.99","1.40","0","0","0","0","0","0","0","0","-1.40","-3.00","-5.84","0","0","11.15"
"Dec 21, 2025 6:28:40 AM PST","25187401591","Order","112-4935551-6069822","GB-CA-02-WOLF","Grumpy Bear Camping Hatchet with Wolf Carving, Full Tang Outdoor Axe with Decorative Handle, Durable Forged Blade for Hiking, Bushcraft, and Survival","1","amazon.com","Standard Orders","Amazon","CORAL SPRINGS","FL","33071","MarketplaceFacilitator","19.99","1.40","0","0","0","0","0","0","0","0","-1.40","-3.00","-5.84","0","0","11.15"
"Dec 21, 2025 6:29:01 AM PST","25187401591","Order","114-1429414-5693869","Axe-F-R-L","Grumpy Bear 15"" Survival Axe Camping Hatchet - Forged High Carbon Steel Blade with Walnut Wood Handle - Shock-Absorbing, Anti-Slip Grip - Ideal for Bu","1","amazon.com","Standard Orders","Amazon","WILMINGTON","DE","19805","","37.94","0","0","0","0","0","0","0","-3.79","0","0","-5.12","-6.44","0","0","22.59"
"Dec 21, 2025 6:49:03 AM PST","25187401591","Order","111-8270521-0374656","AXE-SH-S","Grumpy Bear 11"" Survival Axe Camping Hatchet - Forged High Carbon Steel Blade with Walnut Wood Handle - Shock-Absorbing, Anti-Slip Grip - Ideal for Bu","1","amazon.com","Standard Orders","Amazon","EAGLE MOUNTAIN","UT","84005","MarketplaceFacilitator","34.41","2.28","0.59","0","0","0","0","0","-4.03","0","-2.28","-4.65","-6.24","0","0","20.08"
"Dec 21, 2025 6:50:22 AM PST","25187401591","Order","112-5732007-5490659","GB-CA-02-WOLF","Grumpy Bear Camping Hatchet with Wolf Carving, Full Tang Outdoor Axe with Decorative Handle, Durable Forged Blade for Hiking, Bushcraft, and Survival","1","amazon.com","Standard Orders","Amazon","MARTINSBURG","WV","25403","MarketplaceFacilitator","19.99","1.20","0","0","0","0","0","0","0","0","-1.20","-3.00","-5.84","0","0","11.15"
"Dec 21, 2025 7:18:09 AM PST","25187401591","Order","113-7342575-8786621","C-axe-01","Full Tang Survival Camping Axe with Wood Ergonomic Handle and Nylon Sheath Sheath - High Carbon Stainless Steel, Multi-Tool for Outdoor, Hunting, Emer","1","amazon.com","Standard Orders","Amazon","BRYANS ROAD","MD","20616","MarketplaceFacilitator","10.99","0.26","0.20","0","0","0","0","0","-0.20","0","-0.26","-1.65","-6.10","0","0","3.24"
"Dec 21, 2025 7:35:38 AM PST","25187401591","Order","111-7269065-7903448","C-axe-01","Full Tang Survival Camping Axe with Wood Ergonomic Handle and Nylon Sheath Sheath - High Carbon Stainless Steel, Multi-Tool for Outdoor, Hunting, Emer","1","amazon.com","Standard Orders","Amazon","LEICESTER","NC","28748","MarketplaceFacilitator","10.99","0.77","0.67","0","0","0","0","0","-0.67","0","-0.77","-1.65","-6.10","0","0","3.24"
"Dec 21, 2025 8:10:18 AM PST","25187401591","Order","111-5507330-8412264","AXE-GBWS-L","Grumpy Bear 15"" Survival Axe Camping Hatchet - Forged High Carbon Steel Blade with Walnut Wood Handle - Shock-Absorbing, Anti-Slip Grip - Ideal for Bu","1","amazon.com","Standard Orders","Amazon","THIEF RIVER FALLS","MN","56701","MarketplaceFacilitator","35.41","2.19","0","0","0","0","0","0","-3.54","0","-2.19","-4.78","-6.44","0","0","20.65"
"Dec 21, 2025 8:12:59 AM PST","25187401591","Order","114-1250398-3219426","Axe-F-R-S","Grumpy Bear 11"" Survival Axe Camping Hatchet - Forged High Carbon Steel Blade with Walnut Wood Handle - Shock-Absorbing, Anti-Slip Grip - Ideal for Bu","1","amazon.com","Standard Orders","Amazon","SPRINGFIELD","IL","62702","MarketplaceFacilitator","34.41","3.02","0","0","0","0","0","0","-3.44","0","-3.02","-4.65","-6.24","0","0","20.08"
"Dec 21, 2025 8:58:26 AM PST","25187401591","Order","113-2136131-4640264","C-axe-01","Full Tang Survival Camping Axe with Wood Ergonomic Handle and Nylon Sheath Sheath - High Carbon Stainless Steel, Multi-Tool for Outdoor, Hunting, Emer","1","amazon.com","Standard Orders","Amazon","FT WORTH","TX","76131","MarketplaceFacilitator","10.99","0.45","1.33","0","0","0","0","0","-1.33","0","-0.45","-1.65","-6.10","0","0","3.24"
"Dec 21, 2025 10:53:21 AM PST","25187401591","Order","S01-0168940-2663652","C-axe-01","Full Tang Survival Camping Axe with Wood Ergonomic Handle and Nylon Sheath Sheath – High Carbon Stainless Steel, Multi-Tool for Outdoor, Hunting, Emergency (Small)","1","sim1.stores.amazon.com","Standard Orders","Amazon","WARREN","MI","48092","","0","0","0","0","0","0","0","0","0","0","0","0","-10.60","0","0","-10.60"
"Dec 21, 2025 12:46:03 PM PST","25187401591","Order","111-3500669-0995423","Axe-F-R-L","Grumpy Bear 15"" Survival Axe Camping Hatchet - Forged High Carbon Steel Blade with Walnut Wood Handle - Shock-Absorbing, Anti-Slip Grip - Ideal for Bu","1","amazon.com","Standard Orders","Amazon","WILLITS","CA","95490","MarketplaceFacilitator","37.94","2.69","0","0","0","0","0","0","-3.79","0","-2.69","-5.12","-6.44","0","0","22.59"
"Dec 21, 2025 3:15:54 PM PST","25187401591","Order","114-1147765-3124236","Axe-F-R-S","Grumpy Bear 11"" Survival Axe Camping Hatchet - Forged High Carbon Steel Blade with Walnut Wood Handle - Shock-Absorbing, Anti-Slip Grip - Ideal for Bu","1","amazon.com","Standard Orders","Amazon","MCKINNEY","TX","75070","MarketplaceFacilitator","34.41","2.56","0","0","0","0","0","0","-3.44","0","-2.56","-4.65","-6.24","0","0","20.08"
"Dec 21, 2025 3:23:24 PM PST","25187401591","Order","S01-1839208-9105249","AXE-SH-S","Grumpy Bear 11"" Survival Axe Camping Hatchet – Forged High Carbon Steel Blade with Walnut Wood Handle – Shock-Absorbing, Anti-Slip Grip – Ideal for Bushcraft, Wood Splitting & Outdoor Adventures","1","sim1.stores.amazon.com","Standard Orders","Amazon","FAIRVIEW","TN","37062","","0","0","0","0","0","0","0","0","0","0","0","0","-11.75","0","0","-11.75"
"Dec 21, 2025 3:23:55 PM PST","25187401591","Order","111-1444525-8400206","CP-A-K-U","Grumpy Bear Camping Axe & Sickle Set - Dual Outdoor Tools for Camping, Survival & Bushcraft | High Carbon Steel Camping Axe & Hatchet Combo | Black Ox","1","amazon.com","Standard Orders","Amazon","CLEBURNE","TX","76033","MarketplaceFacilitator","35.99","2.97","9.70","0.80","0","0","0","0","0","0","-3.77","-5.40","-15.54","0","0","24.75"
"Dec 21, 2025 5:16:24 PM PST","25187401591","Order","114-1885767-5249023","C-axe-01","Full Tang Survival Camping Axe with Wood Ergonomic Handle and Nylon Sheath Sheath - High Carbon Stainless Steel, Multi-Tool for Outdoor, Hunting, Emer","1","amazon.com","Standard Orders","Amazon","LEBANON","MO","65536","MarketplaceFacilitator","10.99","0.19","0.27","0","0","0","0","0","-0.27","0","-0.19","-1.65","-6.10","0","0","3.24"
"Dec 21, 2025 5:22:46 PM PST","25187401591","Order","111-4916010-1205033","GB-CA-02-LION","Grumpy Bear Camping Hatchet with Lion Carving, Full Tang Outdoor Axe with Decorative Handle, Durable Forged Blade for Hiking, Bushcraft, and Survival","1","amazon.com","Standard Orders","Amazon","Holiday","Fl","34691","MarketplaceFacilitator","17.99","1.26","0","0","0","0","0","0","0","0","-1.26","-2.70","-5.68","0","0","9.61"
"Dec 21, 2025 5:40:43 PM PST","25187401591","Order","112-4082844-5322620","GB-CA-02-WOLF","Grumpy Bear Camping Hatchet with Wolf Carving, Full Tang Outdoor Axe with Decorative Handle, Durable Forged Blade for Hiking, Bushcraft, and Survival","1","amazon.com","Standard Orders","Amazon","DAHLONEGA","GA","30533","MarketplaceFacilitator","19.99","1.60","0","0","0","0","0","0","0","0","-1.60","-3.00","-5.84","0","0","11.15"
"Dec 21, 2025 6:19:52 PM PST","25187401591","Order","111-9414694-0342651","GB-CA-02-LION","Grumpy Bear Camping Hatchet with Lion Carving, Full Tang Outdoor Axe with Decorative Handle, Durable Forged Blade for Hiking, Bushcraft, and Survival","1","amazon.com","Standard Orders","Amazon","ROMEOVILLE","IL","60446","MarketplaceFacilitator","17.99","1.53","0","0","0","0","0","0","0","0","-1.53","-2.70","-5.68","0","0","9.61"
"Dec 21, 2025 6:33:56 PM PST","25187401591","Order","114-7310732-1323413","C-axe-02","Full Tang Survival Camping Axe with Wood Ergonomic Handle and Nylon Sheath Sheath - High Carbon Stainless Steel, Multi-Tool for Outdoor, Hunting, Emer","1","amazon.com","Standard Orders","Amazon","PAYETTE","ID","83661","MarketplaceFacilitator","10.99","0.66","0","0","0","0","0","0","0","0","-0.66","-1.65","-6.44","0","0","2.90"
"Dec 21, 2025 8:52:16 PM PST","25187401591","Refund","112-3625243-5024252","AXE-GBWS-L","Grumpy Bear 15"" Survival Axe Camping Hatchet - Forged High Carbon Steel Blade with Walnut Wood Handle - Shock-Absorbing, Anti-Slip Grip - Ideal for Bu","1","amazon.com","Standard Orders","Amazon","LA JOLLA","CA","92037","MarketplaceFacilitator","-35.41","-2.47","0","0","0","0","0","0","3.54","0","2.47","3.82","0","0","0","-28.05"
"Dec 21, 2025 10:25:29 PM PST","25187401591","Order","114-3046127-0314650","AXE-GBWS-L","Grumpy Bear 15"" Survival Axe Camping Hatchet - Forged High Carbon Steel Blade with Walnut Wood Handle - Shock-Absorbing, Anti-Slip Grip - Ideal for Bu","1","amazon.com","Standard Orders","Amazon","ALBUQUERQUE","NM","87111","MarketplaceFacilitator","35.41","2.43","0","0","0","0","0","0","-3.54","0","-2.43","-4.78","-6.44","0","0","20.65"
"Dec 21, 2025 11:22:17 PM PST","25187401591","Order","111-6156631-5360209","C-axe-01","Full Tang Survival Camping Axe with Wood Ergonomic Handle and Nylon Sheath Sheath - High Carbon Stainless Steel, Multi-Tool for Outdoor, Hunting, Emer","1","amazon.com","Standard Orders","Amazon","KENNER","LA","70065","MarketplaceFacilitator","10.99","1.07","0","0","0","0","0","0","0","0","-1.07","-1.65","-6.10","0","0","3.24"
"Dec 21, 2025 11:24:06 PM PST","25187401591","Order","112-7030416-5378611","GB-CA-02-EAGLE","Grumpy Bear Camping Hatchet, Full Tang Outdoor Axe with Decorative Handle, Durable Forged Blade for Hiking, Bushcraft, and Survival (Eagle)","1","amazon.com","Standard Orders","Amazon","YORK","PA","17408","MarketplaceFacilitator","19.99","1.20","0","0","0","0","0","0","0","0","-1.20","-3.00","-5.68","0","0","11.31"
"Dec 22, 2025 12:55:51 AM PST","25187401591","Order","114-9295930-3980205","GB-CA-02-EAGLE","Grumpy Bear Camping Hatchet, Full Tang Outdoor Axe with Decorative Handle, Durable Forged Blade for Hiking, Bushcraft, and Survival (Eagle)","1","amazon.com","Standard Orders","Amazon","PALMDALE","CA","93550","MarketplaceFacilitator","19.99","2.25","0","0","0","0","0","0","0","0","-2.25","-3.00","-5.68","0","0","11.31"
"Dec 22, 2025 1:06:42 AM PST","25187401591","Order","114-1968475-0681009","C-axe-02","Full Tang Survival Camping Axe with Wood Ergonomic Handle and Nylon Sheath Sheath - High Carbon Stainless Steel, Multi-Tool for Outdoor, Hunting, Emer","1","amazon.com","Standard Orders","Amazon","SHOW LOW","ARIZONA","85901","MarketplaceFacilitator","10.99","0.93","0","0","0","0","0","0","0","0","-0.93","-1.65","-6.44","0","0","2.90"
"Dec 22, 2025 1:53:12 AM PST","25187401591","Order","114-7099185-6375438","GB-CA-02-TIGER","Grumpy Bear Camping Hatchet with Tiger Carving, Full Tang Outdoor Axe with Decorative Handle, Durable Forged Blade for Hiking, Bushcraft, and Survival","1","amazon.com","Standard Orders","Amazon","CROSSVILLE","TN","38572","MarketplaceFacilitator","17.99","1.75","0","0","0","0","0","0","0","0","-1.75","-2.70","-5.84","0","0","9.45"
"Dec 22, 2025 1:59:07 AM PST","25187401591","Order","114-3643786-9093832","CP-A-K-U","Grumpy Bear Camping Axe & Sickle Set - Dual Outdoor Tools for Camping, Survival & Bushcraft | High Carbon Steel Camping Axe & Hatchet Combo | Black Ox","1","amazon.com","Standard Orders","Amazon","SAN JACINTO","CA","92583","MarketplaceFacilitator","14.99","1.31","0","0","0","0","0","0","0","0","-1.31","-2.25","-5.84","0","0","6.90"
"Dec 22, 2025 2:38:27 AM PST","25187401591","Order","113-1160696-7185830","C-axe-01","Full Tang Survival Camping Axe with Wood Ergonomic Handle and Nylon Sheath Sheath - High Carbon Stainless Steel, Multi-Tool for Outdoor, Hunting, Emer","1","amazon.com","Standard Orders","Amazon","SANFORD","NC","27332","MarketplaceFacilitator","10.99","0.77","0.33","0","0","0","0","0","-0.33","0","-0.77","-1.65","-6.10","0","0","3.24"
"Dec 22, 2025 2:44:34 AM PST","25187401591","Order","112-8721631-4818642","AXE-SH-L","Grumpy Bear 15"" Survival Axe Camping Hatchet - Forged High Carbon Steel Blade with Walnut Wood Handle - Shock-Absorbing, Anti-Slip Grip - Ideal for Bu","1","amazon.com","Standard Orders","Amazon","PERRYSBURG","OH","43551","MarketplaceFacilitator","36.94","2.24","0","0","0","0","0","0","-3.69","0","-2.24","-4.99","-6.44","0","0","21.82"
"Dec 22, 2025 2:45:01 AM PST","25187401591","Order","111-8162278-5600256","Axe-F-R-L","Grumpy Bear 15"" Survival Axe Camping Hatchet - Forged High Carbon Steel Blade with Walnut Wood Handle - Shock-Absorbing, Anti-Slip Grip - Ideal for Bu","1","amazon.com","Standard Orders","Amazon","GAMBRILLS","MD","21054","MarketplaceFacilitator","37.94","2.05","0","0","0","0","0","0","-3.79","0","-2.05","-5.12","-6.44","0","0","22.59"
"Dec 22, 2025 2:57:39 AM PST","25187401591","Order","113-8675566-4123429","GB-CA-02-TIGER","Grumpy Bear Camping Hatchet with Tiger Carving, Full Tang Outdoor Axe with Decorative Handle, Durable Forged Blade for Hiking, Bushcraft, and Survival","1","amazon.com","Standard Orders","Amazon","VIRGINIA BEACH","VA","23451","MarketplaceFacilitator","19.99","1.20","1.03","0","0","0","0","0","-1.03","0","-1.20","-3.00","-5.84","0","0","11.15"
"Dec 22, 2025 2:58:36 AM PST","25187401591","Order","113-8499391-8544268","C-axe-01","Full Tang Survival Camping Axe with Wood Ergonomic Handle and Nylon Sheath Sheath - High Carbon Stainless Steel, Multi-Tool for Outdoor, Hunting, Emer","2","amazon.com","Standard Orders","Amazon","HILLSVILLE","VA","24343","MarketplaceFacilitator","21.98","1.16","0","0","0","0","0","0","0","0","-1.16","-3.30","-12.20","0","0","6.48"
"Dec 22, 2025 3:49:40 AM PST","25187401591","Order","113-7852044-7689019","AXE-SH-L","Grumpy Bear 15"" Survival Axe Camping Hatchet - Forged High Carbon Steel Blade with Walnut Wood Handle - Shock-Absorbing, Anti-Slip Grip - Ideal for Bu","1","amazon.com","Standard Orders","Amazon","Lacey","Washington","98516","MarketplaceFacilitator","36.94","3.23","0","0","0","0","0","0","-3.69","0","-3.23","-4.99","-6.44","0","0","21.82"
"Dec 22, 2025 3:50:27 AM PST","25187401591","Order","113-1988960-9923434","Axe-F-R-S","Grumpy Bear 11"" Survival Axe Camping Hatchet - Forged High Carbon Steel Blade with Walnut Wood Handle - Shock-Absorbing, Anti-Slip Grip - Ideal for Bu","1","amazon.com","Standard Orders","Amazon","IRON RIDGE","WI","53035","MarketplaceFacilitator","34.41","1.70","0","0","0","0","0","0","-3.44","0","-1.70","-4.65","-6.24","0","0","20.08"
"Dec 22, 2025 4:12:50 AM PST","25187401591","Order","112-8263703-9509017","AXE-GBWS-L","Grumpy Bear 15"" Survival Axe Camping Hatchet - Forged High Carbon Steel Blade with Walnut Wood Handle - Shock-Absorbing, Anti-Slip Grip - Ideal for Bu","1","amazon.com","Standard Orders","Amazon","FRANKLIN","TENNESSEE","37064","MarketplaceFacilitator","35.41","3.11","0","0","0","0","0","0","-3.54","0","-3.11","-4.78","-6.44","0","0","20.65"
"Dec 22, 2025 4:19:54 AM PST","25187401591","Order","113-2820502-5011442","GB-CA-02-WOLF","Grumpy Bear Camping Hatchet with Wolf Carving, Full Tang Outdoor Axe with Decorative Handle, Durable Forged Blade for Hiking, Bushcraft, and Survival","1","amazon.com","Standard Orders","Amazon","LENNON","MI","48449","MarketplaceFacilitator","19.99","1.20","0","0","0","0","0","0","0","0","-1.20","-3.00","-5.84","0","0","11.15"
"Dec 22, 2025 4:37:08 AM PST","25187401591","Order","112-2493700-6158647","AXE-SH-L","Grumpy Bear 15"" Survival Axe Camping Hatchet - Forged High Carbon Steel Blade with Walnut Wood Handle - Shock-Absorbing, Anti-Slip Grip - Ideal for Bu","1","amazon.com","Standard Orders","Amazon","RIVERSIDE","CA","92509","MarketplaceFacilitator","36.94","2.58","0","0","0","0","0","0","-3.69","0","-2.58","-4.99","-6.44","0","0","21.82"
"Dec 22, 2025 4:58:29 AM PST","25187401591","Order","111-1334016-5875440","CP-A-K-U","Grumpy Bear Camping Axe & Sickle Set - Dual Outdoor Tools for Camping, Survival & Bushcraft | High Carbon Steel Camping Axe & Hatchet Combo | Black Ox","1","amazon.com","Standard Orders","Amazon","FRANKLIN","GA","30217","MarketplaceFacilitator","14.99","1.05","0","0","0","0","0","0","0","0","-1.05","-2.25","-5.84","0","0","6.90"
"Dec 22, 2025 5:27:28 AM PST","25187401591","Order","114-1967215-0314609","GB-CA-02-EAGLE","Grumpy Bear Camping Hatchet, Full Tang Outdoor Axe with Decorative Handle, Durable Forged Blade for Hiking, Bushcraft, and Survival (Eagle)","1","amazon.com","Standard Orders","Amazon","TROY","OH","45373","MarketplaceFacilitator","19.99","1.40","0.41","0","0","0","0","0","-0.41","0","-1.40","-3.00","-5.68","0","0","11.31"
"Dec 22, 2025 5:30:09 AM PST","25187401591","Order","113-6151193-8300202","GB-CA-02-EAGLE","Grumpy Bear Camping Hatchet, Full Tang Outdoor Axe with Decorative Handle, Durable Forged Blade for Hiking, Bushcraft, and Survival (Eagle)","9","amazon.com","Standard Orders","Amazon","EAGLE RIVER","AK","99577","MarketplaceFacilitator","179.91","0","0","0","0","0","0","0","0","0","0","-30.00","-51.12","0","0","98.79"
"Dec 22, 2025 5:30:09 AM PST","25187401591","Order","113-6151193-8300202","GB-CA-02-EAGLE","Grumpy Bear Camping Hatchet, Full Tang Outdoor Axe with Decorative Handle, Durable Forged Blade for Hiking, Bushcraft, and Survival (Eagle)","1","amazon.com","Standard Orders","Amazon","EAGLE RIVER","AK","99577","","19.99","0","0","0","0","0","0","0","0","0","0","0","-5.68","0","0","14.31"
"Dec 22, 2025 5:33:55 AM PST","25187401591","Order","114-1728023-3989836","Axe-F-R-S","Grumpy Bear 11"" Survival Axe Camping Hatchet - Forged High Carbon Steel Blade with Walnut Wood Handle - Shock-Absorbing, Anti-Slip Grip - Ideal for Bu","1","amazon.com","Standard Orders","Amazon","MOBILE","ALABAMA","36604","MarketplaceFacilitator","34.41","2.48","0","0","0","0","0","0","-3.44","0","-2.48","-4.65","-6.24","0","0","20.08"
"Dec 22, 2025 5:52:28 AM PST","25187401591","Order","114-0973142-7221063","C-axe-01","Full Tang Survival Camping Axe with Wood Ergonomic Handle and Nylon Sheath Sheath - High Carbon Stainless Steel, Multi-Tool for Outdoor, Hunting, Emer","1","amazon.com","Standard Orders","Amazon","OAK HARBOR","WA","98277","MarketplaceFacilitator","10.99","0.99","0.50","0","0","0","0","0","-0.50","0","-0.99","-1.65","-6.10","0","0","3.24"
"Dec 22, 2025 5:58:16 AM PST","25187401591","Order","111-1928703-9355448","Axe-F-R-S","Grumpy Bear 11"" Survival Axe Camping Hatchet - Forged High Carbon Steel Blade with Walnut Wood Handle - Shock-Absorbing, Anti-Slip Grip - Ideal for Bu","1","amazon.com","Standard Orders","Amazon","BETHPAGE","NY","11714","MarketplaceFacilitator","34.41","2.67","0","0","0","0","0","0","-3.44","0","-2.67","-4.65","-6.24","0","0","20.08"
"Dec 22, 2025 5:58:42 AM PST","25187401591","Order","112-3198437-7377047","AXE-GBWS-L","Grumpy Bear 15"" Survival Axe Camping Hatchet - Forged High Carbon Steel Blade with Walnut Wood Handle - Shock-Absorbing, Anti-Slip Grip - Ideal for Bu","1","amazon.com","Standard Orders","Amazon","KALISPELL","MT","59901","","35.41","0","0","0","0","0","0","0","-3.54","0","0","-4.78","-6.44","0","0","20.65"
"Dec 22, 2025 6:40:01 AM PST","25187401591","Order","114-7315495-4949005","AXE-SH-S","Grumpy Bear 11"" Survival Axe Camping Hatchet - Forged High Carbon Steel Blade with Walnut Wood Handle - Shock-Absorbing, Anti-Slip Grip - Ideal for Bu","1","amazon.com","Standard Orders","Amazon","ALBUQUERQUE","NM","87111","MarketplaceFacilitator","34.41","2.36","0","0","0","0","0","0","-3.44","0","-2.36","-4.65","-6.24","0","0","20.08"
"Dec 22, 2025 6:49:00 AM PST","25187401591","Order","113-8649930-5857045","AXE-SH-S","Grumpy Bear 11"" Survival Axe Camping Hatchet - Forged High Carbon Steel Blade with Walnut Wood Handle - Shock-Absorbing, Anti-Slip Grip - Ideal for Bu","1","amazon.com","Standard Orders","Amazon","BATESVILLE","IN","47006","MarketplaceFacilitator","34.41","2.17","0","0","0","0","0","0","-3.44","0","-2.17","-4.65","-6.24","0","0","20.08"
"Dec 22, 2025 7:17:59 AM PST","25187401591","Order","113-8866044-3137848","C-axe-01","Full Tang Survival Camping Axe with Wood Ergonomic Handle and Nylon Sheath Sheath - High Carbon Stainless Steel, Multi-Tool for Outdoor, Hunting, Emer","1","amazon.com","Standard Orders","Amazon","PANAMA CITY","FL","32404","MarketplaceFacilitator","10.99","0.31","0.28","0","0","0","0","0","-0.28","0","-0.31","-1.65","-6.10","0","0","3.24"
"Dec 22, 2025 7:29:22 AM PST","25187401591","Order","114-0522764-1745018","CP-A-K-U","Grumpy Bear Camping Axe & Sickle Set - Dual Outdoor Tools for Camping, Survival & Bushcraft | High Carbon Steel Camping Axe & Hatchet Combo | Black Ox","1","amazon.com","Standard Orders","Amazon","TAMPA","FL","33612","MarketplaceFacilitator","14.99","1.12","0","0","0","0","0","0","0","0","-1.12","-2.25","-5.84","0","0","6.90"
"Dec 22, 2025 8:23:52 AM PST","25187401591","Order","112-0222704-2973024","CP-A-K-U","Grumpy Bear Camping Axe & Sickle Set - Dual Outdoor Tools for Camping, Survival & Bushcraft | High Carbon Steel Camping Axe & Hatchet Combo | Black Ox","1","amazon.com","Standard Orders","Amazon","EUTAWVILLE","SC","29048","MarketplaceFacilitator","14.99","1.05","0","0","0","0","0","0","0","0","-1.05","-2.25","-5.84","0","0","6.90"
"Dec 22, 2025 9:33:38 AM PST","25187401591","Order","S01-0807193-4963621","AXE-SH-S","Grumpy Bear 11"" Survival Axe Camping Hatchet – Forged High Carbon Steel Blade with Walnut Wood Handle – Shock-Absorbing, Anti-Slip Grip – Ideal for Bushcraft, Wood Splitting & Outdoor Adventures","1","sim1.stores.amazon.com","Standard Orders","Amazon","FILER","ID","83328","","0","0","0","0","0","0","0","0","0","0","0","0","-11.75","0","0","-11.75"
"Dec 22, 2025 10:28:29 AM PST","25187401591","Order","S01-0688181-8298839","AXE-WS-S","Grumpy Bear 11"" Survival Axe Camping Hatchet – Forged High Carbon Steel Blade with Walnut Wood Handle – Shock-Absorbing, Anti-Slip Grip – Ideal for Bushcraft, Wood Splitting & Outdoor Adventures","1","sim1.stores.amazon.com","Standard Orders","Amazon","WALLSBURG","UT","84082","","0","0","0","0","0","0","0","0","0","0","0","0","-11.75","0","0","-11.75"
"Dec 22, 2025 11:06:00 AM PST","25187401591","Service Fee","","","Cost of Advertising","","","Standard Orders","","","","","","0","0","0","0","0","0","0","0","0","0","0","0","0","-492.32","0","-492.32"
"Dec 22, 2025 11:57:47 AM PST","25187401591","Order","111-1337473-0667465","C-axe-01","Full Tang Survival Camping Axe with Wood Ergonomic Handle and Nylon Sheath Sheath - High Carbon Stainless Steel, Multi-Tool for Outdoor, Hunting, Emer","1","amazon.com","Standard Orders","Amazon","ARCHBALD","PA","18403","MarketplaceFacilitator","10.99","0.30","0.45","0","0","0","0","0","-0.45","0","-0.30","-1.65","-6.10","0","0","3.24"
"Dec 22, 2025 12:56:44 PM PST","25187401591","Order","113-6565571-5753052","C-axe-01","Full Tang Survival Camping Axe with Wood Ergonomic Handle and Nylon Sheath Sheath - High Carbon Stainless Steel, Multi-Tool for Outdoor, Hunting, Emer","1","amazon.com","Standard Orders","Amazon","Yakima","Washington","98902","MarketplaceFacilitator","10.99","0.91","0.99","0","0","0","0","0","-0.99","0","-0.91","-1.65","-6.10","0","0","3.24"
"Dec 22, 2025 2:08:18 PM PST","25187401591","Order","111-0726003-8245853","GB-CA-02-WOLF","Grumpy Bear Camping Hatchet with Wolf Carving, Full Tang Outdoor Axe with Decorative Handle, Durable Forged Blade for Hiking, Bushcraft, and Survival","1","amazon.com","Standard Orders","Amazon","TULSA","OK","74126","MarketplaceFacilitator","19.99","1.15","0","0","0","0","0","0","0","0","-1.15","-3.00","-5.84","0","0","11.15"
"Dec 22, 2025 4:55:43 PM PST","25187401591","Order","111-7133907-9123469","C-axe-01","Full Tang Survival Camping Axe with Wood Ergonomic Handle and Nylon Sheath Sheath - High Carbon Stainless Steel, Multi-Tool for Outdoor, Hunting, Emer","1","amazon.com","Standard Orders","Amazon","PITTSBURGH","PA","15236","MarketplaceFacilitator","10.99","0.30","0.44","0","0","0","0","0","-0.44","0","-0.30","-1.65","-6.10","0","0","3.24"
"Dec 22, 2025 5:12:49 PM PST","25187401591","Order","114-8400134-0110636","C-axe-01","Full Tang Survival Camping Axe with Wood Ergonomic Handle and Nylon Sheath Sheath - High Carbon Stainless Steel, Multi-Tool for Outdoor, Hunting, Emer","1","amazon.com","Standard Orders","Amazon","NIXA","MO","65714","MarketplaceFacilitator","10.99","0.32","0.44","0","0","0","0","0","-0.44","0","-0.32","-1.65","-6.10","0","0","3.24"
"Dec 22, 2025 5:55:38 PM PST","25187401591","Order","114-3198107-9052256","AXE-GBWS-S","Grumpy Bear 11"" Survival Axe Camping Hatchet - Forged High Carbon Steel Blade with Walnut Wood Handle - Shock-Absorbing, Anti-Slip Grip - Ideal for Bu","1","amazon.com","Standard Orders","Amazon","HARDEEVILLE","SC","29927","MarketplaceFacilitator","33.84","3.05","0","0","0","0","0","0","0","0","-3.05","-5.08","-6.10","0","0","22.66"
"Dec 22, 2025 6:27:03 PM PST","25187401591","Order","113-4860399-6830630","Axe-F-R-S","Grumpy Bear 11"" Survival Axe Camping Hatchet - Forged High Carbon Steel Blade with Walnut Wood Handle - Shock-Absorbing, Anti-Slip Grip - Ideal for Bu","1","amazon.com","Standard Orders","Amazon","MESA","AZ","85212","MarketplaceFacilitator","34.41","2.57","0","0","0","0","0","0","-3.44","0","-2.57","-4.65","-6.24","0","0","20.08"
"Dec 22, 2025 6:29:30 PM PST","25187401591","Order","111-9390383-0231454","AXE-WS-L","Grumpy Bear 15"" Survival Axe Camping Hatchet - Forged High Carbon Steel Blade with Walnut Wood Handle - Shock-Absorbing, Anti-Slip Grip - Ideal for Bu","1","amazon.com","Standard Orders","Amazon","SAN CLEMENTE","CA","92672","MarketplaceFacilitator","29.99","2.32","0","0","0","0","0","0","0","0","-2.32","-4.50","-6.44","0","0","19.05"
"Dec 22, 2025 6:42:55 PM PST","25187401591","Order","114-2160604-5795425","AXE-SH-L","Grumpy Bear 15"" Survival Axe Camping Hatchet - Forged High Carbon Steel Blade with Walnut Wood Handle - Shock-Absorbing, Anti-Slip Grip - Ideal for Bu","1","amazon.com","Standard Orders","Amazon","COLUMBIA","SC","29210","MarketplaceFacilitator","36.94","2.66","0","0","0","0","0","0","-3.69","0","-2.66","-4.99","-6.44","0","0","21.82"
"Dec 22, 2025 6:55:32 PM PST","25187401591","Order","114-1818132-9969865","CP-A-K-U","Grumpy Bear Camping Axe & Sickle Set - Dual Outdoor Tools for Camping, Survival & Bushcraft | High Carbon Steel Camping Axe & Hatchet Combo | Black Ox","1","amazon.com","Standard Orders","Amazon","Dexter","MI","48130","MarketplaceFacilitator","14.99","0.90","0","0","0","0","0","0","0","0","-0.90","-2.25","-5.84","0","0","6.90"
"Dec 22, 2025 6:58:17 PM PST","25187401591","Order","114-9925395-9466654","Axe-F-R-S","Grumpy Bear 11"" Survival Axe Camping Hatchet - Forged High Carbon Steel Blade with Walnut Wood Handle - Shock-Absorbing, Anti-Slip Grip - Ideal for Bu","1","amazon.com","Standard Orders","Amazon","CARROLLTON","TX","75006","MarketplaceFacilitator","34.41","2.84","0","0","0","0","0","0","0","0","-2.84","-5.16","-6.24","0","0","23.01"
"Dec 22, 2025 7:53:08 PM PST","25187401591","Order","112-3235226-7547413","AXE-SH-L","Grumpy Bear 15"" Survival Axe Camping Hatchet - Forged High Carbon Steel Blade with Walnut Wood Handle - Shock-Absorbing, Anti-Slip Grip - Ideal for Bu","1","amazon.com","Standard Orders","Amazon","EAGLE RIVER","AK","99577","MarketplaceFacilitator","36.94","0","0","0","0","0","0","0","-3.69","0","0","-4.99","-6.44","0","0","21.82"
"Dec 22, 2025 8:21:18 PM PST","25187401591","Refund","112-5650467-4636267","AXE-SH-S","Grumpy Bear 11"" Survival Axe Camping Hatchet - Forged High Carbon Steel Blade with Walnut Wood Handle - Shock-Absorbing, Anti-Slip Grip - Ideal for Bu","2","amazon.com","Standard Orders","Amazon","DARLINGTON","PA","16115","MarketplaceFacilitator","-68.82","-3.72","-6.99","0","0","0","0","0","13.87","0","3.72","7.44","0","0","0","-54.50"
"Dec 22, 2025 8:32:26 PM PST","25187401591","Order","114-7484416-4177848","C-axe-01","Full Tang Survival Camping Axe with Wood Ergonomic Handle and Nylon Sheath Sheath - High Carbon Stainless Steel, Multi-Tool for Outdoor, Hunting, Emer","1","amazon.com","Standard Orders","Amazon","Willis","Texas","77318","MarketplaceFacilitator","10.99","0.77","0.99","0","0","0","0","0","-0.99","0","-0.77","-1.65","-6.10","0","0","3.24"
"Dec 22, 2025 9:09:41 PM PST","25187401591","Order","112-9362354-7443425","C-axe-01","Full Tang Survival Camping Axe with Wood Ergonomic Handle and Nylon Sheath Sheath - High Carbon Stainless Steel, Multi-Tool for Outdoor, Hunting, Emer","1","amazon.com","Standard Orders","Amazon","MESA","AZ","85205","MarketplaceFacilitator","10.99","0.91","0.67","0","0","0","0","0","-0.67","0","-0.91","-1.65","-6.10","0","0","3.24"
"Dec 22, 2025 9:28:21 PM PST","25187401591","Order","112-2162963-4757856","Axe-F-R-S","Grumpy Bear 11"" Survival Axe Camping Hatchet - Forged High Carbon Steel Blade with Walnut Wood Handle - Shock-Absorbing, Anti-Slip Grip - Ideal for Bu","1","amazon.com","Standard Orders","Amazon","CUT BANK","MT","59427","","34.41","0","6.34","0","0","0","0","0","-9.78","0","0","-4.65","-6.24","0","0","20.08"
"Dec 22, 2025 9:54:01 PM PST","25187401591","Order","113-2184085-8573837","Axe-F-R-L","Grumpy Bear 15"" Survival Axe Camping Hatchet - Forged High Carbon Steel Blade with Walnut Wood Handle - Shock-Absorbing, Anti-Slip Grip - Ideal for Bu","1","amazon.com","Standard Orders","Amazon","SAINT LOUIS","MO","63123","MarketplaceFacilitator","37.94","1.44","0","0","0","0","0","0","-3.79","0","-1.44","-5.12","-6.44","0","0","22.59"
"Dec 22, 2025 10:37:07 PM PST","25187401591","Order","113-8324932-7018661","C-axe-01","Full Tang Survival Camping Axe with Wood Ergonomic Handle and Nylon Sheath Sheath - High Carbon Stainless Steel, Multi-Tool for Outdoor, Hunting, Emer","2","amazon.com","Standard Orders","Amazon","GRISWOLD","IA","51535","MarketplaceFacilitator","39.98","2.80","0","0","0","0","0","0","0","0","-2.80","-6.00","-12.20","0","0","21.78"
"Dec 22, 2025 10:39:59 PM PST","25187401591","Order","112-6492801-0190640","C-axe-01","Full Tang Survival Camping Axe with Wood Ergonomic Handle and Nylon Sheath Sheath - High Carbon Stainless Steel, Multi-Tool for Outdoor, Hunting, Emer","1","amazon.com","Standard Orders","Amazon","NASHVILLE","TN","37211","MarketplaceFacilitator","10.99","1.07","1.00","0","0","0","0","0","-1.00","0","-1.07","-1.65","-6.10","0","0","3.24"
"Dec 22, 2025 11:01:22 PM PST","25187401591","Order","113-6904006-3458600","AXE-SH-S","Grumpy Bear 11"" Survival Axe Camping Hatchet - Forged High Carbon Steel Blade with Walnut Wood Handle - Shock-Absorbing, Anti-Slip Grip - Ideal for Bu","1","amazon.com","Standard Orders","Amazon","ALVIN","TX","77511","MarketplaceFacilitator","34.41","2.09","2.19","0.15","0","0","0","0","-3.44","0","-2.24","-4.65","-8.43","0","0","20.08"
"Dec 22, 2025 11:04:21 PM PST","25187401591","Order","114-7758557-0518627","GB-CA-02-EAGLE","Grumpy Bear Camping Hatchet, Full Tang Outdoor Axe with Decorative Handle, Durable Forged Blade for Hiking, Bushcraft, and Survival (Eagle)","1","amazon.com","Standard Orders","Amazon","SAINT LOUIS","MO","63136","MarketplaceFacilitator","19.99","0.84","2.51","0","0","0","0","0","-2.51","0","-0.84","-3.00","-5.68","0","0","11.31"
"Dec 22, 2025 11:10:49 PM PST","25187401591","Order","112-3511404-2795464","GB-CA-02-TIGER","Grumpy Bear Camping Hatchet with Tiger Carving, Full Tang Outdoor Axe with Decorative Handle, Durable Forged Blade for Hiking, Bushcraft, and Survival","1","amazon.com","Standard Orders","Amazon","New Carlisle","Ohio","45344","MarketplaceFacilitator","17.99","1.30","0","0","0","0","0","0","0","0","-1.30","-2.70","-5.84","0","0","9.45"
"Dec 22, 2025 11:12:49 PM PST","25187401591","Order","112-0991288-5735451","CP-A-K-U","Grumpy Bear Camping Axe & Sickle Set - Dual Outdoor Tools for Camping, Survival & Bushcraft | High Carbon Steel Camping Axe & Hatchet Combo | Black Ox","1","amazon.com","Standard Orders","Amazon","RENTON","WA","98055","MarketplaceFacilitator","14.99","1.54","0","0","0","0","0","0","0","0","-1.54","-2.25","-5.84","0","0","6.90"
"Dec 22, 2025 11:18:12 PM PST","25187401591","Order","113-8420050-7914630","CP-A-K-U","Grumpy Bear Camping Axe & Sickle Set - Dual Outdoor Tools for Camping, Survival & Bushcraft | High Carbon Steel Camping Axe & Hatchet Combo | Black Ox","1","amazon.com","Standard Orders","Amazon","GUNTER","TX","75058","MarketplaceFacilitator","14.99","0.94","0","0","0","0","0","0","0","0","-0.94","-2.25","-5.84","0","0","6.90"
"Dec 22, 2025 11:21:01 PM PST","25187401591","Order","S01-6913890-3704426","GB-CA-02-LION","Grumpy Bear Camping Hatchet with Lion Carving, Full Tang Outdoor Axe with Decorative Handle, Durable Forged Blade for Hiking, Bushcraft, and Survival","1","sim1.stores.amazon.com","Standard Orders","Amazon","HOCKLEY","TX","77447","","0","0","0","0","0","0","0","0","0","0","0","0","-10.60","0","0","-10.60"
"Dec 22, 2025 11:21:35 PM PST","25187401591","Order","113-3667368-7045842","GB-CA-02-LION","Grumpy Bear Camping Hatchet with Lion Carving, Full Tang Outdoor Axe with Decorative Handle, Durable Forged Blade for Hiking, Bushcraft, and Survival","1","amazon.com","Standard Orders","Amazon","CLARKSBURG","OH","43115","MarketplaceFacilitator","17.99","1.30","2.74","0","0","0","0","0","-2.74","0","-1.30","-2.70","-5.68","0","0","9.61"
"Dec 22, 2025 11:33:25 PM PST","25187401591","Order","114-0007691-3061010","CP-A-K-U","Grumpy Bear Camping Axe & Sickle Set - Dual Outdoor Tools for Camping, Survival & Bushcraft | High Carbon Steel Camping Axe & Hatchet Combo | Black Ox","1","amazon.com","Standard Orders","Amazon","CLERMONT","FL","34715","MarketplaceFacilitator","14.99","1.05","0","0","0","0","0","0","0","0","-1.05","-2.25","-5.84","0","0","6.90"
"Dec 22, 2025 11:33:54 PM PST","25187401591","Order","111-8569848-5512222","GB-CA-02-WOLF","Grumpy Bear Camping Hatchet with Wolf Carving, Full Tang Outdoor Axe with Decorative Handle, Durable Forged Blade for Hiking, Bushcraft, and Survival","1","amazon.com","Standard Orders","Amazon","WICHITA","KS","67215","MarketplaceFacilitator","19.99","1.50","0","0","0","0","0","0","0","0","-1.50","-3.00","-5.84","0","0","11.15"
"Dec 22, 2025 11:36:55 PM PST","25187401591","Order","112-5650467-4636267","AXE-SH-S","Grumpy Bear 11"" Survival Axe Camping Hatchet - Forged High Carbon Steel Blade with Walnut Wood Handle - Shock-Absorbing, Anti-Slip Grip - Ideal for Bu","2","amazon.com","Standard Orders","Amazon","DARLINGTON","PA","16115","MarketplaceFacilitator","68.82","3.72","6.99","0","0","0","0","0","-13.87","0","-3.72","-9.30","-12.48","0","0","40.16"
"Dec 22, 2025 11:38:03 PM PST","25187401591","Order","113-2326586-3571409","AXE-GBWS-L","Grumpy Bear 15"" Survival Axe Camping Hatchet - Forged High Carbon Steel Blade with Walnut Wood Handle - Shock-Absorbing, Anti-Slip Grip - Ideal for Bu","1","amazon.com","Standard Orders","Amazon","BELTON","KY","42324","MarketplaceFacilitator","35.41","1.91","0","0","0","0","0","0","-3.54","0","-1.91","-4.78","-6.44","0","0","20.65"
"Dec 22, 2025 11:43:33 PM PST","25187401591","Order","112-2078923-5564223","AXE-GBWS-S","Grumpy Bear 11"" Survival Axe Camping Hatchet - Forged High Carbon Steel Blade with Walnut Wood Handle - Shock-Absorbing, Anti-Slip Grip - Ideal for Bu","1","amazon.com","Standard Orders","Amazon","Fort Worth","TX","76110","MarketplaceFacilitator","33.84","2.79","0","0","0","0","0","0","0","0","-2.79","-5.08","-6.10","0","0","22.66"
"Dec 22, 2025 11:48:27 PM PST","25187401591","Order","114-0037687-5940263","C-axe-01","Full Tang Survival Camping Axe with Wood Ergonomic Handle and Nylon Sheath Sheath - High Carbon Stainless Steel, Multi-Tool for Outdoor, Hunting, Emer","1","amazon.com","Standard Orders","Amazon","HENDERSON","NC","27537","MarketplaceFacilitator","10.99","0.74","0.44","0","0","0","0","0","-0.44","0","-0.74","-1.65","-6.10","0","0","3.24"
"Dec 23, 2025 12:03:19 AM PST","25187401591","Order","114-6715412-2808265","Axe-F-R-L","Grumpy Bear 15"" Survival Axe Camping Hatchet - Forged High Carbon Steel Blade with Walnut Wood Handle - Shock-Absorbing, Anti-Slip Grip - Ideal for Bu","1","amazon.com","Standard Orders","Amazon","HARLINGEN","TX","78552","MarketplaceFacilitator","37.94","2.82","0","0","0","0","0","0","-3.79","0","-2.82","-5.12","-6.44","0","0","22.59"
"Dec 23, 2025 12:04:30 AM PST","25187401591","Order","113-2442916-9980215","C-axe-01","Full Tang Survival Camping Axe with Wood Ergonomic Handle and Nylon Sheath Sheath - High Carbon Stainless Steel, Multi-Tool for Outdoor, Hunting, Emer","1","amazon.com","Standard Orders","Amazon","SUMTER","SC","29154","MarketplaceFacilitator","10.99","0.88","0.33","0","0","0","0","0","-0.33","0","-0.88","-1.65","-6.10","0","0","3.24"
"Dec 23, 2025 12:30:19 AM PST","25187401591","Order","112-4386442-8979404","Axe-F-R-L","Grumpy Bear 15"" Survival Axe Camping Hatchet - Forged High Carbon Steel Blade with Walnut Wood Handle - Shock-Absorbing, Anti-Slip Grip - Ideal for Bu","1","amazon.com","Standard Orders","Amazon","WELCHES","OR","97067","","37.94","0","0","0","0","0","0","0","-3.79","0","0","-5.12","-6.44","0","0","22.59"
"Dec 23, 2025 12:31:33 AM PST","25187401591","Order","114-5611517-9293017","C-axe-01","Full Tang Survival Camping Axe with Wood Ergonomic Handle and Nylon Sheath Sheath - High Carbon Stainless Steel, Multi-Tool for Outdoor, Hunting, Emer","1","amazon.com","Standard Orders","Amazon","VERO BEACH","FL","32960","MarketplaceFacilitator","10.99","0.58","1.99","0","0","0","0","0","-1.99","0","-0.58","-1.65","-6.10","0","0","3.24"
"Dec 23, 2025 1:25:41 AM PST","25187401591","Order","111-7710521-6697061","AXE-GBWS-L","Grumpy Bear 15"" Survival Axe Camping Hatchet - Forged High Carbon Steel Blade with Walnut Wood Handle - Shock-Absorbing, Anti-Slip Grip - Ideal for Bu","5","amazon.com","Standard Orders","Amazon","PELION","SC","29123","MarketplaceFacilitator","177.05","11.15","0","0","0","0","0","0","-17.71","0","-13.38","-28.68","-32.20","0","0","96.23"
"Dec 23, 2025 1:25:41 AM PST","25187401591","Order","111-7710521-6697061","AXE-GBWS-L","Grumpy Bear 15"" Survival Axe Camping Hatchet - Forged High Carbon Steel Blade with Walnut Wood Handle - Shock-Absorbing, Anti-Slip Grip - Ideal for Bu","1","amazon.com","Standard Orders","Amazon","PELION","SC","29123","","35.41","2.23","0","0","0","0","0","0","-3.54","0","0","0","-6.44","0","0","27.66"
"Dec 23, 2025 1:52:44 AM PST","25187401591","Order","111-5368206-5115455","Axe-F-R-L","Grumpy Bear 15"" Survival Axe Camping Hatchet - Forged High Carbon Steel Blade with Walnut Wood Handle - Shock-Absorbing, Anti-Slip Grip - Ideal for Bu","1","amazon.com","Standard Orders","Amazon","Loris","South Carolina","29579","MarketplaceFacilitator","37.94","2.73","0","0","0","0","0","0","-3.79","0","-2.73","-5.12","-6.44","0","0","22.59"
"Dec 23, 2025 2:09:12 AM PST","25187401591","Order","112-6728304-1786663","AXE-SH-S","Grumpy Bear 11"" Survival Axe Camping Hatchet - Forged High Carbon Steel Blade with Walnut Wood Handle - Shock-Absorbing, Anti-Slip Grip - Ideal for Bu","1","amazon.com","Standard Orders","Amazon","LYONS","OR","97358","","34.41","0","0","0","0","0","0","0","-3.44","0","0","-4.65","-6.24","0","0","20.08"
"Dec 23, 2025 2:26:46 AM PST","25187401591","Order","113-8505742-3286628","GB-CA-02-WOLF","Grumpy Bear Camping Hatchet with Wolf Carving, Full Tang Outdoor Axe with Decorative Handle, Durable Forged Blade for Hiking, Bushcraft, and Survival","1","amazon.com","Standard Orders","Amazon","UNADILLA","NY","13849","MarketplaceFacilitator","19.99","1.60","0","0","0","0","0","0","0","0","-1.60","-3.00","-5.84","0","0","11.15"
"Dec 23, 2025 3:07:27 AM PST","25187401591","Order","114-7764499-8014643","Axe-F-R-L","Grumpy Bear 15"" Survival Axe Camping Hatchet - Forged High Carbon Steel Blade with Walnut Wood Handle - Shock-Absorbing, Anti-Slip Grip - Ideal for Bu","1","amazon.com","Standard Orders","Amazon","KALAMAZOO","MI","49048","MarketplaceFacilitator","37.94","2.05","0","0","0","0","0","0","-3.79","0","-2.05","-5.12","-6.44","0","0","22.59"
"Dec 23, 2025 4:07:24 AM PST","25187401591","Order","113-9901106-3641821","GB-CA-02-WOLF","Grumpy Bear Camping Hatchet with Wolf Carving, Full Tang Outdoor Axe with Decorative Handle, Durable Forged Blade for Hiking, Bushcraft, and Survival","1","amazon.com","Standard Orders","Amazon","NICHOLASVILLE","KY","40356","MarketplaceFacilitator","19.99","1.20","0","0","0","0","0","0","0","0","-1.20","-3.00","-5.84","0","0","11.15"
"Dec 23, 2025 4:10:43 AM PST","25187401591","Order","114-5310625-1597042","C-axe-02","Full Tang Survival Camping Axe with Wood Ergonomic Handle and Nylon Sheath Sheath - High Carbon Stainless Steel, Multi-Tool for Outdoor, Hunting, Emer","2","amazon.com","Standard Orders","Amazon","NORTH TUSTIN","CA","92705","MarketplaceFacilitator","21.98","1.70","0","0","0","0","0","0","0","0","-1.70","-3.30","-12.88","0","0","5.80"
"Dec 23, 2025 4:16:57 AM PST","25187401591","Order","114-4589973-2024260","GB-CA-02-WOLF","Grumpy Bear Camping Hatchet with Wolf Carving, Full Tang Outdoor Axe with Decorative Handle, Durable Forged Blade for Hiking, Bushcraft, and Survival","1","amazon.com","Standard Orders","Amazon","STAFFORD","VA","22554","MarketplaceFacilitator","19.99","1.06","0","0","0","0","0","0","0","0","-1.06","-3.00","-5.84","0","0","11.15"
"Dec 23, 2025 4:18:39 AM PST","25187401591","Order","114-4589973-2024260","GB-CA-02-EAGLE","Grumpy Bear Camping Hatchet, Full Tang Outdoor Axe with Decorative Handle, Durable Forged Blade for Hiking, Bushcraft, and Survival (Eagle)","1","amazon.com","Standard Orders","Amazon","STAFFORD","VA","22554","MarketplaceFacilitator","19.99","1.06","0","0","0","0","0","0","0","0","-1.06","-3.00","-5.68","0","0","11.31"
"Dec 23, 2025 4:18:39 AM PST","25187401591","Order","114-4589973-2024260","GB-CA-02-TIGER","Grumpy Bear Camping Hatchet with Tiger Carving, Full Tang Outdoor Axe with Decorative Handle, Durable Forged Blade for Hiking, Bushcraft, and Survival","1","amazon.com","Standard Orders","Amazon","STAFFORD","VA","22554","MarketplaceFacilitator","17.99","0.95","0","0","0","0","0","0","0","0","-0.95","-2.70","-5.84","0","0","9.45"
"Dec 23, 2025 4:21:28 AM PST","25187401591","Order","111-0369347-8052269","C-axe-01","Full Tang Survival Camping Axe with Wood Ergonomic Handle and Nylon Sheath Sheath - High Carbon Stainless Steel, Multi-Tool for Outdoor, Hunting, Emer","1","amazon.com","Standard Orders","Amazon","NEWARK","DE","19713","","10.99","0","0.33","0","0","0","0","0","-0.33","0","0","-1.65","-6.10","0","0","3.24"
"Dec 23, 2025 4:38:49 AM PST","25187401591","Order","111-2679980-5259404","C-axe-01","Full Tang Survival Camping Axe with Wood Ergonomic Handle and Nylon Sheath Sheath - High Carbon Stainless Steel, Multi-Tool for Outdoor, Hunting, Emer","1","amazon.com","Standard Orders","Amazon","Columbia","South Carolina","29203","MarketplaceFacilitator","10.99","0.88","3.99","0.32","0","0","0","0","0","0","-1.20","-1.65","-10.09","0","0","3.24"
"Dec 23, 2025 4:42:33 AM PST","25187401591","Order","113-9840677-3123429","C-axe-01","Full Tang Survival Camping Axe with Wood Ergonomic Handle and Nylon Sheath Sheath - High Carbon Stainless Steel, Multi-Tool for Outdoor, Hunting, Emer","2","amazon.com","Standard Orders","Amazon","GREENSBORO","NC","27408","MarketplaceFacilitator","21.98","1.48","0.67","0","0","0","0","0","-0.67","0","-1.48","-3.30","-12.20","0","0","6.48"
"Dec 23, 2025 4:52:25 AM PST","25187401591","Order","113-6425742-6421833","C-axe-01","Full Tang Survival Camping Axe with Wood Ergonomic Handle and Nylon Sheath Sheath - High Carbon Stainless Steel, Multi-Tool for Outdoor, Hunting, Emer","1","amazon.com","Standard Orders","Amazon","SHAWNEE","KS","66216","MarketplaceFacilitator","10.99","1.06","1.00","0","0","0","0","0","0","0","-1.06","-1.65","-7.10","0","0","3.24"
"Dec 23, 2025 4:52:42 AM PST","25187401591","Order","114-2348520-7105001","C-axe-02","Full Tang Survival Camping Axe with Wood Ergonomic Handle and Nylon Sheath Sheath - High Carbon Stainless Steel, Multi-Tool for Outdoor, Hunting, Emer","1","amazon.com","Standard Orders","Amazon","Lakeland","Florida","33810","MarketplaceFacilitator","10.99","0.77","0","0","0","0","0","0","0","0","-0.77","-1.65","-6.44","0","0","2.90"
"Dec 23, 2025 4:59:13 AM PST","25187401591","Order","112-6250844-7056206","GB-CA-02-WOLF","Grumpy Bear Camping Hatchet with Wolf Carving, Full Tang Outdoor Axe with Decorative Handle, Durable Forged Blade for Hiking, Bushcraft, and Survival","1","amazon.com","Standard Orders","Amazon","WARREN","OR","97053","","19.99","0","0","0","0","0","0","0","0","0","0","-3.00","-5.84","0","0","11.15"
"Dec 23, 2025 5:16:21 AM PST","25187401591","Order","111-0203106-5012237","C-axe-01","Full Tang Survival Camping Axe with Wood Ergonomic Handle and Nylon Sheath Sheath - High Carbon Stainless Steel, Multi-Tool for Outdoor, Hunting, Emer","1","amazon.com","Standard Orders","Amazon","DANVILLE","IL","61832","MarketplaceFacilitator","10.99","1.02","0.79","0","0","0","0","0","-0.79","0","-1.02","-1.65","-6.10","0","0","3.24"
"Dec 23, 2025 5:26:17 AM PST","25187401591","Order","112-2031541-3390644","GB-CA-02-WOLF","Grumpy Bear Camping Hatchet with Wolf Carving, Full Tang Outdoor Axe with Decorative Handle, Durable Forged Blade for Hiking, Bushcraft, and Survival","1","amazon.com","Standard Orders","Amazon","WOODBINE","IA","51579","MarketplaceFacilitator","19.99","1.40","0","0","0","0","0","0","0","0","-1.40","-3.00","-5.84","0","0","11.15"
"Dec 23, 2025 5:42:45 AM PST","25187401591","Order","113-8631556-1006633","C-axe-01","Full Tang Survival Camping Axe with Wood Ergonomic Handle and Nylon Sheath Sheath - High Carbon Stainless Steel, Multi-Tool for Outdoor, Hunting, Emer","1","amazon.com","Standard Orders","Amazon","MACON","GA","31220","MarketplaceFacilitator","10.99","0.77","1.00","0","0","0","0","0","-1.00","0","-0.77","-1.65","-6.10","0","0","3.24"
"Dec 23, 2025 6:05:57 AM PST","25187401591","Order","S01-5380662-0934841","AXE-SH-L","Grumpy Bear 15"" Survival Axe Camping Hatchet – Forged High Carbon Steel Blade with Walnut Wood Handle – Shock-Absorbing, Anti-Slip Grip – Ideal for Bushcraft, Wood Splitting & Outdoor Adventures","1","sim1.stores.amazon.com","Standard Orders","Amazon","PHOENIX","AZ","85027","","0","0","0","0","0","0","0","0","0","0","0","0","-11.75","0","0","-11.75"
"Dec 23, 2025 6:27:15 AM PST","25187401591","Order","111-9339701-1023426","C-axe-01","Full Tang Survival Camping Axe with Wood Ergonomic Handle and Nylon Sheath Sheath - High Carbon Stainless Steel, Multi-Tool for Outdoor, Hunting, Emer","1","amazon.com","Standard Orders","Amazon","LUDINGTON","MI","49431","MarketplaceFacilitator","10.99","0.66","0.80","0","0","0","0","0","-0.80","0","-0.66","-1.65","-6.10","0","0","3.24"
"Dec 23, 2025 6:35:07 AM PST","25187401591","Order","111-2504340-2053808","Axe-F-R-S","Grumpy Bear 11"" Survival Axe Camping Hatchet - Forged High Carbon Steel Blade with Walnut Wood Handle - Shock-Absorbing, Anti-Slip Grip - Ideal for Bu","1","amazon.com","Standard Orders","Amazon","ANNA","TX","75409","MarketplaceFacilitator","34.41","2.84","0","0","0","0","0","0","0","0","-2.84","-5.16","-6.24","0","0","23.01"
"Dec 23, 2025 6:47:20 AM PST","25187401591","Order","S01-0908480-6804412","AXE-SH-L","Grumpy Bear 15"" Survival Axe Camping Hatchet – Forged High Carbon Steel Blade with Walnut Wood Handle – Shock-Absorbing, Anti-Slip Grip – Ideal for Bushcraft, Wood Splitting & Outdoor Adventures","1","sim1.stores.amazon.com","Standard Orders","Amazon","WESTERVILLE","OH","43082","","0","0","0","0","0","0","0","0","0","0","0","0","-11.75","0","0","-11.75"
"Dec 23, 2025 6:55:17 AM PST","25187401591","Order","112-6203466-6032244","CP-A-K-U","Grumpy Bear Camping Axe & Sickle Set - Dual Outdoor Tools for Camping, Survival & Bushcraft | High Carbon Steel Camping Axe & Hatchet Combo | Black Ox","1","amazon.com","Standard Orders","Amazon","SAINT HEDWIG","TX","78152","MarketplaceFacilitator","14.99","1.24","0","0","0","0","0","0","0","0","-1.24","-2.25","-5.84","0","0","6.90"
"Dec 23, 2025 6:58:23 AM PST","25187401591","Order","S01-4295449-2221209","GB-CA-02-LION","Grumpy Bear Camping Hatchet with Lion Carving, Full Tang Outdoor Axe with Decorative Handle, Durable Forged Blade for Hiking, Bushcraft, and Survival","1","sim1.stores.amazon.com","Standard Orders","Amazon","FORSYTH","MT","59327","","0","0","0","0","0","0","0","0","0","0","0","0","-10.60","0","0","-10.60"
"Dec 23, 2025 6:59:24 AM PST","25187401591","Order","113-4244218-6196217","C-axe-01","Full Tang Survival Camping Axe with Wood Ergonomic Handle and Nylon Sheath Sheath - High Carbon Stainless Steel, Multi-Tool for Outdoor, Hunting, Emer","1","amazon.com","Standard Orders","Amazon","PORT MONMOUTH","NJ","07758","MarketplaceFacilitator","10.99","0.73","0.40","0","0","0","0","0","-0.40","0","-0.73","-1.65","-6.10","0","0","3.24"
"Dec 23, 2025 7:07:40 AM PST","25187401591","Order","112-7111860-4141040","AXE-SH-S","Grumpy Bear 11"" Survival Axe Camping Hatchet - Forged High Carbon Steel Blade with Walnut Wood Handle - Shock-Absorbing, Anti-Slip Grip - Ideal for Bu","1","amazon.com","Standard Orders","Amazon","margate","Fl","33063","MarketplaceFacilitator","34.41","2.41","0","0","0","0","0","0","0","0","-2.41","-5.16","-6.24","0","0","23.01"
"Dec 23, 2025 7:07:59 AM PST","25187401591","Order","114-1788515-5477847","C-axe-01","Full Tang Survival Camping Axe with Wood Ergonomic Handle and Nylon Sheath Sheath - High Carbon Stainless Steel, Multi-Tool for Outdoor, Hunting, Emer","1","amazon.com","Standard Orders","Amazon","Dayton","TX","77535","MarketplaceFacilitator","10.99","0.68","0.25","0","0","0","0","0","-0.25","0","-0.68","-1.65","-6.10","0","0","3.24"
"Dec 23, 2025 7:12:21 AM PST","25187401591","Order","111-4280547-2141069","Axe-F-R-L","Grumpy Bear 15"" Survival Axe Camping Hatchet - Forged High Carbon Steel Blade with Walnut Wood Handle - Shock-Absorbing, Anti-Slip Grip - Ideal for Bu","1","amazon.com","Standard Orders","Amazon","POTEET","TX","78065","MarketplaceFacilitator","37.94","2.82","5.81","0.48","0","0","0","0","-3.79","0","-3.30","-5.12","-12.25","0","0","22.59"
"Dec 23, 2025 7:16:22 AM PST","25187401591","Order","113-8018185-3213000","GB-CA-02-WOLF","Grumpy Bear Camping Hatchet with Wolf Carving, Full Tang Outdoor Axe with Decorative Handle, Durable Forged Blade for Hiking, Bushcraft, and Survival","1","amazon.com","Standard Orders","Amazon","MEAD","WA","99021","MarketplaceFacilitator","19.99","1.78","0","0","0","0","0","0","0","0","-1.78","-3.00","-5.84","0","0","11.15"
"Dec 23, 2025 7:25:15 AM PST","25187401591","Order","113-7840121-9752227","CP-A-K-U","Grumpy Bear Camping Axe & Sickle Set - Dual Outdoor Tools for Camping, Survival & Bushcraft | High Carbon Steel Camping Axe & Hatchet Combo | Black Ox","1","amazon.com","Standard Orders","Amazon","MONTEVALLO","AL","35115","MarketplaceFacilitator","14.99","1.20","0","0","0","0","0","0","0","0","-1.20","-2.25","-5.84","0","0","6.90"
"Dec 23, 2025 7:27:04 AM PST","25187401591","Order","112-6679863-3861816","AXE-WS-S","Grumpy Bear 11"" Survival Axe Camping Hatchet - Forged High Carbon Steel Blade with Walnut Wood Handle - Shock-Absorbing, Anti-Slip Grip - Ideal for Bu","1","amazon.com","Standard Orders","Amazon","ASTORIA","SD","57213","MarketplaceFacilitator","29.99","1.26","0","0","0","0","0","0","0","0","-1.26","-4.50","-6.24","0","0","19.25"
"Dec 23, 2025 7:34:35 AM PST","25187401591","Order","114-5856118-4427421","Axe-F-R-S","Grumpy Bear 11"" Survival Axe Camping Hatchet - Forged High Carbon Steel Blade with Walnut Wood Handle - Shock-Absorbing, Anti-Slip Grip - Ideal for Bu","1","amazon.com","Standard Orders","Amazon","PULASKI","TN","38478","MarketplaceFacilitator","34.41","3.02","0","0","0","0","0","0","-3.44","0","-3.02","-4.65","-6.24","0","0","20.08"
"Dec 23, 2025 7:40:43 AM PST","25187401591","Order","114-5768685-7103447","C-axe-02","Full Tang Survival Camping Axe with Wood Ergonomic Handle and Nylon Sheath Sheath - High Carbon Stainless Steel, Multi-Tool for Outdoor, Hunting, Emer","1","amazon.com","Standard Orders","Amazon","SIKES","LA","71473","MarketplaceFacilitator","10.99","0.99","0","0","0","0","0","0","0","0","-0.99","-1.65","-6.44","0","0","2.90"
"Dec 23, 2025 7:43:27 AM PST","25187401591","Order","114-7787435-8838637","CP-A-K-U","Grumpy Bear Camping Axe & Sickle Set - Dual Outdoor Tools for Camping, Survival & Bushcraft | High Carbon Steel Camping Axe & Hatchet Combo | Black Ox","1","amazon.com","Standard Orders","Amazon","EUGENE","OR","97401","","14.99","0","0","0","0","0","0","0","0","0","0","-2.25","-5.84","0","0","6.90"
"Dec 23, 2025 7:53:36 AM PST","25187401591","Order","113-7263437-8340202","GB-CA-02-LION","Grumpy Bear Camping Hatchet with Lion Carving, Full Tang Outdoor Axe with Decorative Handle, Durable Forged Blade for Hiking, Bushcraft, and Survival","1","amazon.com","Standard Orders","Amazon","FORT WORTH","TX","76133","MarketplaceFacilitator","17.99","1.48","0","0","0","0","0","0","0","0","-1.48","-2.70","-5.68","0","0","9.61"
"Dec 23, 2025 7:57:33 AM PST","25187401591","Order","111-4062302-4710607","AXE-SH-L","Grumpy Bear 15"" Survival Axe Camping Hatchet - Forged High Carbon Steel Blade with Walnut Wood Handle - Shock-Absorbing, Anti-Slip Grip - Ideal for Bu","1","amazon.com","Standard Orders","Amazon","ROCKVILLE CENTRE","NY","11570","MarketplaceFacilitator","36.94","3.19","0","0","0","0","0","0","0","0","-3.19","-5.54","-6.44","0","0","24.96"
"Dec 23, 2025 8:01:39 AM PST","25187401591","Order","111-3953268-5679441","C-axe-01","Full Tang Survival Camping Axe with Wood Ergonomic Handle and Nylon Sheath Sheath - High Carbon Stainless Steel, Multi-Tool for Outdoor, Hunting, Emer","1","amazon.com","Standard Orders","Amazon","coudersport","pa","16915","MarketplaceFacilitator","10.99","0.26","0.50","0","0","0","0","0","-0.50","0","-0.26","-1.65","-6.10","0","0","3.24"
"Dec 23, 2025 8:02:05 AM PST","25187401591","Order","112-6732348-9209802","AXE-WS-L","Grumpy Bear 15"" Survival Axe Camping Hatchet - Forged High Carbon Steel Blade with Walnut Wood Handle - Shock-Absorbing, Anti-Slip Grip - Ideal for Bu","1","amazon.com","Standard Orders","Amazon","COPPERAS COVE","TX","76522","MarketplaceFacilitator","29.99","2.47","0","0","0","0","0","0","0","0","-2.47","-4.50","-6.44","0","0","19.05"
"Dec 23, 2025 8:05:17 AM PST","25187401591","Order","114-6740735-5608247","AXE-SH-L","Grumpy Bear 15"" Survival Axe Camping Hatchet - Forged High Carbon Steel Blade with Walnut Wood Handle - Shock-Absorbing, Anti-Slip Grip - Ideal for Bu","1","amazon.com","Standard Orders","Amazon","COVINGTON","LA","70433","MarketplaceFacilitator","36.94","3.08","6.99","0","0","0","0","0","-10.68","0","-3.08","-4.99","-6.44","0","0","21.82"
"Dec 23, 2025 8:09:41 AM PST","25187401591","Order","113-1100300-8794628","CP-A-K-U","Grumpy Bear Camping Axe & Sickle Set - Dual Outdoor Tools for Camping, Survival & Bushcraft | High Carbon Steel Camping Axe & Hatchet Combo | Black Ox","1","amazon.com","Standard Orders","Amazon","LAYTON","UT","84041","MarketplaceFacilitator","14.99","1.09","0.50","0","0","0","0","0","-0.50","0","-1.09","-2.25","-5.84","0","0","6.90"
"Dec 23, 2025 8:15:44 AM PST","25187401591","Order","S01-9867034-6890823","GB-CA-02-LION","Grumpy Bear Camping Hatchet with Lion Carving, Full Tang Outdoor Axe with Decorative Handle, Durable Forged Blade for Hiking, Bushcraft, and Survival","1","sim1.stores.amazon.com","Standard Orders","Amazon","ARABI","GA","31712","","0","0","0","0","0","0","0","0","0","0","0","0","-10.60","0","0","-10.60"
"Dec 23, 2025 8:28:21 AM PST","25187401591","Order","S01-9453352-8169244","C-axe-01","Full Tang Survival Camping Axe with Wood Ergonomic Handle and Nylon Sheath Sheath – High Carbon Stainless Steel, Multi-Tool for Outdoor, Hunting, Emergency (Small)","1","sim1.stores.amazon.com","Standard Orders","Amazon","BOX ELDER","SD","57719","","0","0","0","0","0","0","0","0","0","0","0","0","-10.60","0","0","-10.60"
"Dec 23, 2025 9:14:09 AM PST","25187401591","Order","S01-8995522-6599622","GB-CA-02-LION","Grumpy Bear Camping Hatchet with Lion Carving, Full Tang Outdoor Axe with Decorative Handle, Durable Forged Blade for Hiking, Bushcraft, and Survival","1","sim1.stores.amazon.com","Standard Orders","Amazon","GRAND ISLAND","NY","14072","","0","0","0","0","0","0","0","0","0","0","0","0","-10.60","0","0","-10.60"
"Dec 23, 2025 9:18:17 AM PST","25187401591","Order","113-4464234-3593032","GB-CA-02-LION","Grumpy Bear Camping Hatchet with Lion Carving, Full Tang Outdoor Axe with Decorative Handle, Durable Forged Blade for Hiking, Bushcraft, and Survival","1","amazon.com","Standard Orders","Amazon","CLEVELAND","OH","44111","MarketplaceFacilitator","17.99","1.44","0","0","0","0","0","0","0","0","-1.44","-2.70","-5.68","0","0","9.61"
"Dec 23, 2025 10:34:17 AM PST","25187401591","Order","113-0277883-1494662","C-axe-01","Full Tang Survival Camping Axe with Wood Ergonomic Handle and Nylon Sheath Sheath - High Carbon Stainless Steel, Multi-Tool for Outdoor, Hunting, Emer","1","amazon.com","Standard Orders","Amazon","HORN LAKE","MS","38637","MarketplaceFacilitator","10.99","0.77","0.57","0","0","0","0","0","-0.57","0","-0.77","-1.65","-6.10","0","0","3.24"
"Dec 23, 2025 11:58:32 AM PST","25187401591","Order","114-6109790-7634658","Axe-F-R-S","Grumpy Bear 11"" Survival Axe Camping Hatchet - Forged High Carbon Steel Blade with Walnut Wood Handle - Shock-Absorbing, Anti-Slip Grip - Ideal for Bu","1","amazon.com","Standard Orders","Amazon","BEND","OR","97702","","34.41","0","0","0","0","0","0","0","-3.44","0","0","-4.65","-6.24","0","0","20.08"
"Dec 23, 2025 12:36:07 PM PST","25187401591","Refund","114-1246904-9674658","Axe-F-R-S","Grumpy Bear 11"" Survival Axe Camping Hatchet - Forged High Carbon Steel Blade with Walnut Wood Handle - Shock-Absorbing, Anti-Slip Grip - Ideal for Bu","1","amazon.com","Standard Orders","Amazon","Poughkeepsie","New York","12603","MarketplaceFacilitator","-34.41","-2.80","0","0","0","0","0","0","0","0","2.80","4.13","0","0","0","-30.28"
"Dec 23, 2025 2:00:39 PM PST","25187401591","Order","113-4213670-9958649","GB-CA-02-EAGLE","Grumpy Bear Camping Hatchet, Full Tang Outdoor Axe with Decorative Handle, Durable Forged Blade for Hiking, Bushcraft, and Survival (Eagle)","1","amazon.com","Standard Orders","Amazon","STATESBORO","GA","30458","MarketplaceFacilitator","19.99","1.60","0","0","0","0","0","0","0","0","-1.60","-3.00","-5.68","0","0","11.31"
"Dec 23, 2025 2:39:17 PM PST","25187401591","Order","114-2236120-1482623","C-axe-02","Full Tang Survival Camping Axe with Wood Ergonomic Handle and Nylon Sheath Sheath - High Carbon Stainless Steel, Multi-Tool for Outdoor, Hunting, Emer","1","amazon.com","Standard Orders","Amazon","REGO PARK","NY","11374","MarketplaceFacilitator","10.99","0.98","0","0","0","0","0","0","0","0","-0.98","-1.65","-6.44","0","0","2.90"
"Dec 23, 2025 3:07:54 PM PST","25187401591","Order","S01-3072235-4852440","GB-CA-02-LION","Grumpy Bear Camping Hatchet with Lion Carving, Full Tang Outdoor Axe with Decorative Handle, Durable Forged Blade for Hiking, Bushcraft, and Survival","1","sim1.stores.amazon.com","Standard Orders","Amazon","CANTON","PA","17724","","0","0","0","0","0","0","0","0","0","0","0","0","-10.60","0","0","-10.60"
"Dec 23, 2025 3:46:15 PM PST","25187401591","Order","114-4589973-2024260","GB-CA-02-LION","Grumpy Bear Camping Hatchet with Lion Carving, Full Tang Outdoor Axe with Decorative Handle, Durable Forged Blade for Hiking, Bushcraft, and Survival","1","amazon.com","Standard Orders","Amazon","STAFFORD","VA","22554","MarketplaceFacilitator","17.99","0.95","0","0","0","0","0","0","0","0","-0.95","-2.70","-5.68","0","0","9.61"
"Dec 23, 2025 4:16:15 PM PST","25187401591","Order","111-3562336-2016242","AXE-GBWS-L","Grumpy Bear 15"" Survival Axe Camping Hatchet - Forged High Carbon Steel Blade with Walnut Wood Handle - Shock-Absorbing, Anti-Slip Grip - Ideal for Bu","1","amazon.com","Standard Orders","Amazon","SEMINOLE","FL","33776","MarketplaceFacilitator","35.41","2.48","0","0","0","0","0","0","0","0","-2.48","-5.31","-6.44","0","0","23.66"
"Dec 23, 2025 4:22:26 PM PST","25187401591","Order","111-0759025-6643446","AXE-GBWS-L","Grumpy Bear 15"" Survival Axe Camping Hatchet - Forged High Carbon Steel Blade with Walnut Wood Handle - Shock-Absorbing, Anti-Slip Grip - Ideal for Bu","1","amazon.com","Standard Orders","Amazon","BOTHELL","WA","98011","MarketplaceFacilitator","35.41","3.61","0","0","0","0","0","0","0","0","-3.61","-5.31","-6.44","0","0","23.66"
"Dec 23, 2025 4:24:43 PM PST","25187401591","Order","112-5866927-2825822","AXE-SH-L","Grumpy Bear 15"" Survival Axe Camping Hatchet - Forged High Carbon Steel Blade with Walnut Wood Handle - Shock-Absorbing, Anti-Slip Grip - Ideal for Bu","1","amazon.com","Standard Orders","Amazon","MOORESVILLE","NC","28115","MarketplaceFacilitator","36.94","2.49","0","0","0","0","0","0","0","0","-2.49","-5.54","-6.44","0","0","24.96"
"Dec 23, 2025 4:32:19 PM PST","25187401591","Order","114-8205830-0206600","GB-CA-02-TIGER","Grumpy Bear Camping Hatchet with Tiger Carving, Full Tang Outdoor Axe with Decorative Handle, Durable Forged Blade for Hiking, Bushcraft, and Survival","1","amazon.com","Standard Orders","Amazon","BATTLE MOUNTAIN","NV","89820","MarketplaceFacilitator","17.99","1.28","0","0","0","0","0","0","0","0","-1.28","-2.70","-5.84","0","0","9.45"
"Dec 23, 2025 4:47:14 PM PST","25187401591","Order","114-3916311-5036229","CP-A-K-U","Grumpy Bear Camping Axe & Sickle Set - Dual Outdoor Tools for Camping, Survival & Bushcraft | High Carbon Steel Camping Axe & Hatchet Combo | Black Ox","1","amazon.com","Standard Orders","Amazon","COVINA","CA","91723","MarketplaceFacilitator","14.99","1.57","0","0","0","0","0","0","0","0","-1.57","-2.25","-5.84","0","0","6.90"
"Dec 23, 2025 4:49:59 PM PST","25187401591","Order","111-6229074-2605847","CP-A-K-U","Grumpy Bear Camping Axe & Sickle Set - Dual Outdoor Tools for Camping, Survival & Bushcraft | High Carbon Steel Camping Axe & Hatchet Combo | Black Ox","1","amazon.com","Standard Orders","Amazon","MENDOTA","IL","61342","MarketplaceFacilitator","14.99","0.97","0","0","0","0","0","0","0","0","-0.97","-2.25","-5.84","0","0","6.90"
"Dec 23, 2025 5:38:29 PM PST","25187401591","Order","111-2318498-2733036","CP-A-K-U","Grumpy Bear Camping Axe & Sickle Set - Dual Outdoor Tools for Camping, Survival & Bushcraft | High Carbon Steel Camping Axe & Hatchet Combo | Black Ox","1","amazon.com","Standard Orders","Amazon","RAPID CITY","SD","57701","MarketplaceFacilitator","14.99","0.93","0","0","0","0","0","0","0","0","-0.93","-2.25","-5.84","0","0","6.90"
"Dec 23, 2025 6:10:25 PM PST","25187401591","Order","111-3896863-8233856","GB-CA-02-TIGER","Grumpy Bear Camping Hatchet with Tiger Carving, Full Tang Outdoor Axe with Decorative Handle, Durable Forged Blade for Hiking, Bushcraft, and Survival","1","amazon.com","Standard Orders","Amazon","BAKERSFIELD","CA","93308","MarketplaceFacilitator","17.99","1.48","0","0","0","0","0","0","0","0","-1.48","-2.70","-5.84","0","0","9.45"
"Dec 23, 2025 6:10:25 PM PST","25187401591","Order","111-3896863-8233856","GB-CA-02-WOLF","Grumpy Bear Camping Hatchet with Wolf Carving, Full Tang Outdoor Axe with Decorative Handle, Durable Forged Blade for Hiking, Bushcraft, and Survival","1","amazon.com","Standard Orders","Amazon","BAKERSFIELD","CA","93308","MarketplaceFacilitator","19.99","1.65","0","0","0","0","0","0","0","0","-1.65","-3.00","-5.84","0","0","11.15"
"Dec 23, 2025 6:10:31 PM PST","25187401591","Order","113-3552153-0621033","Axe-F-R-S","Grumpy Bear 11"" Survival Axe Camping Hatchet - Forged High Carbon Steel Blade with Walnut Wood Handle - Shock-Absorbing, Anti-Slip Grip - Ideal for Bu","1","amazon.com","Standard Orders","Amazon","KNOXVILLE","IA","50138","MarketplaceFacilitator","34.41","2.17","0","0","0","0","0","0","-3.44","0","-2.17","-4.65","-6.24","0","0","20.08"
"Dec 23, 2025 6:19:01 PM PST","25187401591","Order","S01-4562774-6239650","AXE-WS-S","Grumpy Bear 11"" Survival Axe Camping Hatchet – Forged High Carbon Steel Blade with Walnut Wood Handle – Shock-Absorbing, Anti-Slip Grip – Ideal for Bushcraft, Wood Splitting & Outdoor Adventures","1","sim1.stores.amazon.com","Standard Orders","Amazon","MERRILL","WI","54452","","0","0","0","0","0","0","0","0","0","0","0","0","-11.75","0","0","-11.75"
"Dec 23, 2025 6:32:28 PM PST","25187401591","Order","114-8303659-4647417","AXE-SH-L","Grumpy Bear 15"" Survival Axe Camping Hatchet - Forged High Carbon Steel Blade with Walnut Wood Handle - Shock-Absorbing, Anti-Slip Grip - Ideal for Bu","1","amazon.com","Standard Orders","Amazon","MARANA","AZ","85653","MarketplaceFacilitator","36.94","3.18","0","0","0","0","0","0","0","0","-3.18","-5.54","-6.44","0","0","24.96"
"Dec 23, 2025 6:33:15 PM PST","25187401591","Order","112-2461331-9322638","C-axe-02","Full Tang Survival Camping Axe with Wood Ergonomic Handle and Nylon Sheath Sheath - High Carbon Stainless Steel, Multi-Tool for Outdoor, Hunting, Emer","1","amazon.com","Standard Orders","Amazon","HOUSTON","TX","77041","MarketplaceFacilitator","10.99","0.91","0","0","0","0","0","0","0","0","-0.91","-1.65","-6.44","0","0","2.90"
"Dec 23, 2025 7:46:30 PM PST","25187401591","Order","114-1814184-1208227","CP-A-K-U","Grumpy Bear Camping Axe & Sickle Set - Dual Outdoor Tools for Camping, Survival & Bushcraft | High Carbon Steel Camping Axe & Hatchet Combo | Black Ox","1","amazon.com","Standard Orders","Amazon","TALLADEGA","AL","35160","MarketplaceFacilitator","14.99","1.20","0","0","0","0","0","0","0","0","-1.20","-2.25","-5.84","0","0","6.90"
"Dec 23, 2025 9:05:28 PM PST","25187401591","Order","113-4880134-4983435","GB-CA-02-EAGLE","Grumpy Bear Camping Hatchet, Full Tang Outdoor Axe with Decorative Handle, Durable Forged Blade for Hiking, Bushcraft, and Survival (Eagle)","1","amazon.com","Standard Orders","Amazon","TORRANCE","CA","90502","MarketplaceFacilitator","19.99","1.95","0","0","0","0","0","0","0","0","-1.95","-3.00","-5.68","0","0","11.31"
"Dec 23, 2025 10:05:16 PM PST","25187401591","Order","114-1534546-6869815","CP-A-K-U","Grumpy Bear Camping Axe & Sickle Set - Dual Outdoor Tools for Camping, Survival & Bushcraft | High Carbon Steel Camping Axe & Hatchet Combo | Black Ox","1","amazon.com","Standard Orders","Amazon","PALMYRA","PA","17078","MarketplaceFacilitator","35.99","2.16","0","0","0","0","0","0","0","0","-2.16","-5.40","-5.84","0","0","24.75"
"Dec 23, 2025 10:15:42 PM PST","25187401591","Order","111-2588217-2081827","AXE-SH-S","Grumpy Bear 11"" Survival Axe Camping Hatchet - Forged High Carbon Steel Blade with Walnut Wood Handle - Shock-Absorbing, Anti-Slip Grip - Ideal for Bu","1","amazon.com","Standard Orders","Amazon","BENTON","MS","39039","MarketplaceFacilitator","34.41","2.17","0","0","0","0","0","0","-3.44","0","-2.17","-4.65","-6.24","0","0","20.08"
"Dec 23, 2025 10:17:22 PM PST","25187401591","Order","112-7441360-1870629","GB-CA-02-LION","Grumpy Bear Camping Hatchet with Lion Carving, Full Tang Outdoor Axe with Decorative Handle, Durable Forged Blade for Hiking, Bushcraft, and Survival","1","amazon.com","Standard Orders","Amazon","AFTON","WY","83110","MarketplaceFacilitator","17.99","0.90","0","0","0","0","0","0","0","0","-0.90","-2.70","-5.68","0","0","9.61"
"Dec 23, 2025 10:23:33 PM PST","25187401591","Order","114-5248753-8080228","Axe-F-R-S","Grumpy Bear 11"" Survival Axe Camping Hatchet - Forged High Carbon Steel Blade with Walnut Wood Handle - Shock-Absorbing, Anti-Slip Grip - Ideal for Bu","1","amazon.com","Standard Orders","Amazon","FORT WAYNE","IN","46825","MarketplaceFacilitator","34.41","2.17","0","0","0","0","0","0","-3.44","0","-2.17","-4.65","-6.24","0","0","20.08"
"Dec 23, 2025 10:30:24 PM PST","25187401591","Order","114-3909050-9304235","Axe-F-R-S","Grumpy Bear 11"" Survival Axe Camping Hatchet - Forged High Carbon Steel Blade with Walnut Wood Handle - Shock-Absorbing, Anti-Slip Grip - Ideal for Bu","1","amazon.com","Standard Orders","Amazon","LAKE FOREST PARK","WA","98155","MarketplaceFacilitator","34.41","3.54","0","0","0","0","0","0","0","0","-3.54","-5.16","-6.24","0","0","23.01"
"Dec 23, 2025 10:32:16 PM PST","25187401591","Order","113-1649300-3697828","CP-A-K-U","Grumpy Bear Camping Axe & Sickle Set - Dual Outdoor Tools for Camping, Survival & Bushcraft | High Carbon Steel Camping Axe & Hatchet Combo | Black Ox","1","amazon.com","Standard Orders","Amazon","JACKSONVILLE","FL","32244","MarketplaceFacilitator","14.99","1.12","0","0","0","0","0","0","0","0","-1.12","-2.25","-5.84","0","0","6.90"
"Dec 23, 2025 10:50:56 PM PST","25187401591","Order","114-6903779-2083405","AXE-SH-L","Grumpy Bear 15"" Survival Axe Camping Hatchet - Forged High Carbon Steel Blade with Walnut Wood Handle - Shock-Absorbing, Anti-Slip Grip - Ideal for Bu","1","amazon.com","Standard Orders","Amazon","EASTVALE","CA","92880","MarketplaceFacilitator","36.94","2.86","0","0","0","0","0","0","0","0","-2.86","-5.54","-6.44","0","0","24.96"
"Dec 23, 2025 11:10:29 PM PST","25187401591","Order","112-5732194-2519413","GB-CA-02-EAGLE","Grumpy Bear Camping Hatchet, Full Tang Outdoor Axe with Decorative Handle, Durable Forged Blade for Hiking, Bushcraft, and Survival (Eagle)","1","amazon.com","Standard Orders","Amazon","Burke","Virginia","22015","MarketplaceFacilitator","19.99","1.20","0","0","0","0","0","0","0","0","-1.20","-3.00","-5.68","0","0","11.31"
"Dec 23, 2025 11:12:21 PM PST","25187401591","Order","112-5403699-4636206","GB-CA-02-EAGLE","Grumpy Bear Camping Hatchet, Full Tang Outdoor Axe with Decorative Handle, Durable Forged Blade for Hiking, Bushcraft, and Survival (Eagle)","1","amazon.com","Standard Orders","Amazon","GORDON","WI","54838","MarketplaceFacilitator","19.99","1.10","0","0","0","0","0","0","0","0","-1.10","-3.00","-5.68","0","0","11.31"
"Dec 23, 2025 11:26:07 PM PST","25187401591","Order","113-5179291-8392235","AXE-SH-S","Grumpy Bear 11"" Survival Axe Camping Hatchet - Forged High Carbon Steel Blade with Walnut Wood Handle - Shock-Absorbing, Anti-Slip Grip - Ideal for Bu","1","amazon.com","Standard Orders","Amazon","KENNESAW","GA","30152","MarketplaceFacilitator","34.41","1.86","0","0","0","0","0","0","-3.44","0","-1.86","-4.65","-6.24","0","0","20.08"
"Dec 23, 2025 11:31:56 PM PST","25187401591","Order","111-3570808-8572209","GB-CA-02-EAGLE","Grumpy Bear Camping Hatchet, Full Tang Outdoor Axe with Decorative Handle, Durable Forged Blade for Hiking, Bushcraft, and Survival (Eagle)","1","amazon.com","Standard Orders","Amazon","SAINT ANNE","IL","60964","MarketplaceFacilitator","19.99","1.25","0","0","0","0","0","0","0","0","-1.25","-3.00","-5.68","0","0","11.31"
"Dec 23, 2025 11:35:47 PM PST","25187401591","Order","114-5862748-6384263","GB-CA-02-EAGLE","Grumpy Bear Camping Hatchet, Full Tang Outdoor Axe with Decorative Handle, Durable Forged Blade for Hiking, Bushcraft, and Survival (Eagle)","1","amazon.com","Standard Orders","Amazon","BROOKHAVEN","MS","39601","MarketplaceFacilitator","19.99","1.40","0","0","0","0","0","0","0","0","-1.40","-3.00","-5.68","0","0","11.31"
"Dec 23, 2025 11:38:57 PM PST","25187401591","Order","114-1942243-7911426","AXE-SH-L","Grumpy Bear 15"" Survival Axe Camping Hatchet - Forged High Carbon Steel Blade with Walnut Wood Handle - Shock-Absorbing, Anti-Slip Grip - Ideal for Bu","1","amazon.com","Standard Orders","Amazon","DUBLIN","OH","43016","MarketplaceFacilitator","36.94","2.66","0","0","0","0","0","0","-3.69","0","-2.66","-4.99","-6.44","0","0","21.82"
"Dec 23, 2025 11:39:48 PM PST","25187401591","Order","111-3655039-9587437","AXE-GBWS-L","Grumpy Bear 15"" Survival Axe Camping Hatchet - Forged High Carbon Steel Blade with Walnut Wood Handle - Shock-Absorbing, Anti-Slip Grip - Ideal for Bu","1","amazon.com","Standard Orders","Amazon","MAGNOLIA","TX","77355","MarketplaceFacilitator","35.41","2.31","0","0","0","0","0","0","-3.54","0","-2.31","-4.78","-6.44","0","0","20.65"
"Dec 23, 2025 11:44:51 PM PST","25187401591","Order","114-6951988-9908264","AXE-SH-S","Grumpy Bear 11"" Survival Axe Camping Hatchet - Forged High Carbon Steel Blade with Walnut Wood Handle - Shock-Absorbing, Anti-Slip Grip - Ideal for Bu","1","amazon.com","Standard Orders","Amazon","WARRENTON","MO","63383","MarketplaceFacilitator","34.41","2.14","0","0","0","0","0","0","0","0","-2.14","-5.16","-6.24","0","0","23.01"
"Dec 24, 2025 12:07:44 AM PST","25187401591","Order","114-7657951-8586614","GB-CA-02-EAGLE","Grumpy Bear Camping Hatchet, Full Tang Outdoor Axe with Decorative Handle, Durable Forged Blade for Hiking, Bushcraft, and Survival (Eagle)","2","amazon.com","Standard Orders","Amazon","MILTONA","MN","56354","MarketplaceFacilitator","39.98","2.94","0","0","0","0","0","0","0","0","-2.94","-6.00","-11.36","0","0","22.62"
"Dec 24, 2025 12:08:51 AM PST","25187401591","Order","114-4992494-1098632","CP-A-K-U","Grumpy Bear Camping Axe & Sickle Set - Dual Outdoor Tools for Camping, Survival & Bushcraft | High Carbon Steel Camping Axe & Hatchet Combo | Black Ox","1","amazon.com","Standard Orders","Amazon","DYER","IN","46311","MarketplaceFacilitator","14.99","1.05","0","0","0","0","0","0","0","0","-1.05","-2.25","-5.84","0","0","6.90"
"Dec 24, 2025 12:09:50 AM PST","25187401591","Order","111-5574489-8686669","GB-CA-02-LION","Grumpy Bear Camping Hatchet with Lion Carving, Full Tang Outdoor Axe with Decorative Handle, Durable Forged Blade for Hiking, Bushcraft, and Survival","1","amazon.com","Standard Orders","Amazon","Hartsville","Sc","29550","MarketplaceFacilitator","17.99","1.44","5.77","0","0","0","0","0","-5.77","0","-1.44","-2.70","-5.68","0","0","9.61"
"Dec 24, 2025 12:24:50 AM PST","25187401591","Order","113-5892835-5331424","AXE-SH-S","Grumpy Bear 11"" Survival Axe Camping Hatchet - Forged High Carbon Steel Blade with Walnut Wood Handle - Shock-Absorbing, Anti-Slip Grip - Ideal for Bu","1","amazon.com","Standard Orders","Amazon","ARDEN","NC","28704","MarketplaceFacilitator","34.41","2.41","0","0","0","0","0","0","0","0","-2.41","-5.16","-6.24","0","0","23.01"
"Dec 24, 2025 12:35:56 AM PST","25187401591","Order","111-9148432-1233863","C-axe-02","Full Tang Survival Camping Axe with Wood Ergonomic Handle and Nylon Sheath Sheath - High Carbon Stainless Steel, Multi-Tool for Outdoor, Hunting, Emer","1","amazon.com","Standard Orders","Amazon","PETERSBURG","VA","23805","MarketplaceFacilitator","10.99","0.58","0","0","0","0","0","0","0","0","-0.58","-1.65","-6.44","0","0","2.90"
"Dec 24, 2025 12:40:42 AM PST","25187401591","Order","114-2090746-0232243","GB-CA-02-LION","Grumpy Bear Camping Hatchet with Lion Carving, Full Tang Outdoor Axe with Decorative Handle, Durable Forged Blade for Hiking, Bushcraft, and Survival","1","amazon.com","Standard Orders","Amazon","YOUNGSTOWN","OH","44505","MarketplaceFacilitator","17.99","1.21","0","0","0","0","0","0","0","0","-1.21","-2.70","-5.68","0","0","9.61"
"Dec 24, 2025 12:54:02 AM PST","25187401591","Order","111-2997157-4254627","AXE-WS-L","Grumpy Bear 15"" Survival Axe Camping Hatchet - Forged High Carbon Steel Blade with Walnut Wood Handle - Shock-Absorbing, Anti-Slip Grip - Ideal for Bu","1","amazon.com","Standard Orders","Amazon","Lancaster","PA","17601","MarketplaceFacilitator","29.99","1.80","0","0","0","0","0","0","0","0","-1.80","-4.50","-6.44","0","0","19.05"
"Dec 24, 2025 1:06:24 AM PST","25187401591","Order","114-3090793-7500233","Axe-F-R-S","Grumpy Bear 11"" Survival Axe Camping Hatchet - Forged High Carbon Steel Blade with Walnut Wood Handle - Shock-Absorbing, Anti-Slip Grip - Ideal for Bu","1","amazon.com","Standard Orders","Amazon","WINCHESTER","IN","47394","MarketplaceFacilitator","34.41","2.17","0","0","0","0","0","0","-3.44","0","-2.17","-4.65","-6.24","0","0","20.08"
"Dec 24, 2025 1:14:14 AM PST","25187401591","Order","111-5536076-2638616","AXE-GBWS-S","Grumpy Bear 11"" Survival Axe Camping Hatchet - Forged High Carbon Steel Blade with Walnut Wood Handle - Shock-Absorbing, Anti-Slip Grip - Ideal for Bu","1","amazon.com","Standard Orders","Amazon","HOT SPRINGS NATIONAL PARK","AR","71901","MarketplaceFacilitator","33.84","2.89","0","0","0","0","0","0","-3.38","0","-2.89","-4.57","-6.10","0","0","19.79"
"Dec 24, 2025 1:22:34 AM PST","25187401591","Order","112-9899412-4866604","GB-CA-02-WOLF","Grumpy Bear Camping Hatchet with Wolf Carving, Full Tang Outdoor Axe with Decorative Handle, Durable Forged Blade for Hiking, Bushcraft, and Survival","1","amazon.com","Standard Orders","Amazon","WEST SENECA","NY","14224","MarketplaceFacilitator","19.99","1.75","0","0","0","0","0","0","0","0","-1.75","-3.00","-5.84","0","0","11.15"
"Dec 24, 2025 1:30:35 AM PST","25187401591","Order","112-8155843-2241851","Axe-F-R-S","Grumpy Bear 11"" Survival Axe Camping Hatchet - Forged High Carbon Steel Blade with Walnut Wood Handle - Shock-Absorbing, Anti-Slip Grip - Ideal for Bu","1","amazon.com","Standard Orders","Amazon","IRVINE","KY","40336","MarketplaceFacilitator","34.41","2.06","0","0","0","0","0","0","0","0","-2.06","-5.16","-6.24","0","0","23.01"
"Dec 24, 2025 1:34:54 AM PST","25187401591","Order","112-8363385-6601059","CP-A-K-U","Grumpy Bear Camping Axe & Sickle Set - Dual Outdoor Tools for Camping, Survival & Bushcraft | High Carbon Steel Camping Axe & Hatchet Combo | Black Ox","1","amazon.com","Standard Orders","Amazon","WHITE CITY","OR","97503","","14.99","0","0","0","0","0","0","0","0","0","0","-2.25","-5.84","0","0","6.90"
"Dec 24, 2025 2:03:04 AM PST","25187401591","Order","111-2538514-6969059","AXE-WS-L","Grumpy Bear 15"" Survival Axe Camping Hatchet - Forged High Carbon Steel Blade with Walnut Wood Handle - Shock-Absorbing, Anti-Slip Grip - Ideal for Bu","1","amazon.com","Standard Orders","Amazon","WEST JORDAN","UT","84088","MarketplaceFacilitator","29.99","2.23","0","0","0","0","0","0","0","0","-2.23","-4.50","-6.44","0","0","19.05"
"Dec 24, 2025 2:06:16 AM PST","25187401591","Order","111-4613479-7623425","AXE-SH-S","Grumpy Bear 11"" Survival Axe Camping Hatchet - Forged High Carbon Steel Blade with Walnut Wood Handle - Shock-Absorbing, Anti-Slip Grip - Ideal for Bu","5","amazon.com","Standard Orders","Amazon","VINCENT","AL","35178","MarketplaceFacilitator","172.05","12.40","0","0","0","0","0","0","-17.21","0","-12.40","-23.25","-31.20","0","0","100.39"
"Dec 24, 2025 2:09:28 AM PST","25187401591","Order","111-9576107-1273062","C-axe-01","Full Tang Survival Camping Axe with Wood Ergonomic Handle and Nylon Sheath Sheath - High Carbon Stainless Steel, Multi-Tool for Outdoor, Hunting, Emer","1","amazon.com","Standard Orders","Amazon","SPRING BRANCH","TX","78070","MarketplaceFacilitator","10.99","0.91","0","0","0","0","0","0","0","0","-0.91","-1.65","-6.10","0","0","3.24"
"Dec 24, 2025 2:11:13 AM PST","25187401591","Order","114-0223032-4593817","Axe-F-R-S","Grumpy Bear 11"" Survival Axe Camping Hatchet - Forged High Carbon Steel Blade with Walnut Wood Handle - Shock-Absorbing, Anti-Slip Grip - Ideal for Bu","1","amazon.com","Standard Orders","Amazon","STRONGSVILLE","OH","44136","MarketplaceFacilitator","34.41","2.48","0","0","0","0","0","0","-3.44","0","-2.48","-4.65","-6.24","0","0","20.08"
"Dec 24, 2025 2:14:55 AM PST","25187401591","Order","111-0738059-8900224","GB-CA-02-EAGLE","Grumpy Bear Camping Hatchet, Full Tang Outdoor Axe with Decorative Handle, Durable Forged Blade for Hiking, Bushcraft, and Survival (Eagle)","1","amazon.com","Standard Orders","Amazon","GROVE","OK","74344","MarketplaceFacilitator","19.99","2.04","0","0","0","0","0","0","0","0","-2.04","-3.00","-5.68","0","0","11.31"
"Dec 24, 2025 2:19:19 AM PST","25187401591","Order","114-5881760-5439403","AXE-GBWS-L","Grumpy Bear 15"" Survival Axe Camping Hatchet - Forged High Carbon Steel Blade with Walnut Wood Handle - Shock-Absorbing, Anti-Slip Grip - Ideal for Bu","1","amazon.com","Standard Orders","Amazon","Portland","OR","97206","","35.41","0","0","0","0","0","0","0","0","0","0","-5.31","-6.44","0","0","23.66"
"Dec 24, 2025 2:30:40 AM PST","25187401591","Order","114-5623335-2529839","CP-A-K-U","Grumpy Bear Camping Axe & Sickle Set - Dual Outdoor Tools for Camping, Survival & Bushcraft | High Carbon Steel Camping Axe & Hatchet Combo | Black Ox","1","amazon.com","Standard Orders","Amazon","BELDEN","MS","38826","MarketplaceFacilitator","14.99","1.05","0","0","0","0","0","0","0","0","-1.05","-2.25","-5.84","0","0","6.90"
"Dec 24, 2025 2:37:00 AM PST","25187401591","Order","114-2682089-3060230","C-axe-01","Full Tang Survival Camping Axe with Wood Ergonomic Handle and Nylon Sheath Sheath - High Carbon Stainless Steel, Multi-Tool for Outdoor, Hunting, Emer","1","amazon.com","Standard Orders","Amazon","UNION","OH","45322","MarketplaceFacilitator","10.99","0.82","0.13","0","0","0","0","0","-0.13","0","-0.82","-1.65","-6.10","0","0","3.24"
"Dec 24, 2025 2:37:08 AM PST","25187401591","Order","111-4552180-9769848","CP-A-K-U","Grumpy Bear Camping Axe & Sickle Set - Dual Outdoor Tools for Camping, Survival & Bushcraft | High Carbon Steel Camping Axe & Hatchet Combo | Black Ox","1","amazon.com","Standard Orders","Amazon","SAN ANTONIO","Texas","78220","MarketplaceFacilitator","14.99","1.24","0","0","0","0","0","0","0","0","-1.24","-2.25","-5.84","0","0","6.90"
"Dec 24, 2025 2:39:42 AM PST","25187401591","Order","111-7931044-0142635","GB-CA-02-EAGLE","Grumpy Bear Camping Hatchet, Full Tang Outdoor Axe with Decorative Handle, Durable Forged Blade for Hiking, Bushcraft, and Survival (Eagle)","1","amazon.com","Standard Orders","Amazon","SPARKS","NV","89436","MarketplaceFacilitator","19.99","1.65","0","0","0","0","0","0","0","0","-1.65","-3.00","-5.68","0","0","11.31"
"Dec 24, 2025 3:07:58 AM PST","25187401591","Order","114-2736786-1593000","C-axe-01","Full Tang Survival Camping Axe with Wood Ergonomic Handle and Nylon Sheath Sheath - High Carbon Stainless Steel, Multi-Tool for Outdoor, Hunting, Emer","1","amazon.com","Standard Orders","Amazon","STAMPING GROUND","KY","40379","MarketplaceFacilitator","10.99","0.66","0.80","0.05","0","0","0","0","0","0","-0.71","-1.65","-6.90","0","0","3.24"
"Dec 24, 2025 3:16:50 AM PST","25187401591","Order","112-5907191-8405048","C-axe-02","Full Tang Survival Camping Axe with Wood Ergonomic Handle and Nylon Sheath Sheath - High Carbon Stainless Steel, Multi-Tool for Outdoor, Hunting, Emer","1","amazon.com","Standard Orders","Amazon","HANCEVILLE","AL","35077","MarketplaceFacilitator","10.99","0.88","0","0","0","0","0","0","0","0","-0.88","-1.65","-6.44","0","0","2.90"
"Dec 24, 2025 3:25:22 AM PST","25187401591","Order","113-1845209-1619432","Axe-F-R-S","Grumpy Bear 11"" Survival Axe Camping Hatchet - Forged High Carbon Steel Blade with Walnut Wood Handle - Shock-Absorbing, Anti-Slip Grip - Ideal for Bu","1","amazon.com","Standard Orders","Amazon","IRVINE","KY","40336","MarketplaceFacilitator","0","0","0","0","0","0","0","0","0","0","0","0","0","0","0","0"
"Dec 24, 2025 3:36:45 AM PST","25187401591","Order","114-9435447-9697026","AXE-WS-L","Grumpy Bear 15"" Survival Axe Camping Hatchet - Forged High Carbon Steel Blade with Walnut Wood Handle - Shock-Absorbing, Anti-Slip Grip - Ideal for Bu","1","amazon.com","Standard Orders","Amazon","SUMTER","SC","29150","MarketplaceFacilitator","29.99","2.40","0","0","0","0","0","0","0","0","-2.40","-4.50","-6.44","0","0","19.05"
"Dec 24, 2025 3:45:04 AM PST","25187401591","Order","113-5352289-3333040","AXE-SH-L","Grumpy Bear 15"" Survival Axe Camping Hatchet - Forged High Carbon Steel Blade with Walnut Wood Handle - Shock-Absorbing, Anti-Slip Grip - Ideal for Bu","1","amazon.com","Standard Orders","Amazon","Galveston","Texas","77550","MarketplaceFacilitator","36.94","2.74","0","0","0","0","0","0","-3.69","0","-2.74","-4.99","-6.44","0","0","21.82"
"Dec 24, 2025 3:45:43 AM PST","25187401591","Order","113-0763049-4997062","C-axe-01","Full Tang Survival Camping Axe with Wood Ergonomic Handle and Nylon Sheath Sheath - High Carbon Stainless Steel, Multi-Tool for Outdoor, Hunting, Emer","1","amazon.com","Standard Orders","Amazon","Readfield","ME","04355","MarketplaceFacilitator","10.99","0.24","0.40","0","0","0","0","0","-0.40","0","-0.24","-1.65","-6.10","0","0","3.24"
"Dec 24, 2025 4:58:49 AM PST","25187401591","Order","114-4765153-3221802","AXE-GBWS-L","Grumpy Bear 15"" Survival Axe Camping Hatchet - Forged High Carbon Steel Blade with Walnut Wood Handle - Shock-Absorbing, Anti-Slip Grip - Ideal for Bu","1","amazon.com","Standard Orders","Amazon","AZUSA","CA","91702","MarketplaceFacilitator","35.41","3.81","0","0","0","0","0","0","0","0","-3.81","-5.31","-6.44","0","0","23.66"
"Dec 24, 2025 5:08:28 AM PST","25187401591","Order","114-2840519-3168257","Axe-F-R-L","Grumpy Bear 15"" Survival Axe Camping Hatchet - Forged High Carbon Steel Blade with Walnut Wood Handle - Shock-Absorbing, Anti-Slip Grip - Ideal for Bu","2","amazon.com","Standard Orders","Amazon","ANIMAS","NM","88020","MarketplaceFacilitator","75.88","4.22","0","0","0","0","0","0","-7.59","0","-4.22","-10.24","-12.88","0","0","45.17"
"Dec 24, 2025 5:11:29 AM PST","25187401591","Order","112-0766523-7910609","AXE-SH-S","Grumpy Bear 11"" Survival Axe Camping Hatchet - Forged High Carbon Steel Blade with Walnut Wood Handle - Shock-Absorbing, Anti-Slip Grip - Ideal for Bu","1","amazon.com","Standard Orders","Amazon","MARSTONS MILLS","MA","02648","MarketplaceFacilitator","34.41","2.15","0","0","0","0","0","0","0","0","-2.15","-5.16","-6.24","0","0","23.01"
"Dec 24, 2025 5:31:42 AM PST","25187401591","Order","112-1614883-0569046","GB-CA-02-WOLF","Grumpy Bear Camping Hatchet with Wolf Carving, Full Tang Outdoor Axe with Decorative Handle, Durable Forged Blade for Hiking, Bushcraft, and Survival","1","amazon.com","Standard Orders","Amazon","PENSACOLA","FL","32514","MarketplaceFacilitator","19.99","1.50","0","0","0","0","0","0","0","0","-1.50","-3.00","-5.84","0","0","11.15"
"Dec 24, 2025 5:38:27 AM PST","25187401591","Order","112-3800004-0287447","AXE-SH-L","Grumpy Bear 15"" Survival Axe Camping Hatchet - Forged High Carbon Steel Blade with Walnut Wood Handle - Shock-Absorbing, Anti-Slip Grip - Ideal for Bu","1","amazon.com","Standard Orders","Amazon","SPRING VALLEY","CA","91977","MarketplaceFacilitator","36.94","2.86","6.99","0","0","0","0","0","-6.99","0","-2.86","-5.54","-6.44","0","0","24.96"
"Dec 24, 2025 5:45:02 AM PST","25187401591","Order","111-2016105-1136253","AXE-SH-L","Grumpy Bear 15"" Survival Axe Camping Hatchet - Forged High Carbon Steel Blade with Walnut Wood Handle - Shock-Absorbing, Anti-Slip Grip - Ideal for Bu","1","amazon.com","Standard Orders","Amazon","BROOKLYN PARK","MD","21225","MarketplaceFacilitator","36.94","2.22","0","0","0","0","0","0","0","0","-2.22","-5.54","-6.44","0","0","24.96"
"Dec 24, 2025 5:45:53 AM PST","25187401591","Order","114-3665101-9985023","GB-CA-02-LION","Grumpy Bear Camping Hatchet with Lion Carving, Full Tang Outdoor Axe with Decorative Handle, Durable Forged Blade for Hiking, Bushcraft, and Survival","1","amazon.com","Standard Orders","Amazon","CONWAY","SC","29526","MarketplaceFacilitator","17.99","1.44","0","0","0","0","0","0","0","0","-1.44","-2.70","-5.68","0","0","9.61"
"Dec 24, 2025 5:46:04 AM PST","25187401591","Refund","114-5862748-6384263","GB-CA-02-EAGLE","Grumpy Bear Camping Hatchet, Full Tang Outdoor Axe with Decorative Handle, Durable Forged Blade for Hiking, Bushcraft, and Survival (Eagle)","1","amazon.com","Standard Orders","Amazon","BROOKHAVEN","MS","39601","MarketplaceFacilitator","-19.99","-1.40","0","0","0","0","0","0","0","0","1.40","2.40","0","0","0","-17.59"
"Dec 24, 2025 5:52:01 AM PST","25187401591","Order","113-7944352-2556248","Axe-F-R-L","Grumpy Bear 15"" Survival Axe Camping Hatchet - Forged High Carbon Steel Blade with Walnut Wood Handle - Shock-Absorbing, Anti-Slip Grip - Ideal for Bu","1","amazon.com","Standard Orders","Amazon","CANTON","OH","44721","MarketplaceFacilitator","37.94","2.22","0","0","0","0","0","0","-3.79","0","-2.22","-5.12","-6.44","0","0","22.59"
"Dec 24, 2025 5:55:29 AM PST","25187401591","Order","113-7897267-3775413","AXE-GBWS-L","Grumpy Bear 15"" Survival Axe Camping Hatchet - Forged High Carbon Steel Blade with Walnut Wood Handle - Shock-Absorbing, Anti-Slip Grip - Ideal for Bu","1","amazon.com","Standard Orders","Amazon","SAN DIEGO","CA","92129","MarketplaceFacilitator","35.41","2.74","0","0","0","0","0","0","0","0","-2.74","-5.31","-6.44","0","0","23.66"
"Dec 24, 2025 5:58:45 AM PST","25187401591","Order","111-9751400-5798628","Axe-F-R-L","Grumpy Bear 15"" Survival Axe Camping Hatchet - Forged High Carbon Steel Blade with Walnut Wood Handle - Shock-Absorbing, Anti-Slip Grip - Ideal for Bu","1","amazon.com","Standard Orders","Amazon","EUREKA","CA","95501","MarketplaceFacilitator","37.94","3.50","0","0","0","0","0","0","-3.79","0","-3.50","-5.12","-6.44","0","0","22.59"
"Dec 24, 2025 6:02:32 AM PST","25187401591","Order","112-2699630-5857045","Axe-F-R-S","Grumpy Bear 11"" Survival Axe Camping Hatchet - Forged High Carbon Steel Blade with Walnut Wood Handle - Shock-Absorbing, Anti-Slip Grip - Ideal for Bu","1","amazon.com","Standard Orders","Amazon","KERENS","TX","75144","MarketplaceFacilitator","34.41","2.56","0","0","0","0","0","0","-3.44","0","-2.56","-4.65","-6.24","0","0","20.08"
"Dec 24, 2025 6:04:59 AM PST","25187401591","Order","112-9444269-2721036","GB-CA-02-LION","Grumpy Bear Camping Hatchet with Lion Carving, Full Tang Outdoor Axe with Decorative Handle, Durable Forged Blade for Hiking, Bushcraft, and Survival","1","amazon.com","Standard Orders","Amazon","APPLETON","WI","54915","MarketplaceFacilitator","17.99","0.99","0","0","0","0","0","0","0","0","-0.99","-2.70","-5.68","0","0","9.61"
"Dec 24, 2025 6:10:10 AM PST","25187401591","Order","113-8769523-3977066","AXE-SH-L","Grumpy Bear 15"" Survival Axe Camping Hatchet - Forged High Carbon Steel Blade with Walnut Wood Handle - Shock-Absorbing, Anti-Slip Grip - Ideal for Bu","1","amazon.com","Standard Orders","Amazon","BILLINGS","MT","59106","","36.94","0","0","0","0","0","0","0","-3.69","0","0","-4.99","-6.44","0","0","21.82"
"Dec 24, 2025 6:10:23 AM PST","25187401591","Order","114-6622822-0587423","Axe-F-R-S","Grumpy Bear 11"" Survival Axe Camping Hatchet - Forged High Carbon Steel Blade with Walnut Wood Handle - Shock-Absorbing, Anti-Slip Grip - Ideal for Bu","1","amazon.com","Standard Orders","Amazon","MINNEAPOLIS","MN","55409","MarketplaceFacilitator","34.41","2.80","6.99","0","0","0","0","0","-10.43","0","-2.80","-4.65","-6.24","0","0","20.08"
"Dec 24, 2025 6:18:46 AM PST","25187401591","Order","114-8544799-6073864","CP-A-K-U","Grumpy Bear Camping Axe & Sickle Set - Dual Outdoor Tools for Camping, Survival & Bushcraft | High Carbon Steel Camping Axe & Hatchet Combo | Black Ox","1","amazon.com","Standard Orders","Amazon","MOHEGAN LAKE","NY","10547","MarketplaceFacilitator","14.99","1.26","0","0","0","0","0","0","0","0","-1.26","-2.25","-5.84","0","0","6.90"
"Dec 24, 2025 6:20:15 AM PST","25187401591","Order","113-3351005-9325815","Axe-F-R-S","Grumpy Bear 11"" Survival Axe Camping Hatchet - Forged High Carbon Steel Blade with Walnut Wood Handle - Shock-Absorbing, Anti-Slip Grip - Ideal for Bu","1","amazon.com","Standard Orders","Amazon","PORT HURON","MI","48060","MarketplaceFacilitator","34.41","2.06","0","0","0","0","0","0","0","0","-2.06","-5.16","-6.24","0","0","23.01"
"Dec 24, 2025 6:22:09 AM PST","25187401591","Order","111-9541614-2318650","GB-CA-02-WOLF","Grumpy Bear Camping Hatchet with Wolf Carving, Full Tang Outdoor Axe with Decorative Handle, Durable Forged Blade for Hiking, Bushcraft, and Survival","1","amazon.com","Standard Orders","Amazon","Hickory","Nc","28601","MarketplaceFacilitator","19.99","1.40","0","0","0","0","0","0","0","0","-1.40","-3.00","-5.84","0","0","11.15"
"Dec 24, 2025 6:29:49 AM PST","25187401591","Order","113-9395515-6669848","CP-A-K-U","Grumpy Bear Camping Axe & Sickle Set - Dual Outdoor Tools for Camping, Survival & Bushcraft | High Carbon Steel Camping Axe & Hatchet Combo | Black Ox","1","amazon.com","Standard Orders","Amazon","CADDO MILLS","TX","75135","MarketplaceFacilitator","14.99","1.01","0","0","0","0","0","0","0","0","-1.01","-2.25","-5.84","0","0","6.90"
"Dec 24, 2025 6:39:56 AM PST","25187401591","Order","114-1246904-9674658","Axe-F-R-S","Grumpy Bear 11"" Survival Axe Camping Hatchet - Forged High Carbon Steel Blade with Walnut Wood Handle - Shock-Absorbing, Anti-Slip Grip - Ideal for Bu","1","amazon.com","Standard Orders","Amazon","Poughkeepsie","New York","12603","MarketplaceFacilitator","34.41","2.80","0","0","0","0","0","0","0","0","-2.80","-5.16","-6.24","0","0","23.01"
"Dec 24, 2025 6:50:48 AM PST","25187401591","Order","113-6071579-1977065","CP-A-K-U","Grumpy Bear Camping Axe & Sickle Set - Dual Outdoor Tools for Camping, Survival & Bushcraft | High Carbon Steel Camping Axe & Hatchet Combo | Black Ox","1","amazon.com","Standard Orders","Amazon","Fullerton","CA","92835","MarketplaceFacilitator","14.99","1.16","0","0","0","0","0","0","0","0","-1.16","-2.25","-5.84","0","0","6.90"
"Dec 24, 2025 7:00:16 AM PST","25187401591","Order","114-4283656-4137064","C-axe-01","Full Tang Survival Camping Axe with Wood Ergonomic Handle and Nylon Sheath Sheath - High Carbon Stainless Steel, Multi-Tool for Outdoor, Hunting, Emer","1","amazon.com","Standard Orders","Amazon","KOKOMO","IN","46902","MarketplaceFacilitator","10.99","0.77","1.00","0","0","0","0","0","-1.00","0","-0.77","-1.65","-6.10","0","0","3.24"
"Dec 24, 2025 7:08:26 AM PST","25187401591","Order","112-3084512-7405865","AXE-SH-S","Grumpy Bear 11"" Survival Axe Camping Hatchet - Forged High Carbon Steel Blade with Walnut Wood Handle - Shock-Absorbing, Anti-Slip Grip - Ideal for Bu","2","amazon.com","Standard Orders","Amazon","Palos Verdes Estates","CA","90274","MarketplaceFacilitator","68.82","6.70","0","0","0","0","0","0","0","0","-6.70","-10.32","-12.48","0","0","46.02"
"Dec 24, 2025 7:23:24 AM PST","25187401591","Order","112-3309989-1746638","AXE-SH-L","Grumpy Bear 15"" Survival Axe Camping Hatchet - Forged High Carbon Steel Blade with Walnut Wood Handle - Shock-Absorbing, Anti-Slip Grip - Ideal for Bu","1","amazon.com","Standard Orders","Amazon","HUNTSVILLE","TX","77320","MarketplaceFacilitator","36.94","3.05","0","0","0","0","0","0","0","0","-3.05","-5.54","-6.44","0","0","24.96"
"Dec 24, 2025 7:24:50 AM PST","25187401591","Order","114-6466612-6550660","GB-CA-02-WOLF","Grumpy Bear Camping Hatchet with Wolf Carving, Full Tang Outdoor Axe with Decorative Handle, Durable Forged Blade for Hiking, Bushcraft, and Survival","1","amazon.com","Standard Orders","Amazon","GLEN COVE","NY","11542","MarketplaceFacilitator","19.99","1.72","0","0","0","0","0","0","0","0","-1.72","-3.00","-5.84","0","0","11.15"
"Dec 24, 2025 7:27:20 AM PST","25187401591","Order","112-3919494-5228233","GB-CA-02-LION","Grumpy Bear Camping Hatchet with Lion Carving, Full Tang Outdoor Axe with Decorative Handle, Durable Forged Blade for Hiking, Bushcraft, and Survival","1","amazon.com","Standard Orders","Amazon","CRESWELL","OR","97426","","17.99","0","0","0","3.99","0","0","0","0","0","0","-2.70","-9.67","0","0","9.61"
"Dec 24, 2025 7:37:33 AM PST","25187401591","Order","114-0407814-5018636","C-axe-01","Full Tang Survival Camping Axe with Wood Ergonomic Handle and Nylon Sheath Sheath - High Carbon Stainless Steel, Multi-Tool for Outdoor, Hunting, Emer","1","amazon.com","Standard Orders","Amazon","MEAD","NE","68041","MarketplaceFacilitator","10.99","0.60","0.19","0","0","0","0","0","-0.19","0","-0.60","-1.65","-6.10","0","0","3.24"
"Dec 24, 2025 7:54:27 AM PST","25187401591","Order","114-6080452-7491455","C-axe-02","Full Tang Survival Camping Axe with Wood Ergonomic Handle and Nylon Sheath Sheath - High Carbon Stainless Steel, Multi-Tool for Outdoor, Hunting, Emer","1","amazon.com","Standard Orders","Amazon","HAWTHORNE","NV","89415","MarketplaceFacilitator","10.99","0.75","0","0","0","0","0","0","0","0","-0.75","-1.65","-6.44","0","0","2.90"
"Dec 24, 2025 8:07:55 AM PST","25187401591","Order","111-5615145-5806617","C-axe-01","Full Tang Survival Camping Axe with Wood Ergonomic Handle and Nylon Sheath Sheath - High Carbon Stainless Steel, Multi-Tool for Outdoor, Hunting, Emer","1","amazon.com","Standard Orders","Amazon","SNOHOMISH","WA","98290","MarketplaceFacilitator","10.99","1.00","0.66","0","0","0","0","0","-0.66","0","-1.00","-1.65","-6.10","0","0","3.24"
"Dec 24, 2025 9:06:51 AM PST","25187401591","Order","112-5382886-7062608","CP-A-K-U","Grumpy Bear Camping Axe & Sickle Set - Dual Outdoor Tools for Camping, Survival & Bushcraft | High Carbon Steel Camping Axe & Hatchet Combo | Black Ox","1","amazon.com","Standard Orders","Amazon","SAINT PETERSBURG","FL","33710","MarketplaceFacilitator","14.99","1.05","1.94","0","0","0","0","0","0","0","-2.10","-4.50","-9.72","0","0","1.66"
"Dec 24, 2025 9:06:51 AM PST","25187401591","Order","112-5382886-7062608","CP-A-K-U","Grumpy Bear Camping Axe & Sickle Set - Dual Outdoor Tools for Camping, Survival & Bushcraft | High Carbon Steel Camping Axe & Hatchet Combo | Black Ox","1","amazon.com","Standard Orders","Amazon","SAINT PETERSBURG","FL","33710","","14.99","1.05","1.94","0","0","0","0","0","0","0","0","0","-5.84","0","0","12.14"
"Dec 24, 2025 9:15:02 AM PST","25187401591","Refund","112-8867510-7152219","AXE-WS-L","Grumpy Bear 15"" Survival Axe Camping Hatchet - Forged High Carbon Steel Blade with Walnut Wood Handle - Shock-Absorbing, Anti-Slip Grip - Ideal for Bu","1","amazon.com","Standard Orders","Amazon","WACO","TX","76705","MarketplaceFacilitator","-35.41","-2.92","0","0","0","0","0","0","0","0","2.92","4.25","0","0","0","-31.16"
"Dec 24, 2025 9:50:08 AM PST","25187401591","Order","113-4655886-3519402","Axe-F-R-S","Grumpy Bear 11"" Survival Axe Camping Hatchet - Forged High Carbon Steel Blade with Walnut Wood Handle - Shock-Absorbing, Anti-Slip Grip - Ideal for Bu","1","amazon.com","Standard Orders","Amazon","KEMP","TX","75143","MarketplaceFacilitator","34.41","2.48","0","0","0","0","0","0","-3.44","0","-2.48","-4.65","-6.24","0","0","20.08"
"Dec 24, 2025 9:54:40 AM PST","25187401591","Order","114-3361739-0405845","CP-A-K-U","Grumpy Bear Camping Axe & Sickle Set - Dual Outdoor Tools for Camping, Survival & Bushcraft | High Carbon Steel Camping Axe & Hatchet Combo | Black Ox","1","amazon.com","Standard Orders","Amazon","CONWAY","AR","72032","MarketplaceFacilitator","14.99","1.05","0","0","0","0","0","0","0","0","-1.05","-2.25","-5.84","0","0","6.90"
"Dec 24, 2025 12:00:23 PM PST","25187401591","Order","114-0839525-3795405","CP-A-K-U","Grumpy Bear Camping Axe & Sickle Set - Dual Outdoor Tools for Camping, Survival & Bushcraft | High Carbon Steel Camping Axe & Hatchet Combo | Black Ox","1","amazon.com","Standard Orders","Amazon","COLUMBIA","MO","65202","MarketplaceFacilitator","14.99","1.20","0","0","0","0","0","0","0","0","-1.20","-2.25","-5.84","0","0","6.90"
"Dec 24, 2025 1:53:09 PM PST","25187401591","Order","112-4436011-1289814","C-axe-01","Full Tang Survival Camping Axe with Wood Ergonomic Handle and Nylon Sheath Sheath - High Carbon Stainless Steel, Multi-Tool for Outdoor, Hunting, Emer","1","amazon.com","Standard Orders","Amazon","LEAKESVILLE","MS","39451","MarketplaceFacilitator","10.99","0.77","0.99","0","0","0","0","0","-0.99","0","-0.77","-1.65","-6.10","0","0","3.24"
"Dec 24, 2025 2:34:50 PM PST","25187401591","Order","114-0775491-9682654","GB-CA-02-TIGER","Grumpy Bear Camping Hatchet with Tiger Carving, Full Tang Outdoor Axe with Decorative Handle, Durable Forged Blade for Hiking, Bushcraft, and Survival","1","amazon.com","Standard Orders","Amazon","EVANS","GA","30809","MarketplaceFacilitator","17.99","1.44","0.75","0","0","0","0","0","-0.75","0","-1.44","-2.70","-5.84","0","0","9.45"
"Dec 24, 2025 3:07:05 PM PST","25187401591","Order","112-8732740-2929862","CP-A-K-U","Grumpy Bear Camping Axe & Sickle Set - Dual Outdoor Tools for Camping, Survival & Bushcraft | High Carbon Steel Camping Axe & Hatchet Combo | Black Ox","1","amazon.com","Standard Orders","Amazon","NORTH LAS VEGAS","NEVADA","89030","MarketplaceFacilitator","14.99","1.26","1.50","0","0","0","0","0","-1.50","0","-1.26","-2.25","-5.84","0","0","6.90"
"Dec 24, 2025 3:57:18 PM PST","25187401591","Order","114-4678819-3829043","CP-A-K-U","Grumpy Bear Camping Axe & Sickle Set - Dual Outdoor Tools for Camping, Survival & Bushcraft | High Carbon Steel Camping Axe & Hatchet Combo | Black Ox","1","amazon.com","Standard Orders","Amazon","CANTON","MA","02021","MarketplaceFacilitator","14.99","0.94","0","0","0","0","0","0","0","0","-0.94","-2.25","-5.84","0","0","6.90"
"Dec 24, 2025 4:00:50 PM PST","25187401591","Order","113-7573855-7746628","Axe-F-R-S","Grumpy Bear 11"" Survival Axe Camping Hatchet - Forged High Carbon Steel Blade with Walnut Wood Handle - Shock-Absorbing, Anti-Slip Grip - Ideal for Bu","1","amazon.com","Standard Orders","Amazon","VISTA","CA","92084","MarketplaceFacilitator","34.41","2.84","0","0","0","0","0","0","0","0","-2.84","-5.16","-6.24","0","0","23.01"
"Dec 24, 2025 4:24:09 PM PST","25187401591","Order","113-7070352-1801023","CP-A-K-U","Grumpy Bear Camping Axe & Sickle Set - Dual Outdoor Tools for Camping, Survival & Bushcraft | High Carbon Steel Camping Axe & Hatchet Combo | Black Ox","1","amazon.com","Standard Orders","Amazon","LAKEWOOD","WA","98498","MarketplaceFacilitator","14.99","1.51","4.31","0","0","0","0","0","-4.31","0","-1.51","-2.25","-5.84","0","0","6.90"
"Dec 24, 2025 4:24:40 PM PST","25187401591","Order","112-0813162-0471417","CP-A-K-U","Grumpy Bear Camping Axe & Sickle Set - Dual Outdoor Tools for Camping, Survival & Bushcraft | High Carbon Steel Camping Axe & Hatchet Combo | Black Ox","1","amazon.com","Standard Orders","Amazon","portland","oregon","97220","","14.99","0","0","0","0","0","0","0","0","0","0","-2.25","-5.84","0","0","6.90"
"Dec 24, 2025 4:29:02 PM PST","25187401591","Order","113-2110202-4013824","AXE-SH-L","Grumpy Bear 15"" Survival Axe Camping Hatchet - Forged High Carbon Steel Blade with Walnut Wood Handle - Shock-Absorbing, Anti-Slip Grip - Ideal for Bu","1","amazon.com","Standard Orders","Amazon","SAN ANTONIO","TX","78216","MarketplaceFacilitator","36.94","3.05","0","0","0","0","0","0","0","0","-3.05","-5.54","-6.44","0","0","24.96"
"Dec 24, 2025 5:00:44 PM PST","25187401591","Order","113-3119720-9573054","C-axe-02","Full Tang Survival Camping Axe with Wood Ergonomic Handle and Nylon Sheath Sheath - High Carbon Stainless Steel, Multi-Tool for Outdoor, Hunting, Emer","1","amazon.com","Standard Orders","Amazon","GALLUP","NM","87301","MarketplaceFacilitator","10.99","0.89","0","0","0","0","0","0","0","0","-0.89","-1.65","-6.44","0","0","2.90"
"Dec 24, 2025 5:23:37 PM PST","25187401591","Order","114-5174021-9169812","AXE-GBWS-L","Grumpy Bear 15"" Survival Axe Camping Hatchet - Forged High Carbon Steel Blade with Walnut Wood Handle - Shock-Absorbing, Anti-Slip Grip - Ideal for Bu","1","amazon.com","Standard Orders","Amazon","DENTON","TX","76201","MarketplaceFacilitator","35.41","2.63","2.23","0","0","0","0","0","-5.77","0","-2.63","-4.78","-6.44","0","0","20.65"
"Dec 24, 2025 5:24:51 PM PST","25187401591","Order","114-2295825-0897042","GB-CA-02-LION","Grumpy Bear Camping Hatchet with Lion Carving, Full Tang Outdoor Axe with Decorative Handle, Durable Forged Blade for Hiking, Bushcraft, and Survival","1","amazon.com","Standard Orders","Amazon","LAS VEGAS","NV","89110","MarketplaceFacilitator","17.99","1.51","0","0","0","0","0","0","0","0","-1.51","-2.70","-5.68","0","0","9.61"
"Dec 24, 2025 5:25:47 PM PST","25187401591","Order","114-4958365-7520262","CP-A-K-U","Grumpy Bear Camping Axe & Sickle Set - Dual Outdoor Tools for Camping, Survival & Bushcraft | High Carbon Steel Camping Axe & Hatchet Combo | Black Ox","1","amazon.com","Standard Orders","Amazon","CONWAY","AR","72032","MarketplaceFacilitator","14.99","1.31","0","0","0","0","0","0","0","0","-1.31","-2.25","-5.84","0","0","6.90"
"Dec 24, 2025 6:54:57 PM PST","25187401591","Order","113-7582734-7289060","CP-A-K-U","Grumpy Bear Camping Axe & Sickle Set - Dual Outdoor Tools for Camping, Survival & Bushcraft | High Carbon Steel Camping Axe & Hatchet Combo | Black Ox","1","amazon.com","Standard Orders","Amazon","MODESTO","CA","95351","MarketplaceFacilitator","14.99","1.33","0","0","0","0","0","0","0","0","-1.33","-2.25","-5.84","0","0","6.90"
"Dec 24, 2025 8:13:11 PM PST","25187401591","Order","113-2171658-0969819","C-axe-01","Full Tang Survival Camping Axe with Wood Ergonomic Handle and Nylon Sheath Sheath - High Carbon Stainless Steel, Multi-Tool for Outdoor, Hunting, Emer","1","amazon.com","Standard Orders","Amazon","NORTH CONWAY","NH","03860","","10.99","0","0.66","0","0","0","0","0","-0.66","0","0","-1.65","-6.10","0","0","3.24"
"Dec 24, 2025 8:43:57 PM PST","25187401591","Order","113-8628335-3764225","AXE-SH-L","Grumpy Bear 15"" Survival Axe Camping Hatchet - Forged High Carbon Steel Blade with Walnut Wood Handle - Shock-Absorbing, Anti-Slip Grip - Ideal for Bu","1","amazon.com","Standard Orders","Amazon","GREER","SC","29651","MarketplaceFacilitator","36.94","2.22","0","0","0","0","0","0","0","0","-2.22","-5.54","-6.44","0","0","24.96"
"Dec 24, 2025 9:31:06 PM PST","25187401591","Order","111-6575752-7309822","AXE-WS-S","Grumpy Bear 11"" Survival Axe Camping Hatchet - Forged High Carbon Steel Blade with Walnut Wood Handle - Shock-Absorbing, Anti-Slip Grip - Ideal for Bu","1","amazon.com","Standard Orders","Amazon","QUINTON","VA","23141","MarketplaceFacilitator","29.99","1.80","0","0","0","0","0","0","0","0","-1.80","-4.50","-6.24","0","0","19.25"
"Dec 24, 2025 10:16:09 PM PST","25187401591","Order","111-1172465-6921844","CP-A-K-U","Grumpy Bear Camping Axe & Sickle Set - Dual Outdoor Tools for Camping, Survival & Bushcraft | High Carbon Steel Camping Axe & Hatchet Combo | Black Ox","1","amazon.com","Standard Orders","Amazon","LEANDER","TX","78641","MarketplaceFacilitator","14.99","1.24","0","0","0","0","0","0","0","0","-1.24","-2.25","-5.84","0","0","6.90"
"Dec 24, 2025 10:29:06 PM PST","25187401591","Order","112-9723306-8934614","GB-CA-02-EAGLE","Grumpy Bear Camping Hatchet, Full Tang Outdoor Axe with Decorative Handle, Durable Forged Blade for Hiking, Bushcraft, and Survival (Eagle)","1","amazon.com","Standard Orders","Amazon","Hollywood","FL","33020","MarketplaceFacilitator","19.99","1.40","0","0","0","0","0","0","0","0","-1.40","-3.00","-5.68","0","0","11.31"
"Dec 24, 2025 10:31:08 PM PST","25187401591","Order","114-6487235-2716209","C-axe-01","Full Tang Survival Camping Axe with Wood Ergonomic Handle and Nylon Sheath Sheath - High Carbon Stainless Steel, Multi-Tool for Outdoor, Hunting, Emer","1","amazon.com","Standard Orders","Amazon","CANTON","NC","28716","MarketplaceFacilitator","10.99","0.77","0.20","0","0","0","0","0","-0.20","0","-0.77","-1.65","-6.10","0","0","3.24"
"Dec 24, 2025 10:58:26 PM PST","25187401591","Order","112-7994219-4865823","GB-CA-02-EAGLE","Grumpy Bear Camping Hatchet, Full Tang Outdoor Axe with Decorative Handle, Durable Forged Blade for Hiking, Bushcraft, and Survival (Eagle)","1","amazon.com","Standard Orders","Amazon","RANTOUL","IL","61866","MarketplaceFacilitator","19.99","1.80","0","0","0","0","0","0","0","0","-1.80","-3.00","-5.68","0","0","11.31"
"Dec 24, 2025 11:03:58 PM PST","25187401591","Order","112-6445933-9147429","AXE-SH-S","Grumpy Bear 11"" Survival Axe Camping Hatchet - Forged High Carbon Steel Blade with Walnut Wood Handle - Shock-Absorbing, Anti-Slip Grip - Ideal for Bu","1","amazon.com","Standard Orders","Amazon","SANDY","OR","97055","","34.41","0","0","0","0","0","0","0","0","0","0","-5.16","-6.24","0","0","23.01"
"Dec 24, 2025 11:07:08 PM PST","25187401591","Order","113-3995558-4205832","GB-CA-02-EAGLE","Grumpy Bear Camping Hatchet, Full Tang Outdoor Axe with Decorative Handle, Durable Forged Blade for Hiking, Bushcraft, and Survival (Eagle)","1","amazon.com","Standard Orders","Amazon","OAK HARBOR","WA","98277","MarketplaceFacilitator","19.99","1.80","0","0","0","0","0","0","0","0","-1.80","-3.00","-5.68","0","0","11.31"
"Dec 24, 2025 11:17:25 PM PST","25187401591","Order","112-7430811-9633856","GB-CA-02-WOLF","Grumpy Bear Camping Hatchet with Wolf Carving, Full Tang Outdoor Axe with Decorative Handle, Durable Forged Blade for Hiking, Bushcraft, and Survival","1","amazon.com","Standard Orders","Amazon","POTTSVILLE","PA","17901","MarketplaceFacilitator","19.99","1.20","0","0","0","0","0","0","0","0","-1.20","-3.00","-5.84","0","0","11.15"
"Dec 24, 2025 11:23:42 PM PST","25187401591","Order","111-0057497-0925825","GB-CA-02-LION","Grumpy Bear Camping Hatchet with Lion Carving, Full Tang Outdoor Axe with Decorative Handle, Durable Forged Blade for Hiking, Bushcraft, and Survival","1","amazon.com","Standard Orders","Amazon","BROWNSVILLE","TX","78521","MarketplaceFacilitator","17.99","1.48","0","0","0","0","0","0","0","0","-1.48","-2.70","-5.68","0","0","9.61"
"Dec 24, 2025 11:26:27 PM PST","25187401591","Order","112-4085882-1499461","GB-CA-02-WOLF","Grumpy Bear Camping Hatchet with Wolf Carving, Full Tang Outdoor Axe with Decorative Handle, Durable Forged Blade for Hiking, Bushcraft, and Survival","1","amazon.com","Standard Orders","Amazon","KING GEORGE","VA","22485","MarketplaceFacilitator","19.99","1.06","0","0","0","0","0","0","0","0","-1.06","-3.00","-5.84","0","0","11.15"
"Dec 24, 2025 11:26:57 PM PST","25187401591","Order","112-6655405-1081001","GB-CA-02-WOLF","Grumpy Bear Camping Hatchet with Wolf Carving, Full Tang Outdoor Axe with Decorative Handle, Durable Forged Blade for Hiking, Bushcraft, and Survival","1","amazon.com","Standard Orders","Amazon","ELLENSBURG","WA","98926","MarketplaceFacilitator","19.99","1.66","0","0","0","0","0","0","0","0","-1.66","-3.00","-5.84","0","0","11.15"
"Dec 24, 2025 11:39:18 PM PST","25187401591","Order","111-1436358-4076236","C-axe-01","Full Tang Survival Camping Axe with Wood Ergonomic Handle and Nylon Sheath Sheath - High Carbon Stainless Steel, Multi-Tool for Outdoor, Hunting, Emer","1","amazon.com","Standard Orders","Amazon","ABILENE","TX","79605","MarketplaceFacilitator","10.99","0.77","1.33","0","0","0","0","0","-1.33","0","-0.77","-1.65","-6.10","0","0","3.24"
"Dec 24, 2025 11:53:35 PM PST","25187401591","Order","112-3238597-8733001","AXE-SH-L","Grumpy Bear 15"" Survival Axe Camping Hatchet - Forged High Carbon Steel Blade with Walnut Wood Handle - Shock-Absorbing, Anti-Slip Grip - Ideal for Bu","1","amazon.com","Standard Orders","Amazon","SUFFOLK","VA","23434","MarketplaceFacilitator","36.94","2.22","0","0","0","0","0","0","0","0","-2.22","-5.54","-6.44","0","0","24.96"
"Dec 25, 2025 12:14:09 AM PST","25187401591","Order","111-6918212-1389866","C-axe-01","Full Tang Survival Camping Axe with Wood Ergonomic Handle and Nylon Sheath Sheath - High Carbon Stainless Steel, Multi-Tool for Outdoor, Hunting, Emer","1","amazon.com","Standard Orders","Amazon","DARRINGTON","WA","98241","MarketplaceFacilitator","10.99","1.00","6.99","0.64","0","0","0","0","0","0","-1.64","-1.65","-13.09","0","0","3.24"
"Dec 25, 2025 12:20:33 AM PST","25187401591","Order","114-9620065-9604265","CP-A-K-U","Grumpy Bear Camping Axe & Sickle Set - Dual Outdoor Tools for Camping, Survival & Bushcraft | High Carbon Steel Camping Axe & Hatchet Combo | Black Ox","1","amazon.com","Standard Orders","Amazon","HOLLY RIDGE","NC","28445","MarketplaceFacilitator","14.99","1.05","6.99","0.49","0","0","0","0","0","0","-1.54","-2.25","-12.83","0","0","6.90"
"Dec 25, 2025 12:30:50 AM PST","25187401591","Order","112-8867510-7152219","AXE-WS-L","Grumpy Bear 15"" Survival Axe Camping Hatchet - Forged High Carbon Steel Blade with Walnut Wood Handle - Shock-Absorbing, Anti-Slip Grip - Ideal for Bu","1","amazon.com","Standard Orders","Amazon","WACO","TX","76705","MarketplaceFacilitator","35.41","2.92","0","0","0","0","0","0","0","0","-2.92","-5.31","-6.44","0","0","23.66"
"Dec 25, 2025 1:14:03 AM PST","25187401591","Order","112-0041774-2450633","C-axe-01","Full Tang Survival Camping Axe with Wood Ergonomic Handle and Nylon Sheath Sheath - High Carbon Stainless Steel, Multi-Tool for Outdoor, Hunting, Emer","1","amazon.com","Standard Orders","Amazon","Pea Ridge","AR","72751","MarketplaceFacilitator","10.99","1.04","0.31","0","0","0","0","0","-0.31","0","-1.04","-1.65","-6.10","0","0","3.24"
"Dec 25, 2025 1:26:41 AM PST","25187401591","Order","112-7575624-8945028","Axe-F-R-S","Grumpy Bear 11"" Survival Axe Camping Hatchet - Forged High Carbon Steel Blade with Walnut Wood Handle - Shock-Absorbing, Anti-Slip Grip - Ideal for Bu","1","amazon.com","Standard Orders","Amazon","LINDEN","TN","37096","MarketplaceFacilitator","34.41","3.27","0","0","0","0","0","0","0","0","-3.27","-5.16","-6.24","0","0","23.01"
"Dec 25, 2025 1:32:42 AM PST","25187401591","Order","112-6383131-4801831","CP-A-K-U","Grumpy Bear Camping Axe & Sickle Set - Dual Outdoor Tools for Camping, Survival & Bushcraft | High Carbon Steel Camping Axe & Hatchet Combo | Black Ox","1","amazon.com","Standard Orders","Amazon","TEMECULA","CA","92592","MarketplaceFacilitator","14.99","1.31","0","0","0","0","0","0","0","0","-1.31","-2.25","-5.84","0","0","6.90"
"Dec 25, 2025 1:44:00 AM PST","25187401591","Order","112-6331380-8370619","CP-A-K-U","Grumpy Bear Camping Axe & Sickle Set - Dual Outdoor Tools for Camping, Survival & Bushcraft | High Carbon Steel Camping Axe & Hatchet Combo | Black Ox","1","amazon.com","Standard Orders","Amazon","MIAMI GARDENS","FL","33055","MarketplaceFacilitator","14.99","1.05","0","0","0","0","0","0","0","0","-1.05","-2.25","-5.84","0","0","6.90"
"Dec 25, 2025 1:50:58 AM PST","25187401591","Order","112-6176632-8933838","C-axe-01","Full Tang Survival Camping Axe with Wood Ergonomic Handle and Nylon Sheath Sheath - High Carbon Stainless Steel, Multi-Tool for Outdoor, Hunting, Emer","2","amazon.com","Standard Orders","Amazon","LE RAYSVILLE","PA","18829","MarketplaceFacilitator","21.98","1.32","0","0","0","0","0","0","0","0","-1.32","-3.30","-12.20","0","0","6.48"
"Dec 25, 2025 1:52:03 AM PST","25187401591","Order","114-3368129-0593822","CP-A-K-U","Grumpy Bear Camping Axe & Sickle Set - Dual Outdoor Tools for Camping, Survival & Bushcraft | High Carbon Steel Camping Axe & Hatchet Combo | Black Ox","1","amazon.com","Standard Orders","Amazon","ASTATULA","FL","34705","MarketplaceFacilitator","14.99","1.05","0","0","0","0","0","0","0","0","-1.05","-2.25","-5.84","0","0","6.90"
"Dec 25, 2025 2:05:04 AM PST","25187401591","Order","111-9716676-6150615","AXE-SH-L","Grumpy Bear 15"" Survival Axe Camping Hatchet - Forged High Carbon Steel Blade with Walnut Wood Handle - Shock-Absorbing, Anti-Slip Grip - Ideal for Bu","1","amazon.com","Standard Orders","Amazon","SPARKS","NV","89441","MarketplaceFacilitator","36.94","3.05","0","0","0","0","0","0","0","0","-3.05","-5.54","-6.44","0","0","24.96"
"Dec 25, 2025 2:24:21 AM PST","25187401591","Order","113-1440617-9852218","GB-CA-02-LION","Grumpy Bear Camping Hatchet with Lion Carving, Full Tang Outdoor Axe with Decorative Handle, Durable Forged Blade for Hiking, Bushcraft, and Survival","1","amazon.com","Standard Orders","Amazon","GARY","IN","46403","MarketplaceFacilitator","17.99","1.26","0","0","0","0","0","0","0","0","-1.26","-2.70","-5.68","0","0","9.61"
"Dec 25, 2025 2:38:13 AM PST","25187401591","Order","114-5269340-8695420","Axe-F-R-L","Grumpy Bear 15"" Survival Axe Camping Hatchet - Forged High Carbon Steel Blade with Walnut Wood Handle - Shock-Absorbing, Anti-Slip Grip - Ideal for Bu","1","amazon.com","Standard Orders","Amazon","Orovada","NV","89425","MarketplaceFacilitator","37.94","2.34","0","0","0","0","0","0","-3.79","0","-2.34","-5.12","-6.44","0","0","22.59"
"Dec 25, 2025 2:40:54 AM PST","25187401591","Order","112-8086579-0866614","GB-CA-02-EAGLE","Grumpy Bear Camping Hatchet, Full Tang Outdoor Axe with Decorative Handle, Durable Forged Blade for Hiking, Bushcraft, and Survival (Eagle)","1","amazon.com","Standard Orders","Amazon","UNION CITY","TN","38261","MarketplaceFacilitator","19.99","1.95","0","0","0","0","0","0","0","0","-1.95","-3.00","-5.68","0","0","11.31"
"Dec 25, 2025 2:42:59 AM PST","25187401591","Order","112-6171826-6047425","AXE-SH-L","Grumpy Bear 15"" Survival Axe Camping Hatchet - Forged High Carbon Steel Blade with Walnut Wood Handle - Shock-Absorbing, Anti-Slip Grip - Ideal for Bu","1","amazon.com","Standard Orders","Amazon","Manassas","VA","20110","MarketplaceFacilitator","36.94","2.22","0","0","0","0","0","0","0","0","-2.22","-5.54","-6.44","0","0","24.96"
"Dec 25, 2025 3:04:50 AM PST","25187401591","Order","111-5428446-9789014","CP-A-K-U","Grumpy Bear Camping Axe & Sickle Set - Dual Outdoor Tools for Camping, Survival & Bushcraft | High Carbon Steel Camping Axe & Hatchet Combo | Black Ox","1","amazon.com","Standard Orders","Amazon","STOCKTON","CA","95210","MarketplaceFacilitator","14.99","1.35","1.50","0","0","0","0","0","-1.50","0","-2.70","-4.50","-5.84","0","0","3.30"
"Dec 25, 2025 3:04:50 AM PST","25187401591","Order","111-5428446-9789014","CP-A-K-U","Grumpy Bear Camping Axe & Sickle Set - Dual Outdoor Tools for Camping, Survival & Bushcraft | High Carbon Steel Camping Axe & Hatchet Combo | Black Ox","1","amazon.com","Standard Orders","Amazon","STOCKTON","CA","95210","","14.99","1.35","1.49","0","0","0","0","0","-1.49","0","0","0","-5.84","0","0","10.50"
"Dec 25, 2025 3:21:40 AM PST","25187401591","Order","114-2692514-4537061","CP-A-K-U","Grumpy Bear Camping Axe & Sickle Set - Dual Outdoor Tools for Camping, Survival & Bushcraft | High Carbon Steel Camping Axe & Hatchet Combo | Black Ox","1","amazon.com","Standard Orders","Amazon","BURLINGTON","KS","66839","MarketplaceFacilitator","14.99","1.27","4.00","0","0","0","0","0","-4.00","0","-1.27","-2.25","-5.84","0","0","6.90"
"Dec 25, 2025 3:49:07 AM PST","25187401591","Order","112-7743877-5533865","CP-A-K-U","Grumpy Bear Camping Axe & Sickle Set - Dual Outdoor Tools for Camping, Survival & Bushcraft | High Carbon Steel Camping Axe & Hatchet Combo | Black Ox","1","amazon.com","Standard Orders","Amazon","WHITESBURG","KY","41858","MarketplaceFacilitator","14.99","0.90","0","0","0","0","0","0","0","0","-0.90","-2.25","-5.84","0","0","6.90"
"Dec 25, 2025 4:06:10 AM PST","25187401591","Order","114-8055308-2729849","AXE-SH-L","Grumpy Bear 15"" Survival Axe Camping Hatchet - Forged High Carbon Steel Blade with Walnut Wood Handle - Shock-Absorbing, Anti-Slip Grip - Ideal for Bu","1","amazon.com","Standard Orders","Amazon","TUSTIN","CA","92780","MarketplaceFacilitator","36.94","2.86","2.99","0","0","0","0","0","-2.99","0","-2.86","-5.54","-6.44","0","0","24.96"
"Dec 25, 2025 4:10:26 AM PST","25187401591","Order","112-4399475-5496214","AXE-SH-L","Grumpy Bear 15"" Survival Axe Camping Hatchet - Forged High Carbon Steel Blade with Walnut Wood Handle - Shock-Absorbing, Anti-Slip Grip - Ideal for Bu","1","amazon.com","Standard Orders","Amazon","RAINSVILLE","AL","35986","MarketplaceFacilitator","36.94","2.66","3.04","0","0","0","0","0","-6.73","0","-2.66","-4.99","-6.44","0","0","21.82"
"Dec 25, 2025 4:24:10 AM PST","25187401591","Order","111-7416825-3759423","C-axe-02","Full Tang Survival Camping Axe with Wood Ergonomic Handle and Nylon Sheath Sheath - High Carbon Stainless Steel, Multi-Tool for Outdoor, Hunting, Emer","1","amazon.com","Standard Orders","Amazon","ARLINGTON","MA","02476","MarketplaceFacilitator","10.99","0.69","0","0","0","0","0","0","0","0","-0.69","-1.65","-6.44","0","0","2.90"
"Dec 25, 2025 4:29:23 AM PST","25187401591","Order","111-6031440-2485034","CP-A-K-U","Grumpy Bear Camping Axe & Sickle Set - Dual Outdoor Tools for Camping, Survival & Bushcraft | High Carbon Steel Camping Axe & Hatchet Combo | Black Ox","1","amazon.com","Standard Orders","Amazon","UPPER MARLBORO","MD","20772","MarketplaceFacilitator","14.99","0.90","0","0","0","0","0","0","0","0","-0.90","-2.25","-5.84","0","0","6.90"
"Dec 25, 2025 4:32:24 AM PST","25187401591","Order","113-0105130-3272215","Axe-F-R-L","Grumpy Bear 15"" Survival Axe Camping Hatchet - Forged High Carbon Steel Blade with Walnut Wood Handle - Shock-Absorbing, Anti-Slip Grip - Ideal for Bu","1","amazon.com","Standard Orders","Amazon","SHEPHERDSVILLE","KY","40165","MarketplaceFacilitator","37.94","2.05","0","0","0","0","0","0","-3.79","0","-2.05","-5.12","-6.44","0","0","22.59"
"Dec 25, 2025 4:40:26 AM PST","25187401591","Order","111-3976398-8677002","CP-A-K-U","Grumpy Bear Camping Axe & Sickle Set - Dual Outdoor Tools for Camping, Survival & Bushcraft | High Carbon Steel Camping Axe & Hatchet Combo | Black Ox","1","amazon.com","Standard Orders","Amazon","LAS VEGAS","NV","89129","MarketplaceFacilitator","14.99","1.26","0","0","0","0","0","0","0","0","-1.26","-2.25","-5.84","0","0","6.90"
"Dec 25, 2025 5:26:18 AM PST","25187401591","Order","113-2299394-8158630","AXE-SH-S","Grumpy Bear 11"" Survival Axe Camping Hatchet - Forged High Carbon Steel Blade with Walnut Wood Handle - Shock-Absorbing, Anti-Slip Grip - Ideal for Bu","1","amazon.com","Standard Orders","Amazon","COLORADO SPRINGS","CO","80907","MarketplaceFacilitator","34.41","2.82","0","0","0","0","0","0","0","0","-2.82","-5.16","-6.24","0","0","23.01"
"Dec 25, 2025 5:26:20 AM PST","25187401591","Order","114-8869974-2618617","Axe-F-R-L","Grumpy Bear 15"" Survival Axe Camping Hatchet - Forged High Carbon Steel Blade with Walnut Wood Handle - Shock-Absorbing, Anti-Slip Grip - Ideal for Bu","1","amazon.com","Standard Orders","Amazon","BRIGHAM CITY","UT","84302","MarketplaceFacilitator","37.94","2.37","0","0","0","0","0","0","-3.79","0","-2.37","-5.12","-6.44","0","0","22.59"
"Dec 25, 2025 5:33:23 AM PST","25187401591","Order","114-7021670-0662621","CP-A-K-U","Grumpy Bear Camping Axe & Sickle Set - Dual Outdoor Tools for Camping, Survival & Bushcraft | High Carbon Steel Camping Axe & Hatchet Combo | Black Ox","1","amazon.com","Standard Orders","Amazon","WEST PALM BEACH","FL","33412","MarketplaceFacilitator","14.99","1.05","0","0","0","0","0","0","0","0","-1.05","-2.25","-5.84","0","0","6.90"
"Dec 25, 2025 5:33:52 AM PST","25187401591","Order","112-5065125-2722601","CP-A-K-U","Grumpy Bear Camping Axe & Sickle Set - Dual Outdoor Tools for Camping, Survival & Bushcraft | High Carbon Steel Camping Axe & Hatchet Combo | Black Ox","1","amazon.com","Standard Orders","Amazon","TAMPA","FL","33624","MarketplaceFacilitator","14.99","1.12","0","0","0","0","0","0","0","0","-1.12","-2.25","-5.84","0","0","6.90"
"Dec 25, 2025 5:35:14 AM PST","25187401591","Order","111-7132694-1893863","AXE-SH-L","Grumpy Bear 15"" Survival Axe Camping Hatchet - Forged High Carbon Steel Blade with Walnut Wood Handle - Shock-Absorbing, Anti-Slip Grip - Ideal for Bu","2","amazon.com","Standard Orders","Amazon","EMMETT","ID","83617","MarketplaceFacilitator","73.88","3.99","0","0","0","0","0","0","-7.39","0","-5.99","-14.97","-12.88","0","0","36.64"
"Dec 25, 2025 5:35:14 AM PST","25187401591","Order","111-7132694-1893863","AXE-SH-L","Grumpy Bear 15"" Survival Axe Camping Hatchet - Forged High Carbon Steel Blade with Walnut Wood Handle - Shock-Absorbing, Anti-Slip Grip - Ideal for Bu","1","amazon.com","Standard Orders","Amazon","EMMETT","ID","83617","","36.94","2.00","0","0","0","0","0","0","-3.69","0","0","0","-6.44","0","0","28.81"
"Dec 25, 2025 5:43:09 AM PST","25187401591","Order","113-4585649-3080237","AXE-GBWS-S","Grumpy Bear 11"" Survival Axe Camping Hatchet - Forged High Carbon Steel Blade with Walnut Wood Handle - Shock-Absorbing, Anti-Slip Grip - Ideal for Bu","1","amazon.com","Standard Orders","Amazon","CARTERVILLE","ILLINOIS","62918","MarketplaceFacilitator","33.84","2.51","0","0","0","0","0","0","-3.38","0","-2.51","-4.57","-6.10","0","0","19.79"
"Dec 25, 2025 5:43:12 AM PST","25187401591","Order","112-7949338-0161051","C-axe-02","Full Tang Survival Camping Axe with Wood Ergonomic Handle and Nylon Sheath Sheath - High Carbon Stainless Steel, Multi-Tool for Outdoor, Hunting, Emer","1","amazon.com","Standard Orders","Amazon","JESUP","GA","31545","MarketplaceFacilitator","10.99","0.88","0","0","0","0","0","0","0","0","-0.88","-1.65","-6.44","0","0","2.90"
"Dec 25, 2025 5:49:43 AM PST","25187401591","Order","114-3593373-3489815","AXE-SH-L","Grumpy Bear 15"" Survival Axe Camping Hatchet - Forged High Carbon Steel Blade with Walnut Wood Handle - Shock-Absorbing, Anti-Slip Grip - Ideal for Bu","1","amazon.com","Standard Orders","Amazon","MYRTLE BEACH","SC","29579","MarketplaceFacilitator","36.94","2.96","0","0","0","0","0","0","0","0","-2.96","-5.54","-6.44","0","0","24.96"
"Dec 25, 2025 5:58:54 AM PST","25187401591","Order","112-6332389-7960239","C-axe-01","Full Tang Survival Camping Axe with Wood Ergonomic Handle and Nylon Sheath Sheath - High Carbon Stainless Steel, Multi-Tool for Outdoor, Hunting, Emer","1","amazon.com","Standard Orders","Amazon","JESUP","GA","31545","MarketplaceFacilitator","10.99","0.88","0","0","0","0","0","0","0","0","-0.88","-1.65","-6.10","0","0","3.24"
"Dec 25, 2025 6:05:40 AM PST","25187401591","Order","114-2422600-4161051","CP-A-K-U","Grumpy Bear Camping Axe & Sickle Set - Dual Outdoor Tools for Camping, Survival & Bushcraft | High Carbon Steel Camping Axe & Hatchet Combo | Black Ox","1","amazon.com","Standard Orders","Amazon","Marietta","GA","30064","MarketplaceFacilitator","14.99","0.90","0","0","0","0","0","0","0","0","-0.90","-2.25","-5.84","0","0","6.90"
"Dec 25, 2025 6:09:15 AM PST","25187401591","Order","114-7560888-8231431","AXE-GBWS-L","Grumpy Bear 15"" Survival Axe Camping Hatchet - Forged High Carbon Steel Blade with Walnut Wood Handle - Shock-Absorbing, Anti-Slip Grip - Ideal for Bu","3","amazon.com","Standard Orders","Amazon","COLBERT","GA","30628","MarketplaceFacilitator","106.23","7.65","0","0","0","0","0","0","-10.62","0","-7.65","-14.34","-19.32","0","0","61.95"
"Dec 25, 2025 6:13:18 AM PST","25187401591","Order","112-6224403-6650644","AXE-GBWS-L","Grumpy Bear 15"" Survival Axe Camping Hatchet - Forged High Carbon Steel Blade with Walnut Wood Handle - Shock-Absorbing, Anti-Slip Grip - Ideal for Bu","1","amazon.com","Standard Orders","Amazon","BARBERTON","OH","44203","MarketplaceFacilitator","35.41","2.39","0","0","0","0","0","0","0","0","-2.39","-5.31","-6.44","0","0","23.66"
"Dec 25, 2025 6:20:11 AM PST","25187401591","Order","114-8561615-0797832","C-axe-02","Full Tang Survival Camping Axe with Wood Ergonomic Handle and Nylon Sheath Sheath - High Carbon Stainless Steel, Multi-Tool for Outdoor, Hunting, Emer","2","amazon.com","Standard Orders","Amazon","COVE","AR","71937","MarketplaceFacilitator","21.98","1.86","0","0","0","0","0","0","0","0","-1.86","-3.30","-12.88","0","0","5.80"
"Dec 25, 2025 6:53:15 AM PST","25187401591","Order","113-8751043-9165050","GB-CA-02-LION","Grumpy Bear Camping Hatchet with Lion Carving, Full Tang Outdoor Axe with Decorative Handle, Durable Forged Blade for Hiking, Bushcraft, and Survival","1","amazon.com","Standard Orders","Amazon","Stockton","CA","95212","MarketplaceFacilitator","17.99","1.62","0","0","0","0","0","0","0","0","-1.62","-2.70","-5.68","0","0","9.61"
"Dec 25, 2025 6:54:17 AM PST","25187401591","Order","112-9426032-1129838","Axe-F-R-S","Grumpy Bear 11"" Survival Axe Camping Hatchet - Forged High Carbon Steel Blade with Walnut Wood Handle - Shock-Absorbing, Anti-Slip Grip - Ideal for Bu","1","amazon.com","Standard Orders","Amazon","PORTLAND","OR","97236","","34.41","0","0","0","0","0","0","0","-3.44","0","0","-4.65","-6.24","0","0","20.08"
"Dec 25, 2025 6:58:32 AM PST","25187401591","Order","113-9596245-0457033","Axe-F-R-L","Grumpy Bear 15"" Survival Axe Camping Hatchet - Forged High Carbon Steel Blade with Walnut Wood Handle - Shock-Absorbing, Anti-Slip Grip - Ideal for Bu","1","amazon.com","Standard Orders","Amazon","PROVIDENCE","KY","42450","MarketplaceFacilitator","37.94","2.05","0","0","0","0","0","0","-3.79","0","-2.05","-5.12","-6.44","0","0","22.59"
"Dec 25, 2025 7:16:39 AM PST","25187401591","Order","111-0737647-6820217","CP-A-K-U","Grumpy Bear Camping Axe & Sickle Set - Dual Outdoor Tools for Camping, Survival & Bushcraft | High Carbon Steel Camping Axe & Hatchet Combo | Black Ox","1","amazon.com","Standard Orders","Amazon","ANAHEIM","CA","92805","MarketplaceFacilitator","14.99","1.16","0","0","0","0","0","0","0","0","-1.16","-2.25","-5.84","0","0","6.90"
"Dec 25, 2025 7:23:42 AM PST","25187401591","Refund","114-8055308-2729849","AXE-SH-L","Grumpy Bear 15"" Survival Axe Camping Hatchet - Forged High Carbon Steel Blade with Walnut Wood Handle - Shock-Absorbing, Anti-Slip Grip - Ideal for Bu","1","amazon.com","Standard Orders","Amazon","TUSTIN","CA","92780","MarketplaceFacilitator","-36.94","-2.86","-2.99","0","0","0","0","0","2.99","0","2.86","4.43","0","0","0","-32.51"
"Dec 25, 2025 7:42:16 AM PST","25187401591","Order","113-6562701-4801812","GB-CA-02-TIGER","Grumpy Bear Camping Hatchet with Tiger Carving, Full Tang Outdoor Axe with Decorative Handle, Durable Forged Blade for Hiking, Bushcraft, and Survival","1","amazon.com","Standard Orders","Amazon","WAIPAHU","HI","96797","MarketplaceFacilitator","17.99","0.85","0","0","0","0","0","0","0","0","-0.85","-2.70","-5.84","0","0","9.45"
"Dec 25, 2025 7:43:49 AM PST","25187401591","Order","114-7891909-1176260","C-axe-02","Full Tang Survival Camping Axe with Wood Ergonomic Handle and Nylon Sheath Sheath - High Carbon Stainless Steel, Multi-Tool for Outdoor, Hunting, Emer","1","amazon.com","Standard Orders","Amazon","WEST COVINA","CA","91792","MarketplaceFacilitator","10.99","1.07","0","0","0","0","0","0","0","0","-1.07","-1.65","-6.44","0","0","2.90"
"Dec 25, 2025 7:44:51 AM PST","25187401591","Order","112-1214087-6019448","AXE-SH-L","Grumpy Bear 15"" Survival Axe Camping Hatchet - Forged High Carbon Steel Blade with Walnut Wood Handle - Shock-Absorbing, Anti-Slip Grip - Ideal for Bu","1","amazon.com","Standard Orders","Amazon","MERIDEN","NH","03770","","36.94","0","0","0","3.99","0","0","0","-3.69","0","0","-4.99","-10.43","0","0","21.82"
"Dec 25, 2025 7:52:40 AM PST","25187401591","Order","113-4627175-6345811","CP-A-K-U","Grumpy Bear Camping Axe & Sickle Set - Dual Outdoor Tools for Camping, Survival & Bushcraft | High Carbon Steel Camping Axe & Hatchet Combo | Black Ox","1","amazon.com","Standard Orders","Amazon","ORLANDO","FL","32810","MarketplaceFacilitator","14.99","0.97","0","0","0","0","0","0","0","0","-0.97","-2.25","-5.84","0","0","6.90"
"Dec 25, 2025 7:57:35 AM PST","25187401591","Order","111-9676570-8996213","AXE-SH-S","Grumpy Bear 11"" Survival Axe Camping Hatchet - Forged High Carbon Steel Blade with Walnut Wood Handle - Shock-Absorbing, Anti-Slip Grip - Ideal for Bu","1","amazon.com","Standard Orders","Amazon","CONWAY","SC","29526","MarketplaceFacilitator","34.41","2.75","0","0","0","0","0","0","0","0","-2.75","-5.16","-6.24","0","0","23.01"
"Dec 25, 2025 8:01:47 AM PST","25187401591","Order","111-8734923-6687415","CP-A-K-U","Grumpy Bear Camping Axe & Sickle Set - Dual Outdoor Tools for Camping, Survival & Bushcraft | High Carbon Steel Camping Axe & Hatchet Combo | Black Ox","1","amazon.com","Standard Orders","Amazon","LAKESIDE","TX","76135","MarketplaceFacilitator","14.99","1.20","0","0","0","0","0","0","0","0","-1.20","-2.25","-5.84","0","0","6.90"
"Dec 25, 2025 8:09:03 AM PST","25187401591","Order","112-7308456-7737047","AXE-SH-L","Grumpy Bear 15"" Survival Axe Camping Hatchet - Forged High Carbon Steel Blade with Walnut Wood Handle - Shock-Absorbing, Anti-Slip Grip - Ideal for Bu","1","amazon.com","Standard Orders","Amazon","OLDHAM","SD","57051","MarketplaceFacilitator","36.94","1.40","0","0","0","0","0","0","-3.69","0","-1.40","-4.99","-6.44","0","0","21.82"
"Dec 25, 2025 8:09:03 AM PST","25187401591","Order","112-7308456-7737047","C-axe-02","Full Tang Survival Camping Axe with Wood Ergonomic Handle and Nylon Sheath Sheath - High Carbon Stainless Steel, Multi-Tool for Outdoor, Hunting, Emer","2","amazon.com","Standard Orders","Amazon","OLDHAM","SD","57051","MarketplaceFacilitator","21.98","0.92","0","0","0","0","0","0","0","0","-0.92","-3.30","-12.88","0","0","5.80"
"Dec 25, 2025 9:20:04 AM PST","25187401591","Refund","113-2110202-4013824","AXE-SH-L","Grumpy Bear 15"" Survival Axe Camping Hatchet - Forged High Carbon Steel Blade with Walnut Wood Handle - Shock-Absorbing, Anti-Slip Grip - Ideal for Bu","1","amazon.com","Standard Orders","Amazon","SAN ANTONIO","TX","78216","MarketplaceFacilitator","-36.94","-3.05","0","0","0","0","0","0","0","0","3.05","4.43","0","0","0","-32.51"
"Dec 25, 2025 9:41:41 AM PST","25187401591","Order","114-5576910-0196223","CP-A-K-U","Grumpy Bear Camping Axe & Sickle Set - Dual Outdoor Tools for Camping, Survival & Bushcraft | High Carbon Steel Camping Axe & Hatchet Combo | Black Ox","1","amazon.com","Standard Orders","Amazon","SELDEN","NY","11784","MarketplaceFacilitator","14.99","1.31","0","0","0","0","0","0","0","0","-1.31","-2.25","-5.84","0","0","6.90"
"Dec 25, 2025 10:22:42 AM PST","25187401591","Refund","114-1218208-1461015","C-axe-01","Full Tang Survival Camping Axe with Wood Ergonomic Handle and Nylon Sheath Sheath - High Carbon Stainless Steel, Multi-Tool for Outdoor, Hunting, Emer","1","amazon.com","Standard Orders","Amazon","HOLLY RIDGE","NC","28445","MarketplaceFacilitator","0","0","-6.99","-0.49","0","0","0","0","0","0","0.49","0","6.99","0","0","0"
"Dec 25, 2025 11:02:50 AM PST","25187401591","Order","112-4649549-2917016","GB-CA-02-WOLF","Grumpy Bear Camping Hatchet with Wolf Carving, Full Tang Outdoor Axe with Decorative Handle, Durable Forged Blade for Hiking, Bushcraft, and Survival","1","amazon.com","Standard Orders","Amazon","CORONA","CA","92883","MarketplaceFacilitator","19.99","1.55","0","0","0","0","0","0","0","0","-1.55","-3.00","-5.84","0","0","11.15"
"Dec 25, 2025 11:11:25 AM PST","25187401591","Order","111-9167450-0036204","C-axe-01","Full Tang Survival Camping Axe with Wood Ergonomic Handle and Nylon Sheath Sheath - High Carbon Stainless Steel, Multi-Tool for Outdoor, Hunting, Emer","1","amazon.com","Standard Orders","Amazon","BOSTON","MA","02114","MarketplaceFacilitator","10.99","0.62","0.22","0","0","0","0","0","-0.22","0","-0.62","-1.65","-6.10","0","0","3.24"
"Dec 25, 2025 12:14:45 PM PST","25187401591","Order","111-3867082-3567469","C-axe-01","Full Tang Survival Camping Axe with Wood Ergonomic Handle and Nylon Sheath Sheath - High Carbon Stainless Steel, Multi-Tool for Outdoor, Hunting, Emer","1","amazon.com","Standard Orders","Amazon","TULSA","OK","74145","MarketplaceFacilitator","10.99","0.94","2.23","0","0","0","0","0","-2.23","0","-0.94","-1.65","-6.10","0","0","3.24"
"Dec 25, 2025 12:53:17 PM PST","25187401591","Order","112-6382136-5449849","CP-A-K-U","Grumpy Bear Camping Axe & Sickle Set - Dual Outdoor Tools for Camping, Survival & Bushcraft | High Carbon Steel Camping Axe & Hatchet Combo | Black Ox","1","amazon.com","Standard Orders","Amazon","LARGO","FL","33773","MarketplaceFacilitator","14.99","1.05","0","0","0","0","0","0","0","0","-1.05","-2.25","-5.84","0","0","6.90"
"Dec 25, 2025 1:14:45 PM PST","25187401591","Order","111-8118209-8726645","CP-A-K-U","Grumpy Bear Camping Axe & Sickle Set - Dual Outdoor Tools for Camping, Survival & Bushcraft | High Carbon Steel Camping Axe & Hatchet Combo | Black Ox","1","amazon.com","Standard Orders","Amazon","VILLA RICA","GA","30180","MarketplaceFacilitator","14.99","1.05","0","0","0","0","0","0","0","0","-1.05","-2.25","-5.84","0","0","6.90"
"Dec 25, 2025 3:39:12 PM PST","25187401591","Order","113-4167170-1541847","C-axe-01","Full Tang Survival Camping Axe with Wood Ergonomic Handle and Nylon Sheath Sheath - High Carbon Stainless Steel, Multi-Tool for Outdoor, Hunting, Emer","1","amazon.com","Standard Orders","Amazon","WORCESTER","MA","01609","MarketplaceFacilitator","10.99","0.58","1.99","0","0","0","0","0","0","0","-0.58","-1.65","-8.09","0","0","3.24"
"Dec 25, 2025 4:20:20 PM PST","25187401591","Order","111-8373898-4364239","GB-CA-02-EAGLE","Grumpy Bear Camping Hatchet, Full Tang Outdoor Axe with Decorative Handle, Durable Forged Blade for Hiking, Bushcraft, and Survival (Eagle)","1","amazon.com","Standard Orders","Amazon","PUEBLO","CO","81005","MarketplaceFacilitator","19.99","1.52","0","0","0","0","0","0","0","0","-1.52","-3.00","-5.68","0","0","11.31"
"Dec 25, 2025 4:48:52 PM PST","25187401591","Order","114-2234562-9480217","AXE-GBWS-L","Grumpy Bear 15"" Survival Axe Camping Hatchet - Forged High Carbon Steel Blade with Walnut Wood Handle - Shock-Absorbing, Anti-Slip Grip - Ideal for Bu","1","amazon.com","Standard Orders","Amazon","MCKINLEYVILLE","CA","95519","MarketplaceFacilitator","35.41","2.79","0","0","0","0","0","0","-3.54","0","-2.79","-4.78","-6.44","0","0","20.65"
"Dec 25, 2025 5:21:40 PM PST","25187401591","Order","112-6440465-6172200","AXE-SH-S","Grumpy Bear 11"" Survival Axe Camping Hatchet - Forged High Carbon Steel Blade with Walnut Wood Handle - Shock-Absorbing, Anti-Slip Grip - Ideal for Bu","1","amazon.com","Standard Orders","Amazon","HUNTINGTON BEACH","CA","92646","MarketplaceFacilitator","34.41","2.67","0","0","0","0","0","0","0","0","-2.67","-5.16","-6.24","0","0","23.01"
"Dec 25, 2025 5:24:37 PM PST","25187401591","Order","114-3840368-5459436","Axe-F-R-S","Grumpy Bear 11"" Survival Axe Camping Hatchet - Forged High Carbon Steel Blade with Walnut Wood Handle - Shock-Absorbing, Anti-Slip Grip - Ideal for Bu","1","amazon.com","Standard Orders","Amazon","MARLTON","NJ","08053","MarketplaceFacilitator","34.41","2.05","0","0","0","0","0","0","-3.44","0","-2.05","-4.65","-6.24","0","0","20.08"
"Dec 25, 2025 5:35:44 PM PST","25187401591","Order","113-3431557-1573028","CP-A-K-U","Grumpy Bear Camping Axe & Sickle Set - Dual Outdoor Tools for Camping, Survival & Bushcraft | High Carbon Steel Camping Axe & Hatchet Combo | Black Ox","1","amazon.com","Standard Orders","Amazon","LINCOLN","NE","68521","MarketplaceFacilitator","14.99","1.09","0","0","0","0","0","0","0","0","-1.09","-2.25","-5.84","0","0","6.90"
"Dec 25, 2025 5:48:02 PM PST","25187401591","Order","114-1544426-9226664","AXE-SH-S","Grumpy Bear 11"" Survival Axe Camping Hatchet - Forged High Carbon Steel Blade with Walnut Wood Handle - Shock-Absorbing, Anti-Slip Grip - Ideal for Bu","1","amazon.com","Standard Orders","Amazon","TACOMA","WA","98445","MarketplaceFacilitator","34.41","3.27","0","0","0","0","0","0","0","0","-3.27","-5.16","-6.24","0","0","23.01"
"Dec 25, 2025 5:52:45 PM PST","25187401591","Order","112-2185273-3803408","C-axe-01","Full Tang Survival Camping Axe with Wood Ergonomic Handle and Nylon Sheath Sheath - High Carbon Stainless Steel, Multi-Tool for Outdoor, Hunting, Emer","1","amazon.com","Standard Orders","Amazon","MANHATTAN BEACH","CA","90266","MarketplaceFacilitator","10.99","1.13","0.31","0","0","0","0","0","-0.31","0","-1.13","-1.65","-6.10","0","0","3.24"
"Dec 25, 2025 6:22:06 PM PST","25187401591","Order","114-5994843-6481022","GB-CA-02-WOLF","Grumpy Bear Camping Hatchet with Wolf Carving, Full Tang Outdoor Axe with Decorative Handle, Durable Forged Blade for Hiking, Bushcraft, and Survival","1","amazon.com","Standard Orders","Amazon","BROOKPARK","OH","44142","MarketplaceFacilitator","19.99","1.60","0.74","0","0","0","0","0","-0.74","0","-1.60","-3.00","-5.84","0","0","11.15"
"Dec 25, 2025 6:22:26 PM PST","25187401591","Order","114-3856505-6938615","GB-CA-02-EAGLE","Grumpy Bear Camping Hatchet, Full Tang Outdoor Axe with Decorative Handle, Durable Forged Blade for Hiking, Bushcraft, and Survival (Eagle)","1","amazon.com","Standard Orders","Amazon","WINSTON SALEM","NC","27106","MarketplaceFacilitator","19.99","1.40","0","0","0","0","0","0","0","0","-1.40","-3.00","-5.68","0","0","11.31"
"Dec 25, 2025 6:29:04 PM PST","25187401591","Order","111-3209922-8546635","Axe-F-R-S","Grumpy Bear 11"" Survival Axe Camping Hatchet - Forged High Carbon Steel Blade with Walnut Wood Handle - Shock-Absorbing, Anti-Slip Grip - Ideal for Bu","1","amazon.com","Standard Orders","Amazon","WATERTOWN","TN","37184","MarketplaceFacilitator","34.41","3.02","0","0","0","0","0","0","-3.44","0","-3.02","-4.65","-6.24","0","0","20.08"
"Dec 25, 2025 6:38:53 PM PST","25187401591","Order","112-4373720-6159405","GB-CA-02-TIGER","Grumpy Bear Camping Hatchet with Tiger Carving, Full Tang Outdoor Axe with Decorative Handle, Durable Forged Blade for Hiking, Bushcraft, and Survival","1","amazon.com","Standard Orders","Amazon","CANYON COUNTRY","CA","91387","MarketplaceFacilitator","17.99","1.75","0","0","0","0","0","0","0","0","-1.75","-2.70","-5.84","0","0","9.45"
"Dec 25, 2025 6:39:42 PM PST","25187401591","Order","114-0924772-1614623","Axe-F-R-S","Grumpy Bear 11"" Survival Axe Camping Hatchet - Forged High Carbon Steel Blade with Walnut Wood Handle - Shock-Absorbing, Anti-Slip Grip - Ideal for Bu","1","amazon.com","Standard Orders","Amazon","BUCHANAN","VA","24066","MarketplaceFacilitator","34.41","1.64","0","0","0","0","0","0","-3.44","0","-1.64","-4.65","-6.24","0","0","20.08"
"Dec 25, 2025 7:34:50 PM PST","25187401591","Order","112-1231833-7213011","CP-A-K-U","Grumpy Bear Camping Axe & Sickle Set - Dual Outdoor Tools for Camping, Survival & Bushcraft | High Carbon Steel Camping Axe & Hatchet Combo | Black Ox","1","amazon.com","Standard Orders","Amazon","STOCKTON","CA","95203","MarketplaceFacilitator","14.99","1.35","0","0","0","0","0","0","0","0","-1.35","-2.25","-5.84","0","0","6.90"
"Dec 25, 2025 7:54:37 PM PST","25187401591","Order","114-2145540-6008210","AXE-GBWS-L","Grumpy Bear 15"" Survival Axe Camping Hatchet - Forged High Carbon Steel Blade with Walnut Wood Handle - Shock-Absorbing, Anti-Slip Grip - Ideal for Bu","1","amazon.com","Standard Orders","Amazon","NAZARETH","PA","18064","MarketplaceFacilitator","35.41","2.13","1.18","0.07","0","0","0","0","0","0","-2.20","-5.31","-7.62","0","0","23.66"
"Dec 25, 2025 7:55:04 PM PST","25187401591","Order","112-9759692-3568226","CP-A-K-U","Grumpy Bear Camping Axe & Sickle Set - Dual Outdoor Tools for Camping, Survival & Bushcraft | High Carbon Steel Camping Axe & Hatchet Combo | Black Ox","1","amazon.com","Standard Orders","Amazon","BRAWLEY","CA","92227","MarketplaceFacilitator","14.99","1.31","4.42","0","0","0","0","0","-4.42","0","-1.31","-2.25","-5.84","0","0","6.90"
"Dec 25, 2025 9:29:06 PM PST","25187401591","Order","112-3359381-5793869","CP-A-K-U","Grumpy Bear Camping Axe & Sickle Set - Dual Outdoor Tools for Camping, Survival & Bushcraft | High Carbon Steel Camping Axe & Hatchet Combo | Black Ox","1","amazon.com","Standard Orders","Amazon","SEFFNER","FL","33584","MarketplaceFacilitator","14.99","1.12","0","0","0","0","0","0","0","0","-1.12","-2.25","-5.84","0","0","6.90"
"Dec 25, 2025 10:11:51 PM PST","25187401591","Service Fee","","","Cost of Advertising","","","Standard Orders","","","","","","0","0","0","0","0","0","0","0","0","0","0","0","0","-503.23","0","-503.23"
"Dec 25, 2025 10:37:41 PM PST","25187401591","Order","114-8062159-3434650","AXE-GBWS-S","Grumpy Bear 11"" Survival Axe Camping Hatchet - Forged High Carbon Steel Blade with Walnut Wood Handle - Shock-Absorbing, Anti-Slip Grip - Ideal for Bu","1","amazon.com","Standard Orders","Amazon","HARPERS FERRY","WV","25425","MarketplaceFacilitator","33.84","2.03","0","0","0","0","0","0","0","0","-2.03","-5.08","-6.10","0","0","22.66"
"Dec 25, 2025 10:37:44 PM PST","25187401591","Order","114-6275076-7089015","CP-A-K-U","Grumpy Bear Camping Axe & Sickle Set - Dual Outdoor Tools for Camping, Survival & Bushcraft | High Carbon Steel Camping Axe & Hatchet Combo | Black Ox","1","amazon.com","Standard Orders","Amazon","CAMERON","NC","28326","MarketplaceFacilitator","14.99","1.05","0","0","0","0","0","0","0","0","-1.05","-2.25","-5.84","0","0","6.90"
"Dec 25, 2025 10:50:46 PM PST","25187401591","Order","113-6876696-3414606","GB-CA-02-LION","Grumpy Bear Camping Hatchet with Lion Carving, Full Tang Outdoor Axe with Decorative Handle, Durable Forged Blade for Hiking, Bushcraft, and Survival","1","amazon.com","Standard Orders","Amazon","PISCATAWAY","NJ","08854","MarketplaceFacilitator","17.99","1.19","0","0","0","0","0","0","0","0","-1.19","-2.70","-5.68","0","0","9.61"
"Dec 25, 2025 10:56:44 PM PST","25187401591","Order","113-3452838-3521066","Axe-F-R-S","Grumpy Bear 11"" Survival Axe Camping Hatchet - Forged High Carbon Steel Blade with Walnut Wood Handle - Shock-Absorbing, Anti-Slip Grip - Ideal for Bu","1","amazon.com","Standard Orders","Amazon","West Terre Haute","IN","47885","MarketplaceFacilitator","34.41","2.17","0","0","0","0","0","0","-3.44","0","-2.17","-4.65","-6.24","0","0","20.08"
"Dec 25, 2025 11:09:37 PM PST","25187401591","Order","111-6188305-6586637","CP-A-K-U","Grumpy Bear Camping Axe & Sickle Set - Dual Outdoor Tools for Camping, Survival & Bushcraft | High Carbon Steel Camping Axe & Hatchet Combo | Black Ox","1","amazon.com","Standard Orders","Amazon","SOUTH OGDEN","UT","84403","MarketplaceFacilitator","14.99","1.09","0","0","0","0","0","0","0","0","-1.09","-2.25","-5.84","0","0","6.90"
"Dec 25, 2025 11:09:43 PM PST","25187401591","Order","112-7308456-7737047","C-axe-01","Full Tang Survival Camping Axe with Wood Ergonomic Handle and Nylon Sheath Sheath - High Carbon Stainless Steel, Multi-Tool for Outdoor, Hunting, Emer","2","amazon.com","Standard Orders","Amazon","OLDHAM","SD","57051","MarketplaceFacilitator","21.98","0.92","0","0","0","0","0","0","0","0","-0.92","-3.30","-12.20","0","0","6.48"
"Dec 25, 2025 11:28:55 PM PST","25187401591","Order","112-4824133-9693822","AXE-SH-L","Grumpy Bear 15"" Survival Axe Camping Hatchet - Forged High Carbon Steel Blade with Walnut Wood Handle - Shock-Absorbing, Anti-Slip Grip - Ideal for Bu","1","amazon.com","Standard Orders","Amazon","EPHRATA","PA","17522","MarketplaceFacilitator","36.94","2.22","0","0","0","0","0","0","0","0","-2.22","-5.54","-6.44","0","0","24.96"
"Dec 25, 2025 11:31:42 PM PST","25187401591","Order","112-4197115-9405858","CP-A-K-U","Grumpy Bear Camping Axe & Sickle Set - Dual Outdoor Tools for Camping, Survival & Bushcraft | High Carbon Steel Camping Axe & Hatchet Combo | Black Ox","1","amazon.com","Standard Orders","Amazon","OREGON CITY","OR","97045","","14.99","0","0.16","0","0","0","0","0","-0.16","0","0","-2.25","-5.84","0","0","6.90"
"Dec 25, 2025 11:48:51 PM PST","25187401591","Order","111-2819063-6021035","Axe-F-R-S","Grumpy Bear 11"" Survival Axe Camping Hatchet - Forged High Carbon Steel Blade with Walnut Wood Handle - Shock-Absorbing, Anti-Slip Grip - Ideal for Bu","1","amazon.com","Standard Orders","Amazon","KANSAS CITY","KS","66104","MarketplaceFacilitator","34.41","2.83","0","0","0","0","0","0","-3.44","0","-2.83","-4.65","-6.24","0","0","20.08"
"Dec 26, 2025 12:12:20 AM PST","25187401591","Order","114-6764581-2664218","Axe-F-R-S","Grumpy Bear 11"" Survival Axe Camping Hatchet - Forged High Carbon Steel Blade with Walnut Wood Handle - Shock-Absorbing, Anti-Slip Grip - Ideal for Bu","1","amazon.com","Standard Orders","Amazon","BOGALUSA","LA","70427","MarketplaceFacilitator","34.41","3.35","0","0","0","0","0","0","-3.44","0","-3.35","-4.65","-6.24","0","0","20.08"
"Dec 26, 2025 12:25:08 AM PST","25187401591","Order","114-9251371-1717050","Axe-F-R-S","Grumpy Bear 11"" Survival Axe Camping Hatchet - Forged High Carbon Steel Blade with Walnut Wood Handle - Shock-Absorbing, Anti-Slip Grip - Ideal for Bu","1","amazon.com","Standard Orders","Amazon","BLACKFOOT","ID","83221","MarketplaceFacilitator","34.41","1.86","0","0","0","0","0","0","-3.44","0","-1.86","-4.65","-6.24","0","0","20.08"
"Dec 26, 2025 12:32:25 AM PST","25187401591","Order","113-0752019-7938620","Axe-F-R-S","Grumpy Bear 11"" Survival Axe Camping Hatchet - Forged High Carbon Steel Blade with Walnut Wood Handle - Shock-Absorbing, Anti-Slip Grip - Ideal for Bu","1","amazon.com","Standard Orders","Amazon","RINCON","GA","31326","MarketplaceFacilitator","34.41","2.48","0","0","0","0","0","0","-3.44","0","-2.48","-4.65","-6.24","0","0","20.08"
"Dec 26, 2025 12:35:32 AM PST","25187401591","Service Fee","","","Subscription","","Amazon.com","Standard Orders","","","","","","0","0","0","0","0","0","0","0","0","0","0","0","0","0","-21.68","-21.68"
"Dec 26, 2025 12:38:14 AM PST","25187401591","Order","111-9167450-0036204","C-axe-01","Full Tang Survival Camping Axe with Wood Ergonomic Handle and Nylon Sheath Sheath - High Carbon Stainless Steel, Multi-Tool for Outdoor, Hunting, Emer","1","amazon.com","Standard Orders","Amazon","BOSTON","MA","02114","MarketplaceFacilitator","10.99","0.62","0.22","0","0","0","0","0","-0.22","0","-0.62","-1.65","-6.10","0","0","3.24"
"Dec 26, 2025 12:52:16 AM PST","25187401591","Order","114-7762123-8345833","GB-CA-02-WOLF","Grumpy Bear Camping Hatchet with Wolf Carving, Full Tang Outdoor Axe with Decorative Handle, Durable Forged Blade for Hiking, Bushcraft, and Survival","1","amazon.com","Standard Orders","Amazon","TICKFAW","LA","70466","MarketplaceFacilitator","19.99","1.70","0","0","0","0","0","0","0","0","-1.70","-3.00","-5.84","0","0","11.15"
"Dec 26, 2025 1:11:27 AM PST","25187401591","Order","111-3609939-0888264","C-axe-01","Full Tang Survival Camping Axe with Wood Ergonomic Handle and Nylon Sheath Sheath - High Carbon Stainless Steel, Multi-Tool for Outdoor, Hunting, Emer","1","amazon.com","Standard Orders","Amazon","ASTORIA","OR","97103","","10.99","0","0.57","0","0","0","0","0","-0.57","0","0","-1.65","-6.10","0","0","3.24"
"Dec 26, 2025 1:12:36 AM PST","25187401591","Order","112-2350715-9603402","GB-CA-02-EAGLE","Grumpy Bear Camping Hatchet, Full Tang Outdoor Axe with Decorative Handle, Durable Forged Blade for Hiking, Bushcraft, and Survival (Eagle)","1","amazon.com","Standard Orders","Amazon","HAMPTON BAYS","NY","11946","MarketplaceFacilitator","19.99","1.75","0","0","0","0","0","0","0","0","-1.75","-3.00","-5.68","0","0","11.31"
"Dec 26, 2025 1:16:29 AM PST","25187401591","Order","111-9185337-0731420","C-axe-01","Full Tang Survival Camping Axe with Wood Ergonomic Handle and Nylon Sheath Sheath - High Carbon Stainless Steel, Multi-Tool for Outdoor, Hunting, Emer","1","amazon.com","Standard Orders","Amazon","MOUNTAIN HOME","AR","72653","MarketplaceFacilitator","10.99","0.85","0.36","0","0","0","0","0","-0.36","0","-0.85","-1.65","-6.10","0","0","3.24"
"Dec 26, 2025 1:17:46 AM PST","25187401591","Order","112-7773649-5329837","C-axe-01","Full Tang Survival Camping Axe with Wood Ergonomic Handle and Nylon Sheath Sheath - High Carbon Stainless Steel, Multi-Tool for Outdoor, Hunting, Emer","1","amazon.com","Standard Orders","Amazon","BOWLING GREEN","VA","22427","MarketplaceFacilitator","10.99","0.58","0.50","0","0","0","0","0","-0.50","0","-0.58","-1.65","-6.10","0","0","3.24"
"Dec 26, 2025 1:30:04 AM PST","25187401591","Order","113-6475978-0710641","CP-A-K-U","Grumpy Bear Camping Axe & Sickle Set - Dual Outdoor Tools for Camping, Survival & Bushcraft | High Carbon Steel Camping Axe & Hatchet Combo | Black Ox","1","amazon.com","Standard Orders","Amazon","NORTH LAS VEGAS","NV","89031","MarketplaceFacilitator","14.99","1.26","0","0","0","0","0","0","0","0","-2.52","-4.50","-5.84","0","0","3.39"
"Dec 26, 2025 1:30:04 AM PST","25187401591","Order","113-6475978-0710641","CP-A-K-U","Grumpy Bear Camping Axe & Sickle Set - Dual Outdoor Tools for Camping, Survival & Bushcraft | High Carbon Steel Camping Axe & Hatchet Combo | Black Ox","1","amazon.com","Standard Orders","Amazon","NORTH LAS VEGAS","NV","89031","","14.99","1.26","0","0","0","0","0","0","0","0","0","0","-5.84","0","0","10.41"
"Dec 26, 2025 1:31:38 AM PST","25187401591","Order","111-5521068-4197834","CP-A-K-U","Grumpy Bear Camping Axe & Sickle Set - Dual Outdoor Tools for Camping, Survival & Bushcraft | High Carbon Steel Camping Axe & Hatchet Combo | Black Ox","1","amazon.com","Standard Orders","Amazon","LAND O LAKES","FL","34637","MarketplaceFacilitator","14.99","1.05","0","0","0","0","0","0","0","0","-1.05","-2.25","-5.84","0","0","6.90"
"Dec 26, 2025 1:46:57 AM PST","25187401591","Order","113-5195447-7553807","CP-A-K-U","Grumpy Bear Camping Axe & Sickle Set - Dual Outdoor Tools for Camping, Survival & Bushcraft | High Carbon Steel Camping Axe & Hatchet Combo | Black Ox","1","amazon.com","Standard Orders","Amazon","IRVING","TX","75060","MarketplaceFacilitator","14.99","1.24","0","0","0","0","0","0","0","0","-1.24","-2.25","-5.84","0","0","6.90"
"Dec 26, 2025 1:59:35 AM PST","25187401591","Order","111-0861125-2201004","CP-A-K-U","Grumpy Bear Camping Axe & Sickle Set - Dual Outdoor Tools for Camping, Survival & Bushcraft | High Carbon Steel Camping Axe & Hatchet Combo | Black Ox","1","amazon.com","Standard Orders","Amazon","ROCKY MOUNT","NC","27804","MarketplaceFacilitator","14.99","1.01","0","0","0","0","0","0","0","0","-1.01","-2.25","-5.84","0","0","6.90"
"Dec 26, 2025 2:04:47 AM PST","25187401591","Order","114-5400815-1649838","CP-A-K-U","Grumpy Bear Camping Axe & Sickle Set - Dual Outdoor Tools for Camping, Survival & Bushcraft | High Carbon Steel Camping Axe & Hatchet Combo | Black Ox","1","amazon.com","Standard Orders","Amazon","CHATTAHOOCHEE","FL","32324","MarketplaceFacilitator","14.99","1.12","0","0","0","0","0","0","0","0","-1.12","-2.25","-5.84","0","0","6.90"
"Dec 26, 2025 2:11:48 AM PST","25187401591","Order","114-4951643-1551407","Axe-F-R-S","Grumpy Bear 11"" Survival Axe Camping Hatchet - Forged High Carbon Steel Blade with Walnut Wood Handle - Shock-Absorbing, Anti-Slip Grip - Ideal for Bu","1","amazon.com","Standard Orders","Amazon","CULPEPER","VA","22701","MarketplaceFacilitator","34.41","1.64","0","0","0","0","0","0","-3.44","0","-1.64","-4.65","-6.24","0","0","20.08"
"Dec 26, 2025 3:06:08 AM PST","25187401591","Order","113-4125994-9522605","CP-A-K-U","Grumpy Bear Camping Axe & Sickle Set - Dual Outdoor Tools for Camping, Survival & Bushcraft | High Carbon Steel Camping Axe & Hatchet Combo | Black Ox","1","amazon.com","Standard Orders","Amazon","MENIFEE","CA","92584","MarketplaceFacilitator","14.99","1.31","0","0","0","0","0","0","0","0","-1.31","-2.25","-5.84","0","0","6.90"
"Dec 26, 2025 3:09:42 AM PST","25187401591","Order","111-7148077-0724249","AXE-GBWS-L","Grumpy Bear 15"" Survival Axe Camping Hatchet - Forged High Carbon Steel Blade with Walnut Wood Handle - Shock-Absorbing, Anti-Slip Grip - Ideal for Bu","1","amazon.com","Standard Orders","Amazon","AIEA","HI","96701","MarketplaceFacilitator","35.41","1.50","0","0","0","0","0","0","-3.54","0","-1.50","-4.78","-6.44","0","0","20.65"
"Dec 26, 2025 3:34:23 AM PST","25187401591","Order","114-6854149-6729044","CP-A-K-U","Grumpy Bear Camping Axe & Sickle Set - Dual Outdoor Tools for Camping, Survival & Bushcraft | High Carbon Steel Camping Axe & Hatchet Combo | Black Ox","1","amazon.com","Standard Orders","Amazon","BOWIE","MD","20716","MarketplaceFacilitator","14.99","0.90","0","0","0","0","0","0","0","0","-0.90","-2.25","-5.84","0","0","6.90"
"Dec 26, 2025 3:34:36 AM PST","25187401591","Order","111-5977226-1157841","CP-A-K-U","Grumpy Bear Camping Axe & Sickle Set - Dual Outdoor Tools for Camping, Survival & Bushcraft | High Carbon Steel Camping Axe & Hatchet Combo | Black Ox","1","amazon.com","Standard Orders","Amazon","TYLER","TX","75703","MarketplaceFacilitator","14.99","1.24","0","0","0","0","0","0","0","0","-1.24","-2.25","-5.84","0","0","6.90"
"Dec 26, 2025 3:43:40 AM PST","25187401591","Order","111-4103375-8513839","CP-A-K-U","Grumpy Bear Camping Axe & Sickle Set - Dual Outdoor Tools for Camping, Survival & Bushcraft | High Carbon Steel Camping Axe & Hatchet Combo | Black Ox","1","amazon.com","Standard Orders","Amazon","ANAHEIM","CA","92805","MarketplaceFacilitator","14.99","1.16","0","0","0","0","0","0","0","0","-1.16","-2.25","-5.84","0","0","6.90"
"Dec 26, 2025 3:45:37 AM PST","25187401591","Order","112-6451305-2620242","CP-A-K-U","Grumpy Bear Camping Axe & Sickle Set - Dual Outdoor Tools for Camping, Survival & Bushcraft | High Carbon Steel Camping Axe & Hatchet Combo | Black Ox","1","amazon.com","Standard Orders","Amazon","San José","San José","","","35.99","0","8.53","0","0","0","0","0","-8.53","0","0","-5.40","-5.84","0","0","24.75"
"Dec 26, 2025 4:15:55 AM PST","25187401591","Order","114-7055240-3212215","AXE-GBWS-S","Grumpy Bear 11"" Survival Axe Camping Hatchet - Forged High Carbon Steel Blade with Walnut Wood Handle - Shock-Absorbing, Anti-Slip Grip - Ideal for Bu","1","amazon.com","Standard Orders","Amazon","MOREHEAD","KY","40351","MarketplaceFacilitator","33.84","1.83","0","0","0","0","0","0","-3.38","0","-1.83","-4.57","-6.10","0","0","19.79"
"Dec 26, 2025 4:25:00 AM PST","25187401591","Order","112-0263993-6413808","AXE-SH-L","Grumpy Bear 15"" Survival Axe Camping Hatchet - Forged High Carbon Steel Blade with Walnut Wood Handle - Shock-Absorbing, Anti-Slip Grip - Ideal for Bu","1","amazon.com","Standard Orders","Amazon","COPPERAS COVE","TEXAS","76522","MarketplaceFacilitator","36.94","3.05","0","0","0","0","0","0","0","0","-3.05","-5.54","-6.44","0","0","24.96"
"Dec 26, 2025 4:32:57 AM PST","25187401591","Order","113-2961763-1294625","CP-A-K-U","Grumpy Bear Camping Axe & Sickle Set - Dual Outdoor Tools for Camping, Survival & Bushcraft | High Carbon Steel Camping Axe & Hatchet Combo | Black Ox","1","amazon.com","Standard Orders","Amazon","Redlands","California","92374","MarketplaceFacilitator","14.99","1.31","0","0","0","0","0","0","0","0","-2.62","-4.50","-5.84","0","0","3.34"
"Dec 26, 2025 4:32:57 AM PST","25187401591","Order","113-2961763-1294625","CP-A-K-U","Grumpy Bear Camping Axe & Sickle Set - Dual Outdoor Tools for Camping, Survival & Bushcraft | High Carbon Steel Camping Axe & Hatchet Combo | Black Ox","1","amazon.com","Standard Orders","Amazon","Redlands","California","92374","","14.99","1.31","0","0","0","0","0","0","0","0","0","0","-5.84","0","0","10.46"
"Dec 26, 2025 4:35:20 AM PST","25187401591","Order","111-9992602-2776229","GB-CA-02-WOLF","Grumpy Bear Camping Hatchet with Wolf Carving, Full Tang Outdoor Axe with Decorative Handle, Durable Forged Blade for Hiking, Bushcraft, and Survival","1","amazon.com","Standard Orders","Amazon","baltimore","md","21234","MarketplaceFacilitator","19.99","1.20","0.28","0","0","0","0","0","-0.28","0","-1.20","-3.00","-5.84","0","0","11.15"
"Dec 26, 2025 4:42:55 AM PST","25187401591","Order","112-3436509-2066654","AXE-SH-L","Grumpy Bear 15"" Survival Axe Camping Hatchet - Forged High Carbon Steel Blade with Walnut Wood Handle - Shock-Absorbing, Anti-Slip Grip - Ideal for Bu","1","amazon.com","Standard Orders","Amazon","Ellsinore","MO","63937","MarketplaceFacilitator","36.94","1.40","0","0","0","0","0","0","-3.69","0","-1.40","-4.99","-6.44","0","0","21.82"
"Dec 26, 2025 5:10:14 AM PST","25187401591","Order","111-1044606-2193043","Axe-F-R-L","Grumpy Bear 15"" Survival Axe Camping Hatchet - Forged High Carbon Steel Blade with Walnut Wood Handle - Shock-Absorbing, Anti-Slip Grip - Ideal for Bu","1","amazon.com","Standard Orders","Amazon","RUTHERFORDTON","NC","28139","MarketplaceFacilitator","37.94","2.39","0","0","0","0","0","0","-3.79","0","-2.39","-5.12","-6.44","0","0","22.59"
"Dec 26, 2025 5:12:35 AM PST","25187401591","Order","112-2907189-7692259","C-axe-01","Full Tang Survival Camping Axe with Wood Ergonomic Handle and Nylon Sheath Sheath - High Carbon Stainless Steel, Multi-Tool for Outdoor, Hunting, Emer","1","amazon.com","Standard Orders","Amazon","ELLENBORO","NC","28040","MarketplaceFacilitator","10.99","0.77","0","0","0","0","0","0","0","0","-0.77","-1.65","-6.10","0","0","3.24"
"Dec 26, 2025 5:19:56 AM PST","25187401591","Order","111-9259059-8308246","CP-A-K-U","Grumpy Bear Camping Axe & Sickle Set - Dual Outdoor Tools for Camping, Survival & Bushcraft | High Carbon Steel Camping Axe & Hatchet Combo | Black Ox","1","amazon.com","Standard Orders","Amazon","Steep falls","Maine","04085","MarketplaceFacilitator","14.99","0.82","0","0","0","0","0","0","0","0","-0.82","-2.25","-5.84","0","0","6.90"
"Dec 26, 2025 5:46:30 AM PST","25187401591","Order","114-1663889-1430631","CP-A-K-U","Grumpy Bear Camping Axe & Sickle Set - Dual Outdoor Tools for Camping, Survival & Bushcraft | High Carbon Steel Camping Axe & Hatchet Combo | Black Ox","1","amazon.com","Standard Orders","Amazon","ORLANDO","FL","32810","MarketplaceFacilitator","14.99","0.97","0","0","0","0","0","0","0","0","-0.97","-2.25","-5.84","0","0","6.90"
"Dec 26, 2025 5:56:11 AM PST","25187401591","Order","113-2957093-9429049","AXE-SH-L","Grumpy Bear 15"" Survival Axe Camping Hatchet - Forged High Carbon Steel Blade with Walnut Wood Handle - Shock-Absorbing, Anti-Slip Grip - Ideal for Bu","1","amazon.com","Standard Orders","Amazon","HUNTLEY","IL","60142","MarketplaceFacilitator","36.94","3.05","0","0","0","0","0","0","0","0","-3.05","-5.54","-6.44","0","0","24.96"
"Dec 26, 2025 6:00:23 AM PST","25187401591","Order","114-8869599-4685831","Axe-F-R-S","Grumpy Bear 11"" Survival Axe Camping Hatchet - Forged High Carbon Steel Blade with Walnut Wood Handle - Shock-Absorbing, Anti-Slip Grip - Ideal for Bu","1","amazon.com","Standard Orders","Amazon","BIRMINGHAM","AL","35242","MarketplaceFacilitator","34.41","2.48","0","0","0","0","0","0","-3.44","0","-2.48","-4.65","-6.24","0","0","20.08"
"Dec 26, 2025 6:02:57 AM PST","25187401591","Order","111-0231525-6606640","CP-A-K-U","Grumpy Bear Camping Axe & Sickle Set - Dual Outdoor Tools for Camping, Survival & Bushcraft | High Carbon Steel Camping Axe & Hatchet Combo | Black Ox","2","amazon.com","Standard Orders","Amazon","Lancaster","SC","29720","MarketplaceFacilitator","29.98","2.40","0","0","0","0","0","0","0","0","-2.40","-4.50","-11.68","0","0","13.80"
"Dec 26, 2025 6:10:42 AM PST","25187401591","Order","113-8304645-8443425","Axe-F-R-L","Grumpy Bear 15"" Survival Axe Camping Hatchet - Forged High Carbon Steel Blade with Walnut Wood Handle - Shock-Absorbing, Anti-Slip Grip - Ideal for Bu","1","amazon.com","Standard Orders","Amazon","COLUMBIA","TN","38401","MarketplaceFacilitator","37.94","3.33","6.99","0","0","0","0","0","-10.78","0","-3.33","-5.12","-6.44","0","0","22.59"
"Dec 26, 2025 6:19:27 AM PST","25187401591","Order","111-6824320-7496267","GB-CA-02-EAGLE","Grumpy Bear Camping Hatchet, Full Tang Outdoor Axe with Decorative Handle, Durable Forged Blade for Hiking, Bushcraft, and Survival (Eagle)","1","amazon.com","Standard Orders","Amazon","PITTSTON","PA","18640","MarketplaceFacilitator","19.99","1.20","0","0","0","0","0","0","0","0","-1.20","-3.00","-5.68","0","0","11.31"
"Dec 26, 2025 6:20:04 AM PST","25187401591","Order","112-9818101-2184220","AXE-SH-S","Grumpy Bear 11"" Survival Axe Camping Hatchet - Forged High Carbon Steel Blade with Walnut Wood Handle - Shock-Absorbing, Anti-Slip Grip - Ideal for Bu","1","amazon.com","Standard Orders","Amazon","RANCHO SANTA FE","CA","92091","MarketplaceFacilitator","34.41","2.67","0","0","0","0","0","0","0","0","-2.67","-5.16","-6.24","0","0","23.01"
"Dec 26, 2025 6:20:30 AM PST","25187401591","Order","114-6674258-9320225","CP-A-K-U","Grumpy Bear Camping Axe & Sickle Set - Dual Outdoor Tools for Camping, Survival & Bushcraft | High Carbon Steel Camping Axe & Hatchet Combo | Black Ox","1","amazon.com","Standard Orders","Amazon","Jersey City","New Jersey","07305","MarketplaceFacilitator","14.99","0.99","0","0","0","0","0","0","0","0","-0.99","-2.25","-5.84","0","0","6.90"
"Dec 26, 2025 6:22:42 AM PST","25187401591","Order","114-6980181-8256200","AXE-GBWS-L","Grumpy Bear 15"" Survival Axe Camping Hatchet - Forged High Carbon Steel Blade with Walnut Wood Handle - Shock-Absorbing, Anti-Slip Grip - Ideal for Bu","1","amazon.com","Standard Orders","Amazon","BALDWIN PARK","CA","91706","MarketplaceFacilitator","35.41","3.35","4.56","0","0","0","0","0","-8.10","0","-3.35","-4.78","-6.44","0","0","20.65"
"Dec 26, 2025 7:24:15 AM PST","25187401591","Order","111-6483127-7613828","GB-CA-02-LION","Grumpy Bear Camping Hatchet with Lion Carving, Full Tang Outdoor Axe with Decorative Handle, Durable Forged Blade for Hiking, Bushcraft, and Survival","1","amazon.com","Standard Orders","Amazon","FIELDS LANDING","CA","95537","MarketplaceFacilitator","17.99","1.57","0","0","0","0","0","0","0","0","-1.57","-2.70","-5.68","0","0","9.61"
"Dec 26, 2025 7:30:56 AM PST","25187401591","Order","113-8138785-0777001","CP-A-K-U","Grumpy Bear Camping Axe & Sickle Set - Dual Outdoor Tools for Camping, Survival & Bushcraft | High Carbon Steel Camping Axe & Hatchet Combo | Black Ox","1","amazon.com","Standard Orders","Amazon","BERLIN","CT","06037","MarketplaceFacilitator","14.99","0.95","1.60","0","0","0","0","0","-1.60","0","-0.95","-2.25","-5.84","0","0","6.90"
"Dec 26, 2025 8:04:32 AM PST","25187401591","Order","114-8308219-1644250","GB-CA-02-LION","Grumpy Bear Camping Hatchet with Lion Carving, Full Tang Outdoor Axe with Decorative Handle, Durable Forged Blade for Hiking, Bushcraft, and Survival","1","amazon.com","Standard Orders","Amazon","PHILADELPHIA","PA","19131","MarketplaceFacilitator","17.99","1.08","0","0","0","0","0","0","0","0","-1.08","-2.70","-5.68","0","0","9.61"
"Dec 26, 2025 8:06:18 AM PST","25187401591","Order","111-5561996-2125859","C-axe-01","Full Tang Survival Camping Axe with Wood Ergonomic Handle and Nylon Sheath Sheath - High Carbon Stainless Steel, Multi-Tool for Outdoor, Hunting, Emer","1","amazon.com","Standard Orders","Amazon","FREDERICK","IL","62639","MarketplaceFacilitator","10.99","0.91","0.57","0","0","0","0","0","-0.57","0","-0.91","-1.65","-6.10","0","0","3.24"
"Dec 26, 2025 8:09:58 AM PST","25187401591","Order","113-3535251-2973064","GB-CA-02-WOLF","Grumpy Bear Camping Hatchet with Wolf Carving, Full Tang Outdoor Axe with Decorative Handle, Durable Forged Blade for Hiking, Bushcraft, and Survival","1","amazon.com","Standard Orders","Amazon","MIDDLETOWN","OH","45042","MarketplaceFacilitator","19.99","1.30","0","0","0","0","0","0","0","0","-1.30","-3.00","-5.84","0","0","11.15"
"Dec 26, 2025 8:10:16 AM PST","25187401591","Order","114-4343973-4389040","GB-CA-02-WOLF","Grumpy Bear Camping Hatchet with Wolf Carving, Full Tang Outdoor Axe with Decorative Handle, Durable Forged Blade for Hiking, Bushcraft, and Survival","1","amazon.com","Standard Orders","Amazon","CHARLESTON","SC","29406","MarketplaceFacilitator","19.99","1.80","0","0","0","0","0","0","0","0","-1.80","-3.00","-5.84","0","0","11.15"
"Dec 26, 2025 8:10:41 AM PST","25187401591","Order","114-9107728-0633069","AXE-SH-L","Grumpy Bear 15"" Survival Axe Camping Hatchet - Forged High Carbon Steel Blade with Walnut Wood Handle - Shock-Absorbing, Anti-Slip Grip - Ideal for Bu","1","amazon.com","Standard Orders","Amazon","ANADARKO","OK","73005","MarketplaceFacilitator","36.94","2.22","0","0","0","0","0","0","0","0","-2.22","-5.54","-6.44","0","0","24.96"
"Dec 26, 2025 8:41:26 AM PST","25187401591","Order","111-4712539-8899420","GB-CA-02-WOLF","Grumpy Bear Camping Hatchet with Wolf Carving, Full Tang Outdoor Axe with Decorative Handle, Durable Forged Blade for Hiking, Bushcraft, and Survival","1","amazon.com","Standard Orders","Amazon","SHOALS","IN","47581","MarketplaceFacilitator","19.99","1.40","0","0","0","0","0","0","0","0","-1.40","-3.00","-5.84","0","0","11.15"
"Dec 26, 2025 9:15:07 AM PST","25187401591","Order","114-2056081-8901823","GB-CA-02-TIGER","Grumpy Bear Camping Hatchet with Tiger Carving, Full Tang Outdoor Axe with Decorative Handle, Durable Forged Blade for Hiking, Bushcraft, and Survival","1","amazon.com","Standard Orders","Amazon","WAUKEGAN","IL","60085","MarketplaceFacilitator","17.99","1.53","6.99","0","0","0","0","0","0","0","-1.53","-2.70","-12.83","0","0","9.45"
"Dec 26, 2025 9:24:15 AM PST","25187401591","Order","112-4861864-3242624","AXE-WS-L","Grumpy Bear 15"" Survival Axe Camping Hatchet - Forged High Carbon Steel Blade with Walnut Wood Handle - Shock-Absorbing, Anti-Slip Grip - Ideal for Bu","1","amazon.com","Standard Orders","Amazon","THOMPSONVILLE","IL","62890","MarketplaceFacilitator","29.99","2.17","0","0","0","0","0","0","0","0","-2.17","-4.50","-6.44","0","0","19.05"
"Dec 26, 2025 9:53:08 AM PST","25187401591","Order","114-2208632-9756208","CP-A-K-U","Grumpy Bear Camping Axe & Sickle Set - Dual Outdoor Tools for Camping, Survival & Bushcraft | High Carbon Steel Camping Axe & Hatchet Combo | Black Ox","1","amazon.com","Standard Orders","Amazon","DORSEY","IL","62021","MarketplaceFacilitator","14.99","1.03","0","0","0","0","0","0","0","0","-1.03","-2.25","-5.84","0","0","6.90"
"Dec 26, 2025 10:17:29 AM PST","25187401591","Order","112-4598088-2342634","AXE-SH-S","Grumpy Bear 11"" Survival Axe Camping Hatchet - Forged High Carbon Steel Blade with Walnut Wood Handle - Shock-Absorbing, Anti-Slip Grip - Ideal for Bu","1","amazon.com","Standard Orders","Amazon","ANAHEIM","CA","92806","MarketplaceFacilitator","34.41","2.67","0","0","0","0","0","0","0","0","-2.67","-5.16","-6.24","0","0","23.01"
"Dec 26, 2025 10:27:58 AM PST","25187401591","Order","S01-9855322-8750035","CP-A-K-U","Grumpy Bear Camping Axe & Sickle Set – Dual Outdoor Tools for Camping, Survival & Bushcraft | High Carbon Steel Camping Axe & Hatchet Combo | Black Oxide Finish, Protective Sheaths","1","sim1.stores.amazon.com","Standard Orders","Amazon","INDIANAPOLIS","IN","46226","","0","0","0","0","0","0","0","0","0","0","0","0","-10.60","0","0","-10.60"
"Dec 26, 2025 11:46:34 AM PST","25187401591","Order","S01-2967527-0018031","C-axe-02","Full Tang Survival Camping Axe with Wood Ergonomic Handle and Nylon Sheath Sheath – High Carbon Stainless Steel, Multi-Tool for Outdoor, Hunting, Emergency (Big)","1","sim1.stores.amazon.com","Standard Orders","Amazon","WARD","AR","72176","","0","0","0","0","0","0","0","0","0","0","0","0","-11.75","0","0","-11.75"
"Dec 26, 2025 1:03:50 PM PST","25187401591","Order","S01-2390365-1956411","GB-CA-02-LION","Grumpy Bear Camping Hatchet with Lion Carving, Full Tang Outdoor Axe with Decorative Handle, Durable Forged Blade for Hiking, Bushcraft, and Survival","1","sim1.stores.amazon.com","Standard Orders","Amazon","FORT WAYNE","IN","46806","","0","0","0","0","0","0","0","0","0","0","0","0","-10.60","0","0","-10.60"
"Dec 26, 2025 1:25:23 PM PST","25187401591","Order","113-1805880-8481054","AXE-SH-L","Grumpy Bear 15"" Survival Axe Camping Hatchet - Forged High Carbon Steel Blade with Walnut Wood Handle - Shock-Absorbing, Anti-Slip Grip - Ideal for Bu","1","amazon.com","Standard Orders","Amazon","AUBURN","CA","95602","MarketplaceFacilitator","36.94","2.41","0","0","0","0","0","0","-3.69","0","-2.41","-4.99","-6.44","0","0","21.82"
"Dec 26, 2025 2:18:49 PM PST","25187401591","Order","114-2603012-6905829","C-axe-01","Full Tang Survival Camping Axe with Wood Ergonomic Handle and Nylon Sheath Sheath - High Carbon Stainless Steel, Multi-Tool for Outdoor, Hunting, Emer","1","amazon.com","Standard Orders","Amazon","LAS VEGAS","NV","89183","MarketplaceFacilitator","10.99","0.92","0.57","0","0","0","0","0","-0.57","0","-0.92","-1.65","-6.10","0","0","3.24"
"Dec 26, 2025 2:24:02 PM PST","25187401591","Order","114-2345267-8288238","CP-A-K-U","Grumpy Bear Camping Axe & Sickle Set - Dual Outdoor Tools for Camping, Survival & Bushcraft | High Carbon Steel Camping Axe & Hatchet Combo | Black Ox","1","amazon.com","Standard Orders","Amazon","SUGAR LAND","TX","77498","MarketplaceFacilitator","14.99","1.09","0","0","0","0","0","0","0","0","-1.09","-2.25","-5.84","0","0","6.90"
"Dec 26, 2025 2:32:04 PM PST","25187401591","Order","112-7389247-2403431","CP-A-K-U","Grumpy Bear Camping Axe & Sickle Set - Dual Outdoor Tools for Camping, Survival & Bushcraft | High Carbon Steel Camping Axe & Hatchet Combo | Black Ox","1","amazon.com","Standard Orders","Amazon","Mason City","IA","50401","MarketplaceFacilitator","0","0","0","0","0","0","0","0","0","0","0","0","0","0","0","0"
"Dec 26, 2025 3:36:42 PM PST","25187401591","Order","114-1397054-1939454","AXE-SH-L","Grumpy Bear 15"" Survival Axe Camping Hatchet - Forged High Carbon Steel Blade with Walnut Wood Handle - Shock-Absorbing, Anti-Slip Grip - Ideal for Bu","1","amazon.com","Standard Orders","Amazon","MURRELLS INLET","SC","29576","MarketplaceFacilitator","36.94","2.96","0","0","0","0","0","0","0","0","-2.96","-5.54","-6.44","0","0","24.96"
"Dec 26, 2025 4:12:27 PM PST","25187401591","Order","111-2341586-5983428","AXE-SH-S","Grumpy Bear 11"" Survival Axe Camping Hatchet - Forged High Carbon Steel Blade with Walnut Wood Handle - Shock-Absorbing, Anti-Slip Grip - Ideal for Bu","1","amazon.com","Standard Orders","Amazon","Winneconne","WI","54986","MarketplaceFacilitator","34.41","1.72","0","0","0","0","0","0","0","0","-1.72","-5.16","-6.24","0","0","23.01"
"Dec 26, 2025 4:46:09 PM PST","25187401591","Order","S01-7756819-6954857","AXE-SH-L","Grumpy Bear 15"" Survival Axe Camping Hatchet – Forged High Carbon Steel Blade with Walnut Wood Handle – Shock-Absorbing, Anti-Slip Grip – Ideal for Bushcraft, Wood Splitting & Outdoor Adventures","1","sim1.stores.amazon.com","Standard Orders","Amazon","LITTLE ROCK","AR","72209","","0","0","0","0","0","0","0","0","0","0","0","0","-11.75","0","0","-11.75"
"Dec 26, 2025 5:09:52 PM PST","25187401591","Order","111-0020365-3009049","C-axe-01","Full Tang Survival Camping Axe with Wood Ergonomic Handle and Nylon Sheath Sheath - High Carbon Stainless Steel, Multi-Tool for Outdoor, Hunting, Emer","1","amazon.com","Standard Orders","Amazon","GEISMAR","LA","70734","MarketplaceFacilitator","10.99","1.04","1.00","0","0","0","0","0","-1.00","0","-1.04","-1.65","-6.10","0","0","3.24"
"Dec 26, 2025 5:21:27 PM PST","25187401591","Order","113-4941569-2640232","Axe-F-R-S","Grumpy Bear 11"" Survival Axe Camping Hatchet - Forged High Carbon Steel Blade with Walnut Wood Handle - Shock-Absorbing, Anti-Slip Grip - Ideal for Bu","1","amazon.com","Standard Orders","Amazon","CHARLOTTE","NC","28262","MarketplaceFacilitator","34.41","2.25","0","0","3.99","0.29","0","0","-3.44","0","-2.54","-4.65","-10.23","0","0","20.08"
"Dec 26, 2025 5:25:44 PM PST","25187401591","Order","111-9247178-9801031","GB-CA-02-WOLF","Grumpy Bear Camping Hatchet with Wolf Carving, Full Tang Outdoor Axe with Decorative Handle, Durable Forged Blade for Hiking, Bushcraft, and Survival","1","amazon.com","Standard Orders","Amazon","OLIVEHURST","CA","95961","MarketplaceFacilitator","19.99","1.65","0","0","0","0","0","0","0","0","-1.65","-3.00","-5.84","0","0","11.15"
"Dec 26, 2025 5:38:37 PM PST","25187401591","Order","114-9691788-1473003","CP-A-K-U","Grumpy Bear Camping Axe & Sickle Set - Dual Outdoor Tools for Camping, Survival & Bushcraft | High Carbon Steel Camping Axe & Hatchet Combo | Black Ox","1","amazon.com","Standard Orders","Amazon","JONESBORO","GA","30236","MarketplaceFacilitator","14.99","1.20","0","0","0","0","0","0","0","0","-1.20","-2.25","-5.84","0","0","6.90"
"Dec 26, 2025 6:01:50 PM PST","25187401591","Order","114-8939556-0072269","Axe-F-R-S","Grumpy Bear 11"" Survival Axe Camping Hatchet - Forged High Carbon Steel Blade with Walnut Wood Handle - Shock-Absorbing, Anti-Slip Grip - Ideal for Bu","1","amazon.com","Standard Orders","Amazon","LOS ANGELES","CA","90045","MarketplaceFacilitator","34.41","3.02","0","0","0","0","0","0","-3.44","0","-3.02","-4.65","-6.24","0","0","20.08"
"Dec 26, 2025 7:07:53 PM PST","25187401591","Order","112-7503101-6041806","Axe-F-R-S","Grumpy Bear 11"" Survival Axe Camping Hatchet - Forged High Carbon Steel Blade with Walnut Wood Handle - Shock-Absorbing, Anti-Slip Grip - Ideal for Bu","1","amazon.com","Standard Orders","Amazon","OCEANSIDE","CA","92056","MarketplaceFacilitator","34.41","2.56","0","0","0","0","0","0","-3.44","0","-2.56","-4.65","-6.24","0","0","20.08"
"Dec 26, 2025 7:11:56 PM PST","25187401591","Order","111-7052004-2689014","CP-A-K-U","Grumpy Bear Camping Axe & Sickle Set - Dual Outdoor Tools for Camping, Survival & Bushcraft | High Carbon Steel Camping Axe & Hatchet Combo | Black Ox","1","amazon.com","Standard Orders","Amazon","BONNIEVILLE","KY","42713","MarketplaceFacilitator","14.99","0.90","0","0","0","0","0","0","0","0","-0.90","-2.25","-5.84","0","0","6.90"
"Dec 26, 2025 7:19:54 PM PST","25187401591","Order","S01-2101342-2582806","AXE-SH-L","Grumpy Bear 15"" Survival Axe Camping Hatchet – Forged High Carbon Steel Blade with Walnut Wood Handle – Shock-Absorbing, Anti-Slip Grip – Ideal for Bushcraft, Wood Splitting & Outdoor Adventures","1","sim1.stores.amazon.com","Standard Orders","Amazon","HODGDON","ME","04730","","0","0","0","0","0","0","0","0","0","0","0","0","-11.75","0","0","-11.75"
"Dec 26, 2025 7:22:21 PM PST","25187401591","Order","111-8333507-5026622","GB-CA-02-EAGLE","Grumpy Bear Camping Hatchet, Full Tang Outdoor Axe with Decorative Handle, Durable Forged Blade for Hiking, Bushcraft, and Survival (Eagle)","1","amazon.com","Standard Orders","Amazon","HERRIMAN","UT","84096","MarketplaceFacilitator","19.99","1.49","0","0","0","0","0","0","0","0","-1.49","-3.00","-5.68","0","0","11.31"
"Dec 26, 2025 7:39:30 PM PST","25187401591","Order","112-0201954-2498636","GB-CA-02-WOLF","Grumpy Bear Camping Hatchet with Wolf Carving, Full Tang Outdoor Axe with Decorative Handle, Durable Forged Blade for Hiking, Bushcraft, and Survival","1","amazon.com","Standard Orders","Amazon","NEWNAN","GA","30265","MarketplaceFacilitator","19.99","1.40","0","0","0","0","0","0","0","0","-1.40","-3.00","-5.84","0","0","11.15"
"Dec 26, 2025 8:14:09 PM PST","25187401591","Order","113-1320146-3987420","AXE-GBWS-L","Grumpy Bear 15"" Survival Axe Camping Hatchet - Forged High Carbon Steel Blade with Walnut Wood Handle - Shock-Absorbing, Anti-Slip Grip - Ideal for Bu","1","amazon.com","Standard Orders","Amazon","TOOELE","UT","84074","MarketplaceFacilitator","35.41","2.48","0","0","0","0","0","0","0","0","-2.48","-5.31","-6.44","0","0","23.66"
"Dec 26, 2025 9:23:26 PM PST","25187401591","Order","114-6471662-6146650","Axe-F-R-L","Grumpy Bear 15"" Survival Axe Camping Hatchet - Forged High Carbon Steel Blade with Walnut Wood Handle - Shock-Absorbing, Anti-Slip Grip - Ideal for Bu","1","amazon.com","Standard Orders","Amazon","POWHATAN","VIRGINIA","23139","MarketplaceFacilitator","37.94","2.05","0","0","0","0","0","0","-3.79","0","-2.05","-5.12","-6.44","0","0","22.59"
"Dec 26, 2025 9:37:15 PM PST","25187401591","Order","112-6654760-2255453","GB-CA-02-EAGLE","Grumpy Bear Camping Hatchet, Full Tang Outdoor Axe with Decorative Handle, Durable Forged Blade for Hiking, Bushcraft, and Survival (Eagle)","1","amazon.com","Standard Orders","Amazon","CARY","NORTH CAROLINA","27511","MarketplaceFacilitator","19.99","1.45","0","0","0","0","0","0","0","0","-1.45","-3.00","-5.68","0","0","11.31"
"Dec 26, 2025 9:59:10 PM PST","25187401591","Order","S01-1349502-3539654","CP-A-K-U","Grumpy Bear Camping Axe & Sickle Set – Dual Outdoor Tools for Camping, Survival & Bushcraft | High Carbon Steel Camping Axe & Hatchet Combo | Black Oxide Finish, Protective Sheaths","1","sim1.stores.amazon.com","Standard Orders","Amazon","HENRICO","VA","23228","","0","0","0","0","0","0","0","0","0","0","0","0","-10.60","0","0","-10.60"
"Dec 26, 2025 10:31:40 PM PST","25187401591","Order","111-0552852-6684225","AXE-SH-L","Grumpy Bear 15"" Survival Axe Camping Hatchet - Forged High Carbon Steel Blade with Walnut Wood Handle - Shock-Absorbing, Anti-Slip Grip - Ideal for Bu","1","amazon.com","Standard Orders","Amazon","GRAND CHUTE","WI","54913","MarketplaceFacilitator","36.94","2.03","0","0","0","0","0","0","0","0","-2.03","-5.54","-6.44","0","0","24.96"
"Dec 26, 2025 11:03:34 PM PST","25187401591","Order","113-3898599-3425854","CP-A-K-U","Grumpy Bear Camping Axe & Sickle Set - Dual Outdoor Tools for Camping, Survival & Bushcraft | High Carbon Steel Camping Axe & Hatchet Combo | Black Ox","1","amazon.com","Standard Orders","Amazon","INWOOD","WV","25428","MarketplaceFacilitator","14.99","0.90","4.21","0","0","0","0","0","-4.21","0","-0.90","-2.25","-5.84","0","0","6.90"
"Dec 26, 2025 11:05:27 PM PST","25187401591","Order","114-2707107-5467401","CP-A-K-U","Grumpy Bear Camping Axe & Sickle Set - Dual Outdoor Tools for Camping, Survival & Bushcraft | High Carbon Steel Camping Axe & Hatchet Combo | Black Ox","1","amazon.com","Standard Orders","Amazon","SIMPSONVILLE","SC","29681","MarketplaceFacilitator","14.99","0.90","0","0","0","0","0","0","0","0","-0.90","-2.25","-5.84","0","0","6.90"
"Dec 26, 2025 11:09:52 PM PST","25187401591","Order","112-4786420-9094649","CP-A-K-U","Grumpy Bear Camping Axe & Sickle Set - Dual Outdoor Tools for Camping, Survival & Bushcraft | High Carbon Steel Camping Axe & Hatchet Combo | Black Ox","1","amazon.com","Standard Orders","Amazon","Gurley","Alabama","35748","MarketplaceFacilitator","14.99","1.20","0","0","0","0","0","0","0","0","-1.20","-2.25","-5.84","0","0","6.90"
"Dec 26, 2025 11:28:50 PM PST","25187401591","Order","112-8946492-3759401","Axe-F-R-S","Grumpy Bear 11"" Survival Axe Camping Hatchet - Forged High Carbon Steel Blade with Walnut Wood Handle - Shock-Absorbing, Anti-Slip Grip - Ideal for Bu","1","amazon.com","Standard Orders","Amazon","Sumter","SC","29153","MarketplaceFacilitator","34.41","2.48","0","0","0","0","0","0","-3.44","0","-2.48","-4.65","-6.24","0","0","20.08"
"Dec 26, 2025 11:40:15 PM PST","25187401591","Order","113-2028466-6902600","CP-A-K-U","Grumpy Bear Camping Axe & Sickle Set - Dual Outdoor Tools for Camping, Survival & Bushcraft | High Carbon Steel Camping Axe & Hatchet Combo | Black Ox","1","amazon.com","Standard Orders","Amazon","VINELAND","NJ","08361","MarketplaceFacilitator","14.99","0.99","0","0","0","0","0","0","0","0","-0.99","-2.25","-5.84","0","0","6.90"
"Dec 27, 2025 12:39:05 AM PST","25187401591","Order","113-6038026-5892223","C-axe-02","Full Tang Survival Camping Axe with Wood Ergonomic Handle and Nylon Sheath Sheath - High Carbon Stainless Steel, Multi-Tool for Outdoor, Hunting, Emer","1","amazon.com","Standard Orders","Amazon","Chapel Hill","NC","27514","MarketplaceFacilitator","10.99","0.82","0","0","0","0","0","0","0","0","-0.82","-1.65","-6.44","0","0","2.90"
"Dec 27, 2025 12:43:13 AM PST","25187401591","Order","114-9757964-6701832","AXE-SH-S","Grumpy Bear 11"" Survival Axe Camping Hatchet - Forged High Carbon Steel Blade with Walnut Wood Handle - Shock-Absorbing, Anti-Slip Grip - Ideal for Bu","1","amazon.com","Standard Orders","Amazon","SAN ELIZARIO","TX","79849","MarketplaceFacilitator","34.41","2.25","2.67","0","0","0","0","0","-6.11","0","-2.25","-4.65","-6.24","0","0","20.08"
"Dec 27, 2025 12:47:33 AM PST","25187401591","Order","113-4221562-3927401","C-axe-01","Full Tang Survival Camping Axe with Wood Ergonomic Handle and Nylon Sheath Sheath - High Carbon Stainless Steel, Multi-Tool for Outdoor, Hunting, Emer","1","amazon.com","Standard Orders","Amazon","SANDPOINT","ID","83864","MarketplaceFacilitator","10.99","0.50","0.10","0","0","0","0","0","-0.10","0","-0.50","-1.65","-6.10","0","0","3.24"
"Dec 27, 2025 12:58:25 AM PST","25187401591","Order","114-7762123-8345833","GB-CA-02-LION","Grumpy Bear Camping Hatchet with Lion Carving, Full Tang Outdoor Axe with Decorative Handle, Durable Forged Blade for Hiking, Bushcraft, and Survival","1","amazon.com","Standard Orders","Amazon","TICKFAW","LA","70466","MarketplaceFacilitator","17.99","1.53","0","0","0","0","0","0","0","0","-1.53","-2.70","-5.68","0","0","9.61"
"Dec 27, 2025 1:06:40 AM PST","25187401591","Order","S01-2757753-8500431","AXE-SH-L","Grumpy Bear 15"" Survival Axe Camping Hatchet – Forged High Carbon Steel Blade with Walnut Wood Handle – Shock-Absorbing, Anti-Slip Grip – Ideal for Bushcraft, Wood Splitting & Outdoor Adventures","1","sim1.stores.amazon.com","Standard Orders","Amazon","DURANT","OK","74701","","0","0","0","0","0","0","0","0","0","0","0","0","-11.75","0","0","-11.75"
"Dec 27, 2025 1:21:32 AM PST","25187401591","Order","112-7899282-6739462","GB-CA-02-WOLF","Grumpy Bear Camping Hatchet with Wolf Carving, Full Tang Outdoor Axe with Decorative Handle, Durable Forged Blade for Hiking, Bushcraft, and Survival","1","amazon.com","Standard Orders","Amazon","LITTLE ROCK","AR","72206","MarketplaceFacilitator","19.99","1.72","0","0","0","0","0","0","0","0","-1.72","-3.00","-5.84","0","0","11.15"
"Dec 27, 2025 1:32:34 AM PST","25187401591","Order","111-5715050-0949004","GB-CA-02-EAGLE","Grumpy Bear Camping Hatchet, Full Tang Outdoor Axe with Decorative Handle, Durable Forged Blade for Hiking, Bushcraft, and Survival (Eagle)","1","amazon.com","Standard Orders","Amazon","FRUITLAND","ID","83619","MarketplaceFacilitator","19.99","1.20","0","0","0","0","0","0","0","0","-1.20","-3.00","-5.68","0","0","11.31"
"Dec 27, 2025 1:44:36 AM PST","25187401591","Order","113-5788363-0009860","Axe-F-R-S","Grumpy Bear 11"" Survival Axe Camping Hatchet - Forged High Carbon Steel Blade with Walnut Wood Handle - Shock-Absorbing, Anti-Slip Grip - Ideal for Bu","1","amazon.com","Standard Orders","Amazon","KEARNEY","MO","64060","MarketplaceFacilitator","34.41","1.84","6.99","0","0","0","0","0","-6.99","0","-1.84","-5.16","-6.24","0","0","23.01"
"Dec 27, 2025 1:51:19 AM PST","25187401591","Order","114-4638848-1027416","Axe-F-R-S","Grumpy Bear 11"" Survival Axe Camping Hatchet - Forged High Carbon Steel Blade with Walnut Wood Handle - Shock-Absorbing, Anti-Slip Grip - Ideal for Bu","1","amazon.com","Standard Orders","Amazon","NEW BRAUNFELS","TX","78130","MarketplaceFacilitator","34.41","2.56","0","0","0","0","0","0","-3.44","0","-2.56","-4.65","-6.24","0","0","20.08"
"Dec 27, 2025 2:01:55 AM PST","25187401591","Order","111-4360283-2663417","CP-A-K-U","Grumpy Bear Camping Axe & Sickle Set - Dual Outdoor Tools for Camping, Survival & Bushcraft | High Carbon Steel Camping Axe & Hatchet Combo | Black Ox","1","amazon.com","Standard Orders","Amazon","ODESSA","TX","79762","MarketplaceFacilitator","14.99","1.24","0","0","0","0","0","0","0","0","-1.24","-2.25","-5.84","0","0","6.90"
"Dec 27, 2025 2:21:36 AM PST","25187401591","Order","113-7256655-5854624","C-axe-01","Full Tang Survival Camping Axe with Wood Ergonomic Handle and Nylon Sheath Sheath - High Carbon Stainless Steel, Multi-Tool for Outdoor, Hunting, Emer","1","amazon.com","Standard Orders","Amazon","WALLA WALLA","WASHINGTON","99362","MarketplaceFacilitator","10.99","0.98","1.33","0","0","0","0","0","-1.33","0","-0.98","-1.65","-6.10","0","0","3.24"
"Dec 27, 2025 2:33:57 AM PST","25187401591","Order","111-7094050-0965860","GB-CA-02-EAGLE","Grumpy Bear Camping Hatchet, Full Tang Outdoor Axe with Decorative Handle, Durable Forged Blade for Hiking, Bushcraft, and Survival (Eagle)","1","amazon.com","Standard Orders","Amazon","ALACHUA","FL","32615","MarketplaceFacilitator","19.99","1.50","0","0","0","0","0","0","0","0","-1.50","-3.00","-5.68","0","0","11.31"
"Dec 27, 2025 2:41:57 AM PST","25187401591","Order","111-8483378-2708263","Axe-F-R-S","Grumpy Bear 11"" Survival Axe Camping Hatchet - Forged High Carbon Steel Blade with Walnut Wood Handle - Shock-Absorbing, Anti-Slip Grip - Ideal for Bu","1","amazon.com","Standard Orders","Amazon","CORONA DEL MAR","CA","92625","MarketplaceFacilitator","34.41","2.40","0","0","0","0","0","0","-3.44","0","-2.40","-4.65","-6.24","0","0","20.08"
"Dec 27, 2025 2:46:52 AM PST","25187401591","Order","113-2481330-0753025","AXE-SH-L","Grumpy Bear 15"" Survival Axe Camping Hatchet - Forged High Carbon Steel Blade with Walnut Wood Handle - Shock-Absorbing, Anti-Slip Grip - Ideal for Bu","1","amazon.com","Standard Orders","Amazon","HIALEAH GARDENS","FL","33018","MarketplaceFacilitator","37.94","2.66","2.99","0","0","0","0","0","-2.99","0","-2.66","-5.69","-6.44","0","0","25.81"
"Dec 27, 2025 2:48:06 AM PST","25187401591","Order","114-0598125-0489016","CP-A-K-U","Grumpy Bear Camping Axe & Sickle Set - Dual Outdoor Tools for Camping, Survival & Bushcraft | High Carbon Steel Camping Axe & Hatchet Combo | Black Ox","1","amazon.com","Standard Orders","Amazon","PRESTONSBURG","KY","41653","MarketplaceFacilitator","14.99","0.90","0","0","0","0","0","0","0","0","-0.90","-2.25","-5.84","0","0","6.90"
"Dec 27, 2025 2:52:08 AM PST","25187401591","Order","111-1526208-4539464","Axe-F-R-S","Grumpy Bear 11"" Survival Axe Camping Hatchet - Forged High Carbon Steel Blade with Walnut Wood Handle - Shock-Absorbing, Anti-Slip Grip - Ideal for Bu","1","amazon.com","Standard Orders","Amazon","SHERMAN","IL","62684","MarketplaceFacilitator","34.41","2.71","0","0","0","0","0","0","-3.44","0","-2.71","-4.65","-6.24","0","0","20.08"
"Dec 27, 2025 2:57:25 AM PST","25187401591","Order","111-4752940-7502617","GB-CA-02-EAGLE","Grumpy Bear Camping Hatchet, Full Tang Outdoor Axe with Decorative Handle, Durable Forged Blade for Hiking, Bushcraft, and Survival (Eagle)","1","amazon.com","Standard Orders","Amazon","KINGSTON","OH","45644","MarketplaceFacilitator","19.99","1.45","0","0","0","0","0","0","0","0","-1.45","-3.00","-5.68","0","0","11.31"
"Dec 27, 2025 3:17:33 AM PST","25187401591","Order","112-0353596-4105845","Axe-F-R-S","Grumpy Bear 11"" Survival Axe Camping Hatchet - Forged High Carbon Steel Blade with Walnut Wood Handle - Shock-Absorbing, Anti-Slip Grip - Ideal for Bu","1","amazon.com","Standard Orders","Amazon","GROVER","MO","63040","MarketplaceFacilitator","34.41","1.31","0","0","0","0","0","0","-3.44","0","-1.31","-4.65","-6.24","0","0","20.08"
"Dec 27, 2025 3:17:49 AM PST","25187401591","Order","113-7822941-7651437","Axe-F-R-S","Grumpy Bear 11"" Survival Axe Camping Hatchet - Forged High Carbon Steel Blade with Walnut Wood Handle - Shock-Absorbing, Anti-Slip Grip - Ideal for Bu","1","amazon.com","Standard Orders","Amazon","ACKERMAN","MS","39735","MarketplaceFacilitator","34.41","2.17","0","0","0","0","0","0","-3.44","0","-2.17","-4.65","-6.24","0","0","20.08"
"Dec 27, 2025 3:22:20 AM PST","25187401591","Order","111-7105809-0507427","AXE-WS-L","Grumpy Bear 15"" Survival Axe Camping Hatchet - Forged High Carbon Steel Blade with Walnut Wood Handle - Shock-Absorbing, Anti-Slip Grip - Ideal for Bu","1","amazon.com","Standard Orders","Amazon","THORNTON","PA","19373","MarketplaceFacilitator","35.41","2.13","0","0","0","0","0","0","0","0","-2.13","-5.31","-6.44","0","0","23.66"
"Dec 27, 2025 3:33:16 AM PST","25187401591","Order","112-2522670-4217031","AXE-SH-S","Grumpy Bear 11"" Survival Axe Camping Hatchet - Forged High Carbon Steel Blade with Walnut Wood Handle - Shock-Absorbing, Anti-Slip Grip - Ideal for Bu","1","amazon.com","Standard Orders","Amazon","NEENAH","WI","54956","MarketplaceFacilitator","34.41","1.72","2.34","0","0","0","0","0","-2.34","0","-1.72","-5.16","-6.24","0","0","23.01"
"Dec 27, 2025 3:43:36 AM PST","25187401591","Order","113-7019152-6427435","GB-CA-02-TIGER","Grumpy Bear Camping Hatchet with Tiger Carving, Full Tang Outdoor Axe with Decorative Handle, Durable Forged Blade for Hiking, Bushcraft, and Survival","1","amazon.com","Standard Orders","Amazon","NORTH PORT","FL","34288","MarketplaceFacilitator","17.99","1.26","5.24","0","0","0","0","0","0","0","-1.26","-2.70","-11.08","0","0","9.45"
"Dec 27, 2025 3:48:03 AM PST","25187401591","Order","S01-8815273-5074040","AXE-SH-L","Grumpy Bear 15"" Survival Axe Camping Hatchet – Forged High Carbon Steel Blade with Walnut Wood Handle – Shock-Absorbing, Anti-Slip Grip – Ideal for Bushcraft, Wood Splitting & Outdoor Adventures","1","sim1.stores.amazon.com","Standard Orders","Amazon","CLARKSTON","WA","99403","","0","0","0","0","0","0","0","0","0","0","0","0","-11.75","0","0","-11.75"
"Dec 27, 2025 3:49:00 AM PST","25187401591","Order","111-7175453-9363451","GB-CA-02-TIGER","Grumpy Bear Camping Hatchet with Tiger Carving, Full Tang Outdoor Axe with Decorative Handle, Durable Forged Blade for Hiking, Bushcraft, and Survival","1","amazon.com","Standard Orders","Amazon","HAMBURG","PA","19526","MarketplaceFacilitator","14.99","0.90","0.86","0","0","0","0","0","-0.86","0","-0.90","-2.25","-5.84","0","0","6.90"
"Dec 27, 2025 4:01:13 AM PST","25187401591","Order","111-1965137-9052209","Axe-F-R-S","Grumpy Bear 11"" Survival Axe Camping Hatchet - Forged High Carbon Steel Blade with Walnut Wood Handle - Shock-Absorbing, Anti-Slip Grip - Ideal for Bu","1","amazon.com","Standard Orders","Amazon","LONG BEACH","CA","90813","MarketplaceFacilitator","34.41","3.25","6.99","0.73","0","0","0","0","-3.44","0","-3.98","-4.65","-13.23","0","0","20.08"
"Dec 27, 2025 4:31:28 AM PST","25187401591","Order","114-4464641-1963456","CP-A-K-U","Grumpy Bear Camping Axe & Sickle Set - Dual Outdoor Tools for Camping, Survival & Bushcraft | High Carbon Steel Camping Axe & Hatchet Combo | Black Ox","1","amazon.com","Standard Orders","Amazon","NORTON","MA","02766","MarketplaceFacilitator","14.99","0.94","0","0","0","0","0","0","0","0","-0.94","-2.25","-5.84","0","0","6.90"
"Dec 27, 2025 4:33:30 AM PST","25187401591","Order","112-0258326-1087421","Axe-F-R-S","Grumpy Bear 11"" Survival Axe Camping Hatchet - Forged High Carbon Steel Blade with Walnut Wood Handle - Shock-Absorbing, Anti-Slip Grip - Ideal for Bu","1","amazon.com","Standard Orders","Amazon","VON ORMY","TX","78073","MarketplaceFacilitator","34.41","2.56","0","0","0","0","0","0","-3.44","0","-2.56","-4.65","-6.24","0","0","20.08"
"Dec 27, 2025 4:52:02 AM PST","25187401591","Order","114-2169608-8098638","AXE-SH-S","Grumpy Bear 11"" Survival Axe Camping Hatchet - Forged High Carbon Steel Blade with Walnut Wood Handle - Shock-Absorbing, Anti-Slip Grip - Ideal for Bu","1","amazon.com","Standard Orders","Amazon","INDIO","CA","92203","MarketplaceFacilitator","34.41","3.01","0","0","0","0","0","0","0","0","-3.01","-5.16","-6.24","0","0","23.01"
"Dec 27, 2025 4:53:12 AM PST","25187401591","Order","114-8071001-6208258","CP-A-K-U","Grumpy Bear Camping Axe & Sickle Set - Dual Outdoor Tools for Camping, Survival & Bushcraft | High Carbon Steel Camping Axe & Hatchet Combo | Black Ox","1","amazon.com","Standard Orders","Amazon","WONDER LAKE","IL","60097","MarketplaceFacilitator","14.99","1.24","0","0","0","0","0","0","0","0","-1.24","-2.25","-5.84","0","0","6.90"
"Dec 27, 2025 5:29:47 AM PST","25187401591","Order","112-7970289-7766639","Axe-F-R-S","Grumpy Bear 11"" Survival Axe Camping Hatchet - Forged High Carbon Steel Blade with Walnut Wood Handle - Shock-Absorbing, Anti-Slip Grip - Ideal for Bu","1","amazon.com","Standard Orders","Amazon","Greenwood","IN","46143","MarketplaceFacilitator","34.41","2.17","0","0","0","0","0","0","-3.44","0","-2.17","-4.65","-6.24","0","0","20.08"
"Dec 27, 2025 5:38:24 AM PST","25187401591","Order","111-8678211-5021036","CP-A-K-U","Grumpy Bear Camping Axe & Sickle Set - Dual Outdoor Tools for Camping, Survival & Bushcraft | High Carbon Steel Camping Axe & Hatchet Combo | Black Ox","1","amazon.com","Standard Orders","Amazon","WAYNE","PA","19087","MarketplaceFacilitator","14.99","0.90","0","0","0","0","0","0","0","0","-0.90","-2.25","-5.84","0","0","6.90"
"Dec 27, 2025 5:43:18 AM PST","25187401591","Order","111-7309830-2925033","Axe-F-R-S","Grumpy Bear 11"" Survival Axe Camping Hatchet - Forged High Carbon Steel Blade with Walnut Wood Handle - Shock-Absorbing, Anti-Slip Grip - Ideal for Bu","2","amazon.com","Standard Orders","Amazon","ALBUQUERQUE","NM","87121","MarketplaceFacilitator","68.82","4.72","0","0","0","0","0","0","-6.88","0","-4.72","-9.30","-12.48","0","0","40.16"
"Dec 27, 2025 5:52:21 AM PST","25187401591","Order","113-9380124-4651402","AXE-GBWS-L","Grumpy Bear 15"" Survival Axe Camping Hatchet - Forged High Carbon Steel Blade with Walnut Wood Handle - Shock-Absorbing, Anti-Slip Grip - Ideal for Bu","2","amazon.com","Standard Orders","Amazon","WALSH","CO","81090","MarketplaceFacilitator","70.82","3.76","0","0","0","0","0","0","-7.08","0","-3.76","-9.56","-12.88","0","0","41.30"
"Dec 27, 2025 6:17:10 AM PST","25187401591","Order","113-1920580-4240200","AXE-SH-L","Grumpy Bear 15"" Survival Axe Camping Hatchet - Forged High Carbon Steel Blade with Walnut Wood Handle - Shock-Absorbing, Anti-Slip Grip - Ideal for Bu","1","amazon.com","Standard Orders","Amazon","FEDERAL WAY","WA","98023","MarketplaceFacilitator","36.94","3.77","3.86","0","0","0","0","0","-3.86","0","-3.77","-5.54","-6.44","0","0","24.96"
"Dec 27, 2025 6:23:45 AM PST","25187401591","Order","114-1926745-4458648","CP-A-K-U","Grumpy Bear Camping Axe & Sickle Set - Dual Outdoor Tools for Camping, Survival & Bushcraft | High Carbon Steel Camping Axe & Hatchet Combo | Black Ox","1","amazon.com","Standard Orders","Amazon","UKIAH","CA","95482","MarketplaceFacilitator","14.99","1.33","0","0","0","0","0","0","0","0","-1.33","-2.25","-5.84","0","0","6.90"
"Dec 27, 2025 6:37:26 AM PST","25187401591","Order","112-5184398-6189045","AXE-GBWS-L","Grumpy Bear 15"" Survival Axe Camping Hatchet - Forged High Carbon Steel Blade with Walnut Wood Handle - Shock-Absorbing, Anti-Slip Grip - Ideal for Bu","1","amazon.com","Standard Orders","Amazon","ELLENSBURG","WA","98926","MarketplaceFacilitator","35.41","3.05","0","0","0","0","0","0","0","0","-3.05","-5.31","-6.44","0","0","23.66"
"Dec 27, 2025 6:52:09 AM PST","25187401591","Order","113-0344190-4385079","C-axe-02","Full Tang Survival Camping Axe with Wood Ergonomic Handle and Nylon Sheath Sheath - High Carbon Stainless Steel, Multi-Tool for Outdoor, Hunting, Emer","1","amazon.com","Standard Orders","Amazon","PLAINVIEW","TX","79072","MarketplaceFacilitator","10.99","0","0","0","0","0","0","0","0","0","0","-1.65","-6.44","0","0","2.90"
"Dec 27, 2025 7:05:50 AM PST","25187401591","Order","111-9491473-4826640","CP-A-K-U","Grumpy Bear Camping Axe & Sickle Set - Dual Outdoor Tools for Camping, Survival & Bushcraft | High Carbon Steel Camping Axe & Hatchet Combo | Black Ox","1","amazon.com","Standard Orders","Amazon","TEKONSHA","MI","49092","MarketplaceFacilitator","14.99","0.90","0","0","0","0","0","0","0","0","-0.90","-2.25","-5.84","0","0","6.90"
"Dec 27, 2025 7:09:02 AM PST","25187401591","Order","113-6013273-7180251","AXE-SH-S","Grumpy Bear 11"" Survival Axe Camping Hatchet - Forged High Carbon Steel Blade with Walnut Wood Handle - Shock-Absorbing, Anti-Slip Grip - Ideal for Bu","4","amazon.com","Standard Orders","Amazon","GLEN ARM","MD","21057","MarketplaceFacilitator","137.64","8.28","2.39","0","0","0","0","0","-2.39","0","-10.35","-25.80","-24.96","0","0","84.81"
"Dec 27, 2025 7:09:02 AM PST","25187401591","Order","113-6013273-7180251","AXE-SH-S","Grumpy Bear 11"" Survival Axe Camping Hatchet - Forged High Carbon Steel Blade with Walnut Wood Handle - Shock-Absorbing, Anti-Slip Grip - Ideal for Bu","1","amazon.com","Standard Orders","Amazon","GLEN ARM","MD","21057","","34.41","2.07","0.60","0","0","0","0","0","-0.60","0","0","0","-6.24","0","0","30.24"
"Dec 27, 2025 7:09:19 AM PST","25187401591","Order","113-9928662-4969022","CP-A-K-U","Grumpy Bear Camping Axe & Sickle Set - Dual Outdoor Tools for Camping, Survival & Bushcraft | High Carbon Steel Camping Axe & Hatchet Combo | Black Ox","2","amazon.com","Standard Orders","Amazon","OSGOOD","IN","47037","MarketplaceFacilitator","29.98","2.10","0","0","0","0","0","0","0","0","-2.10","-4.50","-11.68","0","0","13.80"
"Dec 27, 2025 7:10:20 AM PST","25187401591","Order","113-3183377-5339460","CP-A-K-U","Grumpy Bear Camping Axe & Sickle Set - Dual Outdoor Tools for Camping, Survival & Bushcraft | High Carbon Steel Camping Axe & Hatchet Combo | Black Ox","1","amazon.com","Standard Orders","Amazon","CUMBERLAND","RI","02864","MarketplaceFacilitator","14.99","1.05","0","0","0","0","0","0","0","0","-1.05","-2.25","-5.84","0","0","6.90"
"Dec 27, 2025 7:12:45 AM PST","25187401591","Order","111-5937126-8581858","C-axe-02","Full Tang Survival Camping Axe with Wood Ergonomic Handle and Nylon Sheath Sheath - High Carbon Stainless Steel, Multi-Tool for Outdoor, Hunting, Emer","1","amazon.com","Standard Orders","Amazon","SOMERSET","KY","42503","MarketplaceFacilitator","10.99","0.66","0","0","0","0","0","0","0","0","-0.66","-1.65","-6.44","0","0","2.90"
"Dec 27, 2025 7:20:49 AM PST","25187401591","Order","112-8632958-0360213","C-axe-01","Full Tang Survival Camping Axe with Wood Ergonomic Handle and Nylon Sheath Sheath - High Carbon Stainless Steel, Multi-Tool for Outdoor, Hunting, Emer","1","amazon.com","Standard Orders","Amazon","PEEBLES","OH","45660","MarketplaceFacilitator","10.99","0.80","0.12","0","0","0","0","0","-0.12","0","-0.80","-1.65","-6.10","0","0","3.24"
"Dec 27, 2025 7:26:01 AM PST","25187401591","Order","114-1924297-8868268","AXE-SH-S","Grumpy Bear 11"" Survival Axe Camping Hatchet - Forged High Carbon Steel Blade with Walnut Wood Handle - Shock-Absorbing, Anti-Slip Grip - Ideal for Bu","1","amazon.com","Standard Orders","Amazon","Vallejo","CA","94591","MarketplaceFacilitator","34.41","3.18","0","0","0","0","0","0","0","0","-3.18","-5.16","-6.24","0","0","23.01"
"Dec 27, 2025 7:36:38 AM PST","25187401591","Order","113-2561983-4624258","AXE-SH-L","Grumpy Bear 15"" Survival Axe Camping Hatchet - Forged High Carbon Steel Blade with Walnut Wood Handle - Shock-Absorbing, Anti-Slip Grip - Ideal for Bu","1","amazon.com","Standard Orders","Amazon","KATY","TX","77494","MarketplaceFacilitator","36.94","3.05","0","0","0","0","0","0","0","0","-3.05","-5.54","-6.44","0","0","24.96"
"Dec 27, 2025 7:38:06 AM PST","25187401591","Order","112-2006250-5679452","GB-CA-02-TIGER","Grumpy Bear Camping Hatchet with Tiger Carving, Full Tang Outdoor Axe with Decorative Handle, Durable Forged Blade for Hiking, Bushcraft, and Survival","1","amazon.com","Standard Orders","Amazon","GOODYEAR","AZ","85338","MarketplaceFacilitator","17.99","1.58","0","0","0","0","0","0","0","0","-1.58","-2.70","-5.84","0","0","9.45"
"Dec 27, 2025 7:43:45 AM PST","25187401591","Order","111-2431577-3881814","Axe-F-R-S","Grumpy Bear 11"" Survival Axe Camping Hatchet - Forged High Carbon Steel Blade with Walnut Wood Handle - Shock-Absorbing, Anti-Slip Grip - Ideal for Bu","1","amazon.com","Standard Orders","Amazon","TALLAHASSEE","FL","32310","MarketplaceFacilitator","34.41","2.32","0","0","0","0","0","0","-3.44","0","-2.32","-4.65","-6.24","0","0","20.08"
"Dec 27, 2025 7:49:14 AM PST","25187401591","Order","111-0080912-5725837","CP-A-K-U","Grumpy Bear Camping Axe & Sickle Set - Dual Outdoor Tools for Camping, Survival & Bushcraft | High Carbon Steel Camping Axe & Hatchet Combo | Black Ox","1","amazon.com","Standard Orders","Amazon","EAST HADDAM","CT","06423","MarketplaceFacilitator","14.99","0.95","0.25","0","0","0","0","0","-0.25","0","-0.95","-2.25","-5.84","0","0","6.90"
"Dec 27, 2025 7:54:58 AM PST","25187401591","Order","114-5172020-5677865","CP-A-K-U","Grumpy Bear Camping Axe & Sickle Set - Dual Outdoor Tools for Camping, Survival & Bushcraft | High Carbon Steel Camping Axe & Hatchet Combo | Black Ox","1","amazon.com","Standard Orders","Amazon","CARSON","CA","90745","MarketplaceFacilitator","14.99","1.57","0","0","0","0","0","0","0","0","-1.57","-2.25","-5.84","0","0","6.90"
"Dec 27, 2025 8:02:12 AM PST","25187401591","Order","114-4573341-6053847","GB-CA-02-WOLF","Grumpy Bear Camping Hatchet with Wolf Carving, Full Tang Outdoor Axe with Decorative Handle, Durable Forged Blade for Hiking, Bushcraft, and Survival","1","amazon.com","Standard Orders","Amazon","WEATHERFORD","TX","76087","MarketplaceFacilitator","19.99","1.65","4.76","0.39","0","0","0","0","0","0","-2.04","-3.00","-10.60","0","0","11.15"
"Dec 27, 2025 8:16:55 AM PST","25187401591","Order","S01-8078977-7625242","AXE-WS-S","Grumpy Bear 11"" Survival Axe Camping Hatchet – Forged High Carbon Steel Blade with Walnut Wood Handle – Shock-Absorbing, Anti-Slip Grip – Ideal for Bushcraft, Wood Splitting & Outdoor Adventures","1","sim1.stores.amazon.com","Standard Orders","Amazon","PLANO","TX","75075","","0","0","0","0","0","0","0","0","0","0","0","0","-11.75","0","0","-11.75"
"Dec 27, 2025 10:11:54 AM PST","25187401591","Order","113-6983457-1345001","GB-CA-02-WOLF","Grumpy Bear Camping Hatchet with Wolf Carving, Full Tang Outdoor Axe with Decorative Handle, Durable Forged Blade for Hiking, Bushcraft, and Survival","1","amazon.com","Standard Orders","Amazon","BROOKLYN","NY","11230","MarketplaceFacilitator","19.99","1.77","0","0","0","0","0","0","0","0","-1.77","-3.00","-5.84","0","0","11.15"
"Dec 27, 2025 10:19:43 AM PST","25187401591","Order","114-1280848-8509050","CP-A-K-U","Grumpy Bear Camping Axe & Sickle Set - Dual Outdoor Tools for Camping, Survival & Bushcraft | High Carbon Steel Camping Axe & Hatchet Combo | Black Ox","1","amazon.com","Standard Orders","Amazon","Mason City","IA","50401","MarketplaceFacilitator","14.99","1.05","0","0","0","0","0","0","0","0","-1.05","-2.25","-5.84","0","0","6.90"
"Dec 27, 2025 10:24:40 AM PST","25187401591","Order","113-7358904-2119469","CP-A-K-U","Grumpy Bear Camping Axe & Sickle Set - Dual Outdoor Tools for Camping, Survival & Bushcraft | High Carbon Steel Camping Axe & Hatchet Combo | Black Ox","1","amazon.com","Standard Orders","Amazon","DAWSON SPRINGS","KY","42408","MarketplaceFacilitator","14.99","0.90","0","0","0","0","0","0","0","0","-0.90","-2.25","-5.84","0","0","6.90"
"Dec 27, 2025 11:34:39 AM PST","25187401591","Order","114-2016369-1061003","GB-CA-02-EAGLE","Grumpy Bear Camping Hatchet, Full Tang Outdoor Axe with Decorative Handle, Durable Forged Blade for Hiking, Bushcraft, and Survival (Eagle)","1","amazon.com","Standard Orders","Amazon","CAVE CREEK","AZ","85331","MarketplaceFacilitator","19.99","1.82","0","0","0","0","0","0","0","0","-1.82","-3.00","-5.68","0","0","11.31"
"Dec 27, 2025 1:45:49 PM PST","25187401591","Order","114-0981065-6055449","CP-A-K-U","Grumpy Bear Camping Axe & Sickle Set - Dual Outdoor Tools for Camping, Survival & Bushcraft | High Carbon Steel Camping Axe & Hatchet Combo | Black Ox","1","amazon.com","Standard Orders","Amazon","Jersey City","New Jersey","07305","MarketplaceFacilitator","14.99","0.99","0","0","0","0","0","0","0","0","-0.99","-2.25","-5.84","0","0","6.90"
"Dec 27, 2025 4:13:59 PM PST","25187401591","Order","112-5526324-7796229","CP-A-K-U","Grumpy Bear Camping Axe & Sickle Set - Dual Outdoor Tools for Camping, Survival & Bushcraft | High Carbon Steel Camping Axe & Hatchet Combo | Black Ox","1","amazon.com","Standard Orders","Amazon","ZEPHYRHILLS","FL","33540","MarketplaceFacilitator","14.99","1.05","0","0","0","0","0","0","0","0","-1.05","-2.25","-5.84","0","0","6.90"
"Dec 27, 2025 4:55:21 PM PST","25187401591","Order","114-3401111-0857851","CP-A-K-U","Grumpy Bear Camping Axe & Sickle Set - Dual Outdoor Tools for Camping, Survival & Bushcraft | High Carbon Steel Camping Axe & Hatchet Combo | Black Ox","1","amazon.com","Standard Orders","Amazon","GRASS VALLEY","CA","95949","MarketplaceFacilitator","14.99","1.12","0","0","0","0","0","0","0","0","-1.12","-2.25","-5.84","0","0","6.90"
"Dec 27, 2025 5:11:57 PM PST","25187401591","Order","114-2828101-5009846","AXE-GBWS-L","Grumpy Bear 15"" Survival Axe Camping Hatchet - Forged High Carbon Steel Blade with Walnut Wood Handle - Shock-Absorbing, Anti-Slip Grip - Ideal for Bu","1","amazon.com","Standard Orders","Amazon","RIGBY","ID","83442","MarketplaceFacilitator","35.41","2.13","0","0","0","0","0","0","0","0","-2.13","-5.31","-6.44","0","0","23.66"
"Dec 27, 2025 5:19:19 PM PST","25187401591","Order","111-2608121-8916243","CP-A-K-U","Grumpy Bear Camping Axe & Sickle Set - Dual Outdoor Tools for Camping, Survival & Bushcraft | High Carbon Steel Camping Axe & Hatchet Combo | Black Ox","1","amazon.com","Standard Orders","Amazon","MAYWOOD","CA","90270","MarketplaceFacilitator","14.99","1.46","0","0","0","0","0","0","0","0","-1.46","-2.25","-5.84","0","0","6.90"
"Dec 27, 2025 7:25:26 PM PST","25187401591","Order","S01-2029578-2003653","GB-CA-02-LION","Grumpy Bear Camping Hatchet with Lion Carving, Full Tang Outdoor Axe with Decorative Handle, Durable Forged Blade for Hiking, Bushcraft, and Survival","1","sim1.stores.amazon.com","Standard Orders","Amazon","SHOW LOW","AZ","85901","","0","0","0","0","0","0","0","0","0","0","0","0","-10.60","0","0","-10.60"
"Dec 27, 2025 8:05:56 PM PST","25187401591","Order","S01-5230619-8921201","CP-A-K-U","Grumpy Bear Camping Axe & Sickle Set – Dual Outdoor Tools for Camping, Survival & Bushcraft | High Carbon Steel Camping Axe & Hatchet Combo | Black Oxide Finish, Protective Sheaths","2","sim1.stores.amazon.com","Standard Orders","Amazon","TERRE HAUTE","IN","47803","","0","0","0","0","0","0","0","0","0","0","0","0","-14.54","0","0","-14.54"
"Dec 27, 2025 8:08:03 PM PST","25187401591","Order","114-0593031-5560224","AXE-GBWS-L","Grumpy Bear 15"" Survival Axe Camping Hatchet - Forged High Carbon Steel Blade with Walnut Wood Handle - Shock-Absorbing, Anti-Slip Grip - Ideal for Bu","1","amazon.com","Standard Orders","Amazon","GUTHRIE","OK","73044","MarketplaceFacilitator","35.41","1.86","0","0","0","0","0","0","0","0","-1.86","-5.31","-6.44","0","0","23.66"
"Dec 27, 2025 8:47:44 PM PST","25187401591","Order","113-2282236-3553017","CP-A-K-U","Grumpy Bear Camping Axe & Sickle Set - Dual Outdoor Tools for Camping, Survival & Bushcraft | High Carbon Steel Camping Axe & Hatchet Combo | Black Ox","1","amazon.com","Standard Orders","Amazon","NORMAN","OK","73071","MarketplaceFacilitator","14.99","1.31","0","0","0","0","0","0","0","0","-1.31","-2.25","-5.84","0","0","6.90"
"Dec 27, 2025 9:11:32 PM PST","25187401591","Order","114-9218015-2478611","CP-A-K-U","Grumpy Bear Camping Axe & Sickle Set - Dual Outdoor Tools for Camping, Survival & Bushcraft | High Carbon Steel Camping Axe & Hatchet Combo | Black Ox","1","amazon.com","Standard Orders","Amazon","OLMSTED FALLS","OH","44138","MarketplaceFacilitator","14.99","1.20","0","0","0","0","0","0","0","0","-1.20","-2.25","-5.84","0","0","6.90"
"Dec 27, 2025 10:11:59 PM PST","25187401591","Order","112-1764869-2056264","CP-A-K-U","Grumpy Bear Camping Axe & Sickle Set - Dual Outdoor Tools for Camping, Survival & Bushcraft | High Carbon Steel Camping Axe & Hatchet Combo | Black Ox","1","amazon.com","Standard Orders","Amazon","BUCKEYE","AZ","85326","MarketplaceFacilitator","14.99","1.39","0","0","0","0","0","0","0","0","-1.39","-2.25","-5.84","0","0","6.90"
"Dec 27, 2025 10:33:02 PM PST","25187401591","Order","112-1362377-2477007","Axe-F-R-S","Grumpy Bear 11"" Survival Axe Camping Hatchet - Forged High Carbon Steel Blade with Walnut Wood Handle - Shock-Absorbing, Anti-Slip Grip - Ideal for Bu","1","amazon.com","Standard Orders","Amazon","Pollock","LA","71467","MarketplaceFacilitator","34.41","2.79","0","0","0","0","0","0","-3.44","0","-2.79","-4.65","-6.24","0","0","20.08"
"Dec 27, 2025 10:42:07 PM PST","25187401591","Order","111-5286274-5524206","CP-A-K-U","Grumpy Bear Camping Axe & Sickle Set - Dual Outdoor Tools for Camping, Survival & Bushcraft | High Carbon Steel Camping Axe & Hatchet Combo | Black Ox","1","amazon.com","Standard Orders","Amazon","SILOAM SPRINGS","AR","72761","MarketplaceFacilitator","14.99","1.42","0","0","0","0","0","0","0","0","-1.42","-2.25","-5.84","0","0","6.90"
"Dec 27, 2025 11:01:52 PM PST","25187401591","Order","111-3603777-2125826","GB-CA-02-LION","Grumpy Bear Camping Hatchet with Lion Carving, Full Tang Outdoor Axe with Decorative Handle, Durable Forged Blade for Hiking, Bushcraft, and Survival","1","amazon.com","Standard Orders","Amazon","COLORADO SPRINGS","CO","80910","MarketplaceFacilitator","17.99","1.48","0","0","0","0","0","0","0","0","-1.48","-2.70","-5.68","0","0","9.61"
"Dec 27, 2025 11:04:00 PM PST","25187401591","Order","112-5324763-1307423","Axe-F-R-S","Grumpy Bear 11"" Survival Axe Camping Hatchet - Forged High Carbon Steel Blade with Walnut Wood Handle - Shock-Absorbing, Anti-Slip Grip - Ideal for Bu","1","amazon.com","Standard Orders","Amazon","SAINT CLOUD","FL","34772","MarketplaceFacilitator","34.41","2.32","0","0","0","0","0","0","-3.44","0","-2.32","-4.65","-6.24","0","0","20.08"
"Dec 27, 2025 11:31:36 PM PST","25187401591","Order","114-3399627-9385809","C-axe-01","Full Tang Survival Camping Axe with Wood Ergonomic Handle and Nylon Sheath Sheath - High Carbon Stainless Steel, Multi-Tool for Outdoor, Hunting, Emer","1","amazon.com","Standard Orders","Amazon","BLACKFOOT","ID","83221","MarketplaceFacilitator","10.99","0.59","0.16","0","0","0","0","0","-0.16","0","-0.59","-1.65","-6.10","0","0","3.24"
"Dec 27, 2025 11:40:05 PM PST","25187401591","Order","114-5260596-7719432","AXE-SH-L","Grumpy Bear 15"" Survival Axe Camping Hatchet - Forged High Carbon Steel Blade with Walnut Wood Handle - Shock-Absorbing, Anti-Slip Grip - Ideal for Bu","1","amazon.com","Standard Orders","Amazon","PARKER","CO","80138","MarketplaceFacilitator","36.94","1.85","0","0","0","0","0","0","0","0","-1.85","-5.54","-6.44","0","0","24.96"
"Dec 27, 2025 11:46:32 PM PST","25187401591","Order","112-6213446-3953812","AXE-GBWS-L","Grumpy Bear 15"" Survival Axe Camping Hatchet - Forged High Carbon Steel Blade with Walnut Wood Handle - Shock-Absorbing, Anti-Slip Grip - Ideal for Bu","1","amazon.com","Standard Orders","Amazon","NEVADA","MO","64772","MarketplaceFacilitator","35.41","2.74","0","0","0","0","0","0","0","0","-2.74","-5.31","-6.44","0","0","23.66"
"Dec 28, 2025 12:22:09 AM PST","25187401591","Order","114-6270885-0822631","CP-A-K-U","Grumpy Bear Camping Axe & Sickle Set - Dual Outdoor Tools for Camping, Survival & Bushcraft | High Carbon Steel Camping Axe & Hatchet Combo | Black Ox","1","amazon.com","Standard Orders","Amazon","HOUMA","LA","70363","MarketplaceFacilitator","14.99","1.57","0","0","0","0","0","0","0","0","-1.57","-2.25","-5.84","0","0","6.90"
"Dec 28, 2025 12:35:45 AM PST","25187401591","Order","114-4012171-1401838","AXE-GBWS-L","Grumpy Bear 15"" Survival Axe Camping Hatchet - Forged High Carbon Steel Blade with Walnut Wood Handle - Shock-Absorbing, Anti-Slip Grip - Ideal for Bu","1","amazon.com","Standard Orders","Amazon","HARTSVILLE","SC","29550","MarketplaceFacilitator","35.41","2.83","0","0","0","0","0","0","0","0","-2.83","-5.31","-6.44","0","0","23.66"
"Dec 28, 2025 12:40:23 AM PST","25187401591","Order","113-0923888-9713805","CP-A-K-U","Grumpy Bear Camping Axe & Sickle Set - Dual Outdoor Tools for Camping, Survival & Bushcraft | High Carbon Steel Camping Axe & Hatchet Combo | Black Ox","1","amazon.com","Standard Orders","Amazon","HATTIESBURG","MS","39402","MarketplaceFacilitator","14.99","1.05","0","0","0","0","0","0","0","0","-1.05","-2.25","-5.84","0","0","6.90"
"Dec 28, 2025 12:45:04 AM PST","25187401591","Order","111-1290491-7807465","Axe-F-R-S","Grumpy Bear 11"" Survival Axe Camping Hatchet - Forged High Carbon Steel Blade with Walnut Wood Handle - Shock-Absorbing, Anti-Slip Grip - Ideal for Bu","1","amazon.com","Standard Orders","Amazon","Arlington Heights","IL","60004","MarketplaceFacilitator","36.41","3.28","0","0","0","0","0","0","-3.64","0","-3.28","-4.92","-6.24","0","0","21.61"
"Dec 28, 2025 12:46:49 AM PST","25187401591","Order","112-4525456-3431402","GB-CA-02-EAGLE","Grumpy Bear Camping Hatchet, Full Tang Outdoor Axe with Decorative Handle, Durable Forged Blade for Hiking, Bushcraft, and Survival (Eagle)","1","amazon.com","Standard Orders","Amazon","WASHOUGAL","WA","98671","MarketplaceFacilitator","19.99","1.54","0","0","0","0","0","0","0","0","-1.54","-3.00","-5.68","0","0","11.31"
"Dec 28, 2025 12:49:24 AM PST","25187401591","Order","112-4589461-6888204","CP-A-K-U","Grumpy Bear Camping Axe & Sickle Set - Dual Outdoor Tools for Camping, Survival & Bushcraft | High Carbon Steel Camping Axe & Hatchet Combo | Black Ox","1","amazon.com","Standard Orders","Amazon","CENTER MORICHES","NY","11934","MarketplaceFacilitator","14.99","1.31","0","0","0","0","0","0","0","0","-1.31","-2.25","-5.84","0","0","6.90"
"Dec 28, 2025 12:49:33 AM PST","25187401591","Order","113-6238807-3134622","C-axe-01","Full Tang Survival Camping Axe with Wood Ergonomic Handle and Nylon Sheath Sheath - High Carbon Stainless Steel, Multi-Tool for Outdoor, Hunting, Emer","1","amazon.com","Standard Orders","Amazon","SAINT CHARLES","IL","60174","MarketplaceFacilitator","10.99","0.93","0","0","0","0","0","0","0","0","-0.93","-1.65","-6.10","0","0","3.24"
"Dec 28, 2025 12:58:43 AM PST","25187401591","Order","113-7384091-1467439","CP-A-K-U","Grumpy Bear Camping Axe & Sickle Set - Dual Outdoor Tools for Camping, Survival & Bushcraft | High Carbon Steel Camping Axe & Hatchet Combo | Black Ox","1","amazon.com","Standard Orders","Amazon","NORTHAMPTON","PA","18067","MarketplaceFacilitator","14.99","0.90","0","0","0","0","0","0","0","0","-0.90","-2.25","-5.84","0","0","6.90"
"Dec 28, 2025 1:52:45 AM PST","25187401591","Order","113-3392610-5652217","CP-A-K-U","Grumpy Bear Camping Axe & Sickle Set - Dual Outdoor Tools for Camping, Survival & Bushcraft | High Carbon Steel Camping Axe & Hatchet Combo | Black Ox","1","amazon.com","Standard Orders","Amazon","HENRY","IL","61537","MarketplaceFacilitator","14.99","0.94","0","0","0","0","0","0","0","0","-0.94","-2.25","-5.84","0","0","6.90"
"Dec 28, 2025 2:17:51 AM PST","25187401591","Order","113-6277228-8160249","C-axe-01","Full Tang Survival Camping Axe with Wood Ergonomic Handle and Nylon Sheath Sheath - High Carbon Stainless Steel, Multi-Tool for Outdoor, Hunting, Emer","1","amazon.com","Standard Orders","Amazon","NEWARK","CA","94560","MarketplaceFacilitator","10.99","1.18","0.57","0","0","0","0","0","-0.57","0","-1.18","-1.65","-6.10","0","0","3.24"
"Dec 28, 2025 2:56:57 AM PST","25187401591","Order","114-0939003-8379467","Axe-F-R-S","Grumpy Bear 11"" Survival Axe Camping Hatchet - Forged High Carbon Steel Blade with Walnut Wood Handle - Shock-Absorbing, Anti-Slip Grip - Ideal for Bu","1","amazon.com","Standard Orders","Amazon","LONG BEACH","CA","90810","MarketplaceFacilitator","36.41","3.44","0","0","0","0","0","0","-3.64","0","-3.44","-4.92","-6.24","0","0","21.61"
"Dec 28, 2025 3:02:05 AM PST","25187401591","Order","111-6112752-4772235","GB-CA-02-WOLF","Grumpy Bear Camping Hatchet with Wolf Carving, Full Tang Outdoor Axe with Decorative Handle, Durable Forged Blade for Hiking, Bushcraft, and Survival","1","amazon.com","Standard Orders","Amazon","TEMECULA","CA","92591","MarketplaceFacilitator","19.99","1.75","0","0","0","0","0","0","0","0","-1.75","-3.00","-5.84","0","0","11.15"
"Dec 28, 2025 3:05:46 AM PST","25187401591","Order","112-6852674-2501854","GB-CA-02-LION","Grumpy Bear Camping Hatchet with Lion Carving, Full Tang Outdoor Axe with Decorative Handle, Durable Forged Blade for Hiking, Bushcraft, and Survival","1","amazon.com","Standard Orders","Amazon","PORT CHARLOTTE","FL","33954","MarketplaceFacilitator","21.99","1.54","0","0","0","0","0","0","0","0","-1.54","-3.30","-5.68","0","0","13.01"
"Dec 28, 2025 3:05:52 AM PST","25187401591","Order","114-1278995-6697058","CP-A-K-U","Grumpy Bear Camping Axe & Sickle Set - Dual Outdoor Tools for Camping, Survival & Bushcraft | High Carbon Steel Camping Axe & Hatchet Combo | Black Ox","1","amazon.com","Standard Orders","Amazon","HUDSON","MI","49247","MarketplaceFacilitator","14.99","0.90","2.18","0","0","0","0","0","-2.18","0","-0.90","-2.25","-5.84","0","0","6.90"
"Dec 28, 2025 3:06:15 AM PST","25187401591","Order","111-2499963-1387444","CP-A-K-U","Grumpy Bear Camping Axe & Sickle Set - Dual Outdoor Tools for Camping, Survival & Bushcraft | High Carbon Steel Camping Axe & Hatchet Combo | Black Ox","1","amazon.com","Standard Orders","Amazon","OAKLAND","CA","94612","MarketplaceFacilitator","14.99","1.61","0","0","0","0","0","0","0","0","-1.61","-2.25","-5.84","0","0","6.90"
"Dec 28, 2025 3:34:47 AM PST","25187401591","Order","112-4241897-2497806","AXE-SH-L","Grumpy Bear 15"" Survival Axe Camping Hatchet - Forged High Carbon Steel Blade with Walnut Wood Handle - Shock-Absorbing, Anti-Slip Grip - Ideal for Bu","1","amazon.com","Standard Orders","Amazon","SPRINGFIELD","MO","65807","MarketplaceFacilitator","36.94","2.35","0.21","0","0","0","0","0","-0.21","0","-2.35","-5.54","-6.44","0","0","24.96"
"Dec 28, 2025 3:40:25 AM PST","25187401591","Order","114-5011362-3808268","GB-CA-02-TIGER","Grumpy Bear Camping Hatchet with Tiger Carving, Full Tang Outdoor Axe with Decorative Handle, Durable Forged Blade for Hiking, Bushcraft, and Survival","1","amazon.com","Standard Orders","Amazon","BROOKHAVEN","MS","39601","MarketplaceFacilitator","17.99","1.26","0","0","0","0","0","0","0","0","-1.26","-2.70","-5.84","0","0","9.45"
"Dec 28, 2025 3:46:44 AM PST","25187401591","Order","113-8374337-2379423","C-axe-02","Full Tang Survival Camping Axe with Wood Ergonomic Handle and Nylon Sheath Sheath - High Carbon Stainless Steel, Multi-Tool for Outdoor, Hunting, Emer","2","amazon.com","Standard Orders","Amazon","COLUMBUS","GA","31907","MarketplaceFacilitator","21.98","1.98","0","0","0","0","0","0","0","0","-1.98","-3.30","-12.88","0","0","5.80"
"Dec 28, 2025 3:48:35 AM PST","25187401591","Order","112-8250780-5427448","AXE-GBWS-L","Grumpy Bear 15"" Survival Axe Camping Hatchet - Forged High Carbon Steel Blade with Walnut Wood Handle - Shock-Absorbing, Anti-Slip Grip - Ideal for Bu","2","amazon.com","Standard Orders","Amazon","BOISE","ID","83709","MarketplaceFacilitator","70.82","4.26","0","0","0","0","0","0","0","0","-4.26","-10.62","-12.88","0","0","47.32"
"Dec 28, 2025 4:17:15 AM PST","25187401591","Order","114-0083934-4437055","CP-A-K-U","Grumpy Bear Camping Axe & Sickle Set - Dual Outdoor Tools for Camping, Survival & Bushcraft | High Carbon Steel Camping Axe & Hatchet Combo | Black Ox","1","amazon.com","Standard Orders","Amazon","MURFREESBORO","TN","37127","MarketplaceFacilitator","14.99","1.46","0","0","0","0","0","0","0","0","-1.46","-2.25","-5.84","0","0","6.90"
"Dec 28, 2025 4:22:43 AM PST","25187401591","Order","113-2638039-0197852","GB-CA-02-TIGER","Grumpy Bear Camping Hatchet with Tiger Carving, Full Tang Outdoor Axe with Decorative Handle, Durable Forged Blade for Hiking, Bushcraft, and Survival","1","amazon.com","Standard Orders","Amazon","SPRINGFIELD","OH","45505","MarketplaceFacilitator","17.99","1.30","2.17","0","0","0","0","0","-2.17","0","-1.30","-2.70","-5.84","0","0","9.45"
"Dec 28, 2025 4:26:19 AM PST","25187401591","Order","112-1837804-3043454","Axe-F-R-S","Grumpy Bear 11"" Survival Axe Camping Hatchet - Forged High Carbon Steel Blade with Walnut Wood Handle - Shock-Absorbing, Anti-Slip Grip - Ideal for Bu","1","amazon.com","Standard Orders","Amazon","clinton","MD","20735","MarketplaceFacilitator","36.41","1.97","0","0","0","0","0","0","-3.64","0","-1.97","-4.92","-6.24","0","0","21.61"
"Dec 28, 2025 4:35:30 AM PST","25187401591","Order","114-2314306-9817032","CP-A-K-U","Grumpy Bear Camping Axe & Sickle Set - Dual Outdoor Tools for Camping, Survival & Bushcraft | High Carbon Steel Camping Axe & Hatchet Combo | Black Ox","1","amazon.com","Standard Orders","Amazon","LAPORTE","IN","46350","MarketplaceFacilitator","14.99","1.05","0","0","0","0","0","0","0","0","-1.05","-2.25","-5.84","0","0","6.90"
"Dec 28, 2025 4:47:50 AM PST","25187401591","Order","111-6320206-5609864","Axe-F-R-L","Grumpy Bear 15"" Survival Axe Camping Hatchet - Forged High Carbon Steel Blade with Walnut Wood Handle - Shock-Absorbing, Anti-Slip Grip - Ideal for Bu","1","amazon.com","Standard Orders","Amazon","ALLIANCE","OH","44601","MarketplaceFacilitator","37.94","2.22","0","0","0","0","0","0","-3.79","0","-2.22","-5.12","-6.44","0","0","22.59"
"Dec 28, 2025 4:48:50 AM PST","25187401591","Order","114-2191248-1935431","CP-A-K-U","Grumpy Bear Camping Axe & Sickle Set - Dual Outdoor Tools for Camping, Survival & Bushcraft | High Carbon Steel Camping Axe & Hatchet Combo | Black Ox","1","amazon.com","Standard Orders","Amazon","ANDERSON","IN","46016","MarketplaceFacilitator","14.99","1.05","2.86","0","0","0","0","0","-2.86","0","-1.05","-2.25","-5.84","0","0","6.90"
"Dec 28, 2025 5:16:21 AM PST","25187401591","Order","111-0057573-4917015","GB-CA-02-WOLF","Grumpy Bear Camping Hatchet with Wolf Carving, Full Tang Outdoor Axe with Decorative Handle, Durable Forged Blade for Hiking, Bushcraft, and Survival","1","amazon.com","Standard Orders","Amazon","SEATTLE","WA","98168","MarketplaceFacilitator","19.99","2.04","0","0","0","0","0","0","0","0","-2.04","-3.00","-5.84","0","0","11.15"
"Dec 28, 2025 5:25:21 AM PST","25187401591","Order","112-4996637-3091411","GB-CA-02-EAGLE","Grumpy Bear Camping Hatchet, Full Tang Outdoor Axe with Decorative Handle, Durable Forged Blade for Hiking, Bushcraft, and Survival (Eagle)","1","amazon.com","Standard Orders","Amazon","SAN BENITO","TX","78586","MarketplaceFacilitator","19.99","1.65","0","0","0","0","0","0","0","0","-1.65","-3.00","-5.68","0","0","11.31"
"Dec 28, 2025 6:01:57 AM PST","25187401591","Order","111-2392865-9024262","CP-A-K-U","Grumpy Bear Camping Axe & Sickle Set - Dual Outdoor Tools for Camping, Survival & Bushcraft | High Carbon Steel Camping Axe & Hatchet Combo | Black Ox","1","amazon.com","Standard Orders","Amazon","BEAUFORT","SC","29906","MarketplaceFacilitator","14.99","0.90","0","0","0","0","0","0","0","0","-0.90","-2.25","-5.84","0","0","6.90"
"Dec 28, 2025 6:09:38 AM PST","25187401591","Order","112-2494584-9461824","Axe-F-R-S","Grumpy Bear 11"" Survival Axe Camping Hatchet - Forged High Carbon Steel Blade with Walnut Wood Handle - Shock-Absorbing, Anti-Slip Grip - Ideal for Bu","1","amazon.com","Standard Orders","Amazon","PAGOSA SPRINGS","CO","81147","MarketplaceFacilitator","34.41","2.14","0","0","0","0","0","0","-3.44","0","-2.14","-4.65","-6.24","0","0","20.08"
"Dec 28, 2025 6:16:58 AM PST","25187401591","Order","113-2470971-9272227","AXE-SH-L","Grumpy Bear 15"" Survival Axe Camping Hatchet - Forged High Carbon Steel Blade with Walnut Wood Handle - Shock-Absorbing, Anti-Slip Grip - Ideal for Bu","1","amazon.com","Standard Orders","Amazon","OVIEDO","FL","32765","MarketplaceFacilitator","37.94","2.66","0","0","0","0","0","0","0","0","-2.66","-5.69","-6.44","0","0","25.81"
"Dec 28, 2025 6:20:01 AM PST","25187401591","Order","111-2967379-5043424","CP-A-K-U","Grumpy Bear Camping Axe & Sickle Set - Dual Outdoor Tools for Camping, Survival & Bushcraft | High Carbon Steel Camping Axe & Hatchet Combo | Black Ox","1","amazon.com","Standard Orders","Amazon","PETERSHAM","MA","01366","MarketplaceFacilitator","14.99","0.94","0","0","0","0","0","0","0","0","-0.94","-2.25","-5.84","0","0","6.90"
"Dec 28, 2025 6:48:23 AM PST","25187401591","Order","113-0142251-2762604","C-axe-01","Full Tang Survival Camping Axe with Wood Ergonomic Handle and Nylon Sheath Sheath - High Carbon Stainless Steel, Multi-Tool for Outdoor, Hunting, Emer","1","amazon.com","Standard Orders","Amazon","MONROE","IA","50170","MarketplaceFacilitator","10.99","0.73","0.44","0","0","0","0","0","-0.44","0","-0.73","-1.65","-6.10","0","0","3.24"
"Dec 28, 2025 6:52:16 AM PST","25187401591","Order","113-7060930-3282636","GB-CA-02-EAGLE","Grumpy Bear Camping Hatchet, Full Tang Outdoor Axe with Decorative Handle, Durable Forged Blade for Hiking, Bushcraft, and Survival (Eagle)","1","amazon.com","Standard Orders","Amazon","BURLESON","TX","76028","MarketplaceFacilitator","19.99","1.65","0","0","0","0","0","0","0","0","-1.65","-3.00","-5.68","0","0","11.31"
"Dec 28, 2025 6:56:16 AM PST","25187401591","Order","113-0440309-3205030","AXE-WS-L","Grumpy Bear 15"" Survival Axe Camping Hatchet - Forged High Carbon Steel Blade with Walnut Wood Handle - Shock-Absorbing, Anti-Slip Grip - Ideal for Bu","1","amazon.com","Standard Orders","Amazon","MANCHESTER","NH","03102","","35.41","0","0","0","0","0","0","0","0","0","0","-5.31","-6.44","0","0","23.66"
"Dec 28, 2025 7:09:06 AM PST","25187401591","Order","112-2570754-3280241","GB-CA-02-EAGLE","Grumpy Bear Camping Hatchet, Full Tang Outdoor Axe with Decorative Handle, Durable Forged Blade for Hiking, Bushcraft, and Survival (Eagle)","1","amazon.com","Standard Orders","Amazon","CHESTER","SC","29706","MarketplaceFacilitator","19.99","1.60","0","0","0","0","0","0","0","0","-1.60","-3.00","-5.68","0","0","11.31"
"Dec 28, 2025 7:32:10 AM PST","25187401591","Order","114-8121909-7930606","GB-CA-02-EAGLE","Grumpy Bear Camping Hatchet, Full Tang Outdoor Axe with Decorative Handle, Durable Forged Blade for Hiking, Bushcraft, and Survival (Eagle)","1","amazon.com","Standard Orders","Amazon","VANCOUVER","WA","98663","MarketplaceFacilitator","19.99","1.70","0","0","0","0","0","0","0","0","-1.70","-3.00","-5.68","0","0","11.31"
"Dec 28, 2025 7:41:26 AM PST","25187401591","Order","112-0907235-5667424","GB-CA-02-EAGLE","Grumpy Bear Camping Hatchet, Full Tang Outdoor Axe with Decorative Handle, Durable Forged Blade for Hiking, Bushcraft, and Survival (Eagle)","1","amazon.com","Standard Orders","Amazon","CLAYTON","NC","27527","MarketplaceFacilitator","19.99","1.35","0","0","0","0","0","0","0","0","-1.35","-3.00","-5.68","0","0","11.31"
"Dec 28, 2025 7:48:57 AM PST","25187401591","Order","113-4876995-4143461","AXE-SH-L","Grumpy Bear 15"" Survival Axe Camping Hatchet - Forged High Carbon Steel Blade with Walnut Wood Handle - Shock-Absorbing, Anti-Slip Grip - Ideal for Bu","1","amazon.com","Standard Orders","Amazon","NOTTINGHAM","NH","03290","","36.94","0","0","0","0","0","0","0","0","0","0","-5.54","-6.44","0","0","24.96"
"Dec 28, 2025 7:54:09 AM PST","25187401591","Order","111-3347921-8024230","C-axe-01","Full Tang Survival Camping Axe with Wood Ergonomic Handle and Nylon Sheath Sheath - High Carbon Stainless Steel, Multi-Tool for Outdoor, Hunting, Emer","1","amazon.com","Standard Orders","Amazon","MIAMI","FL","33184","MarketplaceFacilitator","10.99","0.66","0.67","0","0","0","0","0","-0.67","0","-0.66","-1.65","-6.10","0","0","3.24"
"Dec 28, 2025 7:55:22 AM PST","25187401591","Order","111-7144085-7709035","Axe-F-R-S","Grumpy Bear 11"" Survival Axe Camping Hatchet - Forged High Carbon Steel Blade with Walnut Wood Handle - Shock-Absorbing, Anti-Slip Grip - Ideal for Bu","1","amazon.com","Standard Orders","Amazon","HEDGESVILLE","WV","25427","MarketplaceFacilitator","34.41","1.86","6.99","0.42","0","0","0","0","-3.44","0","-2.28","-4.65","-13.23","0","0","20.08"
"Dec 28, 2025 8:11:10 AM PST","25187401591","Order","112-4543917-9547444","GB-CA-02-WOLF","Grumpy Bear Camping Hatchet with Wolf Carving, Full Tang Outdoor Axe with Decorative Handle, Durable Forged Blade for Hiking, Bushcraft, and Survival","1","amazon.com","Standard Orders","Amazon","ENID","OK","73701","MarketplaceFacilitator","19.99","1.82","0","0","0","0","0","0","0","0","-1.82","-3.00","-5.84","0","0","11.15"
"Dec 28, 2025 8:41:53 AM PST","25187401591","Order","114-1551857-3857856","GB-CA-02-LION","Grumpy Bear Camping Hatchet with Lion Carving, Full Tang Outdoor Axe with Decorative Handle, Durable Forged Blade for Hiking, Bushcraft, and Survival","1","amazon.com","Standard Orders","Amazon","CRAWFORD","NE","69339","MarketplaceFacilitator","17.99","0.99","0","0","0","0","0","0","0","0","-0.99","-2.70","-5.68","0","0","9.61"
"Dec 28, 2025 8:56:40 AM PST","25187401591","Order","112-1349277-9613822","C-axe-01","Full Tang Survival Camping Axe with Wood Ergonomic Handle and Nylon Sheath Sheath - High Carbon Stainless Steel, Multi-Tool for Outdoor, Hunting, Emer","1","amazon.com","Standard Orders","Amazon","MORENO VALLEY","CA","92555","MarketplaceFacilitator","10.99","0.96","3.99","0.35","0","0","0","0","0","0","-1.31","-1.65","-10.09","0","0","3.24"
"Dec 28, 2025 9:44:12 AM PST","25187401591","Order","114-4836328-6714622","CP-A-K-U","Grumpy Bear Camping Axe & Sickle Set - Dual Outdoor Tools for Camping, Survival & Bushcraft | High Carbon Steel Camping Axe & Hatchet Combo | Black Ox","1","amazon.com","Standard Orders","Amazon","LAWRENCEVILLE","GA","30044","MarketplaceFacilitator","14.99","0.90","0","0","0","0","0","0","0","0","-0.90","-2.25","-5.84","0","0","6.90"
"Dec 28, 2025 10:58:23 AM PST","25187401591","Order","112-4631405-2718643","AXE-WS-S","Grumpy Bear 11"" Survival Axe Camping Hatchet - Forged High Carbon Steel Blade with Walnut Wood Handle - Shock-Absorbing, Anti-Slip Grip - Ideal for Bu","1","amazon.com","Standard Orders","Amazon","CORONA","CALIFORNIA","92882","MarketplaceFacilitator","29.99","2.62","0","0","0","0","0","0","0","0","-2.62","-4.50","-6.24","0","0","19.25"
"Dec 28, 2025 11:32:17 AM PST","25187401591","Order","114-8191765-5822655","Axe-F-R-S","Grumpy Bear 11"" Survival Axe Camping Hatchet - Forged High Carbon Steel Blade with Walnut Wood Handle - Shock-Absorbing, Anti-Slip Grip - Ideal for Bu","1","amazon.com","Standard Orders","Amazon","MEMPHIS","TN","38120","MarketplaceFacilitator","34.41","3.02","0","0","0","0","0","0","-3.44","0","-3.02","-4.65","-6.24","0","0","20.08"
"Dec 28, 2025 12:16:44 PM PST","25187401591","Order","114-2396240-7706661","AXE-GBWS-L","Grumpy Bear 15"" Survival Axe Camping Hatchet - Forged High Carbon Steel Blade with Walnut Wood Handle - Shock-Absorbing, Anti-Slip Grip - Ideal for Bu","1","amazon.com","Standard Orders","Amazon","PARAGOULD","AR","72450","MarketplaceFacilitator","35.41","3.32","0","0","0","0","0","0","0","0","-3.32","-5.31","-6.44","0","0","23.66"
"Dec 28, 2025 1:57:58 PM PST","25187401591","Order","111-4958867-6193859","AXE-WS-L","Grumpy Bear 15"" Survival Axe Camping Hatchet - Forged High Carbon Steel Blade with Walnut Wood Handle - Shock-Absorbing, Anti-Slip Grip - Ideal for Bu","1","amazon.com","Standard Orders","Amazon","MORGANTOWN","IN","46160","MarketplaceFacilitator","35.41","2.48","0","0","0","0","0","0","0","0","-2.48","-5.31","-6.44","0","0","23.66"
"Dec 28, 2025 1:59:17 PM PST","25187401591","Order","111-4832677-7578640","AXE-SH-L","Grumpy Bear 15"" Survival Axe Camping Hatchet - Forged High Carbon Steel Blade with Walnut Wood Handle - Shock-Absorbing, Anti-Slip Grip - Ideal for Bu","1","amazon.com","Standard Orders","Amazon","SOUTH YARMOUTH","MA","02664","MarketplaceFacilitator","36.94","2.31","0","0","0","0","0","0","0","0","-2.31","-5.54","-6.44","0","0","24.96"
"Dec 28, 2025 5:10:13 PM PST","25187401591","Order","114-4496448-8757803","CP-A-K-U","Grumpy Bear Camping Axe & Sickle Set - Dual Outdoor Tools for Camping, Survival & Bushcraft | High Carbon Steel Camping Axe & Hatchet Combo | Black Ox","1","amazon.com","Standard Orders","Amazon","CARR","CO","80612","MarketplaceFacilitator","14.99","0.43","0","0","0","0","0","0","0","0","-0.43","-2.25","-5.84","0","0","6.90"
"Dec 28, 2025 6:18:50 PM PST","25187401591","Order","114-8852208-7685026","CP-A-K-U","Grumpy Bear Camping Axe & Sickle Set - Dual Outdoor Tools for Camping, Survival & Bushcraft | High Carbon Steel Camping Axe & Hatchet Combo | Black Ox","1","amazon.com","Standard Orders","Amazon","HOUSTON","TX","77074","MarketplaceFacilitator","14.99","1.24","2.92","0","0","0","0","0","-2.92","0","-1.24","-2.25","-5.84","0","0","6.90"
"Dec 28, 2025 6:42:00 PM PST","25187401591","Order","111-2392865-9024262","C-axe-02","Full Tang Survival Camping Axe with Wood Ergonomic Handle and Nylon Sheath Sheath - High Carbon Stainless Steel, Multi-Tool for Outdoor, Hunting, Emer","1","amazon.com","Standard Orders","Amazon","BEAUFORT","SC","29906","MarketplaceFacilitator","10.99","0.66","0","0","0","0","0","0","0","0","-0.66","-1.65","-6.44","0","0","2.90"
"Dec 28, 2025 8:17:07 PM PST","25187401591","Order","114-3223211-9479459","C-axe-01","Full Tang Survival Camping Axe with Wood Ergonomic Handle and Nylon Sheath Sheath - High Carbon Stainless Steel, Multi-Tool for Outdoor, Hunting, Emer","1","amazon.com","Standard Orders","Amazon","SANFORD","NC","27332","MarketplaceFacilitator","10.99","0.77","2.00","0.14","0","0","0","0","0","0","-0.91","-1.65","-8.10","0","0","3.24"
"Dec 28, 2025 9:14:30 PM PST","25187401591","Order","111-5110197-9820208","C-axe-01","Full Tang Survival Camping Axe with Wood Ergonomic Handle and Nylon Sheath Sheath - High Carbon Stainless Steel, Multi-Tool for Outdoor, Hunting, Emer","2","amazon.com","Standard Orders","Amazon","BLUFFTON","SC","29910","MarketplaceFacilitator","21.98","1.32","0","0","0","0","0","0","0","0","-1.32","-3.30","-12.20","0","0","6.48"
"Dec 28, 2025 10:40:20 PM PST","25187401591","Order","113-0477618-7656219","Axe-F-R-S","Grumpy Bear 11"" Survival Axe Camping Hatchet - Forged High Carbon Steel Blade with Walnut Wood Handle - Shock-Absorbing, Anti-Slip Grip - Ideal for Bu","1","amazon.com","Standard Orders","Amazon","Bushnell","FL","33523","MarketplaceFacilitator","36.41","2.29","0","0","0","0","0","0","-3.64","0","-2.29","-4.92","-6.24","0","0","21.61"
"Dec 28, 2025 11:01:04 PM PST","25187401591","Order","113-0387650-7113845","GB-CA-02-WOLF","Grumpy Bear Camping Hatchet with Wolf Carving, Full Tang Outdoor Axe with Decorative Handle, Durable Forged Blade for Hiking, Bushcraft, and Survival","1","amazon.com","Standard Orders","Amazon","BRIGHTON","CO","80602","MarketplaceFacilitator","19.99","1.70","0","0","0","0","0","0","0","0","-1.70","-3.00","-5.84","0","0","11.15"
"Dec 28, 2025 11:04:23 PM PST","25187401591","Order","112-1968557-7586664","CP-A-K-U","Grumpy Bear Camping Axe & Sickle Set - Dual Outdoor Tools for Camping, Survival & Bushcraft | High Carbon Steel Camping Axe & Hatchet Combo | Black Ox","1","amazon.com","Standard Orders","Amazon","LAKELAND","FL","33805","MarketplaceFacilitator","14.99","1.05","0","0","0","0","0","0","0","0","-1.05","-2.25","-5.84","0","0","6.90"
"Dec 28, 2025 11:07:55 PM PST","25187401591","Order","113-9286593-7340207","AXE-SH-L","Grumpy Bear 15"" Survival Axe Camping Hatchet - Forged High Carbon Steel Blade with Walnut Wood Handle - Shock-Absorbing, Anti-Slip Grip - Ideal for Bu","1","amazon.com","Standard Orders","Amazon","MARYSVILLE","WA","98270","MarketplaceFacilitator","37.94","3.57","0","0","0","0","0","0","0","0","-3.57","-5.69","-6.44","0","0","25.81"
"Dec 28, 2025 11:15:13 PM PST","25187401591","Order","114-7431927-1951468","CP-A-K-U","Grumpy Bear Camping Axe & Sickle Set - Dual Outdoor Tools for Camping, Survival & Bushcraft | High Carbon Steel Camping Axe & Hatchet Combo | Black Ox","1","amazon.com","Standard Orders","Amazon","DORCHESTER CENTER","MA","02124","MarketplaceFacilitator","14.99","0.94","6.29","0","0","0","0","0","-6.29","0","-0.94","-2.25","-5.84","0","0","6.90"
"Dec 28, 2025 11:47:01 PM PST","25294192941","Order","111-5596592-7766610","GB-CA-02-EAGLE","Grumpy Bear Camping Hatchet, Full Tang Outdoor Axe with Decorative Handle, Durable Forged Blade for Hiking, Bushcraft, and Survival (Eagle)","1","amazon.com","Standard Orders","Amazon","LEOLA","PA","17540","MarketplaceFacilitator","19.99","1.20","0","0","0","0","0","0","0","0","-1.20","-3.00","-5.68","0","0","11.31"
"Dec 28, 2025 11:52:19 PM PST","25294192941","Order","111-0678045-4756249","GB-CA-02-LION","Grumpy Bear Camping Hatchet with Lion Carving, Full Tang Outdoor Axe with Decorative Handle, Durable Forged Blade for Hiking, Bushcraft, and Survival","1","amazon.com","Standard Orders","Amazon","CEDAR RAPIDS","IA","52402","MarketplaceFacilitator","17.99","1.26","0","0","3.99","0.28","0","0","0","0","-1.54","-2.70","-9.67","0","0","9.61"
"Dec 29, 2025 12:20:21 AM PST","25294192941","Order","113-3724660-5049004","C-axe-01","Full Tang Survival Camping Axe with Wood Ergonomic Handle and Nylon Sheath Sheath - High Carbon Stainless Steel, Multi-Tool for Outdoor, Hunting, Emer","1","amazon.com","Standard Orders","Amazon","PORT CHARLOTTE","FL","33981","MarketplaceFacilitator","14.99","1.05","0","0","0","0","0","0","0","0","-1.05","-2.25","-6.10","0","0","6.64"
"Dec 29, 2025 12:24:44 AM PST","25294192941","Order","113-0867161-0709818","AXE-WS-L","Grumpy Bear 15"" Survival Axe Camping Hatchet - Forged High Carbon Steel Blade with Walnut Wood Handle - Shock-Absorbing, Anti-Slip Grip - Ideal for Bu","1","amazon.com","Standard Orders","Amazon","OAKLAND","CA","94602","MarketplaceFacilitator","35.41","3.81","0","0","0","0","0","0","0","0","-3.81","-5.31","-6.44","0","0","23.66"
"Dec 29, 2025 1:00:22 AM PST","25294192941","Order","113-6271646-6186660","Axe-F-R-L","Grumpy Bear 15"" Survival Axe Camping Hatchet - Forged High Carbon Steel Blade with Walnut Wood Handle - Shock-Absorbing, Anti-Slip Grip - Ideal for Bu","1","amazon.com","Standard Orders","Amazon","FRONT ROYAL","VA","22630","MarketplaceFacilitator","37.94","0","0","0","0","0","0","0","-3.79","0","0","-5.12","-6.44","0","0","22.59"
"Dec 29, 2025 1:17:14 AM PST","25294192941","Order","112-3619722-1117806","C-axe-01","Full Tang Survival Camping Axe with Wood Ergonomic Handle and Nylon Sheath Sheath - High Carbon Stainless Steel, Multi-Tool for Outdoor, Hunting, Emer","1","amazon.com","Standard Orders","Amazon","VACAVILLE","CA","95687","MarketplaceFacilitator","10.99","0.89","0.50","0","0","0","0","0","-0.50","0","-0.89","-1.65","-6.10","0","0","3.24"
"Dec 29, 2025 1:17:53 AM PST","25294192941","Order","114-7734366-1372212","CP-A-K-U","Grumpy Bear Camping Axe & Sickle Set - Dual Outdoor Tools for Camping, Survival & Bushcraft | High Carbon Steel Camping Axe & Hatchet Combo | Black Ox","1","amazon.com","Standard Orders","Amazon","ARLINGTON","WA","98223","MarketplaceFacilitator","14.99","1.18","0","0","0","0","0","0","0","0","-1.18","-2.25","-5.84","0","0","6.90"
"Dec 29, 2025 1:20:04 AM PST","25294192941","Order","112-4309942-1773023","Axe-F-R-S","Grumpy Bear 11"" Survival Axe Camping Hatchet - Forged High Carbon Steel Blade with Walnut Wood Handle - Shock-Absorbing, Anti-Slip Grip - Ideal for Bu","1","amazon.com","Standard Orders","Amazon","MOUNT VICTORY","OH","43340","MarketplaceFacilitator","34.41","2.25","0","0","0","0","0","0","-3.44","0","-2.25","-4.65","-6.24","0","0","20.08"
"Dec 29, 2025 1:26:34 AM PST","25294192941","Refund","112-3328773-2643440","C-axe-01","Full Tang Survival Camping Axe with Wood Ergonomic Handle and Nylon Sheath Sheath - High Carbon Stainless Steel, Multi-Tool for Outdoor, Hunting, Emer","1","amazon.com","Standard Orders","Amazon","PHILADELPHIA","PA","19134","MarketplaceFacilitator","-10.99","-0.53","-0.66","0","0","0","0","0","0.66","0","0.53","1.32","0","0","0","-9.67"
"Dec 29, 2025 1:36:44 AM PST","25294192941","Order","113-8124941-1557823","AXE-SH-L","Grumpy Bear 15"" Survival Axe Camping Hatchet - Forged High Carbon Steel Blade with Walnut Wood Handle - Shock-Absorbing, Anti-Slip Grip - Ideal for Bu","1","amazon.com","Standard Orders","Amazon","ENGLEWOOD","TN","37329","MarketplaceFacilitator","37.94","3.70","0","0","0","0","0","0","0","0","-3.70","-5.69","-6.44","0","0","25.81"
"Dec 29, 2025 1:39:59 AM PST","25294192941","Order","113-4867220-0021066","Axe-F-R-S","Grumpy Bear 11"" Survival Axe Camping Hatchet - Forged High Carbon Steel Blade with Walnut Wood Handle - Shock-Absorbing, Anti-Slip Grip - Ideal for Bu","2","amazon.com","Standard Orders","Amazon","WEATHERFORD","TX","76088","MarketplaceFacilitator","72.82","5.40","0","0","0","0","0","0","-7.28","0","-5.40","-9.84","-12.48","0","0","43.22"
"Dec 29, 2025 1:44:20 AM PST","25294192941","Order","112-8866475-7715426","CP-A-K-U","Grumpy Bear Camping Axe & Sickle Set - Dual Outdoor Tools for Camping, Survival & Bushcraft | High Carbon Steel Camping Axe & Hatchet Combo | Black Ox","1","amazon.com","Standard Orders","Amazon","SANTA CLARA","CA","95051","MarketplaceFacilitator","14.99","1.37","0","0","0","0","0","0","0","0","-1.37","-2.25","-5.84","0","0","6.90"
"Dec 29, 2025 1:47:39 AM PST","25294192941","Order","113-6684094-9317849","Axe-F-R-S","Grumpy Bear 11"" Survival Axe Camping Hatchet - Forged High Carbon Steel Blade with Walnut Wood Handle - Shock-Absorbing, Anti-Slip Grip - Ideal for Bu","1","amazon.com","Standard Orders","Amazon","MARION","AL","36756","MarketplaceFacilitator","34.41","2.48","0.29","0.02","0","0","0","0","-3.44","0","-2.50","-4.65","-6.53","0","0","20.08"
"Dec 29, 2025 1:57:22 AM PST","25294192941","Order","114-6534284-5966665","CP-A-K-U","Grumpy Bear Camping Axe & Sickle Set - Dual Outdoor Tools for Camping, Survival & Bushcraft | High Carbon Steel Camping Axe & Hatchet Combo | Black Ox","1","amazon.com","Standard Orders","Amazon","SAUK CITY","WI","53583","MarketplaceFacilitator","14.99","0.82","0","0","0","0","0","0","0","0","-0.82","-2.25","-5.84","0","0","6.90"
"Dec 29, 2025 2:00:20 AM PST","25294192941","Order","114-4628344-0583447","Axe-F-R-S","Grumpy Bear 11"" Survival Axe Camping Hatchet - Forged High Carbon Steel Blade with Walnut Wood Handle - Shock-Absorbing, Anti-Slip Grip - Ideal for Bu","1","amazon.com","Standard Orders","Amazon","MERRILLVILLE","IN","46410","MarketplaceFacilitator","36.41","2.29","0","0","0","0","0","0","-3.64","0","-2.29","-4.92","-6.24","0","0","21.61"
"Dec 29, 2025 2:00:48 AM PST","25294192941","Order","112-2463102-4862635","CP-A-K-U","Grumpy Bear Camping Axe & Sickle Set - Dual Outdoor Tools for Camping, Survival & Bushcraft | High Carbon Steel Camping Axe & Hatchet Combo | Black Ox","1","amazon.com","Standard Orders","Amazon","MC CALLA","AL","35111","MarketplaceFacilitator","14.99","1.20","0","0","0","0","0","0","0","0","-1.20","-2.25","-5.84","0","0","6.90"
"Dec 29, 2025 2:17:07 AM PST","25294192941","Order","113-7251982-6320231","GB-CA-02-EAGLE","Grumpy Bear Camping Hatchet, Full Tang Outdoor Axe with Decorative Handle, Durable Forged Blade for Hiking, Bushcraft, and Survival (Eagle)","1","amazon.com","Standard Orders","Amazon","HARTFORD CITY","IN","47348","MarketplaceFacilitator","19.99","1.40","0","0","0","0","0","0","0","0","-1.40","-3.00","-5.68","0","0","11.31"
"Dec 29, 2025 2:24:01 AM PST","25294192941","Order","114-7175902-1729834","AXE-GBWS-L","Grumpy Bear 15"" Survival Axe Camping Hatchet - Forged High Carbon Steel Blade with Walnut Wood Handle - Shock-Absorbing, Anti-Slip Grip - Ideal for Bu","1","amazon.com","Standard Orders","Amazon","WEST FARMINGTON","OH","44491","MarketplaceFacilitator","35.41","2.39","0","0","0","0","0","0","0","0","-2.39","-5.31","-6.44","0","0","23.66"
"Dec 29, 2025 2:55:11 AM PST","25294192941","Order","114-0370576-8600223","CP-A-K-U","Grumpy Bear Camping Axe & Sickle Set - Dual Outdoor Tools for Camping, Survival & Bushcraft | High Carbon Steel Camping Axe & Hatchet Combo | Black Ox","1","amazon.com","Standard Orders","Amazon","MURPHY","NC","28906","MarketplaceFacilitator","14.99","1.05","0","0","0","0","0","0","0","0","-1.05","-2.25","-5.84","0","0","6.90"
"Dec 29, 2025 2:58:09 AM PST","25294192941","Order","112-9899709-6519422","AXE-WS-L","Grumpy Bear 15"" Survival Axe Camping Hatchet - Forged High Carbon Steel Blade with Walnut Wood Handle - Shock-Absorbing, Anti-Slip Grip - Ideal for Bu","1","amazon.com","Standard Orders","Amazon","MIAMI","FL","33183","MarketplaceFacilitator","35.41","2.48","0","0","0","0","0","0","0","0","-2.48","-5.31","-6.44","0","0","23.66"
"Dec 29, 2025 3:11:15 AM PST","25294192941","Order","112-3093715-1196217","CP-A-K-U","Grumpy Bear Camping Axe & Sickle Set - Dual Outdoor Tools for Camping, Survival & Bushcraft | High Carbon Steel Camping Axe & Hatchet Combo | Black Ox","1","amazon.com","Standard Orders","Amazon","HARMONY","NC","28634","MarketplaceFacilitator","14.99","1.01","0","0","0","0","0","0","0","0","-1.01","-2.25","-5.84","0","0","6.90"
"Dec 29, 2025 3:12:47 AM PST","25294192941","Order","111-7599523-9199433","Axe-F-R-S","Grumpy Bear 11"" Survival Axe Camping Hatchet - Forged High Carbon Steel Blade with Walnut Wood Handle - Shock-Absorbing, Anti-Slip Grip - Ideal for Bu","1","amazon.com","Standard Orders","Amazon","FLOWER MOUND","TX","75028","MarketplaceFacilitator","36.41","2.70","0","0","0","0","0","0","-3.64","0","-2.70","-4.92","-6.24","0","0","21.61"
"Dec 29, 2025 3:15:33 AM PST","25294192941","Order","113-9484143-2597802","GB-CA-02-TIGER","Grumpy Bear Camping Hatchet with Tiger Carving, Full Tang Outdoor Axe with Decorative Handle, Durable Forged Blade for Hiking, Bushcraft, and Survival","1","amazon.com","Standard Orders","Amazon","EVERMAN","TX","76140","MarketplaceFacilitator","17.99","1.48","0","0","0","0","0","0","0","0","-1.48","-2.70","-5.84","0","0","9.45"
"Dec 29, 2025 3:21:57 AM PST","25294192941","Order","111-1260732-9199441","C-axe-01","Full Tang Survival Camping Axe with Wood Ergonomic Handle and Nylon Sheath Sheath - High Carbon Stainless Steel, Multi-Tool for Outdoor, Hunting, Emer","1","amazon.com","Standard Orders","Amazon","DAYTON","KY","41074","MarketplaceFacilitator","10.99","0.66","0.57","0","0","0","0","0","-0.57","0","-0.66","-1.65","-6.10","0","0","3.24"
"Dec 29, 2025 3:31:30 AM PST","25294192941","Order","113-3406177-4609040","AXE-SH-S","Grumpy Bear 11"" Survival Axe Camping Hatchet - Forged High Carbon Steel Blade with Walnut Wood Handle - Shock-Absorbing, Anti-Slip Grip - Ideal for Bu","1","amazon.com","Standard Orders","Amazon","AURORA","OR","97002","","34.41","0","0","0","0","0","0","0","0","0","0","-10.32","-6.24","0","0","17.85"
"Dec 29, 2025 3:31:30 AM PST","25294192941","Order","113-3406177-4609040","AXE-SH-S","Grumpy Bear 11"" Survival Axe Camping Hatchet - Forged High Carbon Steel Blade with Walnut Wood Handle - Shock-Absorbing, Anti-Slip Grip - Ideal for Bu","1","amazon.com","Standard Orders","Amazon","AURORA","OR","97002","","34.41","0","0","0","0","0","0","0","0","0","0","0","-6.24","0","0","28.17"
"Dec 29, 2025 3:47:30 AM PST","25294192941","Order","111-8073081-0867427","CP-A-K-U","Grumpy Bear Camping Axe & Sickle Set - Dual Outdoor Tools for Camping, Survival & Bushcraft | High Carbon Steel Camping Axe & Hatchet Combo | Black Ox","4","amazon.com","Standard Orders","Amazon","DEERFIELD BEACH","FL","33441","MarketplaceFacilitator","59.96","4.20","0","0","0","0","0","0","0","0","-4.20","-9.00","-23.36","0","0","27.60"
"Dec 29, 2025 4:05:30 AM PST","25294192941","Order","111-2962372-4480206","AXE-WS-L","Grumpy Bear 15"" Survival Axe Camping Hatchet - Forged High Carbon Steel Blade with Walnut Wood Handle - Shock-Absorbing, Anti-Slip Grip - Ideal for Bu","2","amazon.com","Standard Orders","Amazon","BOISE","ID","83713","MarketplaceFacilitator","70.82","4.26","0","0","0","0","0","0","0","0","-6.39","-15.93","-12.88","0","0","39.88"
"Dec 29, 2025 4:05:30 AM PST","25294192941","Order","111-2962372-4480206","AXE-WS-L","Grumpy Bear 15"" Survival Axe Camping Hatchet - Forged High Carbon Steel Blade with Walnut Wood Handle - Shock-Absorbing, Anti-Slip Grip - Ideal for Bu","1","amazon.com","Standard Orders","Amazon","BOISE","ID","83713","","35.41","2.13","0","0","0","0","0","0","0","0","0","0","-6.44","0","0","31.10"
"Dec 29, 2025 4:08:33 AM PST","25294192941","Order","S01-9115840-3290033","CP-A-K-U","Grumpy Bear Camping Axe & Sickle Set – Dual Outdoor Tools for Camping, Survival & Bushcraft | High Carbon Steel Camping Axe & Hatchet Combo | Black Oxide Finish, Protective Sheaths","1","sim1.stores.amazon.com","Standard Orders","Amazon","HOT SPRINGS NATIONAL PARK","AR","71901","","0","0","0","0","0","0","0","0","0","0","0","0","-10.60","0","0","-10.60"
"Dec 29, 2025 4:41:41 AM PST","25294192941","Order","114-9219238-7163426","C-axe-01","Full Tang Survival Camping Axe with Wood Ergonomic Handle and Nylon Sheath Sheath - High Carbon Stainless Steel, Multi-Tool for Outdoor, Hunting, Emer","4","amazon.com","Standard Orders","Amazon","ASHEVILLE","NORTH CAROLINA","28804","MarketplaceFacilitator","43.96","3.08","0","0","0","0","0","0","0","0","-3.08","-6.60","-24.40","0","0","12.96"
"Dec 29, 2025 4:44:57 AM PST","25294192941","Order","114-2608353-0390627","Axe-F-R-S","Grumpy Bear 11"" Survival Axe Camping Hatchet - Forged High Carbon Steel Blade with Walnut Wood Handle - Shock-Absorbing, Anti-Slip Grip - Ideal for Bu","1","amazon.com","Standard Orders","Amazon","DENVER","CO","80204","MarketplaceFacilitator","34.41","2.83","0","0","0","0","0","0","-3.44","0","-2.83","-4.65","-6.24","0","0","20.08"
"Dec 29, 2025 4:52:03 AM PST","25294192941","Order","111-5934321-1743444","CP-A-K-U","Grumpy Bear Camping Axe & Sickle Set - Dual Outdoor Tools for Camping, Survival & Bushcraft | High Carbon Steel Camping Axe & Hatchet Combo | Black Ox","1","amazon.com","Standard Orders","Amazon","Rigby","ID","83442","MarketplaceFacilitator","14.99","0.90","0","0","0","0","0","0","0","0","-0.90","-2.25","-5.84","0","0","6.90"
"Dec 29, 2025 5:04:51 AM PST","25294192941","Order","114-7863367-2285810","AXE-GBWS-L","Grumpy Bear 15"" Survival Axe Camping Hatchet - Forged High Carbon Steel Blade with Walnut Wood Handle - Shock-Absorbing, Anti-Slip Grip - Ideal for Bu","1","amazon.com","Standard Orders","Amazon","SEATTLE","WA","98133","MarketplaceFacilitator","36.41","3.77","0","0","0","0","0","0","0","0","-3.77","-5.46","-6.44","0","0","24.51"
"Dec 29, 2025 5:15:13 AM PST","25294192941","Order","113-3164465-3079466","Axe-F-R-S","Grumpy Bear 11"" Survival Axe Camping Hatchet - Forged High Carbon Steel Blade with Walnut Wood Handle - Shock-Absorbing, Anti-Slip Grip - Ideal for Bu","1","amazon.com","Standard Orders","Amazon","LONGVIEW","WA","98632","MarketplaceFacilitator","36.41","2.69","0","0","0","0","0","0","-3.64","0","-2.69","-4.92","-6.24","0","0","21.61"
"Dec 29, 2025 5:20:34 AM PST","25294192941","Order","113-3561971-6403459","Axe-F-R-S","Grumpy Bear 11"" Survival Axe Camping Hatchet - Forged High Carbon Steel Blade with Walnut Wood Handle - Shock-Absorbing, Anti-Slip Grip - Ideal for Bu","1","amazon.com","Standard Orders","Amazon","AKRON","OH","44305","MarketplaceFacilitator","36.41","2.21","0","0","0","0","0","0","-3.64","0","-2.21","-4.92","-6.24","0","0","21.61"
"Dec 29, 2025 5:37:52 AM PST","25294192941","Order","113-5892459-8389010","C-axe-01","Full Tang Survival Camping Axe with Wood Ergonomic Handle and Nylon Sheath Sheath - High Carbon Stainless Steel, Multi-Tool for Outdoor, Hunting, Emer","1","amazon.com","Standard Orders","Amazon","NORTH BRANCH","MN","55056","MarketplaceFacilitator","10.99","0.81","0.79","0","0","0","0","0","-0.79","0","-0.81","-1.65","-6.10","0","0","3.24"
"Dec 29, 2025 5:44:39 AM PST","25294192941","Order","111-0161028-0065808","AXE-SH-S","Grumpy Bear 11"" Survival Axe Camping Hatchet - Forged High Carbon Steel Blade with Walnut Wood Handle - Shock-Absorbing, Anti-Slip Grip - Ideal for Bu","1","amazon.com","Standard Orders","Amazon","BLAINE","WA","98230","MarketplaceFacilitator","34.41","3.03","0","0","3.99","0.35","0","0","0","0","-3.38","-5.16","-10.23","0","0","23.01"
"Dec 29, 2025 5:44:39 AM PST","25294192941","Order","111-0161028-0065808","AXE-SH-S","Grumpy Bear 11"" Survival Axe Camping Hatchet - Forged High Carbon Steel Blade with Walnut Wood Handle - Shock-Absorbing, Anti-Slip Grip - Ideal for Bu","1","amazon.com","Standard Orders","Amazon","BLAINE","WA","98230","MarketplaceFacilitator","34.41","3.03","0","0","3.99","0.35","0","0","0","0","-3.38","-5.16","-10.23","0","0","23.01"
"Dec 29, 2025 5:54:05 AM PST","25294192941","Order","113-3113681-9895462","CP-A-K-U","Grumpy Bear Camping Axe & Sickle Set - Dual Outdoor Tools for Camping, Survival & Bushcraft | High Carbon Steel Camping Axe & Hatchet Combo | Black Ox","1","amazon.com","Standard Orders","Amazon","ROCKFORD","IL","61101","MarketplaceFacilitator","14.99","1.31","0","0","0","0","0","0","0","0","-1.31","-2.25","-5.84","0","0","6.90"
"Dec 29, 2025 5:54:47 AM PST","25294192941","Order","113-0889005-0012202","C-axe-01","Full Tang Survival Camping Axe with Wood Ergonomic Handle and Nylon Sheath Sheath - High Carbon Stainless Steel, Multi-Tool for Outdoor, Hunting, Emer","1","amazon.com","Standard Orders","Amazon","BURIEN","WA","98146","MarketplaceFacilitator","10.99","1.12","1.33","0","0","0","0","0","-1.33","0","-1.12","-1.65","-6.10","0","0","3.24"
"Dec 29, 2025 6:14:12 AM PST","25294192941","Order","114-9642019-7489827","GB-CA-02-LION","Grumpy Bear Camping Hatchet with Lion Carving, Full Tang Outdoor Axe with Decorative Handle, Durable Forged Blade for Hiking, Bushcraft, and Survival","1","amazon.com","Standard Orders","Amazon","RICHARDSON","TX","75080","MarketplaceFacilitator","21.99","1.81","0","0","0","0","0","0","0","0","-1.81","-3.30","-5.68","0","0","13.01"
"Dec 29, 2025 6:22:53 AM PST","25294192941","Order","114-3499444-4570669","GB-CA-02-WOLF","Grumpy Bear Camping Hatchet with Wolf Carving, Full Tang Outdoor Axe with Decorative Handle, Durable Forged Blade for Hiking, Bushcraft, and Survival","1","amazon.com","Standard Orders","Amazon","CROMWELL","CT","06416","MarketplaceFacilitator","22.99","1.46","0","0","0","0","0","0","0","0","-1.46","-3.45","-5.84","0","0","13.70"
"Dec 29, 2025 6:27:09 AM PST","25294192941","Order","111-1858576-9912256","GB-CA-02-WOLF","Grumpy Bear Camping Hatchet with Wolf Carving, Full Tang Outdoor Axe with Decorative Handle, Durable Forged Blade for Hiking, Bushcraft, and Survival","1","amazon.com","Standard Orders","Amazon","CLEARWATER","FL","33759","MarketplaceFacilitator","22.99","1.61","0","0","0","0","0","0","0","0","-1.61","-3.45","-5.84","0","0","13.70"
"Dec 29, 2025 6:27:23 AM PST","25294192941","Order","112-1828692-5178615","C-axe-02","Full Tang Survival Camping Axe with Wood Ergonomic Handle and Nylon Sheath Sheath - High Carbon Stainless Steel, Multi-Tool for Outdoor, Hunting, Emer","1","amazon.com","Standard Orders","Amazon","HOUSE SPRINGS","MO","63051","MarketplaceFacilitator","10.99","0.46","0","0","0","0","0","0","0","0","-0.46","-1.65","-6.44","0","0","2.90"
"Dec 29, 2025 6:38:53 AM PST","25294192941","Order","111-1425386-7558604","CP-A-K-U","Grumpy Bear Camping Axe & Sickle Set - Dual Outdoor Tools for Camping, Survival & Bushcraft | High Carbon Steel Camping Axe & Hatchet Combo | Black Ox","1","amazon.com","Standard Orders","Amazon","HUNTSVILLE","AL","35806","MarketplaceFacilitator","14.99","1.20","0","0","0","0","0","0","0","0","-1.20","-2.25","-5.84","0","0","6.90"
"Dec 29, 2025 6:44:55 AM PST","25294192941","Order","111-0113918-7432225","GB-CA-02-EAGLE","Grumpy Bear Camping Hatchet, Full Tang Outdoor Axe with Decorative Handle, Durable Forged Blade for Hiking, Bushcraft, and Survival (Eagle)","1","amazon.com","Standard Orders","Amazon","HERRIMAN","UT","84096","MarketplaceFacilitator","19.99","1.49","0","0","0","0","0","0","0","0","-1.49","-3.00","-5.68","0","0","11.31"
"Dec 29, 2025 6:47:57 AM PST","25294192941","Order","114-8995587-2824250","GB-CA-02-EAGLE","Grumpy Bear Camping Hatchet, Full Tang Outdoor Axe with Decorative Handle, Durable Forged Blade for Hiking, Bushcraft, and Survival (Eagle)","1","amazon.com","Standard Orders","Amazon","PARK HILL","OK","74451","MarketplaceFacilitator","19.99","1.25","0","0","0","0","0","0","0","0","-1.25","-3.00","-5.68","0","0","11.31"
"Dec 29, 2025 7:15:05 AM PST","25294192941","Order","112-4891312-9368221","Axe-F-R-S","Grumpy Bear 11"" Survival Axe Camping Hatchet - Forged High Carbon Steel Blade with Walnut Wood Handle - Shock-Absorbing, Anti-Slip Grip - Ideal for Bu","1","amazon.com","Standard Orders","Amazon","KELSO","WA","98626","MarketplaceFacilitator","36.41","2.65","0","0","0","0","0","0","-3.64","0","-2.65","-4.92","-6.24","0","0","21.61"
"Dec 29, 2025 7:24:06 AM PST","25294192941","Order","S01-3482091-0709254","GB-CA-02-LION","Grumpy Bear Camping Hatchet with Lion Carving, Full Tang Outdoor Axe with Decorative Handle, Durable Forged Blade for Hiking, Bushcraft, and Survival","1","sim1.stores.amazon.com","Standard Orders","Amazon","WICHITA","KS","67204","","0","0","0","0","0","0","0","0","0","0","0","0","-10.60","0","0","-10.60"
"Dec 29, 2025 7:37:03 AM PST","25294192941","Order","111-8757624-6386656","GB-CA-02-EAGLE","Grumpy Bear Camping Hatchet, Full Tang Outdoor Axe with Decorative Handle, Durable Forged Blade for Hiking, Bushcraft, and Survival (Eagle)","1","amazon.com","Standard Orders","Amazon","CLINTON","CT","06413","MarketplaceFacilitator","19.99","1.27","0","0","0","0","0","0","0","0","-1.27","-3.00","-5.68","0","0","11.31"
"Dec 29, 2025 7:42:55 AM PST","25294192941","Order","113-1079589-9606643","GB-CA-02-LION","Grumpy Bear Camping Hatchet with Lion Carving, Full Tang Outdoor Axe with Decorative Handle, Durable Forged Blade for Hiking, Bushcraft, and Survival","1","amazon.com","Standard Orders","Amazon","HIALEAH","FL","33012","MarketplaceFacilitator","21.99","1.54","0","0","0","0","0","0","0","0","-1.54","-3.30","-5.68","0","0","13.01"
"Dec 29, 2025 7:47:44 AM PST","25294192941","Order","112-5946192-6384249","GB-CA-02-WOLF","Grumpy Bear Camping Hatchet with Wolf Carving, Full Tang Outdoor Axe with Decorative Handle, Durable Forged Blade for Hiking, Bushcraft, and Survival","1","amazon.com","Standard Orders","Amazon","PORTLAND","OR","97224","","22.99","0","0","0","0","0","0","0","0","0","0","-3.45","-5.84","0","0","13.70"
"Dec 29, 2025 8:14:00 AM PST","25294192941","Order","114-8070964-5798632","AXE-GBWS-L","Grumpy Bear 15"" Survival Axe Camping Hatchet - Forged High Carbon Steel Blade with Walnut Wood Handle - Shock-Absorbing, Anti-Slip Grip - Ideal for Bu","1","amazon.com","Standard Orders","Amazon","CORONA","CA","92883","MarketplaceFacilitator","36.41","2.82","0","0","0","0","0","0","0","0","-2.82","-5.46","-6.44","0","0","24.51"
"Dec 29, 2025 8:17:02 AM PST","25294192941","Order","114-0667106-7179454","CP-A-K-U","Grumpy Bear Camping Axe & Sickle Set - Dual Outdoor Tools for Camping, Survival & Bushcraft | High Carbon Steel Camping Axe & Hatchet Combo | Black Ox","1","amazon.com","Standard Orders","Amazon","MINEOLA","TX","75773","MarketplaceFacilitator","14.99","1.24","0","0","0","0","0","0","0","0","-1.24","-2.25","-5.84","0","0","6.90"
"Dec 29, 2025 8:52:31 AM PST","25294192941","Refund","112-4083972-8182620","AXE-GBWS-L","Grumpy Bear 15"" Survival Axe Camping Hatchet - Forged High Carbon Steel Blade with Walnut Wood Handle - Shock-Absorbing, Anti-Slip Grip - Ideal for Bu","1","amazon.com","Standard Orders","Amazon","MARYVILLE","TN","37803","MarketplaceFacilitator","-35.41","-3.11","0","0","0","0","0","0","3.54","0","3.11","3.82","0","0","0","-28.05"
"Dec 29, 2025 9:39:11 AM PST","25294192941","Order","S01-7951815-8504411","CP-A-K-U","Grumpy Bear Camping Axe & Sickle Set – Dual Outdoor Tools for Camping, Survival & Bushcraft | High Carbon Steel Camping Axe & Hatchet Combo | Black Oxide Finish, Protective Sheaths","1","sim1.stores.amazon.com","Standard Orders","Amazon","WILLIAMSTOWN","VT","05679","","0","0","0","0","0","0","0","0","0","0","0","0","-10.60","0","0","-10.60"
"Dec 29, 2025 10:45:14 AM PST","25294192941","Order","S01-3827836-4815637","AXE-WS-L","Grumpy Bear 15"" Survival Axe Camping Hatchet – Forged High Carbon Steel Blade with Walnut Wood Handle – Shock-Absorbing, Anti-Slip Grip – Ideal for Bushcraft, Wood Splitting & Outdoor Adventures","1","sim1.stores.amazon.com","Standard Orders","Amazon","BALTIMORE","MD","21230","","0","0","0","0","0","0","0","0","0","0","0","0","-11.75","0","0","-11.75"
"Dec 29, 2025 11:30:55 AM PST","25294192941","Order","113-1535395-7142632","AXE-SH-S","Grumpy Bear 11"" Survival Axe Camping Hatchet - Forged High Carbon Steel Blade with Walnut Wood Handle - Shock-Absorbing, Anti-Slip Grip - Ideal for Bu","1","amazon.com","Standard Orders","Amazon","VANCOUVER","WA","98661","MarketplaceFacilitator","36.41","3.20","5.08","0","0","0","0","0","-5.08","0","-3.20","-5.46","-6.24","0","0","24.71"
"Dec 29, 2025 11:39:44 AM PST","25294192941","Order","S01-6341483-6142834","CP-A-K-U","Grumpy Bear Camping Axe & Sickle Set – Dual Outdoor Tools for Camping, Survival & Bushcraft | High Carbon Steel Camping Axe & Hatchet Combo | Black Oxide Finish, Protective Sheaths","1","sim1.stores.amazon.com","Standard Orders","Amazon","LAGRANGE","GA","30241","","0","0","0","0","0","0","0","0","0","0","0","0","-10.60","0","0","-10.60"
"Dec 29, 2025 12:11:53 PM PST","25294192941","Order","114-2126137-2089039","GB-CA-02-WOLF","Grumpy Bear Camping Hatchet with Wolf Carving, Full Tang Outdoor Axe with Decorative Handle, Durable Forged Blade for Hiking, Bushcraft, and Survival","1","amazon.com","Standard Orders","Amazon","BROOKLYN","NY","11229","MarketplaceFacilitator","22.99","2.04","0","0","0","0","0","0","0","0","-2.04","-3.45","-5.84","0","0","13.70"
"Dec 29, 2025 12:50:36 PM PST","25294192941","Order","111-5517170-5439442","C-axe-01","Full Tang Survival Camping Axe with Wood Ergonomic Handle and Nylon Sheath Sheath - High Carbon Stainless Steel, Multi-Tool for Outdoor, Hunting, Emer","1","amazon.com","Standard Orders","Amazon","RIVERTON","WY","82501","MarketplaceFacilitator","10.99","0.55","0.57","0","0","0","0","0","-0.57","0","-0.55","-1.65","-6.10","0","0","3.24"
"Dec 29, 2025 2:20:13 PM PST","25294192941","Order","114-5812414-6438664","Axe-F-R-S","Grumpy Bear 11"" Survival Axe Camping Hatchet - Forged High Carbon Steel Blade with Walnut Wood Handle - Shock-Absorbing, Anti-Slip Grip - Ideal for Bu","1","amazon.com","Standard Orders","Amazon","HOT SPRINGS","VA","24445","MarketplaceFacilitator","34.41","1.64","5.89","0","0","0","0","0","-9.33","0","-1.64","-4.65","-6.24","0","0","20.08"
"Dec 29, 2025 3:15:13 PM PST","25294192941","Order","113-8237228-8308217","CP-A-K-U","Grumpy Bear Camping Axe & Sickle Set - Dual Outdoor Tools for Camping, Survival & Bushcraft | High Carbon Steel Camping Axe & Hatchet Combo | Black Ox","1","amazon.com","Standard Orders","Amazon","Arlington","TN","38002","MarketplaceFacilitator","14.99","1.46","0","0","0","0","0","0","0","0","-1.46","-2.25","-5.84","0","0","6.90"
"Dec 29, 2025 3:28:02 PM PST","25294192941","Order","112-7357237-4008237","AXE-WS-L","Grumpy Bear 15"" Survival Axe Camping Hatchet - Forged High Carbon Steel Blade with Walnut Wood Handle - Shock-Absorbing, Anti-Slip Grip - Ideal for Bu","3","amazon.com","Standard Orders","Amazon","PRESTONSBURG","KENTUCKY","41653","MarketplaceFacilitator","106.23","6.36","0","0","0","0","0","0","0","0","-6.36","-15.93","-19.32","0","0","70.98"
"Dec 29, 2025 3:35:59 PM PST","25294192941","Order","113-1259345-1394606","CP-A-K-U","Grumpy Bear Camping Axe & Sickle Set - Dual Outdoor Tools for Camping, Survival & Bushcraft | High Carbon Steel Camping Axe & Hatchet Combo | Black Ox","1","amazon.com","Standard Orders","Amazon","AUBURN","WA","98002","MarketplaceFacilitator","14.99","1.54","0","0","0","0","0","0","0","0","-1.54","-2.25","-5.84","0","0","6.90"
"Dec 29, 2025 4:02:31 PM PST","25294192941","Order","112-6053334-7573015","AXE-GBWS-L","Grumpy Bear 15"" Survival Axe Camping Hatchet - Forged High Carbon Steel Blade with Walnut Wood Handle - Shock-Absorbing, Anti-Slip Grip - Ideal for Bu","2","amazon.com","Standard Orders","Amazon","LEXINGTON","KY","40502","MarketplaceFacilitator","72.82","4.36","0","0","0","0","0","0","0","0","-6.54","-16.38","-12.88","0","0","41.38"
"Dec 29, 2025 4:02:31 PM PST","25294192941","Order","112-6053334-7573015","AXE-GBWS-L","Grumpy Bear 15"" Survival Axe Camping Hatchet - Forged High Carbon Steel Blade with Walnut Wood Handle - Shock-Absorbing, Anti-Slip Grip - Ideal for Bu","1","amazon.com","Standard Orders","Amazon","LEXINGTON","KY","40502","","36.41","2.18","0","0","0","0","0","0","0","0","0","0","-6.44","0","0","32.15"
"Dec 29, 2025 4:08:16 PM PST","25294192941","Order","112-5621517-6555459","Axe-F-R-S","Grumpy Bear 11"" Survival Axe Camping Hatchet - Forged High Carbon Steel Blade with Walnut Wood Handle - Shock-Absorbing, Anti-Slip Grip - Ideal for Bu","1","amazon.com","Standard Orders","Amazon","MINERAL WELLS","TX","76067","MarketplaceFacilitator","36.41","2.70","11.06","0.91","0","0","0","0","-3.64","0","-3.61","-4.92","-17.30","0","0","21.61"
"Dec 29, 2025 4:09:53 PM PST","25294192941","Order","113-3281889-9585865","AXE-WS-L","Grumpy Bear 15"" Survival Axe Camping Hatchet - Forged High Carbon Steel Blade with Walnut Wood Handle - Shock-Absorbing, Anti-Slip Grip - Ideal for Bu","1","amazon.com","Standard Orders","Amazon","REDMOND","OR","97756","","35.41","0","0","0","0","0","0","0","0","0","0","-5.31","-6.44","0","0","23.66"
"Dec 29, 2025 4:12:03 PM PST","25294192941","Order","112-4823103-9021811","C-axe-02","Full Tang Survival Camping Axe with Wood Ergonomic Handle and Nylon Sheath Sheath - High Carbon Stainless Steel, Multi-Tool for Outdoor, Hunting, Emer","1","amazon.com","Standard Orders","Amazon","Dundee","Michigan","48131","MarketplaceFacilitator","10.99","0.66","6.99","0","0","0","0","0","0","0","-0.66","-1.65","-13.43","0","0","2.90"
"Dec 29, 2025 4:28:49 PM PST","25294192941","Adjustment","112-8773279-0558636","Axe-F-R-S","FBA Inventory Reimbursement - Customer Return","1","","Standard Orders","","","","","","0","0","0","0","0","0","0","0","0","0","0","0","0","0","32.00","32.00"
"Dec 29, 2025 4:29:00 PM PST","25294192941","Order","113-5304480-7231464","AXE-SH-L","Grumpy Bear 15"" Survival Axe Camping Hatchet - Forged High Carbon Steel Blade with Walnut Wood Handle - Shock-Absorbing, Anti-Slip Grip - Ideal for Bu","1","amazon.com","Standard Orders","Amazon","BRIDGEVILLE","PA","15017","MarketplaceFacilitator","36.94","2.22","0","0","0","0","0","0","0","0","-2.22","-5.54","-6.44","0","0","24.96"
"Dec 29, 2025 4:33:45 PM PST","25294192941","Order","111-4371272-3633048","C-axe-02","Full Tang Survival Camping Axe with Wood Ergonomic Handle and Nylon Sheath Sheath - High Carbon Stainless Steel, Multi-Tool for Outdoor, Hunting, Emer","1","amazon.com","Standard Orders","Amazon","OXNARD","CA","93036","MarketplaceFacilitator","10.99","0.80","0","0","0","0","0","0","0","0","-0.80","-1.65","-6.44","0","0","2.90"
"Dec 29, 2025 4:52:13 PM PST","25294192941","Order","111-2417940-4334663","CP-A-K-U","Grumpy Bear Camping Axe & Sickle Set - Dual Outdoor Tools for Camping, Survival & Bushcraft | High Carbon Steel Camping Axe & Hatchet Combo | Black Ox","1","amazon.com","Standard Orders","Amazon","SHERWOOD","AR","72120","MarketplaceFacilitator","14.99","1.42","0","0","0","0","0","0","0","0","-1.42","-2.25","-5.84","0","0","6.90"
"Dec 29, 2025 5:14:30 PM PST","25294192941","Order","111-3956671-0438616","GB-CA-02-WOLF","Grumpy Bear Camping Hatchet with Wolf Carving, Full Tang Outdoor Axe with Decorative Handle, Durable Forged Blade for Hiking, Bushcraft, and Survival","1","amazon.com","Standard Orders","Amazon","DOUBLE SPRINGS","AL","35553","MarketplaceFacilitator","19.99","1.60","4.62","0","0","0","0","0","-4.62","0","-1.60","-3.00","-5.84","0","0","11.15"
"Dec 29, 2025 5:22:45 PM PST","25294192941","Order","112-3328773-2643440","C-axe-01","Full Tang Survival Camping Axe with Wood Ergonomic Handle and Nylon Sheath Sheath - High Carbon Stainless Steel, Multi-Tool for Outdoor, Hunting, Emer","1","amazon.com","Standard Orders","Amazon","PHILADELPHIA","PA","19134","MarketplaceFacilitator","10.99","0.53","0.66","0","0","0","0","0","-0.66","0","-0.53","-1.65","-6.10","0","0","3.24"
"Dec 29, 2025 6:04:36 PM PST","25294192941","Adjustment","112-8773279-0558636","Axe-F-R-S","FBA Inventory Reimbursement - Customer Return","1","","Standard Orders","","","","","","0","0","0","0","0","0","0","0","0","0","0","0","0","0","32.00","32.00"
"Dec 29, 2025 7:03:17 PM PST","25294192941","Order","114-1788364-5047405","CP-A-K-U","Grumpy Bear Camping Axe & Sickle Set - Dual Outdoor Tools for Camping, Survival & Bushcraft | High Carbon Steel Camping Axe & Hatchet Combo | Black Ox","1","amazon.com","Standard Orders","Amazon","EUGENE","OR","97401","","14.99","0","0","0","0","0","0","0","0","0","0","-2.25","-5.84","0","0","6.90"
"Dec 29, 2025 7:04:56 PM PST","25294192941","Order","112-8090880-3335439","AXE-SH-S","Grumpy Bear 11"" Survival Axe Camping Hatchet - Forged High Carbon Steel Blade with Walnut Wood Handle - Shock-Absorbing, Anti-Slip Grip - Ideal for Bu","1","amazon.com","Standard Orders","Amazon","Escalon","CA","95320","MarketplaceFacilitator","36.41","3.19","0","0","0","0","0","0","0","0","-3.19","-5.46","-6.24","0","0","24.71"
"Dec 29, 2025 7:14:20 PM PST","25294192941","Order","111-5794119-4086669","AXE-GBWS-L","Grumpy Bear 15"" Survival Axe Camping Hatchet - Forged High Carbon Steel Blade with Walnut Wood Handle - Shock-Absorbing, Anti-Slip Grip - Ideal for Bu","1","amazon.com","Standard Orders","Amazon","HOLTS SUMMIT","MO","65043","MarketplaceFacilitator","35.41","2.20","0","0","0","0","0","0","0","0","-2.20","-5.31","-6.44","0","0","23.66"
"Dec 29, 2025 8:05:15 PM PST","25294192941","Order","112-3688245-3285814","AXE-SH-L","Grumpy Bear 15"" Survival Axe Camping Hatchet - Forged High Carbon Steel Blade with Walnut Wood Handle - Shock-Absorbing, Anti-Slip Grip - Ideal for Bu","1","amazon.com","Standard Orders","Amazon","AURORA","CO","80015","MarketplaceFacilitator","37.94","3.04","0","0","0","0","0","0","0","0","-3.04","-5.69","-6.44","0","0","25.81"
"Dec 29, 2025 8:26:19 PM PST","25294192941","Order","113-2229099-3829023","AXE-GBWS-S","Grumpy Bear 11"" Survival Axe Camping Hatchet - Forged High Carbon Steel Blade with Walnut Wood Handle - Shock-Absorbing, Anti-Slip Grip - Ideal for Bu","1","amazon.com","Standard Orders","Amazon","DEER PARK","WA","99006","MarketplaceFacilitator","33.84","2.74","0","0","0","0","0","0","0","0","-2.74","-5.08","-6.10","0","0","22.66"
"Dec 29, 2025 9:39:29 PM PST","25294192941","Order","113-5371073-1485027","AXE-WS-L","Grumpy Bear 15"" Survival Axe Camping Hatchet - Forged High Carbon Steel Blade with Walnut Wood Handle - Shock-Absorbing, Anti-Slip Grip - Ideal for Bu","1","amazon.com","Standard Orders","Amazon","CANTON","OH","44709","MarketplaceFacilitator","35.41","2.30","0","0","0","0","0","0","0","0","-2.30","-5.31","-6.44","0","0","23.66"
"Dec 29, 2025 10:06:40 PM PST","25294192941","Order","113-5655944-0157838","GB-CA-02-EAGLE","Grumpy Bear Camping Hatchet, Full Tang Outdoor Axe with Decorative Handle, Durable Forged Blade for Hiking, Bushcraft, and Survival (Eagle)","1","amazon.com","Standard Orders","Amazon","LONG BEACH","CA","90803","MarketplaceFacilitator","19.99","2.10","0","0","0","0","0","0","0","0","-2.10","-3.00","-5.68","0","0","11.31"
"Dec 29, 2025 10:41:23 PM PST","25294192941","Order","S01-2797923-1213265","AXE-SH-L","Grumpy Bear 15"" Survival Axe Camping Hatchet – Forged High Carbon Steel Blade with Walnut Wood Handle – Shock-Absorbing, Anti-Slip Grip – Ideal for Bushcraft, Wood Splitting & Outdoor Adventures","1","sim1.stores.amazon.com","Standard Orders","Amazon","NAVARRE","FL","32566","","0","0","0","0","0","0","0","0","0","0","0","0","-11.75","0","0","-11.75"
"Dec 29, 2025 10:49:18 PM PST","25294192941","Service Fee","","","Cost of Advertising","","","Standard Orders","","","","","","0","0","0","0","0","0","0","0","0","0","0","0","0","-501.09","0","-501.09"
"Dec 29, 2025 10:53:38 PM PST","25294192941","Order","114-9983189-7317861","AXE-SH-S","Grumpy Bear 11"" Survival Axe Camping Hatchet - Forged High Carbon Steel Blade with Walnut Wood Handle - Shock-Absorbing, Anti-Slip Grip - Ideal for Bu","3","amazon.com","Standard Orders","Amazon","WINNEMUCCA","NV","89445","MarketplaceFacilitator","103.23","7.08","6.19","0","0","0","0","0","-6.19","0","-7.08","-15.48","-18.72","0","0","69.03"
"Dec 29, 2025 10:54:41 PM PST","25294192941","Order","111-4565592-7757000","GB-CA-02-EAGLE","Grumpy Bear Camping Hatchet, Full Tang Outdoor Axe with Decorative Handle, Durable Forged Blade for Hiking, Bushcraft, and Survival (Eagle)","1","amazon.com","Standard Orders","Amazon","POMONA","CA","91766","MarketplaceFacilitator","19.99","2.10","0","0","0","0","0","0","0","0","-2.10","-3.00","-5.68","0","0","11.31"
"Dec 29, 2025 10:55:09 PM PST","25294192941","Order","111-6568505-0639423","Axe-F-R-S","Grumpy Bear 11"" Survival Axe Camping Hatchet - Forged High Carbon Steel Blade with Walnut Wood Handle - Shock-Absorbing, Anti-Slip Grip - Ideal for Bu","1","amazon.com","Standard Orders","Amazon","YARMOUTH PORT","MA","02675","MarketplaceFacilitator","36.41","2.05","0","0","0","0","0","0","-3.64","0","-2.05","-4.92","-6.24","0","0","21.61"
"Dec 29, 2025 11:00:53 PM PST","25294192941","Order","113-9916463-9230633","AXE-SH-L","Grumpy Bear 15"" Survival Axe Camping Hatchet - Forged High Carbon Steel Blade with Walnut Wood Handle - Shock-Absorbing, Anti-Slip Grip - Ideal for Bu","1","amazon.com","Standard Orders","Amazon","MC VEYTOWN","PA","17051","MarketplaceFacilitator","36.94","2.22","0","0","0","0","0","0","0","0","-2.22","-5.54","-6.44","0","0","24.96"
"Dec 29, 2025 11:02:09 PM PST","25294192941","Order","113-3598610-7449832","CP-A-K-U","Grumpy Bear Camping Axe & Sickle Set - Dual Outdoor Tools for Camping, Survival & Bushcraft | High Carbon Steel Camping Axe & Hatchet Combo | Black Ox","1","amazon.com","Standard Orders","Amazon","LOCKEFORD","CA","95237","MarketplaceFacilitator","14.99","1.16","0","0","0","0","0","0","0","0","-1.16","-2.25","-5.84","0","0","6.90"
"Dec 29, 2025 11:06:18 PM PST","25294192941","Order","112-5408934-2393856","AXE-SH-S","Grumpy Bear 11"" Survival Axe Camping Hatchet - Forged High Carbon Steel Blade with Walnut Wood Handle - Shock-Absorbing, Anti-Slip Grip - Ideal for Bu","1","amazon.com","Standard Orders","Amazon","LEWISBURG","TN","37091","MarketplaceFacilitator","36.41","3.37","0","0","0","0","0","0","0","0","-3.37","-5.46","-6.24","0","0","24.71"
"Dec 29, 2025 11:17:02 PM PST","25294192941","Order","112-4458728-7404226","CP-A-K-U","Grumpy Bear Camping Axe & Sickle Set - Dual Outdoor Tools for Camping, Survival & Bushcraft | High Carbon Steel Camping Axe & Hatchet Combo | Black Ox","1","amazon.com","Standard Orders","Amazon","ADAMSVILLE","TN","38310","MarketplaceFacilitator","14.99","1.39","1.27","0","0","0","0","0","-1.27","0","-1.39","-2.25","-5.84","0","0","6.90"
"Dec 29, 2025 11:20:44 PM PST","25294192941","Order","114-2464263-3853854","C-axe-01","Full Tang Survival Camping Axe with Wood Ergonomic Handle and Nylon Sheath Sheath - High Carbon Stainless Steel, Multi-Tool for Outdoor, Hunting, Emer","1","amazon.com","Standard Orders","Amazon","North Berwick","Maine","03906","MarketplaceFacilitator","10.99","0.46","0.34","0","0","0","0","0","-0.34","0","-0.46","-1.65","-6.10","0","0","3.24"
"Dec 29, 2025 11:31:16 PM PST","25294192941","Order","114-7740038-1654628","CP-A-K-U","Grumpy Bear Camping Axe & Sickle Set - Dual Outdoor Tools for Camping, Survival & Bushcraft | High Carbon Steel Camping Axe & Hatchet Combo | Black Ox","1","amazon.com","Standard Orders","Amazon","DALLAS","GA","30132","MarketplaceFacilitator","14.99","1.05","0","0","0","0","0","0","0","0","-1.05","-2.25","-5.84","0","0","6.90"
"Dec 29, 2025 11:43:07 PM PST","25294192941","Order","112-4225005-5938665","GB-CA-02-LION","Grumpy Bear Camping Hatchet with Lion Carving, Full Tang Outdoor Axe with Decorative Handle, Durable Forged Blade for Hiking, Bushcraft, and Survival","1","amazon.com","Standard Orders","Amazon","TOWER CITY","PA","17980","MarketplaceFacilitator","17.99","1.08","0","0","0","0","0","0","0","0","-1.08","-2.70","-5.68","0","0","9.61"
"Dec 29, 2025 11:51:46 PM PST","25294192941","Order","113-2007661-0848257","GB-CA-02-EAGLE","Grumpy Bear Camping Hatchet, Full Tang Outdoor Axe with Decorative Handle, Durable Forged Blade for Hiking, Bushcraft, and Survival (Eagle)","1","amazon.com","Standard Orders","Amazon","MELROSE","MN","56352","MarketplaceFacilitator","19.99","1.50","0","0","0","0","0","0","0","0","-1.50","-3.00","-5.68","0","0","11.31"
"Dec 30, 2025 12:01:58 AM PST","25294192941","Order","114-2372130-0207418","GB-CA-02-LION","Grumpy Bear Camping Hatchet with Lion Carving, Full Tang Outdoor Axe with Decorative Handle, Durable Forged Blade for Hiking, Bushcraft, and Survival","1","amazon.com","Standard Orders","Amazon","FOUNTAIN","CO","80817","MarketplaceFacilitator","17.99","1.35","0","0","0","0","0","0","0","0","-1.35","-2.70","-5.68","0","0","9.61"
"Dec 30, 2025 12:03:33 AM PST","25294192941","Order","111-7279158-1628265","CP-A-K-U","Grumpy Bear Camping Axe & Sickle Set - Dual Outdoor Tools for Camping, Survival & Bushcraft | High Carbon Steel Camping Axe & Hatchet Combo | Black Ox","1","amazon.com","Standard Orders","Amazon","AUSTIN","TX","78704","MarketplaceFacilitator","14.99","1.24","0","0","0","0","0","0","0","0","-1.24","-2.25","-5.84","0","0","6.90"
"Dec 30, 2025 12:12:45 AM PST","25294192941","Order","111-5929798-6324246","CP-A-K-U","Grumpy Bear Camping Axe & Sickle Set - Dual Outdoor Tools for Camping, Survival & Bushcraft | High Carbon Steel Camping Axe & Hatchet Combo | Black Ox","1","amazon.com","Standard Orders","Amazon","LAKESIDE","CA","92040","MarketplaceFacilitator","14.99","1.16","0","0","0","0","0","0","0","0","-1.16","-2.25","-5.84","0","0","6.90"
"Dec 30, 2025 12:24:44 AM PST","25294192941","Order","112-0136297-4177855","Axe-F-R-S","Grumpy Bear 11"" Survival Axe Camping Hatchet - Forged High Carbon Steel Blade with Walnut Wood Handle - Shock-Absorbing, Anti-Slip Grip - Ideal for Bu","1","amazon.com","Standard Orders","Amazon","NEW FAIRFIELD","CT","06812","MarketplaceFacilitator","36.41","2.08","0","0","0","0","0","0","-3.64","0","-2.08","-4.92","-6.24","0","0","21.61"
"Dec 30, 2025 12:34:36 AM PST","25294192941","Order","114-4014681-7667432","C-axe-01","Full Tang Survival Camping Axe with Wood Ergonomic Handle and Nylon Sheath Sheath - High Carbon Stainless Steel, Multi-Tool for Outdoor, Hunting, Emer","1","amazon.com","Standard Orders","Amazon","PORTLAND","OR","97220","","10.99","0","0","0","0","0","0","0","0","0","0","-1.65","-6.10","0","0","3.24"
"Dec 30, 2025 12:37:28 AM PST","25294192941","Order","112-7215723-3648220","AXE-SH-S","Grumpy Bear 11"" Survival Axe Camping Hatchet - Forged High Carbon Steel Blade with Walnut Wood Handle - Shock-Absorbing, Anti-Slip Grip - Ideal for Bu","1","amazon.com","Standard Orders","Amazon","Springfield","Louisiana","70462","MarketplaceFacilitator","34.41","2.92","0","0","0","0","0","0","0","0","-2.92","-5.16","-6.24","0","0","23.01"
"Dec 30, 2025 12:59:19 AM PST","25294192941","Order","113-3598610-7449832","CP-A-K-U","Grumpy Bear Camping Axe & Sickle Set - Dual Outdoor Tools for Camping, Survival & Bushcraft | High Carbon Steel Camping Axe & Hatchet Combo | Black Ox","1","amazon.com","Standard Orders","Amazon","LOCKEFORD","CA","95237","MarketplaceFacilitator","14.99","1.16","0","0","0","0","0","0","0","0","-1.16","-2.25","-5.84","0","0","6.90"
"Dec 30, 2025 1:12:40 AM PST","25294192941","Order","113-5659666-9589847","CP-A-K-U","Grumpy Bear Camping Axe & Sickle Set - Dual Outdoor Tools for Camping, Survival & Bushcraft | High Carbon Steel Camping Axe & Hatchet Combo | Black Ox","1","amazon.com","Standard Orders","Amazon","TECUMSEH","MI","49286","MarketplaceFacilitator","14.99","0.90","0","0","0","0","0","0","0","0","-0.90","-2.25","-5.84","0","0","6.90"
"Dec 30, 2025 1:15:42 AM PST","25294192941","Order","112-7706773-5266604","C-axe-01","Full Tang Survival Camping Axe with Wood Ergonomic Handle and Nylon Sheath Sheath - High Carbon Stainless Steel, Multi-Tool for Outdoor, Hunting, Emer","1","amazon.com","Standard Orders","Amazon","Richmond","IN","47374","MarketplaceFacilitator","10.99","0.77","0.31","0","0","0","0","0","-0.31","0","-0.77","-1.65","-6.10","0","0","3.24"
"Dec 30, 2025 1:23:49 AM PST","25294192941","Order","113-9938572-9794633","CP-A-K-U","Grumpy Bear Camping Axe & Sickle Set - Dual Outdoor Tools for Camping, Survival & Bushcraft | High Carbon Steel Camping Axe & Hatchet Combo | Black Ox","1","amazon.com","Standard Orders","Amazon","WADDY","KY","40076","MarketplaceFacilitator","14.99","0.90","1.64","0.10","0","0","0","0","0","0","-1.00","-2.25","-7.48","0","0","6.90"
"Dec 30, 2025 2:03:20 AM PST","25294192941","Order","111-8529913-5092268","GB-CA-02-WOLF","Grumpy Bear Camping Hatchet with Wolf Carving, Full Tang Outdoor Axe with Decorative Handle, Durable Forged Blade for Hiking, Bushcraft, and Survival","1","amazon.com","Standard Orders","Amazon","COLORADO SPRINGS","CO","80916","MarketplaceFacilitator","22.99","1.89","0","0","0","0","0","0","0","0","-1.89","-3.45","-5.84","0","0","13.70"
"Dec 30, 2025 2:18:16 AM PST","25294192941","Order","113-3823006-1681064","GB-CA-02-EAGLE","Grumpy Bear Camping Hatchet, Full Tang Outdoor Axe with Decorative Handle, Durable Forged Blade for Hiking, Bushcraft, and Survival (Eagle)","1","amazon.com","Standard Orders","Amazon","LONG BEACH","CA","90804","MarketplaceFacilitator","19.99","2.10","0","0","0","0","0","0","0","0","-2.10","-3.00","-5.68","0","0","11.31"
"Dec 30, 2025 2:44:12 AM PST","25294192941","Order","111-2146594-4770622","AXE-SH-L","Grumpy Bear 15"" Survival Axe Camping Hatchet - Forged High Carbon Steel Blade with Walnut Wood Handle - Shock-Absorbing, Anti-Slip Grip - Ideal for Bu","1","amazon.com","Standard Orders","Amazon","STEILACOOM","WA","98388","MarketplaceFacilitator","37.94","3.83","0","0","0","0","0","0","0","0","-3.83","-5.69","-6.44","0","0","25.81"
"Dec 30, 2025 2:44:35 AM PST","25294192941","Order","112-5833103-8686633","GB-CA-02-LION","Grumpy Bear Camping Hatchet with Lion Carving, Full Tang Outdoor Axe with Decorative Handle, Durable Forged Blade for Hiking, Bushcraft, and Survival","1","amazon.com","Standard Orders","Amazon","SAINT STEPHENS CHURCH","VA","23148","MarketplaceFacilitator","17.99","0.95","0","0","0","0","0","0","0","0","-0.95","-2.70","-5.68","0","0","9.61"
"Dec 30, 2025 2:46:22 AM PST","25294192941","Order","111-5642892-9223401","CP-A-K-U","Grumpy Bear Camping Axe & Sickle Set - Dual Outdoor Tools for Camping, Survival & Bushcraft | High Carbon Steel Camping Axe & Hatchet Combo | Black Ox","1","amazon.com","Standard Orders","Amazon","TUCKERTON","NJ","08087","MarketplaceFacilitator","14.99","0.99","0.50","0","0","0","0","0","-0.50","0","-0.99","-2.25","-5.84","0","0","6.90"
"Dec 30, 2025 2:49:48 AM PST","25294192941","Order","113-6292557-6961814","GB-CA-02-EAGLE","Grumpy Bear Camping Hatchet, Full Tang Outdoor Axe with Decorative Handle, Durable Forged Blade for Hiking, Bushcraft, and Survival (Eagle)","1","amazon.com","Standard Orders","Amazon","JENSEN BEACH","FL","34957","MarketplaceFacilitator","19.99","1.40","0","0","0","0","0","0","0","0","-1.40","-3.00","-5.68","0","0","11.31"
"Dec 30, 2025 2:59:53 AM PST","25294192941","Order","111-8227946-5417063","GB-CA-02-TIGER","Grumpy Bear Camping Hatchet with Tiger Carving, Full Tang Outdoor Axe with Decorative Handle, Durable Forged Blade for Hiking, Bushcraft, and Survival","1","amazon.com","Standard Orders","Amazon","HANFORD","CA","93230","MarketplaceFacilitator","17.99","1.48","0","0","0","0","0","0","0","0","-1.48","-2.70","-5.84","0","0","9.45"
"Dec 30, 2025 3:02:08 AM PST","25294192941","Order","112-4655580-6803437","C-axe-01","Full Tang Survival Camping Axe with Wood Ergonomic Handle and Nylon Sheath Sheath - High Carbon Stainless Steel, Multi-Tool for Outdoor, Hunting, Emer","1","amazon.com","Standard Orders","Amazon","GRANBURY","TX","76048","MarketplaceFacilitator","14.99","0.76","0.36","0","0","0","0","0","-0.36","0","-0.76","-2.25","-6.10","0","0","6.64"
"Dec 30, 2025 3:31:13 AM PST","25294192941","Order","112-8027302-7925842","CP-A-K-U","Grumpy Bear Camping Axe & Sickle Set - Dual Outdoor Tools for Camping, Survival & Bushcraft | High Carbon Steel Camping Axe & Hatchet Combo | Black Ox","1","amazon.com","Standard Orders","Amazon","CAPE CORAL","FL","33904","MarketplaceFacilitator","14.99","0.97","0","0","0","0","0","0","0","0","-0.97","-2.25","-5.84","0","0","6.90"
"Dec 30, 2025 3:40:17 AM PST","25294192941","Order","113-4908754-8078645","Axe-F-R-S","Grumpy Bear 11"" Survival Axe Camping Hatchet - Forged High Carbon Steel Blade with Walnut Wood Handle - Shock-Absorbing, Anti-Slip Grip - Ideal for Bu","1","amazon.com","Standard Orders","Amazon","LEWISVILLE","NC","27023","MarketplaceFacilitator","36.41","2.29","0","0","0","0","0","0","-3.64","0","-2.29","-4.92","-6.24","0","0","21.61"
"Dec 30, 2025 3:44:43 AM PST","25294192941","Order","114-1666367-6370659","CP-A-K-U","Grumpy Bear Camping Axe & Sickle Set - Dual Outdoor Tools for Camping, Survival & Bushcraft | High Carbon Steel Camping Axe & Hatchet Combo | Black Ox","1","amazon.com","Standard Orders","Amazon","RENO","NV","89523","MarketplaceFacilitator","14.99","1.24","0","0","0","0","0","0","0","0","-1.24","-2.25","-5.84","0","0","6.90"
"Dec 30, 2025 4:00:06 AM PST","25294192941","Order","111-6430194-8101866","AXE-SH-S","Grumpy Bear 11"" Survival Axe Camping Hatchet - Forged High Carbon Steel Blade with Walnut Wood Handle - Shock-Absorbing, Anti-Slip Grip - Ideal for Bu","1","amazon.com","Standard Orders","Amazon","O FALLON","MO","63366","MarketplaceFacilitator","34.41","2.74","0","0","0","0","0","0","0","0","-2.74","-5.16","-6.24","0","0","23.01"
"Dec 30, 2025 4:04:26 AM PST","25294192941","Order","112-1427413-5214602","C-axe-01","Full Tang Survival Camping Axe with Wood Ergonomic Handle and Nylon Sheath Sheath - High Carbon Stainless Steel, Multi-Tool for Outdoor, Hunting, Emer","1","amazon.com","Standard Orders","Amazon","RICHMOND","VA","23222","MarketplaceFacilitator","14.99","0.90","0","0","0","0","0","0","0","0","-0.90","-2.25","-6.10","0","0","6.64"
"Dec 30, 2025 4:20:22 AM PST","25294192941","Order","112-6925056-7153834","C-axe-01","Full Tang Survival Camping Axe with Wood Ergonomic Handle and Nylon Sheath Sheath - High Carbon Stainless Steel, Multi-Tool for Outdoor, Hunting, Emer","2","amazon.com","Standard Orders","Amazon","HOUSE SPRINGS","MO","63051","MarketplaceFacilitator","21.98","0.92","2.66","0","0","0","0","0","-2.66","0","-0.92","-3.30","-12.20","0","0","6.48"
"Dec 30, 2025 4:20:30 AM PST","25294192941","Order","112-2931460-8749852","CP-A-K-U","Grumpy Bear Camping Axe & Sickle Set - Dual Outdoor Tools for Camping, Survival & Bushcraft | High Carbon Steel Camping Axe & Hatchet Combo | Black Ox","1","amazon.com","Standard Orders","Amazon","PALMVIEW","TX","78574","MarketplaceFacilitator","14.99","1.24","0","0","0","0","0","0","0","0","-1.24","-2.25","-5.84","0","0","6.90"
"Dec 30, 2025 4:56:46 AM PST","25294192941","Order","114-7620871-7268261","AXE-SH-L","Grumpy Bear 15"" Survival Axe Camping Hatchet - Forged High Carbon Steel Blade with Walnut Wood Handle - Shock-Absorbing, Anti-Slip Grip - Ideal for Bu","1","amazon.com","Standard Orders","Amazon","BREMERTON","WA","98312","MarketplaceFacilitator","37.94","3.49","0","0","0","0","0","0","0","0","-3.49","-5.69","-6.44","0","0","25.81"
"Dec 30, 2025 5:32:46 AM PST","25294192941","Order","113-2027444-7255442","GB-CA-02-TIGER","Grumpy Bear Camping Hatchet with Tiger Carving, Full Tang Outdoor Axe with Decorative Handle, Durable Forged Blade for Hiking, Bushcraft, and Survival","1","amazon.com","Standard Orders","Amazon","CHICO","CA","95973","MarketplaceFacilitator","17.99","1.66","0","0","0","0","0","0","0","0","-1.66","-2.70","-5.84","0","0","9.45"
"Dec 30, 2025 5:45:05 AM PST","25294192941","Order","114-1715159-2417808","GB-CA-02-EAGLE","Grumpy Bear Camping Hatchet, Full Tang Outdoor Axe with Decorative Handle, Durable Forged Blade for Hiking, Bushcraft, and Survival (Eagle)","1","amazon.com","Standard Orders","Amazon","MC DANIELS","KY","40152","MarketplaceFacilitator","19.99","1.20","0","0","0","0","0","0","0","0","-1.20","-3.00","-5.68","0","0","11.31"
"Dec 30, 2025 5:52:12 AM PST","25294192941","Order","113-6303711-1827414","GB-CA-02-TIGER","Grumpy Bear Camping Hatchet with Tiger Carving, Full Tang Outdoor Axe with Decorative Handle, Durable Forged Blade for Hiking, Bushcraft, and Survival","1","amazon.com","Standard Orders","Amazon","LOUISVILLE","KY","40291","MarketplaceFacilitator","17.99","1.08","6.99","0.42","0","0","0","0","0","0","-1.50","-2.70","-12.83","0","0","9.45"
"Dec 30, 2025 6:09:33 AM PST","25294192941","Order","114-0280884-1756202","Axe-F-R-S","Grumpy Bear 11"" Survival Axe Camping Hatchet - Forged High Carbon Steel Blade with Walnut Wood Handle - Shock-Absorbing, Anti-Slip Grip - Ideal for Bu","1","amazon.com","Standard Orders","Amazon","PENRYN","CA","95663","MarketplaceFacilitator","36.41","2.38","0","0","0","0","0","0","-3.64","0","-2.38","-4.92","-6.24","0","0","21.61"
"Dec 30, 2025 6:10:15 AM PST","25294192941","Order","112-4347655-0708246","CP-A-K-U","Grumpy Bear Camping Axe & Sickle Set - Dual Outdoor Tools for Camping, Survival & Bushcraft | High Carbon Steel Camping Axe & Hatchet Combo | Black Ox","1","amazon.com","Standard Orders","Amazon","LAKEWOOD","CO","80215","MarketplaceFacilitator","14.99","1.12","0","0","0","0","0","0","0","0","-1.12","-2.25","-5.84","0","0","6.90"
"Dec 30, 2025 6:13:51 AM PST","25294192941","Order","113-2506552-6954641","AXE-WS-L","Grumpy Bear 15"" Survival Axe Camping Hatchet - Forged High Carbon Steel Blade with Walnut Wood Handle - Shock-Absorbing, Anti-Slip Grip - Ideal for Bu","1","amazon.com","Standard Orders","Amazon","FARWELL","MI","48622","MarketplaceFacilitator","0","0","0","0","0","0","0","0","0","0","0","0","0","0","0","0"
"Dec 30, 2025 6:16:33 AM PST","25294192941","Order","112-0111429-2169878","GB-CA-02-WOLF","Grumpy Bear Camping Hatchet with Wolf Carving, Full Tang Outdoor Axe with Decorative Handle, Durable Forged Blade for Hiking, Bushcraft, and Survival","1","amazon.com","Standard Orders","Amazon","TREMONTON","UT","84337","MarketplaceFacilitator","22.99","1.53","0","0","0","0","0","0","0","0","-1.53","-3.45","-5.84","0","0","13.70"
"Dec 30, 2025 6:20:03 AM PST","25294192941","Order","113-1490199-1303450","CP-A-K-U","Grumpy Bear Camping Axe & Sickle Set - Dual Outdoor Tools for Camping, Survival & Bushcraft | High Carbon Steel Camping Axe & Hatchet Combo | Black Ox","1","amazon.com","Standard Orders","Amazon","LUBBOCK","TX","79401","MarketplaceFacilitator","14.99","1.24","0","0","0","0","0","0","0","0","-1.24","-2.25","-5.84","0","0","6.90"
"Dec 30, 2025 6:21:01 AM PST","25294192941","Order","114-9293587-2313060","AXE-WS-S","Grumpy Bear 11"" Survival Axe Camping Hatchet - Forged High Carbon Steel Blade with Walnut Wood Handle - Shock-Absorbing, Anti-Slip Grip - Ideal for Bu","1","amazon.com","Standard Orders","Amazon","QUARRYVILLE","PA","17566","MarketplaceFacilitator","29.99","1.80","0.64","0","0","0","0","0","-0.64","0","-1.80","-4.50","-6.24","0","0","19.25"
"Dec 30, 2025 6:30:29 AM PST","25294192941","Order","114-0630786-6599453","GB-CA-02-LION","Grumpy Bear Camping Hatchet with Lion Carving, Full Tang Outdoor Axe with Decorative Handle, Durable Forged Blade for Hiking, Bushcraft, and Survival","1","amazon.com","Standard Orders","Amazon","JEFFERSON CITY","MO","65101","MarketplaceFacilitator","17.99","1.01","0","0","0","0","0","0","0","0","-1.01","-2.70","-5.68","0","0","9.61"
"Dec 30, 2025 6:41:03 AM PST","25294192941","Order","114-6332452-2824216","C-axe-02","Full Tang Survival Camping Axe with Wood Ergonomic Handle and Nylon Sheath Sheath - High Carbon Stainless Steel, Multi-Tool for Outdoor, Hunting, Emer","1","amazon.com","Standard Orders","Amazon","HOUSTON","TX","77066","MarketplaceFacilitator","10.99","0.91","0","0","0","0","0","0","0","0","-0.91","-1.65","-6.44","0","0","2.90"
"Dec 30, 2025 6:42:44 AM PST","25294192941","Order","111-6262221-4281041","GB-CA-02-WOLF","Grumpy Bear Camping Hatchet with Wolf Carving, Full Tang Outdoor Axe with Decorative Handle, Durable Forged Blade for Hiking, Bushcraft, and Survival","1","amazon.com","Standard Orders","Amazon","DES MOINES","IA","50310","MarketplaceFacilitator","22.99","1.61","0","0","0","0","0","0","0","0","-1.61","-3.45","-5.84","0","0","13.70"
"Dec 30, 2025 6:43:11 AM PST","25294192941","Order","112-0197658-9908215","CP-A-K-U","Grumpy Bear Camping Axe & Sickle Set - Dual Outdoor Tools for Camping, Survival & Bushcraft | High Carbon Steel Camping Axe & Hatchet Combo | Black Ox","1","amazon.com","Standard Orders","Amazon","Bigfork","MT","59911","","14.99","0","0","0","0","0","0","0","0","0","0","-2.25","-5.84","0","0","6.90"
"Dec 30, 2025 6:46:06 AM PST","25294192941","Order","113-3583790-3349026","C-axe-01","Full Tang Survival Camping Axe with Wood Ergonomic Handle and Nylon Sheath Sheath - High Carbon Stainless Steel, Multi-Tool for Outdoor, Hunting, Emer","1","amazon.com","Standard Orders","Amazon","MAGGIE VALLEY","NC","28751","MarketplaceFacilitator","10.99","0.77","0.45","0","0","0","0","0","-0.45","0","-0.77","-1.65","-6.10","0","0","3.24"
"Dec 30, 2025 6:58:43 AM PST","25294192941","Order","114-8145449-9541013","C-axe-01","Full Tang Survival Camping Axe with Wood Ergonomic Handle and Nylon Sheath Sheath - High Carbon Stainless Steel, Multi-Tool for Outdoor, Hunting, Emer","1","amazon.com","Standard Orders","Amazon","HENDERSON","NC","27537","MarketplaceFacilitator","10.99","0.74","0.99","0","0","0","0","0","-0.99","0","-0.74","-1.65","-6.10","0","0","3.24"
"Dec 30, 2025 7:10:27 AM PST","25294192941","Order","112-0850896-7910662","CP-A-K-U","Grumpy Bear Camping Axe & Sickle Set - Dual Outdoor Tools for Camping, Survival & Bushcraft | High Carbon Steel Camping Axe & Hatchet Combo | Black Ox","1","amazon.com","Standard Orders","Amazon","ZEPHYRHILLS","FL","33540","MarketplaceFacilitator","14.99","1.05","0","0","0","0","0","0","0","0","-1.05","-2.25","-5.84","0","0","6.90"
"Dec 30, 2025 7:25:20 AM PST","25294192941","Transfer","","","To your account ending in: 547, Bank Transfer ID: 1U01NJFD2JXUHBG","","","Standard Orders","","","","","","0","0","0","0","0","0","0","0","0","0","0","0","0","0","-7,103.22","-7,103.22"
"Dec 30, 2025 7:31:01 AM PST","25294192941","Order","112-3725764-6214644","CP-A-K-U","Grumpy Bear Camping Axe & Sickle Set - Dual Outdoor Tools for Camping, Survival & Bushcraft | High Carbon Steel Camping Axe & Hatchet Combo | Black Ox","1","amazon.com","Standard Orders","Amazon","DUBLIN","VA","24084","MarketplaceFacilitator","14.99","0.79","0","0","0","0","0","0","0","0","-0.79","-2.25","-5.84","0","0","6.90"
"Dec 30, 2025 7:31:07 AM PST","25294192941","Order","114-6665817-6490668","GB-CA-02-TIGER","Grumpy Bear Camping Hatchet with Tiger Carving, Full Tang Outdoor Axe with Decorative Handle, Durable Forged Blade for Hiking, Bushcraft, and Survival","1","amazon.com","Standard Orders","Amazon","Cecilia","Ky","42724","MarketplaceFacilitator","17.99","1.08","0","0","0","0","0","0","0","0","-1.08","-2.70","-5.84","0","0","9.45"
"Dec 30, 2025 7:34:41 AM PST","25294192941","Order","113-9768118-1612211","GB-CA-02-EAGLE","Grumpy Bear Camping Hatchet, Full Tang Outdoor Axe with Decorative Handle, Durable Forged Blade for Hiking, Bushcraft, and Survival (Eagle)","1","amazon.com","Standard Orders","Amazon","BROWNWOOD","TX","76801","MarketplaceFacilitator","19.99","1.25","0","0","0","0","0","0","0","0","-1.25","-3.00","-5.68","0","0","11.31"
"Dec 30, 2025 7:35:36 AM PST","25294192941","Order","112-4640451-5434665","Axe-F-R-S","Grumpy Bear 11"" Survival Axe Camping Hatchet - Forged High Carbon Steel Blade with Walnut Wood Handle - Shock-Absorbing, Anti-Slip Grip - Ideal for Bu","1","amazon.com","Standard Orders","Amazon","PULASKI","NY","13142","MarketplaceFacilitator","36.41","2.62","0","0","0","0","0","0","-3.64","0","-2.62","-4.92","-6.24","0","0","21.61"
"Dec 30, 2025 7:36:24 AM PST","25294192941","Order","113-1846450-1761839","C-axe-01","Full Tang Survival Camping Axe with Wood Ergonomic Handle and Nylon Sheath Sheath - High Carbon Stainless Steel, Multi-Tool for Outdoor, Hunting, Emer","1","amazon.com","Standard Orders","Amazon","RADFORD","VA","24141","MarketplaceFacilitator","10.99","0.52","0.25","0","0","0","0","0","-0.25","0","-0.52","-1.65","-6.10","0","0","3.24"
"Dec 30, 2025 7:54:46 AM PST","25294192941","Order","111-5272307-0129817","CP-A-K-U","Grumpy Bear Camping Axe & Sickle Set - Dual Outdoor Tools for Camping, Survival & Bushcraft | High Carbon Steel Camping Axe & Hatchet Combo | Black Ox","1","amazon.com","Standard Orders","Amazon","SPOKANE","WA","99212","MarketplaceFacilitator","14.99","1.36","0","0","0","0","0","0","0","0","-1.36","-2.25","-5.84","0","0","6.90"
"Dec 30, 2025 7:55:40 AM PST","25294192941","Order","114-2525554-0588213","C-axe-01","Full Tang Survival Camping Axe with Wood Ergonomic Handle and Nylon Sheath Sheath - High Carbon Stainless Steel, Multi-Tool for Outdoor, Hunting, Emer","1","amazon.com","Standard Orders","Amazon","CAMDEN","ARKANSAS","71701","MarketplaceFacilitator","10.99","1.18","0.12","0","0","0","0","0","-0.12","0","-1.18","-1.65","-6.10","0","0","3.24"
"Dec 30, 2025 8:06:11 AM PST","25294192941","Order","114-3218205-6641059","AXE-SH-L","Grumpy Bear 15"" Survival Axe Camping Hatchet - Forged High Carbon Steel Blade with Walnut Wood Handle - Shock-Absorbing, Anti-Slip Grip - Ideal for Bu","1","amazon.com","Standard Orders","Amazon","CLEVELAND","GA","30528","MarketplaceFacilitator","37.94","2.66","0","0","0","0","0","0","0","0","-2.66","-5.69","-6.44","0","0","25.81"
"Dec 30, 2025 8:10:19 AM PST","25294192941","Order","112-8868016-2025035","GB-CA-02-TIGER","Grumpy Bear Camping Hatchet with Tiger Carving, Full Tang Outdoor Axe with Decorative Handle, Durable Forged Blade for Hiking, Bushcraft, and Survival","1","amazon.com","Standard Orders","Amazon","EVERETT","MA","02149","MarketplaceFacilitator","17.99","1.12","0","0","0","0","0","0","0","0","-1.12","-2.70","-5.84","0","0","9.45"
"Dec 30, 2025 8:20:38 AM PST","25294192941","Order","113-9122851-3060263","CP-A-K-U","Grumpy Bear Camping Axe & Sickle Set - Dual Outdoor Tools for Camping, Survival & Bushcraft | High Carbon Steel Camping Axe & Hatchet Combo | Black Ox","1","amazon.com","Standard Orders","Amazon","San Antonio","PR","00690","MarketplaceFacilitator","14.99","1.72","6.47","0.74","0","0","0","0","0","0","-2.46","-2.25","-12.31","0","0","6.90"
"Dec 30, 2025 9:05:56 AM PST","25294192941","Order","111-4665406-5699406","CP-A-K-U","Grumpy Bear Camping Axe & Sickle Set - Dual Outdoor Tools for Camping, Survival & Bushcraft | High Carbon Steel Camping Axe & Hatchet Combo | Black Ox","1","amazon.com","Standard Orders","Amazon","CROSS PLAINS","TN","37049","MarketplaceFacilitator","14.99","1.46","0","0","0","0","0","0","0","0","-1.46","-2.25","-5.84","0","0","6.90"
"Dec 30, 2025 10:02:32 AM PST","25294192941","Order","S01-3178916-3222043","GB-CA-02-LION","Grumpy Bear Camping Hatchet with Lion Carving, Full Tang Outdoor Axe with Decorative Handle, Durable Forged Blade for Hiking, Bushcraft, and Survival","1","sim1.stores.amazon.com","Standard Orders","Amazon","BUTTE","MT","59701","","0","0","0","0","0","0","0","0","0","0","0","0","-10.60","0","0","-10.60"
"Dec 30, 2025 11:27:42 AM PST","25294192941","Order","113-2747063-8717855","C-axe-01","Full Tang Survival Camping Axe with Wood Ergonomic Handle and Nylon Sheath Sheath - High Carbon Stainless Steel, Multi-Tool for Outdoor, Hunting, Emer","1","amazon.com","Standard Orders","Amazon","HILLSBORO","IA","52630","MarketplaceFacilitator","10.99","0.77","0.99","0","0","0","0","0","-0.99","0","-0.77","-1.65","-6.10","0","0","3.24"
"Dec 30, 2025 11:47:56 AM PST","25294192941","Refund","112-1574053-6849047","Axe-F-R-S","Grumpy Bear 11"" Survival Axe Camping Hatchet - Forged High Carbon Steel Blade with Walnut Wood Handle - Shock-Absorbing, Anti-Slip Grip - Ideal for Bu","1","amazon.com","Standard Orders","Amazon","KALAMAZOO","MI","49007","MarketplaceFacilitator","-34.41","-1.86","-5.80","0","0","0","0","0","9.24","0","1.86","3.72","0","0","0","-27.25"
"Dec 30, 2025 11:59:40 AM PST","25294192941","Order","114-9634493-3759440","AXE-WS-L","Grumpy Bear 15"" Survival Axe Camping Hatchet - Forged High Carbon Steel Blade with Walnut Wood Handle - Shock-Absorbing, Anti-Slip Grip - Ideal for Bu","1","amazon.com","Standard Orders","Amazon","DERIDDER","LA","70634","MarketplaceFacilitator","35.41","3.45","0","0","0","0","0","0","0","0","-3.45","-5.31","-6.44","0","0","23.66"
"Dec 30, 2025 12:03:05 PM PST","25294192941","Order","112-3843390-7660268","AXE-SH-L","Grumpy Bear 15"" Survival Axe Camping Hatchet - Forged High Carbon Steel Blade with Walnut Wood Handle - Shock-Absorbing, Anti-Slip Grip - Ideal for Bu","1","amazon.com","Standard Orders","Amazon","CASTLE ROCK","CO","80108","MarketplaceFacilitator","37.94","1.90","0","0","0","0","0","0","0","0","-1.90","-5.69","-6.44","0","0","25.81"
"Dec 30, 2025 1:37:25 PM PST","25294192941","Order","112-3389349-1881049","GB-CA-02-WOLF","Grumpy Bear Camping Hatchet with Wolf Carving, Full Tang Outdoor Axe with Decorative Handle, Durable Forged Blade for Hiking, Bushcraft, and Survival","1","amazon.com","Standard Orders","Amazon","EVANSDALE","IA","50707","MarketplaceFacilitator","19.99","1.40","0","0","0","0","0","0","0","0","-1.40","-3.00","-5.84","0","0","11.15"
"Dec 30, 2025 2:32:09 PM PST","25294192941","Order","114-0065082-8994650","Axe-F-R-L","Grumpy Bear 15"" Survival Axe Camping Hatchet - Forged High Carbon Steel Blade with Walnut Wood Handle - Shock-Absorbing, Anti-Slip Grip - Ideal for Bu","1","amazon.com","Standard Orders","Amazon","FAIRLESS HILLS","PA","19030","MarketplaceFacilitator","37.94","2.28","0","0","0","0","0","0","0","0","-2.28","-5.69","-6.44","0","0","25.81"
"Dec 30, 2025 2:58:50 PM PST","25294192941","Refund","114-7863367-2285810","AXE-GBWS-L","Grumpy Bear 15"" Survival Axe Camping Hatchet - Forged High Carbon Steel Blade with Walnut Wood Handle - Shock-Absorbing, Anti-Slip Grip - Ideal for Bu","1","amazon.com","Standard Orders","Amazon","SEATTLE","WA","98133","MarketplaceFacilitator","-36.41","-3.77","0","0","0","0","0","0","0","0","3.77","4.37","0","0","0","-32.04"
"Dec 30, 2025 4:48:48 PM PST","25294192941","Order","114-6212034-0903432","AXE-SH-L","Grumpy Bear 15"" Survival Axe Camping Hatchet - Forged High Carbon Steel Blade with Walnut Wood Handle - Shock-Absorbing, Anti-Slip Grip - Ideal for Bu","1","amazon.com","Standard Orders","Amazon","PERALTA","NM","87042","MarketplaceFacilitator","37.94","3.15","0","0","0","0","0","0","0","0","-3.15","-5.69","-6.44","0","0","25.81"
"Dec 30, 2025 5:25:10 PM PST","25294192941","Order","111-7018275-8168265","CP-A-K-U","Grumpy Bear Camping Axe & Sickle Set - Dual Outdoor Tools for Camping, Survival & Bushcraft | High Carbon Steel Camping Axe & Hatchet Combo | Black Ox","1","amazon.com","Standard Orders","Amazon","SAN DIEGO","CA","92111","MarketplaceFacilitator","14.99","1.16","0","0","0","0","0","0","0","0","-1.16","-2.25","-5.84","0","0","6.90"
"Dec 30, 2025 5:53:42 PM PST","25294192941","Order","114-7417067-4275452","CP-A-K-U","Grumpy Bear Camping Axe & Sickle Set - Dual Outdoor Tools for Camping, Survival & Bushcraft | High Carbon Steel Camping Axe & Hatchet Combo | Black Ox","1","amazon.com","Standard Orders","Amazon","LAS VEGAS","NV","89121","MarketplaceFacilitator","14.99","1.26","0","0","0","0","0","0","0","0","-1.26","-2.25","-5.84","0","0","6.90"
"Dec 30, 2025 6:10:20 PM PST","25294192941","Order","112-9401717-7443461","CP-A-K-U","Grumpy Bear Camping Axe & Sickle Set - Dual Outdoor Tools for Camping, Survival & Bushcraft | High Carbon Steel Camping Axe & Hatchet Combo | Black Ox","1","amazon.com","Standard Orders","Amazon","GILLETTE","WY","82718","MarketplaceFacilitator","14.99","0.75","0","0","0","0","0","0","0","0","-0.75","-2.25","-5.84","0","0","6.90"
"Dec 30, 2025 6:58:45 PM PST","25294192941","Order","114-1401540-2672204","AXE-SH-S","Grumpy Bear 11"" Survival Axe Camping Hatchet - Forged High Carbon Steel Blade with Walnut Wood Handle - Shock-Absorbing, Anti-Slip Grip - Ideal for Bu","1","amazon.com","Standard Orders","Amazon","MIDDLEBORO","MA","02346","MarketplaceFacilitator","36.41","2.28","0","0","0","0","0","0","0","0","-2.28","-5.46","-6.24","0","0","24.71"
"Dec 30, 2025 7:28:51 PM PST","25294192941","Order","114-9815401-9829030","CP-A-K-U","Grumpy Bear Camping Axe & Sickle Set - Dual Outdoor Tools for Camping, Survival & Bushcraft | High Carbon Steel Camping Axe & Hatchet Combo | Black Ox","1","amazon.com","Standard Orders","Amazon","SALEM","OH","44460","MarketplaceFacilitator","14.99","1.09","0","0","0","0","0","0","0","0","-1.09","-2.25","-5.84","0","0","6.90"
"Dec 30, 2025 7:32:34 PM PST","25294192941","Order","114-3804070-8456246","CP-A-K-U","Grumpy Bear Camping Axe & Sickle Set - Dual Outdoor Tools for Camping, Survival & Bushcraft | High Carbon Steel Camping Axe & Hatchet Combo | Black Ox","1","amazon.com","Standard Orders","Amazon","ALPINE","UT","84004","MarketplaceFacilitator","14.99","1.12","0","0","0","0","0","0","0","0","-1.12","-2.25","-5.84","0","0","6.90"
"Dec 30, 2025 8:29:32 PM PST","25294192941","Order","112-7036958-2835406","CP-A-K-U","Grumpy Bear Camping Axe & Sickle Set - Dual Outdoor Tools for Camping, Survival & Bushcraft | High Carbon Steel Camping Axe & Hatchet Combo | Black Ox","2","amazon.com","Standard Orders","Amazon","DECATUR","TX","76234","MarketplaceFacilitator","29.98","2.02","0","0","0","0","0","0","0","0","-5.05","-11.25","-11.68","0","0","4.02"
"Dec 30, 2025 8:29:32 PM PST","25294192941","Order","112-7036958-2835406","CP-A-K-U","Grumpy Bear Camping Axe & Sickle Set - Dual Outdoor Tools for Camping, Survival & Bushcraft | High Carbon Steel Camping Axe & Hatchet Combo | Black Ox","3","amazon.com","Standard Orders","Amazon","DECATUR","TX","76234","","44.97","3.03","0","0","0","0","0","0","0","0","0","0","-17.52","0","0","30.48"
"Dec 30, 2025 10:17:58 PM PST","25294192941","Order","112-5480604-0789801","C-axe-02","Full Tang Survival Camping Axe with Wood Ergonomic Handle and Nylon Sheath Sheath - High Carbon Stainless Steel, Multi-Tool for Outdoor, Hunting, Emer","1","amazon.com","Standard Orders","Amazon","TOLLESON","AZ","85353","MarketplaceFacilitator","10.99","0.97","0","0","0","0","0","0","0","0","-0.97","-1.65","-6.44","0","0","2.90"
"Dec 30, 2025 10:48:16 PM PST","25294192941","Order","114-5724982-8159400","AXE-SH-S","Grumpy Bear 11"" Survival Axe Camping Hatchet - Forged High Carbon Steel Blade with Walnut Wood Handle - Shock-Absorbing, Anti-Slip Grip - Ideal for Bu","1","amazon.com","Standard Orders","Amazon","HARBESON","DE","19951","","36.41","0","0","0","0","0","0","0","0","0","0","-5.46","-6.24","0","0","24.71"
"Dec 30, 2025 10:56:06 PM PST","25294192941","Order","111-5912275-1821064","CP-A-K-U","Grumpy Bear Camping Axe & Sickle Set - Dual Outdoor Tools for Camping, Survival & Bushcraft | High Carbon Steel Camping Axe & Hatchet Combo | Black Ox","1","amazon.com","Standard Orders","Amazon","TORRANCE","CA","90501","MarketplaceFacilitator","14.99","1.54","0","0","0","0","0","0","0","0","-1.54","-2.25","-5.84","0","0","6.90"
"Dec 30, 2025 11:10:12 PM PST","25294192941","Order","114-1666367-6370659","C-axe-02","Full Tang Survival Camping Axe with Wood Ergonomic Handle and Nylon Sheath Sheath - High Carbon Stainless Steel, Multi-Tool for Outdoor, Hunting, Emer","1","amazon.com","Standard Orders","Amazon","RENO","NV","89523","MarketplaceFacilitator","10.99","0.91","0","0","0","0","0","0","0","0","-0.91","-1.65","-6.44","0","0","2.90"
"Dec 30, 2025 11:14:09 PM PST","25294192941","Order","112-4438556-5969019","CP-A-K-U","Grumpy Bear Camping Axe & Sickle Set - Dual Outdoor Tools for Camping, Survival & Bushcraft | High Carbon Steel Camping Axe & Hatchet Combo | Black Ox","1","amazon.com","Standard Orders","Amazon","conroe","Texas","77385","MarketplaceFacilitator","14.99","1.24","0","0","0","0","0","0","0","0","-1.24","-2.25","-5.84","0","0","6.90"
"Dec 30, 2025 11:21:35 PM PST","25294192941","Order","111-0870937-0853069","CP-A-K-U","Grumpy Bear Camping Axe & Sickle Set - Dual Outdoor Tools for Camping, Survival & Bushcraft | High Carbon Steel Camping Axe & Hatchet Combo | Black Ox","1","amazon.com","Standard Orders","Amazon","HAMBURG","PA","19526","MarketplaceFacilitator","14.99","0.90","0","0","0","0","0","0","0","0","-0.90","-2.25","-5.84","0","0","6.90"
"Dec 30, 2025 11:25:15 PM PST","25294192941","Order","114-6535004-4609058","AXE-SH-L","Grumpy Bear 15"" Survival Axe Camping Hatchet - Forged High Carbon Steel Blade with Walnut Wood Handle - Shock-Absorbing, Anti-Slip Grip - Ideal for Bu","1","amazon.com","Standard Orders","Amazon","KANSAS CITY","KS","66109","MarketplaceFacilitator","37.94","3.46","0","0","0","0","0","0","0","0","-3.46","-5.69","-6.44","0","0","25.81"
"Dec 30, 2025 11:31:27 PM PST","25294192941","Order","112-3230203-7181051","CP-A-K-U","Grumpy Bear Camping Axe & Sickle Set - Dual Outdoor Tools for Camping, Survival & Bushcraft | High Carbon Steel Camping Axe & Hatchet Combo | Black Ox","1","amazon.com","Standard Orders","Amazon","Miami","FL","33168","MarketplaceFacilitator","14.99","1.05","0","0","0","0","0","0","0","0","-1.05","-2.25","-5.84","0","0","6.90"
"Dec 30, 2025 11:51:53 PM PST","25294192941","Order","114-2945714-7569812","AXE-SH-S","Grumpy Bear 11"" Survival Axe Camping Hatchet - Forged High Carbon Steel Blade with Walnut Wood Handle - Shock-Absorbing, Anti-Slip Grip - Ideal for Bu","1","amazon.com","Standard Orders","Amazon","SANTA CLARITA","CA","91354","MarketplaceFacilitator","36.41","3.55","0","0","0","0","0","0","0","0","-3.55","-5.46","-6.24","0","0","24.71"
"Dec 30, 2025 11:53:20 PM PST","25294192941","Order","111-0093175-8811415","CP-A-K-U","Grumpy Bear Camping Axe & Sickle Set - Dual Outdoor Tools for Camping, Survival & Bushcraft | High Carbon Steel Camping Axe & Hatchet Combo | Black Ox","1","amazon.com","Standard Orders","Amazon","CREOLA","OH","45622","MarketplaceFacilitator","14.99","1.09","0","0","0","0","0","0","0","0","-1.09","-2.25","-5.84","0","0","6.90"
"Dec 31, 2025 12:10:41 AM PST","25294192941","Order","113-9118300-8167443","Axe-F-R-S","Grumpy Bear 11"" Survival Axe Camping Hatchet - Forged High Carbon Steel Blade with Walnut Wood Handle - Shock-Absorbing, Anti-Slip Grip - Ideal for Bu","1","amazon.com","Standard Orders","Amazon","COON RAPIDS","MN","55433","MarketplaceFacilitator","36.41","2.66","0","0","0","0","0","0","-3.64","0","-2.66","-4.92","-6.24","0","0","21.61"
"Dec 31, 2025 12:12:25 AM PST","25294192941","Order","113-8902920-5935460","GB-CA-02-WOLF","Grumpy Bear Camping Hatchet with Wolf Carving, Full Tang Outdoor Axe with Decorative Handle, Durable Forged Blade for Hiking, Bushcraft, and Survival","1","amazon.com","Standard Orders","Amazon","FORT LAUDERDALE","FL","33319","MarketplaceFacilitator","22.99","1.61","0","0","0","0","0","0","0","0","-1.61","-3.45","-5.84","0","0","13.70"
"Dec 31, 2025 12:18:24 AM PST","25294192941","Order","113-4014619-8269043","AXE-SH-L","Grumpy Bear 15"" Survival Axe Camping Hatchet - Forged High Carbon Steel Blade with Walnut Wood Handle - Shock-Absorbing, Anti-Slip Grip - Ideal for Bu","1","amazon.com","Standard Orders","Amazon","CURTIS","NE","69025","MarketplaceFacilitator","36.94","2.59","0","0","0","0","0","0","0","0","-2.59","-5.54","-6.44","0","0","24.96"
"Dec 31, 2025 12:32:04 AM PST","25294192941","Order","114-1250495-2843437","CP-A-K-U","Grumpy Bear Camping Axe & Sickle Set - Dual Outdoor Tools for Camping, Survival & Bushcraft | High Carbon Steel Camping Axe & Hatchet Combo | Black Ox","1","amazon.com","Standard Orders","Amazon","CORAL SPRINGS","FL","33067","MarketplaceFacilitator","14.99","1.05","0","0","0","0","0","0","0","0","-1.05","-2.25","-5.84","0","0","6.90"
"Dec 31, 2025 12:33:49 AM PST","25294192941","Order","113-4681123-8117840","CP-A-K-U","Grumpy Bear Camping Axe & Sickle Set - Dual Outdoor Tools for Camping, Survival & Bushcraft | High Carbon Steel Camping Axe & Hatchet Combo | Black Ox","1","amazon.com","Standard Orders","Amazon","ESSEX JUNCTION","VT","05452","MarketplaceFacilitator","14.99","0.90","0","0","0","0","0","0","0","0","-0.90","-2.25","-5.84","0","0","6.90"
"Dec 31, 2025 12:57:08 AM PST","25294192941","Order","112-4914363-7303464","Axe-F-R-S","Grumpy Bear 11"" Survival Axe Camping Hatchet - Forged High Carbon Steel Blade with Walnut Wood Handle - Shock-Absorbing, Anti-Slip Grip - Ideal for Bu","1","amazon.com","Standard Orders","Amazon","NEW HARMONY","UT","84757","MarketplaceFacilitator","36.41","2.18","0","0","0","0","0","0","-3.64","0","-2.18","-4.92","-6.24","0","0","21.61"
"Dec 31, 2025 12:58:35 AM PST","25294192941","Order","114-2463440-3532230","AXE-SH-L","Grumpy Bear 15"" Survival Axe Camping Hatchet - Forged High Carbon Steel Blade with Walnut Wood Handle - Shock-Absorbing, Anti-Slip Grip - Ideal for Bu","1","amazon.com","Standard Orders","Amazon","CHICAGO","IL","60639","MarketplaceFacilitator","37.94","3.89","0","0","0","0","0","0","0","0","-3.89","-5.69","-6.44","0","0","25.81"
"Dec 31, 2025 1:01:29 AM PST","25294192941","Order","114-1218208-1461015","C-axe-01","Full Tang Survival Camping Axe with Wood Ergonomic Handle and Nylon Sheath Sheath - High Carbon Stainless Steel, Multi-Tool for Outdoor, Hunting, Emer","1","amazon.com","Standard Orders","Amazon","HOLLY RIDGE","NC","28445","MarketplaceFacilitator","10.99","0.77","6.99","0.49","0","0","0","0","0","0","-1.26","-1.65","-13.09","0","0","3.24"
"Dec 31, 2025 1:05:46 AM PST","25294192941","Order","111-5489612-8678635","CP-A-K-U","Grumpy Bear Camping Axe & Sickle Set - Dual Outdoor Tools for Camping, Survival & Bushcraft | High Carbon Steel Camping Axe & Hatchet Combo | Black Ox","1","amazon.com","Standard Orders","Amazon","WEAVERVILLE","NC","28787","MarketplaceFacilitator","14.99","1.05","0","0","0","0","0","0","0","0","-1.05","-2.25","-5.84","0","0","6.90"
"Dec 31, 2025 1:26:31 AM PST","25294192941","Order","112-5408934-2393856","CP-A-K-U","Grumpy Bear Camping Axe & Sickle Set - Dual Outdoor Tools for Camping, Survival & Bushcraft | High Carbon Steel Camping Axe & Hatchet Combo | Black Ox","1","amazon.com","Standard Orders","Amazon","LEWISBURG","TN","37091","MarketplaceFacilitator","14.99","1.39","0","0","0","0","0","0","0","0","-1.39","-2.25","-5.84","0","0","6.90"
"Dec 31, 2025 1:28:54 AM PST","25294192941","Order","111-9288997-6001814","GB-CA-02-TIGER","Grumpy Bear Camping Hatchet with Tiger Carving, Full Tang Outdoor Axe with Decorative Handle, Durable Forged Blade for Hiking, Bushcraft, and Survival","1","amazon.com","Standard Orders","Amazon","RANCHO CUCAMONGA","CA","91739","MarketplaceFacilitator","17.99","1.39","0","0","0","0","0","0","0","0","-1.39","-2.70","-5.84","0","0","9.45"
"Dec 31, 2025 1:33:41 AM PST","25294192941","Order","112-6663794-3989813","Axe-F-R-S","Grumpy Bear 11"" Survival Axe Camping Hatchet - Forged High Carbon Steel Blade with Walnut Wood Handle - Shock-Absorbing, Anti-Slip Grip - Ideal for Bu","1","amazon.com","Standard Orders","Amazon","Lathrup Village","MI","48076","MarketplaceFacilitator","34.41","1.86","0","0","0","0","0","0","-3.44","0","-1.86","-4.65","-6.24","0","0","20.08"
"Dec 31, 2025 1:56:37 AM PST","25294192941","Order","113-9756637-8933027","AXE-SH-S","Grumpy Bear 11"" Survival Axe Camping Hatchet - Forged High Carbon Steel Blade with Walnut Wood Handle - Shock-Absorbing, Anti-Slip Grip - Ideal for Bu","1","amazon.com","Standard Orders","Amazon","FAYETTEVILLE","GA","30214","MarketplaceFacilitator","36.41","2.55","0","0","0","0","0","0","0","0","-2.55","-5.46","-6.24","0","0","24.71"
"Dec 31, 2025 2:03:23 AM PST","25294192941","Order","114-6982667-5811437","Axe-F-R-S","Grumpy Bear 11"" Survival Axe Camping Hatchet - Forged High Carbon Steel Blade with Walnut Wood Handle - Shock-Absorbing, Anti-Slip Grip - Ideal for Bu","1","amazon.com","Standard Orders","Amazon","adkins","TX","78101","MarketplaceFacilitator","36.41","2.70","0","0","0","0","0","0","-3.64","0","-2.70","-4.92","-6.24","0","0","21.61"
"Dec 31, 2025 2:04:41 AM PST","25294192941","Order","111-7343926-9154625","Axe-F-R-S","Grumpy Bear 11"" Survival Axe Camping Hatchet - Forged High Carbon Steel Blade with Walnut Wood Handle - Shock-Absorbing, Anti-Slip Grip - Ideal for Bu","2","amazon.com","Standard Orders","Amazon","ST CHARLES","IL","60174","MarketplaceFacilitator","72.82","5.58","0","0","0","0","0","0","-7.28","0","-5.58","-9.84","-12.48","0","0","43.22"
"Dec 31, 2025 2:04:58 AM PST","25294192941","Order","114-9242114-2973841","GB-CA-02-EAGLE","Grumpy Bear Camping Hatchet, Full Tang Outdoor Axe with Decorative Handle, Durable Forged Blade for Hiking, Bushcraft, and Survival (Eagle)","1","amazon.com","Standard Orders","Amazon","LAS VEGAS","NV","89122","MarketplaceFacilitator","21.99","1.84","0","0","0","0","0","0","0","0","-1.84","-3.30","-5.68","0","0","13.01"
"Dec 31, 2025 2:15:36 AM PST","25294192941","Order","111-5943639-3580246","AXE-GBWS-L","Grumpy Bear 15"" Survival Axe Camping Hatchet - Forged High Carbon Steel Blade with Walnut Wood Handle - Shock-Absorbing, Anti-Slip Grip - Ideal for Bu","1","amazon.com","Standard Orders","Amazon","RIVERVIEW","FL","33578","MarketplaceFacilitator","36.41","2.73","0","0","0","0","0","0","0","0","-2.73","-5.46","-6.44","0","0","24.51"
"Dec 31, 2025 2:30:13 AM PST","25294192941","Order","111-7525719-5791406","Axe-F-R-S","Grumpy Bear 11"" Survival Axe Camping Hatchet - Forged High Carbon Steel Blade with Walnut Wood Handle - Shock-Absorbing, Anti-Slip Grip - Ideal for Bu","1","amazon.com","Standard Orders","Amazon","SAN ANTONIO","TX","78245","MarketplaceFacilitator","36.41","2.70","0","0","0","0","0","0","-3.64","0","-2.70","-4.92","-6.24","0","0","21.61"
"Dec 31, 2025 2:45:20 AM PST","25294192941","Order","113-6197822-8404246","GB-CA-02-WOLF","Grumpy Bear Camping Hatchet with Wolf Carving, Full Tang Outdoor Axe with Decorative Handle, Durable Forged Blade for Hiking, Bushcraft, and Survival","1","amazon.com","Standard Orders","Amazon","MOORE","SC","29369","MarketplaceFacilitator","19.99","1.40","3.45","0","0","0","0","0","-3.45","0","-1.40","-3.00","-5.84","0","0","11.15"
"Dec 31, 2025 2:49:45 AM PST","25294192941","Order","111-2018413-8661808","GB-CA-02-EAGLE","Grumpy Bear Camping Hatchet, Full Tang Outdoor Axe with Decorative Handle, Durable Forged Blade for Hiking, Bushcraft, and Survival (Eagle)","1","amazon.com","Standard Orders","Amazon","HOUSTON","TX","77080","MarketplaceFacilitator","19.99","1.65","2.88","0","0","0","0","0","-2.88","0","-1.65","-3.00","-5.68","0","0","11.31"
"Dec 31, 2025 3:14:30 AM PST","25294192941","Order","113-6024284-5105801","AXE-SH-S","Grumpy Bear 11"" Survival Axe Camping Hatchet - Forged High Carbon Steel Blade with Walnut Wood Handle - Shock-Absorbing, Anti-Slip Grip - Ideal for Bu","1","amazon.com","Standard Orders","Amazon","BUFFALO","MO","65622","MarketplaceFacilitator","36.41","2.99","0","0","0","0","0","0","0","0","-2.99","-5.46","-6.24","0","0","24.71"
"Dec 31, 2025 3:24:41 AM PST","25294192941","Order","112-6945921-9441029","AXE-WS-L","Grumpy Bear 15"" Survival Axe Camping Hatchet - Forged High Carbon Steel Blade with Walnut Wood Handle - Shock-Absorbing, Anti-Slip Grip - Ideal for Bu","1","amazon.com","Standard Orders","Amazon","LOVELAND","CO","80538","MarketplaceFacilitator","35.41","2.37","0","0","3.99","0.27","0","0","0","0","-2.64","-5.31","-10.43","0","0","23.66"
"Dec 31, 2025 3:47:18 AM PST","25294192941","Order","111-2240750-2567445","CP-A-K-U","Grumpy Bear Camping Axe & Sickle Set - Dual Outdoor Tools for Camping, Survival & Bushcraft | High Carbon Steel Camping Axe & Hatchet Combo | Black Ox","1","amazon.com","Standard Orders","Amazon","UNDERWOOD","IN","47177","MarketplaceFacilitator","14.99","1.05","0","0","0","0","0","0","0","0","-1.05","-2.25","-5.84","0","0","6.90"
"Dec 31, 2025 4:04:18 AM PST","25294192941","Order","113-3923602-7909867","Axe-F-R-S","Grumpy Bear 11"" Survival Axe Camping Hatchet - Forged High Carbon Steel Blade with Walnut Wood Handle - Shock-Absorbing, Anti-Slip Grip - Ideal for Bu","1","amazon.com","Standard Orders","Amazon","CANTON","MS","39046","MarketplaceFacilitator","36.41","2.29","0","0","0","0","0","0","-3.64","0","-2.29","-4.92","-6.24","0","0","21.61"
"Dec 31, 2025 4:05:38 AM PST","25294192941","Order","111-7152855-8281060","AXE-SH-L","Grumpy Bear 15"" Survival Axe Camping Hatchet - Forged High Carbon Steel Blade with Walnut Wood Handle - Shock-Absorbing, Anti-Slip Grip - Ideal for Bu","1","amazon.com","Standard Orders","Amazon","GREENFIELD","IN","46140","MarketplaceFacilitator","37.94","2.66","0","0","0","0","0","0","0","0","-2.66","-5.69","-6.44","0","0","25.81"
"Dec 31, 2025 4:09:06 AM PST","25294192941","Order","114-3566566-2936264","CP-A-K-U","Grumpy Bear Camping Axe & Sickle Set - Dual Outdoor Tools for Camping, Survival & Bushcraft | High Carbon Steel Camping Axe & Hatchet Combo | Black Ox","1","amazon.com","Standard Orders","Amazon","MUNDELEIN","IL","60060","MarketplaceFacilitator","14.99","1.24","0","0","0","0","0","0","0","0","-1.24","-2.25","-5.84","0","0","6.90"
"Dec 31, 2025 4:55:23 AM PST","25294192941","Order","111-7481465-5377054","AXE-SH-S","Grumpy Bear 11"" Survival Axe Camping Hatchet - Forged High Carbon Steel Blade with Walnut Wood Handle - Shock-Absorbing, Anti-Slip Grip - Ideal for Bu","1","amazon.com","Standard Orders","Amazon","PARKERSBURG","WV","26101","MarketplaceFacilitator","34.41","2.41","0","0","0","0","0","0","0","0","-2.41","-5.16","-6.24","0","0","23.01"
"Dec 31, 2025 4:58:52 AM PST","25294192941","Order","111-2959419-4325025","GB-CA-02-TIGER","Grumpy Bear Camping Hatchet with Tiger Carving, Full Tang Outdoor Axe with Decorative Handle, Durable Forged Blade for Hiking, Bushcraft, and Survival","1","amazon.com","Standard Orders","Amazon","SACRAMENTO","CA","95825","MarketplaceFacilitator","17.99","1.57","0","0","0","0","0","0","0","0","-1.57","-2.70","-5.84","0","0","9.45"
"Dec 31, 2025 4:59:34 AM PST","25294192941","Order","111-4074729-8269816","AXE-SH-L","Grumpy Bear 15"" Survival Axe Camping Hatchet - Forged High Carbon Steel Blade with Walnut Wood Handle - Shock-Absorbing, Anti-Slip Grip - Ideal for Bu","1","amazon.com","Standard Orders","Amazon","MAGNOLIA","TX","77354","MarketplaceFacilitator","37.94","2.75","0","0","0","0","0","0","0","0","-2.75","-5.69","-6.44","0","0","25.81"
"Dec 31, 2025 5:09:12 AM PST","25294192941","Order","113-4970116-8377858","Axe-F-R-S","Grumpy Bear 11"" Survival Axe Camping Hatchet - Forged High Carbon Steel Blade with Walnut Wood Handle - Shock-Absorbing, Anti-Slip Grip - Ideal for Bu","1","amazon.com","Standard Orders","Amazon","SAINT PAUL","MN","55106","MarketplaceFacilitator","36.41","3.24","0","0","0","0","0","0","-3.64","0","-3.24","-4.92","-6.24","0","0","21.61"
"Dec 31, 2025 5:09:36 AM PST","25294192941","Order","114-1084603-9112243","Axe-F-R-S","Grumpy Bear 11"" Survival Axe Camping Hatchet - Forged High Carbon Steel Blade with Walnut Wood Handle - Shock-Absorbing, Anti-Slip Grip - Ideal for Bu","1","amazon.com","Standard Orders","Amazon","BEND","OR","97701","","36.41","0","0","0","0","0","0","0","-3.64","0","0","-4.92","-6.24","0","0","21.61"
"Dec 31, 2025 5:11:45 AM PST","25294192941","Order","111-4687047-9437011","AXE-WS-L","Grumpy Bear 15"" Survival Axe Camping Hatchet - Forged High Carbon Steel Blade with Walnut Wood Handle - Shock-Absorbing, Anti-Slip Grip - Ideal for Bu","1","amazon.com","Standard Orders","Amazon","BURTON","MI","48519","MarketplaceFacilitator","35.41","2.12","0","0","0","0","0","0","0","0","-2.12","-5.31","-6.44","0","0","23.66"
"Dec 31, 2025 5:20:23 AM PST","25294192941","Order","112-1303705-2379468","Axe-F-R-S","Grumpy Bear 11"" Survival Axe Camping Hatchet - Forged High Carbon Steel Blade with Walnut Wood Handle - Shock-Absorbing, Anti-Slip Grip - Ideal for Bu","1","amazon.com","Standard Orders","Amazon","LANCASTER","WI","53813","MarketplaceFacilitator","36.41","1.80","0","0","0","0","0","0","-3.64","0","-1.80","-4.92","-6.24","0","0","21.61"
"Dec 31, 2025 5:25:16 AM PST","25294192941","Order","112-4660210-6603454","C-axe-01","Full Tang Survival Camping Axe with Wood Ergonomic Handle and Nylon Sheath Sheath - High Carbon Stainless Steel, Multi-Tool for Outdoor, Hunting, Emer","1","amazon.com","Standard Orders","Amazon","Portland","OR","97211","","10.99","0","1.00","0","0","0","0","0","-1.00","0","0","-1.65","-6.10","0","0","3.24"
"Dec 31, 2025 5:26:31 AM PST","25294192941","Order","112-7097968-7059417","GB-CA-02-WOLF","Grumpy Bear Camping Hatchet with Wolf Carving, Full Tang Outdoor Axe with Decorative Handle, Durable Forged Blade for Hiking, Bushcraft, and Survival","1","amazon.com","Standard Orders","Amazon","RED LION","PA","17356","MarketplaceFacilitator","19.99","1.20","0","0","0","0","0","0","0","0","-1.20","-3.00","-5.84","0","0","11.15"
"Dec 31, 2025 5:28:59 AM PST","25294192941","Order","114-2054878-7411403","AXE-SH-S","Grumpy Bear 11"" Survival Axe Camping Hatchet - Forged High Carbon Steel Blade with Walnut Wood Handle - Shock-Absorbing, Anti-Slip Grip - Ideal for Bu","1","amazon.com","Standard Orders","Amazon","BELLINGHAM","MA","02019","MarketplaceFacilitator","36.41","2.28","0","0","0","0","0","0","0","0","-2.28","-5.46","-6.24","0","0","24.71"
"Dec 31, 2025 5:46:34 AM PST","25294192941","Order","112-0956500-9681068","CP-A-K-U","Grumpy Bear Camping Axe & Sickle Set - Dual Outdoor Tools for Camping, Survival & Bushcraft | High Carbon Steel Camping Axe & Hatchet Combo | Black Ox","1","amazon.com","Standard Orders","Amazon","LA FARGE","WI","54639","MarketplaceFacilitator","14.99","0.82","0","0","0","0","0","0","0","0","-0.82","-2.25","-5.84","0","0","6.90"
"Dec 31, 2025 5:55:31 AM PST","25294192941","Order","113-9113007-3171414","CP-A-K-U","Grumpy Bear Camping Axe & Sickle Set - Dual Outdoor Tools for Camping, Survival & Bushcraft | High Carbon Steel Camping Axe & Hatchet Combo | Black Ox","1","amazon.com","Standard Orders","Amazon","BERTHOUD","CO","80513","MarketplaceFacilitator","14.99","1.30","0","0","0","0","0","0","0","0","-1.30","-2.25","-5.84","0","0","6.90"
"Dec 31, 2025 5:57:21 AM PST","25294192941","Order","111-8785780-4004218","AXE-GBWS-S","Grumpy Bear 11"" Survival Axe Camping Hatchet - Forged High Carbon Steel Blade with Walnut Wood Handle - Shock-Absorbing, Anti-Slip Grip - Ideal for Bu","1","amazon.com","Standard Orders","Amazon","ANTELOPE","CA","95843","MarketplaceFacilitator","33.84","2.62","0","0","0","0","0","0","0","0","-2.62","-5.08","-6.10","0","0","22.66"
"Dec 31, 2025 6:06:56 AM PST","25294192941","Order","112-6531550-0617823","CP-A-K-U","Grumpy Bear Camping Axe & Sickle Set - Dual Outdoor Tools for Camping, Survival & Bushcraft | High Carbon Steel Camping Axe & Hatchet Combo | Black Ox","1","amazon.com","Standard Orders","Amazon","MOUNT GILEAD","OH","43338","MarketplaceFacilitator","14.99","1.09","1.74","0","0","0","0","0","-1.74","0","-1.09","-2.25","-5.84","0","0","6.90"
"Dec 31, 2025 6:25:18 AM PST","25294192941","Order","113-8062531-3693035","AXE-WS-L","Grumpy Bear 15"" Survival Axe Camping Hatchet - Forged High Carbon Steel Blade with Walnut Wood Handle - Shock-Absorbing, Anti-Slip Grip - Ideal for Bu","1","amazon.com","Standard Orders","Amazon","VISALIA","CA","93291","MarketplaceFacilitator","35.41","3.01","0","0","0","0","0","0","0","0","-3.01","-5.31","-6.44","0","0","23.66"
"Dec 31, 2025 6:29:45 AM PST","25294192941","Order","111-9945270-1624230","GB-CA-02-LION","Grumpy Bear Camping Hatchet with Lion Carving, Full Tang Outdoor Axe with Decorative Handle, Durable Forged Blade for Hiking, Bushcraft, and Survival","1","amazon.com","Standard Orders","Amazon","DRYDEN","NY","13053","MarketplaceFacilitator","21.99","1.76","0","0","0","0","0","0","0","0","-1.76","-3.30","-5.68","0","0","13.01"
"Dec 31, 2025 6:29:51 AM PST","25294192941","Order","112-1605876-1125827","Axe-F-R-S","Grumpy Bear 11"" Survival Axe Camping Hatchet - Forged High Carbon Steel Blade with Walnut Wood Handle - Shock-Absorbing, Anti-Slip Grip - Ideal for Bu","1","amazon.com","Standard Orders","Amazon","CUDDEBACKVILLE","NY","12729","MarketplaceFacilitator","36.41","2.66","0","0","0","0","0","0","-3.64","0","-2.66","-4.92","-6.24","0","0","21.61"
"Dec 31, 2025 6:36:51 AM PST","25294192941","Order","111-8478261-5290638","CP-A-K-U","Grumpy Bear Camping Axe & Sickle Set - Dual Outdoor Tools for Camping, Survival & Bushcraft | High Carbon Steel Camping Axe & Hatchet Combo | Black Ox","1","amazon.com","Standard Orders","Amazon","LORAIN","OH","44052","MarketplaceFacilitator","14.99","0.97","0.75","0","0","0","0","0","-0.75","0","-0.97","-2.25","-5.84","0","0","6.90"
"Dec 31, 2025 6:43:59 AM PST","25294192941","Order","111-8491167-3429836","C-axe-01","Full Tang Survival Camping Axe with Wood Ergonomic Handle and Nylon Sheath Sheath - High Carbon Stainless Steel, Multi-Tool for Outdoor, Hunting, Emer","1","amazon.com","Standard Orders","Amazon","FAIRFIELD","PA","17320","MarketplaceFacilitator","10.99","0.56","1.33","0","0","0","0","0","-1.33","0","-0.56","-1.65","-6.10","0","0","3.24"
"Dec 31, 2025 6:53:48 AM PST","25294192941","Order","111-8764969-8198661","CP-A-K-U","Grumpy Bear Camping Axe & Sickle Set - Dual Outdoor Tools for Camping, Survival & Bushcraft | High Carbon Steel Camping Axe & Hatchet Combo | Black Ox","1","amazon.com","Standard Orders","Amazon","PALM DESERT","CA","92211","MarketplaceFacilitator","14.99","1.31","0","0","0","0","0","0","0","0","-1.31","-2.25","-5.84","0","0","6.90"
"Dec 31, 2025 7:07:07 AM PST","25294192941","Order","113-0450100-0216234","AXE-SH-S","Grumpy Bear 11"" Survival Axe Camping Hatchet - Forged High Carbon Steel Blade with Walnut Wood Handle - Shock-Absorbing, Anti-Slip Grip - Ideal for Bu","1","amazon.com","Standard Orders","Amazon","HERMISTON","OR","97838","","36.41","0","0","0","0","0","0","0","0","0","0","-5.46","-6.24","0","0","24.71"
"Dec 31, 2025 7:16:56 AM PST","25294192941","Order","113-3209951-0881803","AXE-GBWS-L","Grumpy Bear 15"" Survival Axe Camping Hatchet - Forged High Carbon Steel Blade with Walnut Wood Handle - Shock-Absorbing, Anti-Slip Grip - Ideal for Bu","1","amazon.com","Standard Orders","Amazon","JERSEY CITY","NJ","07306","MarketplaceFacilitator","0","0","0","0","0","0","0","0","0","0","0","0","0","0","0","0"
"Dec 31, 2025 8:00:45 AM PST","25294192941","Order","113-8198891-8545801","GB-CA-02-WOLF","Grumpy Bear Camping Hatchet with Wolf Carving, Full Tang Outdoor Axe with Decorative Handle, Durable Forged Blade for Hiking, Bushcraft, and Survival","1","amazon.com","Standard Orders","Amazon","HERRIMAN","UT","84096","MarketplaceFacilitator","22.99","1.71","0","0","0","0","0","0","0","0","-1.71","-3.45","-5.84","0","0","13.70"
"Dec 31, 2025 8:26:40 AM PST","25294192941","Order","113-2497825-5295420","C-axe-01","Full Tang Survival Camping Axe with Wood Ergonomic Handle and Nylon Sheath Sheath - High Carbon Stainless Steel, Multi-Tool for Outdoor, Hunting, Emer","1","amazon.com","Standard Orders","Amazon","NEW LONDON","NC","28127","MarketplaceFacilitator","10.99","0.77","0.99","0","0","0","0","0","-0.99","0","-0.77","-1.65","-6.10","0","0","3.24"
"Dec 31, 2025 8:34:11 AM PST","25294192941","Order","S01-1915947-2449250","AXE-SH-L","Grumpy Bear 15"" Survival Axe Camping Hatchet – Forged High Carbon Steel Blade with Walnut Wood Handle – Anti-Slip Grip – Ideal for Bushcraft, Wood Splitting & Outdoor Adventures Sliver","1","sim1.stores.amazon.com","Standard Orders","Amazon","GASTONIA","NC","28056","","0","0","0","0","0","0","0","0","0","0","0","0","-11.75","0","0","-11.75"
"Dec 31, 2025 9:00:52 AM PST","25294192941","Order","112-8158123-0538604","CP-A-K-U","Grumpy Bear Camping Axe & Sickle Set - Dual Outdoor Tools for Camping, Survival & Bushcraft | High Carbon Steel Camping Axe & Hatchet Combo | Black Ox","1","amazon.com","Standard Orders","Amazon","Houston","TX","77079","MarketplaceFacilitator","14.99","1.24","0","0","0","0","0","0","0","0","-1.24","-2.25","-5.84","0","0","6.90"
"Dec 31, 2025 10:31:59 AM PST","25294192941","Order","112-1339550-8249812","GB-CA-02-WOLF","Grumpy Bear Camping Hatchet with Wolf Carving, Full Tang Outdoor Axe with Decorative Handle, Durable Forged Blade for Hiking, Bushcraft, and Survival","1","amazon.com","Standard Orders","Amazon","IRVING","TX","75062","MarketplaceFacilitator","22.99","1.90","0","0","0","0","0","0","0","0","-1.90","-3.45","-5.84","0","0","13.70"
"Dec 31, 2025 11:54:02 AM PST","25294192941","Order","112-3801267-3219450","GB-CA-02-WOLF","Grumpy Bear Camping Hatchet with Wolf Carving, Full Tang Outdoor Axe with Decorative Handle, Durable Forged Blade for Hiking, Bushcraft, and Survival","1","amazon.com","Standard Orders","Amazon","MERRITT ISLAND","FL","32952","MarketplaceFacilitator","22.99","1.61","0","0","0","0","0","0","0","0","-1.61","-3.45","-5.84","0","0","13.70"
"Dec 31, 2025 1:19:00 PM PST","25294192941","Order","112-0689937-3154654","CP-A-K-U","Grumpy Bear Camping Axe & Sickle Set - Dual Outdoor Tools for Camping, Survival & Bushcraft | High Carbon Steel Camping Axe & Hatchet Combo | Black Ox","1","amazon.com","Standard Orders","Amazon","SARTELL","MN","56377","MarketplaceFacilitator","14.99","1.20","0","0","0","0","0","0","0","0","-1.20","-2.25","-5.84","0","0","6.90"
"Dec 31, 2025 2:08:35 PM PST","25294192941","Order","112-6267092-0828227","AXE-SH-S","Grumpy Bear 11"" Survival Axe Camping Hatchet - Forged High Carbon Steel Blade with Walnut Wood Handle - Shock-Absorbing, Anti-Slip Grip - Ideal for Bu","1","amazon.com","Standard Orders","Amazon","ROCK HILL","SC","29732","MarketplaceFacilitator","36.41","2.55","0","0","0","0","0","0","0","0","-2.55","-5.46","-6.24","0","0","24.71"
"Dec 31, 2025 4:06:48 PM PST","25294192941","Refund","112-7036958-2835406","CP-A-K-U","Grumpy Bear Camping Axe & Sickle Set - Dual Outdoor Tools for Camping, Survival & Bushcraft | High Carbon Steel Camping Axe & Hatchet Combo | Black Ox","2","amazon.com","Standard Orders","Amazon","DECATUR","TX","76234","MarketplaceFacilitator","-29.98","-2.02","0","0","0","0","0","0","0","0","5.05","9.00","0","0","0","-17.95"
"Dec 31, 2025 4:06:48 PM PST","25294192941","Refund","112-7036958-2835406","CP-A-K-U","Grumpy Bear Camping Axe & Sickle Set - Dual Outdoor Tools for Camping, Survival & Bushcraft | High Carbon Steel Camping Axe & Hatchet Combo | Black Ox","3","amazon.com","Standard Orders","Amazon","DECATUR","TX","76234","","-44.97","-3.03","0","0","0","0","0","0","0","0","0","0","0","0","0","-48.00"
"Dec 31, 2025 4:35:06 PM PST","25294192941","Order","113-9370489-6202666","AXE-SH-L","Grumpy Bear 15"" Survival Axe Camping Hatchet - Forged High Carbon Steel Blade with Walnut Wood Handle - Shock-Absorbing, Anti-Slip Grip - Ideal for Bu","1","amazon.com","Standard Orders","Amazon","CORRY","PA","16407","MarketplaceFacilitator","36.94","2.22","0","0","0","0","0","0","0","0","-2.22","-5.54","-6.44","0","0","24.96"
"Dec 31, 2025 5:21:29 PM PST","25294192941","Order","114-0408534-4991413","CP-A-K-U","Grumpy Bear Camping Axe & Sickle Set - Dual Outdoor Tools for Camping, Survival & Bushcraft | High Carbon Steel Camping Axe & Hatchet Combo | Black Ox","1","amazon.com","Standard Orders","Amazon","CRAWFORDSVILLE","IN","47933","MarketplaceFacilitator","14.99","1.05","0","0","0","0","0","0","0","0","-1.05","-2.25","-5.84","0","0","6.90"
"Dec 31, 2025 5:22:48 PM PST","25294192941","Order","111-3369913-8157053","CP-A-K-U","Grumpy Bear Camping Axe & Sickle Set - Dual Outdoor Tools for Camping, Survival & Bushcraft | High Carbon Steel Camping Axe & Hatchet Combo | Black Ox","1","amazon.com","Standard Orders","Amazon","LUFKIN","TX","75904","MarketplaceFacilitator","14.99","1.24","0","0","0","0","0","0","0","0","-1.24","-2.25","-5.84","0","0","6.90"
"Dec 31, 2025 6:36:20 PM PST","25294192941","Order","114-6737725-6313830","GB-CA-02-EAGLE","Grumpy Bear Camping Hatchet, Full Tang Outdoor Axe with Decorative Handle, Durable Forged Blade for Hiking, Bushcraft, and Survival (Eagle)","1","amazon.com","Standard Orders","Amazon","LAKEWOOD","CO","80215","MarketplaceFacilitator","21.99","1.65","0","0","0","0","0","0","0","0","-1.65","-3.30","-5.68","0","0","13.01"
"Dec 31, 2025 6:58:09 PM PST","25294192941","Order","114-8388323-0049042","GB-CA-02-LION","Grumpy Bear Camping Hatchet with Lion Carving, Full Tang Outdoor Axe with Decorative Handle, Durable Forged Blade for Hiking, Bushcraft, and Survival","1","amazon.com","Standard Orders","Amazon","Queen Creek","AZ","85142","MarketplaceFacilitator","17.99","1.54","0","0","0","0","0","0","0","0","-1.54","-2.70","-5.68","0","0","9.61"
"Dec 31, 2025 7:29:31 PM PST","25294192941","Order","111-1927536-6061821","CP-A-K-U","Grumpy Bear Camping Axe & Sickle Set - Dual Outdoor Tools for Camping, Survival & Bushcraft | High Carbon Steel Camping Axe & Hatchet Combo | Black Ox","1","amazon.com","Standard Orders","Amazon","HUNTINGTON","WV","25704","MarketplaceFacilitator","14.99","1.05","0","0","0","0","0","0","0","0","-1.05","-2.25","-5.84","0","0","6.90"
"Dec 31, 2025 7:37:51 PM PST","25294192941","Order","113-8075301-5305846","AXE-SH-L","Grumpy Bear 15"" Survival Axe Camping Hatchet - Forged High Carbon Steel Blade with Walnut Wood Handle - Shock-Absorbing, Anti-Slip Grip - Ideal for Bu","1","amazon.com","Standard Orders","Amazon","ORLANDO","FL","32825","MarketplaceFacilitator","37.94","2.47","0","0","0","0","0","0","0","0","-2.47","-5.69","-6.44","0","0","25.81"
"Dec 31, 2025 7:46:27 PM PST","25294192941","Refund","112-8529675-4019439","CP-A-K-U","Grumpy Bear Camping Axe & Sickle Set - Dual Outdoor Tools for Camping, Survival & Bushcraft | High Carbon Steel Camping Axe & Hatchet Combo | Black Ox","1","amazon.com","Standard Orders","Amazon","WATERFORD TOWNSHIP","MI","48329","MarketplaceFacilitator","-14.99","-0.90","0","0","0","0","0","0","0","0","0.90","1.80","0","0","0","-13.19"
"Dec 31, 2025 8:10:53 PM PST","25294192941","Order","113-4059511-8858645","AXE-SH-S","Grumpy Bear 11"" Survival Axe Camping Hatchet - Forged High Carbon Steel Blade with Walnut Wood Handle - Shock-Absorbing, Anti-Slip Grip - Ideal for Bu","1","amazon.com","Standard Orders","Amazon","LEAGUE CITY","TX","77573","MarketplaceFacilitator","36.41","3.00","0","0","0","0","0","0","0","0","-3.00","-5.46","-6.24","0","0","24.71"
"Dec 31, 2025 8:36:47 PM PST","25294192941","Order","113-1366207-4802617","GB-CA-02-EAGLE","Grumpy Bear Camping Hatchet, Full Tang Outdoor Axe with Decorative Handle, Durable Forged Blade for Hiking, Bushcraft, and Survival (Eagle)","1","amazon.com","Standard Orders","Amazon","FREDERICK","MD","21702","MarketplaceFacilitator","19.99","1.20","0","0","0","0","0","0","0","0","-1.20","-3.00","-5.68","0","0","11.31"
"Dec 31, 2025 8:36:53 PM PST","25294192941","Order","113-5487341-0065063","CP-A-K-U","Grumpy Bear Camping Axe & Sickle Set - Dual Outdoor Tools for Camping, Survival & Bushcraft | High Carbon Steel Camping Axe & Hatchet Combo | Black Ox","1","amazon.com","Standard Orders","Amazon","SAPULPA","OK","74066","MarketplaceFacilitator","14.99","1.45","0","0","0","0","0","0","0","0","-1.45","-2.25","-5.84","0","0","6.90"
"Dec 31, 2025 9:59:36 PM PST","25294192941","Order","112-0055728-4053036","GB-CA-02-LION","Grumpy Bear Camping Hatchet with Lion Carving, Full Tang Outdoor Axe with Decorative Handle, Durable Forged Blade for Hiking, Bushcraft, and Survival","1","amazon.com","Standard Orders","Amazon","WAYNE","MI","48184","MarketplaceFacilitator","22.99","1.38","0","0","0","0","0","0","0","0","-1.38","-3.45","-5.68","0","0","13.86"
"Dec 31, 2025 10:26:20 PM PST","25294192941","Order","113-5492228-3933065","CP-A-K-U","Grumpy Bear Camping Axe & Sickle Set - Dual Outdoor Tools for Camping, Survival & Bushcraft | High Carbon Steel Camping Axe & Hatchet Combo | Black Ox","1","amazon.com","Standard Orders","Amazon","THOMASVILLE","NC","27360","MarketplaceFacilitator","14.99","1.05","0","0","0","0","0","0","0","0","-1.05","-2.25","-5.84","0","0","6.90"
"Dec 31, 2025 10:29:40 PM PST","25294192941","Order","113-3672910-8460213","AXE-GBWS-L","Grumpy Bear 15"" Survival Axe Camping Hatchet - Forged High Carbon Steel Blade with Walnut Wood Handle - Shock-Absorbing, Anti-Slip Grip - Ideal for Bu","1","amazon.com","Standard Orders","Amazon","LOWDEN","IA","52255","MarketplaceFacilitator","35.41","2.48","0","0","0","0","0","0","0","0","-2.48","-5.31","-6.44","0","0","23.66"
"Dec 31, 2025 10:41:51 PM PST","25294192941","Order","114-8923455-2765049","Axe-F-R-S","Grumpy Bear 11"" Survival Axe Camping Hatchet - Forged High Carbon Steel Blade with Walnut Wood Handle - Shock-Absorbing, Anti-Slip Grip - Ideal for Bu","1","amazon.com","Standard Orders","Amazon","SHELBY TOWNSHIP","MI","48316","MarketplaceFacilitator","36.41","1.97","0","0","0","0","0","0","-3.64","0","-1.97","-4.92","-6.24","0","0","21.61"
"Dec 31, 2025 10:47:43 PM PST","25294192941","Order","112-3938388-6640220","AXE-SH-L","Grumpy Bear 15"" Survival Axe Camping Hatchet - Forged High Carbon Steel Blade with Walnut Wood Handle - Shock-Absorbing, Anti-Slip Grip - Ideal for Bu","1","amazon.com","Standard Orders","Amazon","BUFFALO","NY","14216","MarketplaceFacilitator","37.94","3.32","0","0","0","0","0","0","0","0","-3.32","-5.69","-6.44","0","0","25.81"
"Dec 31, 2025 11:20:38 PM PST","25294192941","Order","113-6719748-2290628","GB-CA-02-WOLF","Grumpy Bear Camping Hatchet with Wolf Carving, Full Tang Outdoor Axe with Decorative Handle, Durable Forged Blade for Hiking, Bushcraft, and Survival","1","amazon.com","Standard Orders","Amazon","WILLOWS","CA","95988","MarketplaceFacilitator","22.99","1.67","0","0","0","0","0","0","0","0","-1.67","-3.45","-5.84","0","0","13.70"
"Dec 31, 2025 11:26:21 PM PST","25294192941","Order","113-3157051-0516246","GB-CA-02-EAGLE","Grumpy Bear Camping Hatchet, Full Tang Outdoor Axe with Decorative Handle, Durable Forged Blade for Hiking, Bushcraft, and Survival (Eagle)","1","amazon.com","Standard Orders","Amazon","WILSON","NC","27896","MarketplaceFacilitator","19.99","1.35","0","0","0","0","0","0","0","0","-1.35","-3.00","-5.68","0","0","11.31"
"Dec 31, 2025 11:59:38 PM PST","25294192941","Order","112-3441337-9170639","GB-CA-02-WOLF","Grumpy Bear Camping Hatchet with Wolf Carving, Full Tang Outdoor Axe with Decorative Handle, Durable Forged Blade for Hiking, Bushcraft, and Survival","1","amazon.com","Standard Orders","Amazon","HUNTINGTON PARK","CA","90255","MarketplaceFacilitator","22.99","2.41","0","0","0","0","0","0","0","0","-2.41","-3.45","-5.84","0","0","13.70"
