"Includes Amazon Marketplace, Fulfillment by Amazon (FBA), and Amazon Webstore transactions"
"All amounts in USD, unless specified"
"Definitions:"
"Sales tax collected: Includes sales tax collected from buyers for product sales, shipping, and gift wrap."
"Selling fees: Includes variable closing fees and referral fees."
"Other transaction fees: Includes shipping chargebacks, shipping holdbacks, per-item fees  and sales tax collection fees."
"Other: Includes non-order transaction amounts. For more details, see the ""Type"" and ""Description"" columns for each order ID."
"date/time","settlement id","type","order id","sku","description","quantity","marketplace","account type","fulfillment","order city","order state","order postal","tax collection model","product sales","product sales tax","shipping credits","shipping credits tax","gift wrap credits","giftwrap credits tax","Regulatory Fee","Tax On Regulatory Fee","promotional rebates","promotional rebates tax","marketplace withheld tax","selling fees","fba fees","other transaction fees","other","total"
"Nov 1, 2025 2:02:12 AM PDT","24769914181","Order","113-0891669-3225852","Axe-F-R-L","Grumpy Bear 15"" Survival Axe - Forged High Carbon Steel Hatchet with Spike Tail for Breaking Doors, Glass & Ice, Leather Handle & Lanyard, Ideal for B","1","amazon.com","Standard Orders","Amazon","MIDLAND","TX","79707","MarketplaceFacilitator","37.04","3.06","0","0","0","0","0","0","0","0","-3.06","-5.56","-6.44","0","0","25.04"
"Nov 1, 2025 3:15:25 AM PDT","24769914181","Amazon Fees","50787782-868c-43c3-808f-28f6ed8b2141","","Coupon Participation Fee","","Amazon.com","Standard Orders","","","","","","0","0","0","0","0","0","0","0","0","0","0","-5.00","0","0","0","-5.00"
"Nov 1, 2025 4:19:27 AM PDT","24769914181","Order","112-8773279-0558636","Axe-F-R-S","Grumpy Bear Camping Axe 11 Inches with High Carbon Steel, Forged Blade, Leather-Wrapped Handle, Safety Lanyard - for Chopping, Wood Splitting, Hiking,","1","amazon.com","Standard Orders","Amazon","SUTTON","MA","01590","MarketplaceFacilitator","44.99","2.81","0","0","0","0","0","0","0","0","-5.62","-13.50","-6.24","0","0","22.44"
"Nov 1, 2025 4:19:27 AM PDT","24769914181","Order","112-8773279-0558636","Axe-F-R-S","Grumpy Bear Camping Axe 11 Inches with High Carbon Steel, Forged Blade, Leather-Wrapped Handle, Safety Lanyard - for Chopping, Wood Splitting, Hiking,","1","amazon.com","Standard Orders","Amazon","SUTTON","MA","01590","","44.99","2.81","0","0","0","0","0","0","0","0","0","0","-6.24","0","0","41.56"
"Nov 1, 2025 4:37:23 AM PDT","24769914181","Order","111-2168557-5782651","GB-CA-02-LION","Grumpy Bear Camping Hatchet with Lion Carving, Full Tang Outdoor Axe with Decorative Handle, Durable Forged Blade for Hiking, Bushcraft, and Survival","1","amazon.com","Standard Orders","Amazon","NEWBERG","OR","97132","","29.99","0","0","0","0","0","0","0","0","0","0","-4.50","0","0","0","25.49"
"Nov 1, 2025 4:49:00 AM PDT","24769914181","Refund","112-8773279-0558636","Axe-F-R-S","Grumpy Bear Camping Axe 11 Inches with High Carbon Steel, Forged Blade, Leather-Wrapped Handle, Safety Lanyard - for Chopping, Wood Splitting, Hiking,","1","amazon.com","Standard Orders","Amazon","SUTTON","MA","01590","MarketplaceFacilitator","-44.99","-2.81","0","0","0","0","0","0","0","0","5.62","10.80","0","0","0","-31.38"
"Nov 1, 2025 4:49:00 AM PDT","24769914181","Refund","112-8773279-0558636","Axe-F-R-S","Grumpy Bear Camping Axe 11 Inches with High Carbon Steel, Forged Blade, Leather-Wrapped Handle, Safety Lanyard - for Chopping, Wood Splitting, Hiking,","1","amazon.com","Standard Orders","Amazon","SUTTON","MA","01590","","-44.99","-2.81","0","0","0","0","0","0","0","0","0","0","0","0","0","-47.80"
"Nov 1, 2025 6:45:48 AM PDT","24769914181","Refund","113-0891669-3225852","Axe-F-R-L","Grumpy Bear 15"" Survival Axe - Forged High Carbon Steel Hatchet with Spike Tail for Breaking Doors, Glass & Ice, Leather Handle & Lanyard, Ideal for B","1","amazon.com","Standard Orders","Amazon","MIDLAND","TX","79707","MarketplaceFacilitator","-37.04","-3.06","0","0","0","0","0","0","0","0","3.06","4.45","0","0","0","-32.59"
"Nov 1, 2025 8:03:40 AM PDT","24769914181","Order","113-2633655-9204216","Axe-F-R-L","Grumpy Bear 15"" Survival Axe - Forged High Carbon Steel Hatchet with Spike Tail for Breaking Doors, Glass & Ice, Leather Handle & Lanyard, Ideal for B","1","amazon.com","Standard Orders","Amazon","CLARKSVILLE","IN","47129","MarketplaceFacilitator","36.65","2.31","0","0","0","0","0","0","-3.67","0","-2.31","-4.95","-6.44","0","0","21.59"
"Nov 1, 2025 9:02:48 AM PDT","24769914181","Order","114-4864368-8941046","AXE-GBWS-L","Grumpy Bear Camping Axe 15 Inches with High Carbon Steel, Forged Blade, Natural Wood Handle, Safety Lanyard - for Chopping, Wood Splitting, Hiking, an","1","amazon.com","Standard Orders","Amazon","Sarasota","FL","34232","MarketplaceFacilitator","39.99","0","0","0","0","0","0","0","-39.99","0","0","-0.30","-6.44","0","0","-6.74"
"Nov 1, 2025 9:57:44 AM PDT","24769914181","Order","S01-4266928-8658066","Axe-F-R-L","Grumpy Bear 15"" Survival Axe Camping Hatchet – Forged High Carbon Steel Hatchet with Spike Tail for Breaking Doors, Glass & Ice, Leather Handle & Lanyard, Ideal for Bushcraft & Outdoor Adventures","1","sim1.stores.amazon.com","Standard Orders","Amazon","LAS VEGAS","NV","89149","","0","0","0","0","0","0","0","0","0","0","0","0","-11.75","0","0","-11.75"
"Nov 1, 2025 12:19:49 PM PDT","24769914181","Order","S01-3836728-2264406","AXE-SH-L","Grumpy Bear 15"" Survival Axe Camping Hatchet – Forged High Carbon Steel Hatchet with Spike Tail for Breaking Doors, Glass & Ice, Leather Handle & Lanyard, Ideal for Bushcraft & Outdoor Adventures","1","sim1.stores.amazon.com","Standard Orders","Amazon","SHELLEY","ID","83274","","0","0","0","0","0","0","0","0","0","0","0","0","-11.75","0","0","-11.75"
"Nov 2, 2025 5:53:54 AM PST","24769914181","Service Fee","","","Cost of Advertising","","","Standard Orders","","","","","","0","0","0","0","0","0","0","0","0","0","0","0","0","-476.75","0","-476.75"
"Nov 2, 2025 6:33:32 AM PST","24769914181","Order","S01-2139962-6162066","Axe-F-R-L","Grumpy Bear 15"" Survival Axe Camping Hatchet – Forged High Carbon Steel Hatchet with Spike Tail for Breaking Doors, Glass & Ice, Leather Handle & Lanyard, Ideal for Bushcraft & Outdoor Adventures","1","sim1.stores.amazon.com","Standard Orders","Amazon","ROSCOMMON","MI","48653","","0","0","0","0","0","0","0","0","0","0","0","0","-11.75","0","0","-11.75"
"Nov 2, 2025 7:07:19 AM PST","24769914181","Order","S01-9111956-1626868","Axe-F-R-L","Grumpy Bear 15"" Survival Axe Camping Hatchet – Forged High Carbon Steel Hatchet with Spike Tail for Breaking Doors, Glass & Ice, Leather Handle & Lanyard, Ideal for Bushcraft & Outdoor Adventures","1","sim1.stores.amazon.com","Standard Orders","Amazon","WEIRTON","WV","26062","","0","0","0","0","0","0","0","0","0","0","0","0","-11.75","0","0","-11.75"
"Nov 2, 2025 1:43:38 PM PST","24769914181","Adjustment","","GB-CA-02-WOLF","FBA Inventory Reimbursement - Lost:Warehouse","1","","Standard Orders","","","","","","0","0","0","0","0","0","0","0","0","0","0","0","0","0","8.74","8.74"
"Nov 2, 2025 10:17:17 PM PST","24769914181","Order","S01-5510653-8533204","Axe-F-R-L","Grumpy Bear 15"" Survival Axe Camping Hatchet – Forged High Carbon Steel Hatchet with Spike Tail for Breaking Doors, Glass & Ice, Leather Handle & Lanyard, Ideal for Bushcraft & Outdoor Adventures","1","sim1.stores.amazon.com","Standard Orders","Amazon","FRESNO","CA","93727","","0","0","0","0","0","0","0","0","0","0","0","0","-11.75","0","0","-11.75"
"Nov 2, 2025 11:30:39 PM PST","24769914181","Order","113-8953562-7251416","AXE-WS-S","Grumpy Bear 11"" Survival Axe Camping Hatchet - Forged High Carbon Steel Hatchet with Spike Tail for Breaking Doors, Glass & Ice, Leather Handle & Lany","1","amazon.com","Standard Orders","Amazon","SEATTLE","WA","98119","MarketplaceFacilitator","34.82","3.60","0","0","0","0","0","0","0","0","-3.60","-5.22","-6.24","0","0","23.36"
"Nov 3, 2025 12:45:20 AM PST","24878374791","Debt","","","amzn1.cam.v1.sgid.24769914181","","","Standard Orders","","","","","","0","0","0","0","0","0","0","0","0","0","0","0","0","0","1,299.16","1,299.16"
"Nov 3, 2025 1:48:17 AM PST","24878374791","Order","S01-8522844-2388450","Axe-F-R-L","Grumpy Bear 15"" Survival Axe Camping Hatchet – Forged High Carbon Steel Hatchet with Spike Tail for Breaking Doors, Glass & Ice, Leather Handle & Lanyard, Ideal for Bushcraft & Outdoor Adventures","1","sim1.stores.amazon.com","Standard Orders","Amazon","CITY OF INDUSTRY","CA","91748","","0","0","0","0","0","0","0","0","0","0","0","0","-11.75","0","0","-11.75"
"Nov 3, 2025 2:17:31 AM PST","24878374791","Order","112-5307267-5097858","Axe-F-R-L","Grumpy Bear 15"" Survival Axe - Forged High Carbon Steel Hatchet with Spike Tail for Breaking Doors, Glass & Ice, Leather Handle & Lanyard, Ideal for B","1","amazon.com","Standard Orders","Amazon","MERCED","CA","95340","MarketplaceFacilitator","36.65","3.02","0","0","0","0","0","0","0","0","-3.02","-5.50","-6.44","0","0","24.71"
"Nov 3, 2025 7:17:55 AM PST","24878374791","Order","112-7277152-7092204","Axe-F-R-S","Grumpy Bear 11"" Survival Axe Camping Hatchet - Forged High Carbon Steel Hatchet with Spike Tail for Breaking Doors, Glass & Ice, Leather Handle & Lany","1","amazon.com","Standard Orders","Amazon","VALLEY VILLAGE","CA","91607","MarketplaceFacilitator","37.34","3.28","2.99","0","0","0","0","0","-6.72","0","-3.28","-5.04","-6.24","0","0","22.33"
"Nov 3, 2025 9:57:16 AM PST","24878374791","Order","S01-9026490-8670816","AXE-WS-L","Grumpy Bear 15"" Survival Axe Camping Hatchet – Forged High Carbon Steel Hatchet with Spike Tail for Breaking Doors, Glass & Ice, Leather Handle & Lanyard, Ideal for Bushcraft & Outdoor Adventures","1","sim1.stores.amazon.com","Standard Orders","Amazon","HOT SPRINGS VILLAGE","AR","71909","","0","0","0","0","0","0","0","0","0","0","0","0","-11.75","0","0","-11.75"
"Nov 3, 2025 11:11:20 AM PST","24878374791","Order","S01-3479865-1814838","AXE-SH-L","Grumpy Bear 15"" Survival Axe Camping Hatchet – Forged High Carbon Steel Hatchet with Spike Tail for Breaking Doors, Glass & Ice, Leather Handle & Lanyard, Ideal for Bushcraft & Outdoor Adventures","1","sim1.stores.amazon.com","Standard Orders","Amazon","MONTEREY","CA","93940","","0","0","0","0","0","0","0","0","0","0","0","0","-11.75","0","0","-11.75"
"Nov 3, 2025 2:38:36 PM PST","24878374791","Order","S01-7715867-7558008","AXE-SH-L","Grumpy Bear 15"" Survival Axe Camping Hatchet – Forged High Carbon Steel Hatchet with Spike Tail for Breaking Doors, Glass & Ice, Leather Handle & Lanyard, Ideal for Bushcraft & Outdoor Adventures","1","sim1.stores.amazon.com","Standard Orders","Amazon","JAY","OK","74346","","0","0","0","0","0","0","0","0","0","0","0","0","-11.75","0","0","-11.75"
"Nov 3, 2025 2:48:08 PM PST","24878374791","Order","S01-6172123-4010003","AXE-WS-L","Grumpy Bear 15"" Survival Axe Camping Hatchet – Forged High Carbon Steel Hatchet with Spike Tail for Breaking Doors, Glass & Ice, Leather Handle & Lanyard, Ideal for Bushcraft & Outdoor Adventures","1","sim1.stores.amazon.com","Standard Orders","Amazon","MINEVILLE","NY","12956","","0","0","0","0","0","0","0","0","0","0","0","0","-11.75","0","0","-11.75"
"Nov 3, 2025 6:13:30 PM PST","24878374791","Service Fee","FBA1903X21SF","","FBA Inbound Placement Service Fee","","Amazon.com","Standard Orders","","","","","","0","0","0","0","0","0","0","0","0","0","0","0","0","0","0","0"
"Nov 4, 2025 12:34:32 AM PST","24878374791","Order","112-8766369-5034601","AXE-GBWS-S","Grumpy Bear 11"" Survival Axe Camping Hatchet - Forged High Carbon Steel Hatchet with Spike Tail for Breaking Doors, Glass & Ice, Leather Handle & Lany","1","amazon.com","Standard Orders","Amazon","SANTA BARBARA","CA","93103","MarketplaceFacilitator","35.68","2.97","0","0","0","0","0","0","-3.57","0","-2.97","-4.82","-6.10","0","0","21.19"
"Nov 4, 2025 2:41:13 AM PST","24878374791","Order","114-6974353-6693024","Axe-F-R-L","Grumpy Bear 15"" Survival Axe Camping Hatchet - Forged High Carbon Steel Hatchet with Spike Tail for Breaking Doors, Glass & Ice, Leather Handle & Lany","1","amazon.com","Standard Orders","Amazon","MONUMENT","CO","80132","MarketplaceFacilitator","34.77","2.65","1.50","0","0","0","0","0","-1.50","0","-2.65","-5.22","-6.44","0","0","23.11"
"Nov 4, 2025 3:51:00 AM PST","24878374791","Order","112-9221039-4335412","AXE-SH-L","Grumpy Bear 15"" Survival Axe Camping Hatchet - Forged High Carbon Steel Hatchet with Spike Tail for Breaking Doors, Glass & Ice, Leather Handle & Lany","1","amazon.com","Standard Orders","Amazon","RICHMOND","TX","77406","MarketplaceFacilitator","46.99","3.49","1.00","0","0","0","0","0","-5.70","0","-3.49","-6.34","-6.44","0","0","29.51"
"Nov 4, 2025 6:44:10 AM PST","24878374791","Order","112-0340187-2197001","Axe-F-R-L","Grumpy Bear 15"" Survival Axe - Forged High Carbon Steel Hatchet with Spike Tail for Breaking Doors, Glass & Ice, Leather Handle & Lanyard, Ideal for B","1","amazon.com","Standard Orders","Amazon","MIAMI GARDENS","FL","33056","MarketplaceFacilitator","37.04","2.59","0","0","0","0","0","0","0","0","-2.59","-5.56","-6.44","0","0","25.04"
"Nov 4, 2025 11:05:08 AM PST","24878374791","Order","S01-7550112-6311635","AXE-WS-L","Grumpy Bear 15"" Survival Axe Camping Hatchet – Forged High Carbon Steel Hatchet with Spike Tail for Breaking Doors, Glass & Ice, Leather Handle & Lanyard, Ideal for Bushcraft & Outdoor Adventures","1","sim1.stores.amazon.com","Standard Orders","Amazon","NORTH BEND","OH","45052","","0","0","0","0","0","0","0","0","0","0","0","0","-11.75","0","0","-11.75"
"Nov 4, 2025 3:36:28 PM PST","24878374791","Order","S01-2922627-4875655","Axe-F-R-L","Grumpy Bear 15"" Survival Axe Camping Hatchet – Forged High Carbon Steel Hatchet with Spike Tail for Breaking Doors, Glass & Ice, Leather Handle & Lanyard, Ideal for Bushcraft & Outdoor Adventures","1","sim1.stores.amazon.com","Standard Orders","Amazon","TOPEKA","KS","66608","","0","0","0","0","0","0","0","0","0","0","0","0","-11.75","0","0","-11.75"
"Nov 4, 2025 5:23:43 PM PST","24878374791","Order","111-2864176-7360244","C-axe-02","Full Tang Survival Camping Axe with Wood Ergonomic Handle and Nylon Sheath Sheath - High Carbon Stainless Steel, Multi-Tool for Outdoor, Hunting, Emer","1","amazon.com","Standard Orders","Amazon","SOUTH DAYTONA","FL","32119","MarketplaceFacilitator","29.99","1.75","0","0","0","0","0","0","-3.00","0","-1.75","-4.05","-6.44","0","0","16.50"
"Nov 5, 2025 1:35:03 AM PST","24878374791","Order","S01-0715694-8095666","Axe-F-R-L","Grumpy Bear 15"" Survival Axe Camping Hatchet – Forged High Carbon Steel Hatchet with Spike Tail for Breaking Doors, Glass & Ice, Leather Handle & Lanyard, Ideal for Bushcraft & Outdoor Adventures","1","sim1.stores.amazon.com","Standard Orders","Amazon","HILTON","NY","14468","","0","0","0","0","0","0","0","0","0","0","0","0","-11.75","0","0","-11.75"
"Nov 5, 2025 2:47:02 AM PST","24878374791","Order","114-4112850-5365830","GB-CA-02-EAGLE","Grumpy Bear Camping Hatchet, Full Tang Outdoor Axe with Decorative Handle, Durable Forged Blade for Hiking, Bushcraft, and Survival (Eagle)","1","amazon.com","Standard Orders","Amazon","WATKINSVILLE","GA","30677","MarketplaceFacilitator","29.99","2.40","0","0","0","0","0","0","0","0","-2.40","-4.50","0","0","0","25.49"
"Nov 5, 2025 12:41:57 PM PST","24878374791","Order","113-8860379-8916229","Axe-F-R-L","Grumpy Bear 15"" Survival Axe Camping Hatchet - Forged High Carbon Steel Hatchet with Spike Tail for Breaking Doors, Glass & Ice, Leather Handle & Lany","1","amazon.com","Standard Orders","Amazon","TUCSON","AZ","85706","MarketplaceFacilitator","34.77","2.12","0","0","0","0","0","0","0","0","-2.12","-5.22","-6.44","0","0","23.11"
"Nov 5, 2025 4:46:48 PM PST","24878374791","Amazon Fees","","","Vine Enrollment Fee","","Amazon.com","Standard Orders","","","","","","0","0","0","0","0","0","0","0","0","0","0","-75.00","0","0","0","-75.00"
"Nov 5, 2025 4:47:11 PM PST","24878374791","Amazon Fees","","","Vine Enrollment Fee","","Amazon.com","Standard Orders","","","","","","0","0","0","0","0","0","0","0","0","0","0","-56.25","0","0","0","-56.25"
"Nov 6, 2025 8:14:02 AM PST","24878374791","Service Fee","FBA19092P94J","","FBA Inbound Placement Service Fee","","Amazon.com","Standard Orders","","","","","","0","0","0","0","0","0","0","0","0","0","0","0","0","0","0","0"
"Nov 6, 2025 8:55:25 AM PST","24878374791","Order","S01-0672187-8534867","AXE-WS-L","Grumpy Bear 15"" Survival Axe Camping Hatchet – Forged High Carbon Steel Hatchet with Spike Tail for Breaking Doors, Glass & Ice, Leather Handle & Lanyard, Ideal for Bushcraft & Outdoor Adventures","1","sim1.stores.amazon.com","Standard Orders","Amazon","BIGFOOT","TX","78005","","0","0","0","0","0","0","0","0","0","0","0","0","-11.75","0","0","-11.75"
"Nov 6, 2025 9:38:03 AM PST","24878374791","Order","114-2486745-8228239","GB-CA-02-WOLF","Grumpy Bear Camping Hatchet with Wolf Carving, Full Tang Outdoor Axe with Decorative Handle, Durable Forged Blade for Hiking, Bushcraft, and Survival","1","amazon.com","Standard Orders","Amazon","KEMPNER","TX","76539","MarketplaceFacilitator","29.99","2.02","1.90","0","0","0","0","0","-1.90","0","-2.02","-4.50","0","0","0","25.49"
"Nov 6, 2025 9:38:03 AM PST","24878374791","Order","114-2486745-8228239","GB-CA-02-TIGER","Grumpy Bear Camping Hatchet with Tiger Carving, Full Tang Outdoor Axe with Decorative Handle, Durable Forged Blade for Hiking, Bushcraft, and Survival","1","amazon.com","Standard Orders","Amazon","KEMPNER","TX","76539","MarketplaceFacilitator","29.99","2.02","1.72","0","0","0","0","0","-1.72","0","-2.02","-4.50","0","0","0","25.49"
"Nov 6, 2025 9:38:03 AM PST","24878374791","Order","114-2486745-8228239","GB-CA-02-EAGLE","Grumpy Bear Camping Hatchet, Full Tang Outdoor Axe with Decorative Handle, Durable Forged Blade for Hiking, Bushcraft, and Survival (Eagle)","1","amazon.com","Standard Orders","Amazon","KEMPNER","TX","76539","MarketplaceFacilitator","29.99","2.02","1.70","0","0","0","0","0","-1.70","0","-2.02","-4.50","0","0","0","25.49"
"Nov 6, 2025 9:38:03 AM PST","24878374791","Order","114-2486745-8228239","GB-CA-02-LION","Grumpy Bear Camping Hatchet with Lion Carving, Full Tang Outdoor Axe with Decorative Handle, Durable Forged Blade for Hiking, Bushcraft, and Survival","1","amazon.com","Standard Orders","Amazon","KEMPNER","TX","76539","MarketplaceFacilitator","29.99","2.02","1.67","0","0","0","0","0","-1.67","0","-2.02","-4.50","0","0","0","25.49"
"Nov 6, 2025 10:12:59 AM PST","24878374791","Order","S01-8261339-7158866","AXE-WS-L","Grumpy Bear 15"" Survival Axe Camping Hatchet – Forged High Carbon Steel Hatchet with Spike Tail for Breaking Doors, Glass & Ice, Leather Handle & Lanyard, Ideal for Bushcraft & Outdoor Adventures","1","sim1.stores.amazon.com","Standard Orders","Amazon","NEW IBERIA","LA","70560","","0","0","0","0","0","0","0","0","0","0","0","0","-11.75","0","0","-11.75"
"Nov 6, 2025 10:13:47 AM PST","24878374791","Order","112-0998439-3184223","AXE-WS-L","Grumpy Bear 15"" Survival Axe Camping Hatchet - Forged High Carbon Steel Hatchet with Spike Tail for Breaking Doors, Glass & Ice, Leather Handle & Lany","1","amazon.com","Standard Orders","Amazon","IONE","OR","97843","","0","0","0","0","0","0","0","0","0","0","0","0","0","0","0","0"
"Nov 6, 2025 11:41:07 AM PST","24878374791","Order","S01-1980049-8404443","AXE-SH-L","Grumpy Bear 15"" Survival Axe Camping Hatchet – Forged High Carbon Steel Hatchet with Spike Tail for Breaking Doors, Glass & Ice, Leather Handle & Lanyard, Ideal for Bushcraft & Outdoor Adventures","1","sim1.stores.amazon.com","Standard Orders","Amazon","MOUNT STORM","WV","26739","","0","0","0","0","0","0","0","0","0","0","0","0","-11.75","0","0","-11.75"
"Nov 6, 2025 4:35:26 PM PST","24878374791","Order","113-5144884-3634641","Axe-F-R-L","Grumpy Bear 15"" Survival Axe Camping Hatchet - Forged High Carbon Steel Hatchet with Spike Tail for Breaking Doors, Glass & Ice, Leather Handle & Lany","1","amazon.com","Standard Orders","Amazon","MIDDLETOWN","NY","10940","MarketplaceFacilitator","34.77","2.83","0","0","0","0","0","0","0","0","-2.83","-5.22","-6.44","0","0","23.11"
"Nov 6, 2025 7:12:45 PM PST","24878374791","Order","S01-4343553-4698818","AXE-WS-L","Grumpy Bear 15"" Survival Axe Camping Hatchet – Forged High Carbon Steel Hatchet with Spike Tail for Breaking Doors, Glass & Ice, Leather Handle & Lanyard, Ideal for Bushcraft & Outdoor Adventures","1","sim1.stores.amazon.com","Standard Orders","Amazon","SAN JOSE","CA","95123","","0","0","0","0","0","0","0","0","0","0","0","0","-11.75","0","0","-11.75"
"Nov 7, 2025 1:02:53 AM PST","24878374791","Order","111-3296510-3459451","AXE-GBWS-L","Grumpy Bear 15"" Survival Axe Camping Hatchet - Forged High Carbon Steel Hatchet with Spike Tail for Breaking Doors, Glass & Ice, Leather Handle & Lany","1","amazon.com","Standard Orders","Amazon","BAKERSFIELD","CA","93308","MarketplaceFacilitator","37.34","3.08","0","0","0","0","0","0","0","0","-3.08","-5.60","-6.44","0","0","25.30"
"Nov 7, 2025 1:59:40 AM PST","24878374791","Order","113-9970631-3753814","Axe-F-R-L","Grumpy Bear 15"" Survival Axe Camping Hatchet - Forged High Carbon Steel Hatchet with Spike Tail for Breaking Doors, Glass & Ice, Leather Handle & Lany","1","amazon.com","Standard Orders","Amazon","AURORA","IL","60504","MarketplaceFacilitator","34.77","2.58","2.99","0","0","0","0","0","-6.47","0","-2.58","-4.69","-6.44","0","0","20.16"
"Nov 7, 2025 2:56:59 AM PST","24878374791","Order","S01-1929684-0885240","Axe-F-R-L","Grumpy Bear 15"" Survival Axe Camping Hatchet – Forged High Carbon Steel Hatchet with Spike Tail for Breaking Doors, Glass & Ice, Leather Handle & Lanyard, Ideal for Bushcraft & Outdoor Adventures","1","sim1.stores.amazon.com","Standard Orders","Amazon","BUXTON","ME","04093","","0","0","0","0","0","0","0","0","0","0","0","0","-11.75","0","0","-11.75"
"Nov 7, 2025 8:03:27 AM PST","24878374791","Order","S01-4970130-8391632","AXE-WS-L","Grumpy Bear 15"" Survival Axe Camping Hatchet – Forged High Carbon Steel Hatchet with Spike Tail for Breaking Doors, Glass & Ice, Leather Handle & Lanyard, Ideal for Bushcraft & Outdoor Adventures","1","sim1.stores.amazon.com","Standard Orders","Amazon","MOSCOW MILLS","MO","63362","","0","0","0","0","0","0","0","0","0","0","0","0","-11.75","0","0","-11.75"
"Nov 7, 2025 10:30:50 AM PST","24878374791","Adjustment","114-0681034-0980226","H-T-01","FBA Inventory Reimbursement - Customer Return","1","","Standard Orders","","","","","","0","0","0","0","0","0","0","0","0","0","0","0","0","0","13.67","13.67"
"Nov 7, 2025 11:25:42 AM PST","24878374791","FBA Inventory Fee","","","FBA storage fee","","Amazon.com","Standard Orders","","","","","","0","0","0","0","0","0","0","0","0","0","0","0","0","0","-1,162.55","-1,162.55"
"Nov 7, 2025 11:58:40 AM PST","24878374791","Order","S01-1029809-6850846","Axe-F-R-S","Grumpy Bear 11"" Survival Axe Camping Hatchet – Forged High Carbon Steel Hatchet with Spike Tail for Breaking Doors, Glass & Ice, Leather Handle & Lanyard, Ideal for Bushcraft & Outdoor Adventures","1","sim1.stores.amazon.com","Standard Orders","Amazon","CABOT","AR","72023","","0","0","0","0","0","0","0","0","0","0","0","0","-8.26","0","0","-8.26"
"Nov 7, 2025 11:58:40 AM PST","24878374791","Order","S01-1029809-6850846","Axe-F-R-S","Grumpy Bear 11"" Survival Axe Camping Hatchet – Forged High Carbon Steel Hatchet with Spike Tail for Breaking Doors, Glass & Ice, Leather Handle & Lanyard, Ideal for Bushcraft & Outdoor Adventures","1","sim1.stores.amazon.com","Standard Orders","Amazon","CABOT","AR","72023","","0","0","0","0","0","0","0","0","0","0","0","0","-8.26","0","0","-8.26"
"Nov 7, 2025 12:46:31 PM PST","24878374791","Order","S01-3887652-7537242","AXE-SH-L","Grumpy Bear 15"" Survival Axe Camping Hatchet – Forged High Carbon Steel Hatchet with Spike Tail for Breaking Doors, Glass & Ice, Leather Handle & Lanyard, Ideal for Bushcraft & Outdoor Adventures","1","sim1.stores.amazon.com","Standard Orders","Amazon","BUFFALO","NY","14207","","0","0","0","0","0","0","0","0","0","0","0","0","-11.75","0","0","-11.75"
"Nov 7, 2025 2:06:33 PM PST","24878374791","Order","111-8191060-4434664","GB-CA-02-LION","Grumpy Bear Camping Hatchet with Lion Carving, Full Tang Outdoor Axe with Decorative Handle, Durable Forged Blade for Hiking, Bushcraft, and Survival","1","amazon.com","Standard Orders","Amazon","SPOKANE","WA","99208","MarketplaceFacilitator","29.99","2.73","0","0","0","0","0","0","0","0","-2.73","-4.50","0","0","0","25.49"
"Nov 7, 2025 2:27:13 PM PST","24878374791","Order","111-4825178-7360220","C-axe-02","Full Tang Survival Camping Axe with Wood Ergonomic Handle and Nylon Sheath Sheath - High Carbon Stainless Steel, Multi-Tool for Outdoor, Hunting, Emer","1","amazon.com","Standard Orders","Amazon","Baton Rouge","Louisiana","70816","MarketplaceFacilitator","22.99","2.41","0","0","0","0","0","0","0","0","-2.41","-3.45","-6.44","0","0","13.10"
"Nov 7, 2025 5:13:47 PM PST","24878374791","Service Fee","FBA1903VC16G","","FBA Inbound Placement Service Fee","","Amazon.com","Standard Orders","","","","","","0","0","0","0","0","0","0","0","0","0","0","0","0","0","0","0"
"Nov 7, 2025 6:13:59 PM PST","24878374791","Service Fee","FBA1903XPPN8","","FBA Inbound Placement Service Fee","","Amazon.com","Standard Orders","","","","","","0","0","0","0","0","0","0","0","0","0","0","0","0","0","0","0"
"Nov 7, 2025 8:39:23 PM PST","24878374791","Order","S01-1688704-2183669","AXE-SH-L","Grumpy Bear 15"" Survival Axe Camping Hatchet – Forged High Carbon Steel Hatchet with Spike Tail for Breaking Doors, Glass & Ice, Leather Handle & Lanyard, Ideal for Bushcraft & Outdoor Adventures","1","sim1.stores.amazon.com","Standard Orders","Amazon","INDIAN TRAIL","NC","28079","","0","0","0","0","0","0","0","0","0","0","0","0","-11.75","0","0","-11.75"
"Nov 7, 2025 11:46:03 PM PST","24878374791","Order","114-2397460-4383413","Axe-F-R-L","Grumpy Bear 15"" Survival Axe Camping Hatchet - Forged High Carbon Steel Hatchet with Spike Tail for Breaking Doors, Glass & Ice, Leather Handle & Lany","1","amazon.com","Standard Orders","Amazon","PEARBLOSSOM","CA","93553","MarketplaceFacilitator","34.77","3.05","0","0","0","0","0","0","-3.48","0","-3.05","-4.69","-6.44","0","0","20.16"
"Nov 8, 2025 2:45:58 AM PST","24878374791","Order","114-1498850-0341823","AXE-WS-S","Grumpy Bear 11"" Survival Axe Camping Hatchet - Forged High Carbon Steel Hatchet with Spike Tail for Breaking Doors, Glass & Ice, Leather Handle & Lany","1","amazon.com","Standard Orders","Amazon","JEFFERSONVILLE","IN","47130","MarketplaceFacilitator","25.79","1.62","1.49","0","0","0","0","0","-4.07","0","-1.62","-3.48","-6.24","0","0","13.49"
"Nov 8, 2025 5:20:41 AM PST","24878374791","Order","112-3347166-5275442","AXE-SH-S","Grumpy Bear 11"" Survival Axe Camping Hatchet - Forged High Carbon Steel Hatchet with Spike Tail for Breaking Doors, Glass & Ice, Leather Handle & Lany","1","amazon.com","Standard Orders","Amazon","RICHMOND","TX","77406","MarketplaceFacilitator","37.34","2.77","1.50","0","0","0","0","0","-5.23","0","-2.77","-5.04","-6.24","0","0","22.33"
"Nov 8, 2025 9:37:59 AM PST","24878374791","Order","S01-6400738-2830069","AXE-SH-S","Grumpy Bear 11"" Survival Axe Camping Hatchet – Forged High Carbon Steel Hatchet with Spike Tail for Breaking Doors, Glass & Ice, Leather Handle & Lanyard, Ideal for Bushcraft & Outdoor Adventures","1","sim1.stores.amazon.com","Standard Orders","Amazon","CANON CITY","CO","81212","","0","0","0","0","0","0","0","0","0","0","0","0","-11.75","0","0","-11.75"
"Nov 8, 2025 10:23:18 AM PST","24878374791","Order","S01-8828024-5212435","Axe-F-R-L","Grumpy Bear 15"" Survival Axe Camping Hatchet – Forged High Carbon Steel Hatchet with Spike Tail for Breaking Doors, Glass & Ice, Leather Handle & Lanyard, Ideal for Bushcraft & Outdoor Adventures","1","sim1.stores.amazon.com","Standard Orders","Amazon","LAS VEGAS","NV","89149","","0","0","0","0","0","0","0","0","0","0","0","0","-11.75","0","0","-11.75"
"Nov 8, 2025 11:33:42 AM PST","24878374791","Order","S01-5899989-4570859","AXE-SH-L","Grumpy Bear 15"" Survival Axe Camping Hatchet – Forged High Carbon Steel Hatchet with Spike Tail for Breaking Doors, Glass & Ice, Leather Handle & Lanyard, Ideal for Bushcraft & Outdoor Adventures","1","sim1.stores.amazon.com","Standard Orders","Amazon","MENOMONIE","WI","54751","","0","0","0","0","0","0","0","0","0","0","0","0","-11.75","0","0","-11.75"
"Nov 8, 2025 3:46:59 PM PST","24878374791","Order","112-3515847-2629856","AXE-WS-L","Grumpy Bear 15"" Survival Axe Camping Hatchet - Forged High Carbon Steel Hatchet with Spike Tail for Breaking Doors, Glass & Ice, Leather Handle & Lany","2","amazon.com","Standard Orders","Amazon","AUSTIN","TX","78750","MarketplaceFacilitator","53.98","4.00","0","0","0","0","0","0","-5.40","0","-4.00","-7.28","-12.88","0","0","28.42"
"Nov 8, 2025 5:13:22 PM PST","24878374791","Service Fee","FBA1903V9V5Q","","FBA Inbound Placement Service Fee","","Amazon.com","Standard Orders","","","","","","0","0","0","0","0","0","0","0","0","0","0","0","0","0","0","0"
"Nov 8, 2025 11:30:32 PM PST","24878374791","Order","113-8194913-9603436","C-axe-02","Full Tang Survival Camping Axe with Wood Ergonomic Handle and Nylon Sheath Sheath - High Carbon Stainless Steel, Multi-Tool for Outdoor, Hunting, Emer","1","amazon.com","Standard Orders","Amazon","PEMBROKE PINES","FL","33027","MarketplaceFacilitator","22.99","1.61","0","0","0","0","0","0","0","0","-1.61","-3.45","-6.44","0","0","13.10"
"Nov 8, 2025 11:30:32 PM PST","24878374791","Order","113-8194913-9603436","C-axe-01","Full Tang Survival Camping Axe with Wood Ergonomic Handle and Nylon Sheath Sheath - High Carbon Stainless Steel, Multi-Tool for Outdoor, Hunting, Emer","1","amazon.com","Standard Orders","Amazon","PEMBROKE PINES","FL","33027","MarketplaceFacilitator","21.99","1.54","0","0","0","0","0","0","0","0","-1.54","-3.30","-6.10","0","0","12.59"
"Nov 8, 2025 11:36:49 PM PST","24878374791","Order","111-3274132-6235469","Axe-F-R-L","Grumpy Bear 15"" Survival Axe Camping Hatchet - Forged High Carbon Steel Hatchet with Spike Tail for Breaking Doors, Glass & Ice, Leather Handle & Lany","1","amazon.com","Standard Orders","Amazon","EWA BEACH","HI","96706","MarketplaceFacilitator","34.77","1.47","0","0","0","0","0","0","-3.48","0","-1.47","-4.69","-6.44","0","0","20.16"
"Nov 9, 2025 2:16:58 AM PST","24878374791","Order","111-9036308-8369825","AXE-GBWS-L","Grumpy Bear 15"" Survival Axe Camping Hatchet - Forged High Carbon Steel Hatchet with Spike Tail for Breaking Doors, Glass & Ice, Leather Handle & Lany","1","amazon.com","Standard Orders","Amazon","CLIFTON","NJ","07013","MarketplaceFacilitator","37.34","2.47","0.75","0","0","0","0","0","-0.75","0","-2.47","-5.60","-6.44","0","0","25.30"
"Nov 9, 2025 6:17:54 AM PST","24878374791","Amazon Fees","a064f9b6-7352-4e0e-9ef4-02c1a50c5c46","","Coupon Participation Fee","","Amazon.com","Standard Orders","","","","","","0","0","0","0","0","0","0","0","0","0","0","-5.00","0","0","0","-5.00"
"Nov 9, 2025 6:27:40 AM PST","24878374791","Amazon Fees","a064f9b6-7352-4e0e-9ef4-02c1a50c5c46","","Coupon Performance Based Fee","","Amazon.com","Standard Orders","","","","","","0","0","0","0","0","0","0","0","0","0","0","-0.67","0","0","0","-0.67"
"Nov 9, 2025 6:52:43 AM PST","24878374791","Order","111-1338512-7445041","GB-CA-02-TIGER","Grumpy Bear Camping Hatchet with Tiger Carving, Full Tang Outdoor Axe with Decorative Handle, Durable Forged Blade for Hiking, Bushcraft, and Survival","1","amazon.com","Standard Orders","Amazon","EVANSVILLE","IN","47715","MarketplaceFacilitator","29.99","2.10","0","0","0","0","0","0","0","0","-2.10","-4.50","0","0","0","25.49"
"Nov 9, 2025 7:09:13 AM PST","24878374791","Order","113-1271489-7896250","C-axe-02","Full Tang Survival Camping Axe with Wood Ergonomic Handle and Nylon Sheath Sheath - High Carbon Stainless Steel, Multi-Tool for Outdoor, Hunting, Emer","1","amazon.com","Standard Orders","Amazon","VAN METER","IA","50261","MarketplaceFacilitator","22.99","1.61","0","0","0","0","0","0","0","0","-1.61","-3.45","-6.44","0","0","13.10"
"Nov 9, 2025 9:25:58 AM PST","24878374791","Order","S01-8680673-7652460","Axe-F-R-L","Grumpy Bear 15"" Survival Axe Camping Hatchet – Forged High Carbon Steel Hatchet with Spike Tail for Breaking Doors, Glass & Ice, Leather Handle & Lanyard, Ideal for Bushcraft & Outdoor Adventures","1","sim1.stores.amazon.com","Standard Orders","Amazon","ORDWAY","CO","81063","","0","0","0","0","0","0","0","0","0","0","0","0","-11.75","0","0","-11.75"
"Nov 9, 2025 2:36:31 PM PST","24878374791","Order","111-9453865-3577017","Axe-F-R-L","Grumpy Bear 15"" Survival Axe Camping Hatchet - Forged High Carbon Steel Hatchet with Spike Tail for Breaking Doors, Glass & Ice, Leather Handle & Lany","1","amazon.com","Standard Orders","Amazon","FAYETTEVILLE","TN","37334","MarketplaceFacilitator","34.77","3.30","0","0","0","0","0","0","0","0","-3.30","-5.22","-6.44","0","0","23.11"
"Nov 9, 2025 2:53:42 PM PST","24705711321","Transfer","","","To your account ending in: 547, Bank Transfer ID: 4LNSCXY4GCCPVNW","","","Invoiced Orders","","","","","","0","0","0","0","0","0","0","0","0","0","0","0","0","0","-20.12","-20.12"
"Nov 9, 2025 6:52:58 PM PST","24878374791","Order","112-6956649-5688234","Axe-F-R-L","Grumpy Bear 15"" Survival Axe Camping Hatchet - Forged High Carbon Steel Hatchet with Spike Tail for Breaking Doors, Glass & Ice, Leather Handle & Lany","1","amazon.com","Standard Orders","Amazon","PENSACOLA","FL","32504","MarketplaceFacilitator","34.77","2.35","0","0","0","0","0","0","-3.48","0","-2.35","-4.69","-6.44","0","0","20.16"
"Nov 9, 2025 7:46:16 PM PST","24878374791","Order","S01-1335478-8566814","AXE-SH-S","Grumpy Bear 11"" Survival Axe Camping Hatchet – Forged High Carbon Steel Hatchet with Spike Tail for Breaking Doors, Glass & Ice, Leather Handle & Lanyard, Ideal for Bushcraft & Outdoor Adventures","1","sim1.stores.amazon.com","Standard Orders","Amazon","CITRUS HEIGHTS","CA","95610","","0","0","0","0","0","0","0","0","0","0","0","0","-11.75","0","0","-11.75"
"Nov 9, 2025 8:48:40 PM PST","24878374791","Order","S01-9855962-9010860","Axe-F-R-L","Grumpy Bear 15"" Survival Axe Camping Hatchet – Forged High Carbon Steel Hatchet with Spike Tail for Breaking Doors, Glass & Ice, Leather Handle & Lanyard, Ideal for Bushcraft & Outdoor Adventures","1","sim1.stores.amazon.com","Standard Orders","Amazon","AMBRIDGE","PA","15003","","0","0","0","0","0","0","0","0","0","0","0","0","-11.75","0","0","-11.75"
"Nov 9, 2025 10:17:13 PM PST","24878374791","Order","S01-0246008-0550848","Axe-F-R-L","Grumpy Bear 15"" Survival Axe Camping Hatchet – Forged High Carbon Steel Hatchet with Spike Tail for Breaking Doors, Glass & Ice, Leather Handle & Lanyard, Ideal for Bushcraft & Outdoor Adventures","1","sim1.stores.amazon.com","Standard Orders","Amazon","NAPLES","FL","34110","","0","0","0","0","0","0","0","0","0","0","0","0","-11.75","0","0","-11.75"
"Nov 9, 2025 11:16:32 PM PST","24878374791","Order","S01-7679775-5073244","Axe-F-R-S","Grumpy Bear 11"" Survival Axe Camping Hatchet – Forged High Carbon Steel Hatchet with Spike Tail for Breaking Doors, Glass & Ice, Leather Handle & Lanyard, Ideal for Bushcraft & Outdoor Adventures","1","sim1.stores.amazon.com","Standard Orders","Amazon","BIGFOOT","TX","78005","","0","0","0","0","0","0","0","0","0","0","0","0","-11.75","0","0","-11.75"
"Nov 10, 2025 2:43:34 AM PST","24878374791","Order","S01-1336254-4856439","Axe-F-R-L","Grumpy Bear 15"" Survival Axe Camping Hatchet – Forged High Carbon Steel Hatchet with Spike Tail for Breaking Doors, Glass & Ice, Leather Handle & Lanyard, Ideal for Bushcraft & Outdoor Adventures","1","sim1.stores.amazon.com","Standard Orders","Amazon","SOUTHAVEN","MS","38671","","0","0","0","0","0","0","0","0","0","0","0","0","-11.75","0","0","-11.75"
"Nov 10, 2025 3:14:21 AM PST","24878374791","Order","112-0826309-5148240","AXE-WS-L","Grumpy Bear 15"" Survival Axe Camping Hatchet - Forged High Carbon Steel Hatchet with Spike Tail for Breaking Doors, Glass & Ice, Leather Handle & Lany","1","amazon.com","Standard Orders","Amazon","CUDAHY","WI","53110","MarketplaceFacilitator","26.99","1.43","0","0","0","0","0","0","-2.70","0","-1.43","-3.64","-6.44","0","0","14.21"
"Nov 10, 2025 4:24:28 AM PST","24878374791","Order","112-9496295-6429047","GB-CA-02-EAGLE","Grumpy Bear Camping Hatchet, Full Tang Outdoor Axe with Decorative Handle, Durable Forged Blade for Hiking, Bushcraft, and Survival (Eagle)","1","amazon.com","Standard Orders","Amazon","DELTONA","FL","32725","MarketplaceFacilitator","29.99","1.95","0","0","0","0","0","0","0","0","-1.95","-4.50","0","0","0","25.49"
"Nov 10, 2025 7:32:46 AM PST","24878374791","Order","S01-5126212-7801241","Axe-F-R-L","Grumpy Bear 15"" Survival Axe Camping Hatchet – Forged High Carbon Steel Hatchet with Spike Tail for Breaking Doors, Glass & Ice, Leather Handle & Lanyard, Ideal for Bushcraft & Outdoor Adventures","1","sim1.stores.amazon.com","Standard Orders","Amazon","BRAZIL","IN","47834","","0","0","0","0","0","0","0","0","0","0","0","0","-11.75","0","0","-11.75"
"Nov 10, 2025 8:08:48 AM PST","24878374791","Order","112-5580703-8614632","GB-CA-02-LION","Grumpy Bear Camping Hatchet with Lion Carving, Full Tang Outdoor Axe with Decorative Handle, Durable Forged Blade for Hiking, Bushcraft, and Survival","1","amazon.com","Standard Orders","Amazon","LAS VEGAS","NV","89145","MarketplaceFacilitator","29.99","2.51","1.00","0","0","0","0","0","-1.00","0","-2.51","-4.50","0","0","0","25.49"
"Nov 10, 2025 9:02:53 AM PST","24878374791","Order","S01-3654180-7614832","Axe-F-R-L","Grumpy Bear 15"" Survival Axe Camping Hatchet – Forged High Carbon Steel Hatchet with Spike Tail for Breaking Doors, Glass & Ice, Leather Handle & Lanyard, Ideal for Bushcraft & Outdoor Adventures","1","sim1.stores.amazon.com","Standard Orders","Amazon","BIGFOOT","TX","78005","","0","0","0","0","0","0","0","0","0","0","0","0","-11.75","0","0","-11.75"
"Nov 10, 2025 9:31:41 AM PST","24878374791","Order","S01-8925020-5190826","Axe-F-R-S","Grumpy Bear 11"" Survival Axe Camping Hatchet – Forged High Carbon Steel Hatchet with Spike Tail for Breaking Doors, Glass & Ice, Leather Handle & Lanyard, Ideal for Bushcraft & Outdoor Adventures","1","sim1.stores.amazon.com","Standard Orders","Amazon","SOUTHAVEN","MS","38671","","0","0","0","0","0","0","0","0","0","0","0","0","-11.75","0","0","-11.75"
"Nov 10, 2025 10:22:28 AM PST","24878374791","Service Fee","","","Cost of Advertising","","","Standard Orders","","","","","","0","0","0","0","0","0","0","0","0","0","0","0","0","-501.62","0","-501.62"
"Nov 10, 2025 10:25:04 AM PST","24878374791","Order","S01-4386832-9404441","AXE-SH-L","Grumpy Bear 15"" Survival Axe Camping Hatchet – Forged High Carbon Steel Hatchet with Spike Tail for Breaking Doors, Glass & Ice, Leather Handle & Lanyard, Ideal for Bushcraft & Outdoor Adventures","1","sim1.stores.amazon.com","Standard Orders","Amazon","WEST DES MOINES","IA","50266","","0","0","0","0","0","0","0","0","0","0","0","0","-11.75","0","0","-11.75"
"Nov 10, 2025 10:34:01 AM PST","24878374791","Order","S01-3000665-5970864","AXE-SH-L","Grumpy Bear 15"" Survival Axe Camping Hatchet – Forged High Carbon Steel Hatchet with Spike Tail for Breaking Doors, Glass & Ice, Leather Handle & Lanyard, Ideal for Bushcraft & Outdoor Adventures","1","sim1.stores.amazon.com","Standard Orders","Amazon","ETNA GREEN","IN","46524","","0","0","0","0","0","0","0","0","0","0","0","0","-11.75","0","0","-11.75"
"Nov 10, 2025 2:47:17 PM PST","24878374791","Order","S01-4312737-7630852","AXE-SH-L","Grumpy Bear 15"" Survival Axe Camping Hatchet – Forged High Carbon Steel Hatchet with Spike Tail for Breaking Doors, Glass & Ice, Leather Handle & Lanyard, Ideal for Bushcraft & Outdoor Adventures","1","sim1.stores.amazon.com","Standard Orders","Amazon","ORANGEVALE","CA","95662","","0","0","0","0","0","0","0","0","0","0","0","0","-11.75","0","0","-11.75"
"Nov 10, 2025 6:30:22 PM PST","24878374791","Order","S01-1484080-6996441","AXE-SH-L","Grumpy Bear 15"" Survival Axe Camping Hatchet – Forged High Carbon Steel Hatchet with Spike Tail for Breaking Doors, Glass & Ice, Leather Handle & Lanyard, Ideal for Bushcraft & Outdoor Adventures","1","sim1.stores.amazon.com","Standard Orders","Amazon","HOUSTON","TX","77020","","0","0","0","0","0","0","0","0","0","0","0","0","-11.75","0","0","-11.75"
"Nov 10, 2025 11:49:45 PM PST","24878374791","Order","113-2747323-7584269","Axe-F-R-L","Grumpy Bear 15"" Survival Axe Camping Hatchet - Forged High Carbon Steel Hatchet with Spike Tail for Breaking Doors, Glass & Ice, Leather Handle & Lany","1","amazon.com","Standard Orders","Amazon","SHREVEPORT","LA","71118","MarketplaceFacilitator","34.77","3.00","0","0","0","0","0","0","-3.48","0","-3.00","-4.69","0","0","0","26.60"
"Nov 11, 2025 12:38:07 AM PST","24878374791","Order","113-5029976-3153842","GB-CA-02-TIGER","Grumpy Bear Camping Hatchet with Tiger Carving, Full Tang Outdoor Axe with Decorative Handle, Durable Forged Blade for Hiking, Bushcraft, and Survival","1","amazon.com","Standard Orders","Amazon","VERO BEACH","FL","32966","MarketplaceFacilitator","29.99","2.10","0","0","0","0","0","0","0","0","-2.10","-4.50","0","0","0","25.49"
"Nov 11, 2025 4:30:11 AM PST","24878374791","Order","113-0619452-1503456","AXE-GBWS-L","Grumpy Bear 15"" Survival Axe Camping Hatchet - Forged High Carbon Steel Hatchet with Spike Tail for Breaking Doors, Glass & Ice, Leather Handle & Lany","1","amazon.com","Standard Orders","Amazon","CUSHING","OK","74023","MarketplaceFacilitator","37.34","1.85","0","0","0","0","0","0","-3.73","0","-1.85","-5.04","-6.10","0","0","22.47"
"Nov 11, 2025 5:02:08 AM PST","24878374791","Order","113-5029976-3153842","GB-CA-02-WOLF","Grumpy Bear Camping Hatchet with Wolf Carving, Full Tang Outdoor Axe with Decorative Handle, Durable Forged Blade for Hiking, Bushcraft, and Survival","1","amazon.com","Standard Orders","Amazon","VERO BEACH","FL","32966","MarketplaceFacilitator","29.99","2.10","0","0","0","0","0","0","0","0","-2.10","-4.50","0","0","0","25.49"
"Nov 11, 2025 7:49:34 AM PST","24878374791","Order","114-6884948-7857817","C-axe-01","Full Tang Survival Camping Axe with Wood Ergonomic Handle and Nylon Sheath Sheath - High Carbon Stainless Steel, Multi-Tool for Outdoor, Hunting, Emer","1","amazon.com","Standard Orders","Amazon","OCEANSIDE","CA","92057","MarketplaceFacilitator","21.99","1.81","0","0","0","0","0","0","0","0","-1.81","-3.30","-6.10","0","0","12.59"
"Nov 11, 2025 11:51:14 AM PST","24878374791","Order","S01-4364825-6033206","AXE-SH-L","Grumpy Bear 15"" Survival Axe Camping Hatchet – Forged High Carbon Steel Hatchet with Spike Tail for Breaking Doors, Glass & Ice, Leather Handle & Lanyard, Ideal for Bushcraft & Outdoor Adventures","1","sim1.stores.amazon.com","Standard Orders","Amazon","CENTRAL VILLAGE","CT","06332","","0","0","0","0","0","0","0","0","0","0","0","0","-11.75","0","0","-11.75"
"Nov 11, 2025 1:24:27 PM PST","24878374791","Order","S01-0780170-4143667","Axe-F-R-L","Grumpy Bear 15"" Survival Axe Camping Hatchet – Forged High Carbon Steel Hatchet with Spike Tail for Breaking Doors, Glass & Ice, Leather Handle & Lanyard, Ideal for Bushcraft & Outdoor Adventures","1","sim1.stores.amazon.com","Standard Orders","Amazon","NAMPA","ID","83687","","0","0","0","0","0","0","0","0","0","0","0","0","-11.75","0","0","-11.75"
"Nov 11, 2025 1:27:26 PM PST","24878374791","Order","S01-1845148-7347655","AXE-WS-L","Grumpy Bear 15"" Survival Axe Camping Hatchet – Forged High Carbon Steel Hatchet with Spike Tail for Breaking Doors, Glass & Ice, Leather Handle & Lanyard, Ideal for Bushcraft & Outdoor Adventures","1","sim1.stores.amazon.com","Standard Orders","Amazon","MADISON","MO","65263","","0","0","0","0","0","0","0","0","0","0","0","0","-11.75","0","0","-11.75"
"Nov 11, 2025 5:25:54 PM PST","24878374791","Order","S01-6516895-6677208","AXE-SH-S","Grumpy Bear 11"" Survival Axe Camping Hatchet – Forged High Carbon Steel Hatchet with Spike Tail for Breaking Doors, Glass & Ice, Leather Handle & Lanyard, Ideal for Bushcraft & Outdoor Adventures","1","sim1.stores.amazon.com","Standard Orders","Amazon","COSMOPOLIS","WA","98537","","0","0","0","0","0","0","0","0","0","0","0","0","-11.75","0","0","-11.75"
"Nov 12, 2025 3:20:34 AM PST","24878374791","Order","113-4908190-5141015","AXE-GBWS-S","Grumpy Bear 11"" Survival Axe Camping Hatchet - Forged High Carbon Steel Hatchet with Spike Tail for Breaking Doors, Glass & Ice, Leather Handle & Lany","1","amazon.com","Standard Orders","Amazon","COLLEGE POINT","NY","11356","MarketplaceFacilitator","35.68","3.17","0","0","0","0","0","0","0","0","-3.17","-5.35","-6.10","0","0","24.23"
"Nov 12, 2025 5:15:03 AM PST","24878374791","Order","113-7413762-1713830","AXE-SH-L","Grumpy Bear 15"" Survival Axe Camping Hatchet - Forged High Carbon Steel Hatchet with Spike Tail for Breaking Doors, Glass & Ice, Leather Handle & Lany","1","amazon.com","Standard Orders","Amazon","ELGIN","SC","29045","MarketplaceFacilitator","36.65","2.64","0","0","0","0","0","0","-3.67","0","-2.64","-4.95","0","0","0","28.03"
"Nov 12, 2025 5:47:09 AM PST","24878374791","Order","S01-4477161-1790850","Axe-F-R-L","Grumpy Bear 15"" Survival Axe Camping Hatchet – Forged High Carbon Steel Hatchet with Spike Tail for Breaking Doors, Glass & Ice, Leather Handle & Lanyard, Ideal for Bushcraft & Outdoor Adventures","1","sim1.stores.amazon.com","Standard Orders","Amazon","MONTGOMERY","AL","36109","","0","0","0","0","0","0","0","0","0","0","0","0","-11.75","0","0","-11.75"
"Nov 12, 2025 6:25:39 AM PST","24878374791","Order","S01-0372754-2139662","Axe-F-R-L","Grumpy Bear 15"" Survival Axe Camping Hatchet – Forged High Carbon Steel Hatchet with Spike Tail for Breaking Doors, Glass & Ice, Leather Handle & Lanyard, Ideal for Bushcraft & Outdoor Adventures","1","sim1.stores.amazon.com","Standard Orders","Amazon","O FALLON","MO","63366","","0","0","0","0","0","0","0","0","0","0","0","0","-11.75","0","0","-11.75"
"Nov 12, 2025 6:42:59 AM PST","24878374791","Order","S01-5965353-6578812","Axe-F-R-L","Grumpy Bear 15"" Survival Axe Camping Hatchet – Forged High Carbon Steel Hatchet with Spike Tail for Breaking Doors, Glass & Ice, Leather Handle & Lanyard, Ideal for Bushcraft & Outdoor Adventures","1","sim1.stores.amazon.com","Standard Orders","Amazon","ALLIANCE","OH","44601","","0","0","0","0","0","0","0","0","0","0","0","0","-11.75","0","0","-11.75"
"Nov 12, 2025 6:43:47 AM PST","24878374791","Order","S01-6730625-6683645","Axe-F-R-L","Grumpy Bear 15"" Survival Axe Camping Hatchet – Forged High Carbon Steel Hatchet with Spike Tail for Breaking Doors, Glass & Ice, Leather Handle & Lanyard, Ideal for Bushcraft & Outdoor Adventures","1","sim1.stores.amazon.com","Standard Orders","Amazon","ERIE","PA","16502","","0","0","0","0","0","0","0","0","0","0","0","0","-11.75","0","0","-11.75"
"Nov 12, 2025 7:37:03 AM PST","24878374791","Order","114-7118346-6357834","AXE-SH-L","Grumpy Bear 15"" Survival Axe Camping Hatchet - Forged High Carbon Steel Hatchet with Spike Tail for Breaking Doors, Glass & Ice, Leather Handle & Lany","1","amazon.com","Standard Orders","Amazon","DANBURY","CT","06810","MarketplaceFacilitator","36.65","2.09","2.76","0","0","0","0","0","-6.43","0","-2.09","-4.95","0","0","0","28.03"
"Nov 12, 2025 1:32:55 PM PST","24878374791","Order","S01-6064661-1858845","AXE-SH-S","Grumpy Bear 11"" Survival Axe Camping Hatchet – Forged High Carbon Steel Hatchet with Spike Tail for Breaking Doors, Glass & Ice, Leather Handle & Lanyard, Ideal for Bushcraft & Outdoor Adventures","1","sim1.stores.amazon.com","Standard Orders","Amazon","CEDAR RAPIDS","IA","52404","","0","0","0","0","0","0","0","0","0","0","0","0","-11.75","0","0","-11.75"
"Nov 12, 2025 1:33:54 PM PST","24878374791","Order","S01-5353742-4726002","AXE-SH-S","Grumpy Bear 11"" Survival Axe Camping Hatchet – Forged High Carbon Steel Hatchet with Spike Tail for Breaking Doors, Glass & Ice, Leather Handle & Lanyard, Ideal for Bushcraft & Outdoor Adventures","1","sim1.stores.amazon.com","Standard Orders","Amazon","CABOT","AR","72023","","0","0","0","0","0","0","0","0","0","0","0","0","-8.26","0","0","-8.26"
"Nov 12, 2025 4:05:28 PM PST","24878374791","Order","113-6663824-7124255","AXE-GBWS-L","Grumpy Bear 15"" Survival Axe Camping Hatchet - Forged High Carbon Steel Hatchet with Spike Tail for Breaking Doors, Glass & Ice, Leather Handle & Lany","1","amazon.com","Standard Orders","Amazon","MARIETTA","GA","30064","MarketplaceFacilitator","37.34","2.02","0","0","0","0","0","0","-3.73","0","-2.02","-5.04","0","0","0","28.57"
"Nov 12, 2025 9:53:47 PM PST","24878374791","Order","S01-5342101-5446026","Axe-F-R-L","Grumpy Bear 15"" Survival Axe Camping Hatchet – Forged High Carbon Steel Hatchet with Spike Tail for Breaking Doors, Glass & Ice, Leather Handle & Lanyard, Ideal for Bushcraft & Outdoor Adventures","1","sim1.stores.amazon.com","Standard Orders","Amazon","MINERAL BLUFF","GA","30559","","0","0","0","0","0","0","0","0","0","0","0","0","-11.75","0","0","-11.75"
"Nov 12, 2025 10:56:07 PM PST","24878374791","Order","111-9565737-7013040","AXE-GBWS-L","Grumpy Bear 15"" Survival Axe Camping Hatchet - Forged High Carbon Steel Hatchet with Spike Tail for Breaking Doors, Glass & Ice, Leather Handle & Lany","1","amazon.com","Standard Orders","Amazon","TRINITY","FL","34655","MarketplaceFacilitator","44.99","2.52","0","0","0","0","0","0","-9.00","0","-2.52","-5.40","-6.44","0","0","24.15"
"Nov 12, 2025 11:49:21 PM PST","24878374791","Order","111-7693988-3017834","AXE-WS-L","Grumpy Bear 15"" Survival Axe Camping Hatchet - Forged High Carbon Steel Hatchet with Spike Tail for Breaking Doors, Glass & Ice, Leather Handle & Lany","1","amazon.com","Standard Orders","Amazon","IONE","OR","97843","","26.99","0","0","0","0","0","0","0","-2.70","0","0","-3.64","-6.44","0","0","14.21"
"Nov 13, 2025 2:34:11 AM PST","24878374791","Order","S01-0974242-9106800","AXE-SH-S","Grumpy Bear 11"" Survival Axe Camping Hatchet – Forged High Carbon Steel Hatchet with Spike Tail for Breaking Doors, Glass & Ice, Leather Handle & Lanyard, Ideal for Bushcraft & Outdoor Adventures","1","sim1.stores.amazon.com","Standard Orders","Amazon","GREENWOOD","SC","29646","","0","0","0","0","0","0","0","0","0","0","0","0","-11.75","0","0","-11.75"
"Nov 13, 2025 3:02:51 AM PST","24878374791","Order","113-8649649-6573856","GB-CA-02-WOLF","Grumpy Bear Camping Hatchet with Wolf Carving, Full Tang Outdoor Axe with Decorative Handle, Durable Forged Blade for Hiking, Bushcraft, and Survival","1","amazon.com","Standard Orders","Amazon","Missouri City","Missouri","64072","MarketplaceFacilitator","29.99","1.60","0","0","0","0","0","0","0","0","-1.60","-4.50","0","0","0","25.49"
"Nov 13, 2025 4:14:46 AM PST","24878374791","Amazon Fees","cb680a32-d849-4964-af2e-e449b4b3627f","","Coupon Performance Based Fee","","Amazon.com","Standard Orders","","","","","","0","0","0","0","0","0","0","0","0","0","0","-17.84","0","0","0","-17.84"
"Nov 13, 2025 4:20:24 AM PST","24878374791","Amazon Fees","cb680a32-d849-4964-af2e-e449b4b3627f","","Coupon Participation Fee","","Amazon.com","Standard Orders","","","","","","0","0","0","0","0","0","0","0","0","0","0","-5.00","0","0","0","-5.00"
"Nov 13, 2025 5:33:29 AM PST","24878374791","Order","S01-5353742-4726002","AXE-SH-S","Grumpy Bear 11"" Survival Axe Camping Hatchet – Forged High Carbon Steel Hatchet with Spike Tail for Breaking Doors, Glass & Ice, Leather Handle & Lanyard, Ideal for Bushcraft & Outdoor Adventures","1","sim1.stores.amazon.com","Standard Orders","Amazon","CABOT","AR","72023","","0","0","0","0","0","0","0","0","0","0","0","0","-8.26","0","0","-8.26"
"Nov 13, 2025 9:24:09 AM PST","24878374791","Order","S01-3351550-6719624","AXE-SH-S","Grumpy Bear 11"" Survival Axe Camping Hatchet – Forged High Carbon Steel Hatchet with Spike Tail for Breaking Doors, Glass & Ice, Leather Handle & Lanyard, Ideal for Bushcraft & Outdoor Adventures","1","sim1.stores.amazon.com","Standard Orders","Amazon","CABOT","AR","72023","","0","0","0","0","0","0","0","0","0","0","0","0","-11.75","0","0","-11.75"
"Nov 13, 2025 9:35:20 AM PST","24878374791","Refund","111-7693988-3017834","AXE-WS-L","Grumpy Bear 15"" Survival Axe Camping Hatchet - Forged High Carbon Steel Hatchet with Spike Tail for Breaking Doors, Glass & Ice, Leather Handle & Lany","1","amazon.com","Standard Orders","Amazon","IONE","OR","97843","","-26.99","0","0","0","0","0","0","0","2.70","0","0","2.91","0","0","0","-21.38"
"Nov 13, 2025 11:35:18 AM PST","24878374791","Order","S01-2081273-9801240","Axe-F-R-L","Grumpy Bear 15"" Survival Axe Camping Hatchet – Forged High Carbon Steel Hatchet with Spike Tail for Breaking Doors, Glass & Ice, Leather Handle & Lanyard, Ideal for Bushcraft & Outdoor Adventures","1","sim1.stores.amazon.com","Standard Orders","Amazon","SUN PRAIRIE","WI","53590","","0","0","0","0","0","0","0","0","0","0","0","0","-11.75","0","0","-11.75"
"Nov 13, 2025 12:22:23 PM PST","24878374791","Order","S01-3855942-2414013","AXE-SH-S","Grumpy Bear 11"" Survival Axe Camping Hatchet – Forged High Carbon Steel Hatchet with Spike Tail for Breaking Doors, Glass & Ice, Leather Handle & Lanyard, Ideal for Bushcraft & Outdoor Adventures","1","sim1.stores.amazon.com","Standard Orders","Amazon","TRAVERSE CITY","MI","49685","","0","0","0","0","0","0","0","0","0","0","0","0","-11.75","0","0","-11.75"
"Nov 13, 2025 11:07:57 PM PST","24878374791","Order","111-5018422-1617052","Axe-F-R-L","Grumpy Bear 15"" Survival Axe Camping Hatchet - Forged High Carbon Steel Hatchet with Spike Tail for Breaking Doors, Glass & Ice, Leather Handle & Lany","1","amazon.com","Standard Orders","Amazon","ALBUQUERQUE","NM","87121","MarketplaceFacilitator","34.77","2.39","0","0","0","0","0","0","-3.48","0","-2.39","-4.69","0","0","0","26.60"
"Nov 14, 2025 12:03:40 AM PST","24878374791","Order","111-8159547-2349847","C-axe-02","Full Tang Survival Camping Axe with Wood Ergonomic Handle and Nylon Sheath Sheath - High Carbon Stainless Steel, Multi-Tool for Outdoor, Hunting, Emer","1","amazon.com","Standard Orders","Amazon","DERIDDER","LA","70634","MarketplaceFacilitator","29.99","3.00","0","0","0","0","0","0","0","0","-3.00","-4.50","-6.44","0","0","19.05"
"Nov 14, 2025 5:42:06 AM PST","24878374791","Order","113-0346127-3567416","Axe-F-R-L","Grumpy Bear 15"" Survival Axe Camping Hatchet - Forged High Carbon Steel Hatchet with Spike Tail for Breaking Doors, Glass & Ice, Leather Handle & Lany","1","amazon.com","Standard Orders","Amazon","SAN ANTONIO","TX","78252","MarketplaceFacilitator","34.77","2.58","0.31","0","0","0","0","0","-3.78","0","-5.16","-9.40","0","0","0","19.32"
"Nov 14, 2025 5:42:06 AM PST","24878374791","Order","113-0346127-3567416","Axe-F-R-L","Grumpy Bear 15"" Survival Axe Camping Hatchet - Forged High Carbon Steel Hatchet with Spike Tail for Breaking Doors, Glass & Ice, Leather Handle & Lany","1","amazon.com","Standard Orders","Amazon","SAN ANTONIO","TX","78252","","34.77","2.58","0.32","0","0","0","0","0","-3.80","0","0","0","0","0","0","33.87"
"Nov 14, 2025 6:57:23 AM PST","24878374791","Order","S01-1216664-0971617","Axe-F-R-L","Grumpy Bear 15"" Survival Axe Camping Hatchet – Forged High Carbon Steel Hatchet with Spike Tail for Breaking Doors, Glass & Ice, Leather Handle & Lanyard, Ideal for Bushcraft & Outdoor Adventures","1","sim1.stores.amazon.com","Standard Orders","Amazon","SAINT CLOUD","FL","34769","","0","0","0","0","0","0","0","0","0","0","0","0","-11.75","0","0","-11.75"
"Nov 14, 2025 7:25:40 AM PST","24878374791","Order","113-7233749-0000216","Axe-F-R-L","Grumpy Bear 15"" Survival Axe Camping Hatchet - Forged High Carbon Steel Hatchet with Spike Tail for Breaking Doors, Glass & Ice, Leather Handle & Lany","1","amazon.com","Standard Orders","Amazon","RHOME","TX","76078","MarketplaceFacilitator","35.18","2.90","0","0","0","0","0","0","0","0","-2.90","-5.28","0","0","0","29.90"
"Nov 14, 2025 7:27:04 AM PST","24878374791","Order","111-4579220-1189053","Axe-F-R-S","Grumpy Bear 11"" Survival Axe Camping Hatchet - Forged High Carbon Steel Hatchet with Spike Tail for Breaking Doors, Glass & Ice, Leather Handle & Lany","1","amazon.com","Standard Orders","Amazon","BONNEY LAKE","WA","98391","MarketplaceFacilitator","33.24","3.16","1.00","0","0","0","0","0","-1.00","0","-3.16","-4.99","0","0","0","28.25"
"Nov 14, 2025 8:44:40 AM PST","24878374791","Order","S01-9043088-7695656","Axe-F-R-L","Grumpy Bear 15"" Survival Axe Camping Hatchet – Forged High Carbon Steel Hatchet with Spike Tail for Breaking Doors, Glass & Ice, Leather Handle & Lanyard, Ideal for Bushcraft & Outdoor Adventures","1","sim1.stores.amazon.com","Standard Orders","Amazon","SCOTTSBORO","AL","35768","","0","0","0","0","0","0","0","0","0","0","0","0","-11.75","0","0","-11.75"
"Nov 14, 2025 8:57:27 AM PST","24878374791","Order","S01-1628617-9241212","Axe-F-R-L","Grumpy Bear 15"" Survival Axe Camping Hatchet – Forged High Carbon Steel Hatchet with Spike Tail for Breaking Doors, Glass & Ice, Leather Handle & Lanyard, Ideal for Bushcraft & Outdoor Adventures","1","sim1.stores.amazon.com","Standard Orders","Amazon","MERIDIAN","MS","39301","","0","0","0","0","0","0","0","0","0","0","0","0","-11.75","0","0","-11.75"
"Nov 14, 2025 11:39:34 AM PST","24878374791","Order","S01-4284796-3034020","AXE-SH-S","Grumpy Bear 11"" Survival Axe Camping Hatchet – Forged High Carbon Steel Hatchet with Spike Tail for Breaking Doors, Glass & Ice, Leather Handle & Lanyard, Ideal for Bushcraft & Outdoor Adventures","1","sim1.stores.amazon.com","Standard Orders","Amazon","BELMONT","NH","03220","","0","0","0","0","0","0","0","0","0","0","0","0","-11.75","0","0","-11.75"
"Nov 14, 2025 1:47:16 PM PST","24878374791","Order","S01-4510400-4154808","Axe-F-R-L","Grumpy Bear 15"" Survival Axe Camping Hatchet – Forged High Carbon Steel Hatchet with Spike Tail for Breaking Doors, Glass & Ice, Leather Handle & Lanyard, Ideal for Bushcraft & Outdoor Adventures","1","sim1.stores.amazon.com","Standard Orders","Amazon","CABOT","AR","72023","","0","0","0","0","0","0","0","0","0","0","0","0","-11.75","0","0","-11.75"
"Nov 14, 2025 2:31:28 PM PST","24878374791","Order","S01-9395447-2501269","Axe-F-R-L","Grumpy Bear 15"" Survival Axe Camping Hatchet – Forged High Carbon Steel Hatchet with Spike Tail for Breaking Doors, Glass & Ice, Leather Handle & Lanyard, Ideal for Bushcraft & Outdoor Adventures","1","sim1.stores.amazon.com","Standard Orders","Amazon","HUDSON FALLS","NY","12839","","0","0","0","0","0","0","0","0","0","0","0","0","-11.75","0","0","-11.75"
"Nov 14, 2025 7:19:58 PM PST","24878374791","Order","S01-7236259-4006036","AXE-SH-S","Grumpy Bear 11"" Survival Axe Camping Hatchet – Forged High Carbon Steel Hatchet with Spike Tail for Breaking Doors, Glass & Ice, Leather Handle & Lanyard, Ideal for Bushcraft & Outdoor Adventures","1","sim1.stores.amazon.com","Standard Orders","Amazon","BRIDGEPORT","WV","26330","","0","0","0","0","0","0","0","0","0","0","0","0","-11.75","0","0","-11.75"
"Nov 14, 2025 10:13:41 PM PST","24878374791","Amazon Fees","","","Vine Enrollment Fee","","Amazon.com","Standard Orders","","","","","","0","0","0","0","0","0","0","0","0","0","0","-56.25","0","0","0","-56.25"
"Nov 14, 2025 11:29:50 PM PST","24878374791","Order","S01-7640779-7423668","AXE-SH-S","Grumpy Bear 11"" Survival Axe Camping Hatchet – Forged High Carbon Steel Hatchet with Spike Tail for Breaking Doors, Glass & Ice, Leather Handle & Lanyard, Ideal for Bushcraft & Outdoor Adventures","1","sim1.stores.amazon.com","Standard Orders","Amazon","CHESAPEAKE","OH","45619","","0","0","0","0","0","0","0","0","0","0","0","0","-11.75","0","0","-11.75"
"Nov 15, 2025 12:47:50 AM PST","24878374791","Order","112-5312424-1834657","GB-CA-02-LION","Grumpy Bear Camping Hatchet with Lion Carving, Full Tang Outdoor Axe with Decorative Handle, Durable Forged Blade for Hiking, Bushcraft, and Survival","1","amazon.com","Standard Orders","Amazon","SPRING VALLEY","CA","91977","MarketplaceFacilitator","29.99","2.32","1.06","0.08","0","0","0","0","0","0","-2.40","-4.50","-6.74","0","0","19.81"
"Nov 15, 2025 2:46:52 AM PST","24878374791","Order","112-8843431-6512240","GB-CA-02-TIGER","Grumpy Bear Camping Hatchet with Tiger Carving, Full Tang Outdoor Axe with Decorative Handle, Durable Forged Blade for Hiking, Bushcraft, and Survival","1","amazon.com","Standard Orders","Amazon","TOMBALL","TX","77375","MarketplaceFacilitator","29.99","2.47","2.99","0","0","0","0","0","-2.99","0","-2.47","-4.50","-5.84","0","0","19.65"
"Nov 15, 2025 2:57:59 AM PST","24878374791","Order","S01-5053203-1814822","AXE-SH-S","Grumpy Bear 11"" Survival Axe Camping Hatchet – Forged High Carbon Steel Blade with Walnut Wood Handle – Shock-Absorbing, Anti-Slip Grip – Ideal for Bushcraft, Wood Splitting & Outdoor Adventures","1","sim1.stores.amazon.com","Standard Orders","Amazon","MARSHALL","TX","75672","","0","0","0","0","0","0","0","0","0","0","0","0","-11.75","0","0","-11.75"
"Nov 15, 2025 3:51:34 AM PST","24878374791","Order","114-9192490-9908242","Axe-F-R-L","Grumpy Bear 15"" Survival Axe Camping Hatchet - Forged High Carbon Steel Hatchet with Spike Tail for Breaking Doors, Glass & Ice, Leather Handle & Lany","1","amazon.com","Standard Orders","Amazon","EVANSVILLE","IN","47720","MarketplaceFacilitator","35.18","2.46","0","0","0","0","0","0","0","0","-2.46","-5.28","0","0","0","29.90"
"Nov 15, 2025 6:09:40 AM PST","24878374791","Order","114-4442090-2445050","GB-CA-02-LION","Grumpy Bear Camping Hatchet with Lion Carving, Full Tang Outdoor Axe with Decorative Handle, Durable Forged Blade for Hiking, Bushcraft, and Survival","1","amazon.com","Standard Orders","Amazon","ALTURAS","CA","96101","MarketplaceFacilitator","29.99","2.17","0.26","0","0","0","0","0","-0.26","0","-2.17","-4.50","0","0","0","25.49"
"Nov 15, 2025 6:23:49 AM PST","24878374791","Order","113-8743059-8741059","GB-CA-02-WOLF","Grumpy Bear Camping Hatchet with Wolf Carving, Full Tang Outdoor Axe with Decorative Handle, Durable Forged Blade for Hiking, Bushcraft, and Survival","1","amazon.com","Standard Orders","Amazon","SENOIA","GA","30276","MarketplaceFacilitator","29.99","2.10","0","0","0","0","0","0","0","0","-2.10","-4.50","-5.03","0","0","20.46"
"Nov 15, 2025 6:29:11 AM PST","24878374791","Order","113-5020215-9369858","Axe-F-R-L","Grumpy Bear 15"" Survival Axe Camping Hatchet - Forged High Carbon Steel Hatchet with Spike Tail for Breaking Doors, Glass & Ice, Leather Handle & Lany","1","amazon.com","Standard Orders","Amazon","LAPEER","MI","48446","MarketplaceFacilitator","46.99","2.09","0.50","0","0","0","0","0","-12.72","0","-2.09","-5.22","0","0","0","29.55"
"Nov 15, 2025 8:06:53 AM PST","24878374791","Order","113-0614639-9554612","Axe-F-R-S","Grumpy Bear 11"" Survival Axe Camping Hatchet - Forged High Carbon Steel Hatchet with Spike Tail for Breaking Doors, Glass & Ice, Leather Handle & Lany","1","amazon.com","Standard Orders","Amazon","Tucson","AZ","85704","MarketplaceFacilitator","33.24","2.03","2.50","0.15","0","0","0","0","0","0","-2.18","-4.99","-2.50","0","0","28.25"
"Nov 15, 2025 10:23:21 AM PST","24878374791","Order","S01-6325482-3599605","AXE-SH-S","Grumpy Bear 11"" Survival Axe Camping Hatchet – Forged High Carbon Steel Hatchet with Spike Tail for Breaking Doors, Glass & Ice, Leather Handle & Lanyard, Ideal for Bushcraft & Outdoor Adventures","1","sim1.stores.amazon.com","Standard Orders","Amazon","CABOT","AR","72023","","0","0","0","0","0","0","0","0","0","0","0","0","-11.75","0","0","-11.75"
"Nov 15, 2025 11:14:07 AM PST","24878374791","Order","S01-5988352-3288454","AXE-SH-S","Grumpy Bear 11"" Survival Axe Camping Hatchet – Forged High Carbon Steel Blade with Walnut Wood Handle – Shock-Absorbing, Anti-Slip Grip – Ideal for Bushcraft, Wood Splitting & Outdoor Adventures","1","sim1.stores.amazon.com","Standard Orders","Amazon","MORRIS","AL","35116","","0","0","0","0","0","0","0","0","0","0","0","0","-11.75","0","0","-11.75"
"Nov 15, 2025 1:46:00 PM PST","24878374791","Order","S01-8536940-4829257","Axe-F-R-L","Grumpy Bear 15"" Survival Axe Camping Hatchet – Forged High Carbon Steel Blade with Walnut Wood Handle – Shock-Absorbing, Anti-Slip Grip – Ideal for Bushcraft, Wood Splitting & Outdoor Adventures","1","sim1.stores.amazon.com","Standard Orders","Amazon","DULUTH","GA","30097","","0","0","0","0","0","0","0","0","0","0","0","0","-11.75","0","0","-11.75"
"Nov 15, 2025 2:39:06 PM PST","24878374791","Order","S01-5658548-3651661","AXE-SH-S","Grumpy Bear 11"" Survival Axe Camping Hatchet – Forged High Carbon Steel Blade with Walnut Wood Handle – Shock-Absorbing, Anti-Slip Grip – Ideal for Bushcraft, Wood Splitting & Outdoor Adventures","1","sim1.stores.amazon.com","Standard Orders","Amazon","LENOIR","NC","28645","","0","0","0","0","0","0","0","0","0","0","0","0","-11.75","0","0","-11.75"
"Nov 15, 2025 2:55:24 PM PST","24878374791","Order","113-4367341-3410661","GB-CA-02-LION","Grumpy Bear Camping Hatchet with Lion Carving, Full Tang Outdoor Axe with Decorative Handle, Durable Forged Blade for Hiking, Bushcraft, and Survival","1","amazon.com","Standard Orders","Amazon","HEMPSTEAD","NEW YORK","11550","MarketplaceFacilitator","29.99","2.59","0","0","0","0","0","0","0","0","-2.59","-4.50","-5.68","0","0","19.81"
"Nov 15, 2025 5:04:26 PM PST","24878374791","Order","S01-9970789-1519613","Axe-F-R-L","Grumpy Bear 15"" Survival Axe Camping Hatchet – Forged High Carbon Steel Blade with Walnut Wood Handle – Shock-Absorbing, Anti-Slip Grip – Ideal for Bushcraft, Wood Splitting & Outdoor Adventures","1","sim1.stores.amazon.com","Standard Orders","Amazon","SAINT MARIES","ID","83861","","0","0","0","0","0","0","0","0","0","0","0","0","-11.75","0","0","-11.75"
"Nov 15, 2025 5:56:57 PM PST","24878374791","Order","111-5770771-1173823","Axe-F-R-S","Grumpy Bear 11"" Survival Axe Camping Hatchet - Forged High Carbon Steel Hatchet with Spike Tail for Breaking Doors, Glass & Ice, Leather Handle & Lany","1","amazon.com","Standard Orders","Amazon","RENO","NV","89506","MarketplaceFacilitator","33.24","2.75","0","0","0","0","0","0","0","0","-2.75","-4.99","0","0","0","28.25"
"Nov 15, 2025 7:08:17 PM PST","24878374791","Order","S01-8828448-9601253","AXE-WS-S","Grumpy Bear 11"" Survival Axe Camping Hatchet – Forged High Carbon Steel Blade with Walnut Wood Handle – Shock-Absorbing, Anti-Slip Grip – Ideal for Bushcraft, Wood Splitting & Outdoor Adventures","1","sim1.stores.amazon.com","Standard Orders","Amazon","CABOT","AR","72023","","0","0","0","0","0","0","0","0","0","0","0","0","-11.75","0","0","-11.75"
"Nov 16, 2025 12:03:12 AM PST","24878374791","Order","111-3937463-1672231","AXE-SH-L","Grumpy Bear 15"" Survival Axe Camping Hatchet - Forged High Carbon Steel Hatchet with Spike Tail for Breaking Doors, Glass & Ice, Leather Handle & Lany","1","amazon.com","Standard Orders","Amazon","GRAYSON","GA","30017","MarketplaceFacilitator","46.99","2.82","0","0","0","0","0","0","0","0","-2.82","-7.05","0","0","0","39.94"
"Nov 16, 2025 12:27:13 AM PST","24878374791","Order","S01-5810967-3006827","Axe-F-R-L","Grumpy Bear 15"" Survival Axe Camping Hatchet – Forged High Carbon Steel Blade with Walnut Wood Handle – Shock-Absorbing, Anti-Slip Grip – Ideal for Bushcraft, Wood Splitting & Outdoor Adventures","1","sim1.stores.amazon.com","Standard Orders","Amazon","LONE PINE","CA","93545","","0","0","0","0","0","0","0","0","0","0","0","0","-11.75","0","0","-11.75"
"Nov 16, 2025 4:22:35 AM PST","24878374791","Order","114-7811998-3539443","AXE-SH-L","Grumpy Bear 15"" Survival Axe Camping Hatchet - Forged High Carbon Steel Hatchet with Spike Tail for Breaking Doors, Glass & Ice, Leather Handle & Lany","1","amazon.com","Standard Orders","Amazon","OMRO","WI","54963","MarketplaceFacilitator","46.99","1.88","2.99","0","0","0","0","0","-12.39","0","-1.88","-5.64","-6.44","0","0","25.51"
"Nov 16, 2025 4:44:11 AM PST","24878374791","Order","114-9059907-0046629","Axe-F-R-L","Grumpy Bear 15"" Survival Axe Camping Hatchet - Forged High Carbon Steel Hatchet with Spike Tail for Breaking Doors, Glass & Ice, Leather Handle & Lany","1","amazon.com","Standard Orders","Amazon","CARRIERE","MS","39426","MarketplaceFacilitator","35.18","2.46","0","0","0","0","0","0","0","0","-2.46","-5.28","0","0","0","29.90"
"Nov 16, 2025 8:00:50 AM PST","24878374791","Order","113-1048900-5502654","Axe-F-R-L","Grumpy Bear 15"" Survival Axe Camping Hatchet - Forged High Carbon Steel Hatchet with Spike Tail for Breaking Doors, Glass & Ice, Leather Handle & Lany","1","amazon.com","Standard Orders","Amazon","WHEATFIELD","IN","46392","MarketplaceFacilitator","46.99","3.29","1.50","0","0","0","0","0","-1.50","0","-3.29","-7.05","0","0","0","39.94"
"Nov 16, 2025 10:15:38 PM PST","24878374791","Service Fee","FBA191B7KM89","","FBA Inbound Placement Service Fee","","Amazon.com","Standard Orders","","","","","","0","0","0","0","0","0","0","0","0","0","0","0","0","0","0","0"
"Nov 16, 2025 11:14:50 PM PST","24878374791","Order","113-1874391-2520237","AXE-SH-L","Grumpy Bear 15"" Survival Axe Camping Hatchet - Forged High Carbon Steel Hatchet with Spike Tail for Breaking Doors, Glass & Ice, Leather Handle & Lany","1","amazon.com","Standard Orders","Amazon","BAKERSFIELD","CA","93308","MarketplaceFacilitator","46.99","3.10","0","0","0","0","0","0","-9.40","0","-3.10","-5.64","-6.44","0","0","25.51"
"Nov 16, 2025 11:17:52 PM PST","24878374791","Order","111-9551717-2922639","AXE-GBWS-L","Grumpy Bear 15"" Survival Axe Camping Hatchet - Forged High Carbon Steel Hatchet with Spike Tail for Breaking Doors, Glass & Ice, Leather Handle & Lany","1","amazon.com","Standard Orders","Amazon","PORTLAND","OR","97213","","44.99","0","0","0","0","0","0","0","-9.00","0","0","-5.40","-6.44","0","0","24.15"
"Nov 17, 2025 12:45:41 AM PST","24977935231","Debt","","","amzn1.cam.v1.sgid.24878374791","","","Standard Orders","","","","","","0","0","0","0","0","0","0","0","0","0","0","0","0","0","1,078.26","1,078.26"
"Nov 17, 2025 1:43:14 AM PST","24977935231","Order","113-0617463-0768249","Axe-F-R-L","Grumpy Bear 15"" Survival Axe Camping Hatchet - Forged High Carbon Steel Hatchet with Spike Tail for Breaking Doors, Glass & Ice, Leather Handle & Lany","1","amazon.com","Standard Orders","Amazon","Manor","Texas","78653","MarketplaceFacilitator","46.99","2.87","2.99","0","0","0","0","0","-15.21","0","-2.87","-5.22","0","0","0","29.55"
"Nov 17, 2025 6:02:04 AM PST","24977935231","Order","114-9672621-8886604","AXE-SH-L","Grumpy Bear 15"" Survival Axe Camping Hatchet - Forged High Carbon Steel Hatchet with Spike Tail for Breaking Doors, Glass & Ice, Leather Handle & Lany","1","amazon.com","Standard Orders","Amazon","GALT","CA","95632","MarketplaceFacilitator","46.99","3.48","2.99","0","0","0","0","0","-12.39","0","-3.48","-5.64","-6.44","0","0","25.51"
"Nov 17, 2025 7:41:00 AM PST","24977935231","Order","112-8048366-3422604","Axe-F-R-L","Grumpy Bear 15"" Survival Axe Camping Hatchet - Forged High Carbon Steel Hatchet with Spike Tail for Breaking Doors, Glass & Ice, Leather Handle & Lany","1","amazon.com","Standard Orders","Amazon","NILES","OH","44446","MarketplaceFacilitator","46.99","2.35","0","0","0","0","0","0","-12.22","0","-2.35","-5.22","0","0","0","29.55"
"Nov 17, 2025 7:43:17 AM PST","24977935231","Order","S01-9524054-5593258","AXE-SH-S","Grumpy Bear 11"" Survival Axe Camping Hatchet – Forged High Carbon Steel Blade with Walnut Wood Handle – Shock-Absorbing, Anti-Slip Grip – Ideal for Bushcraft, Wood Splitting & Outdoor Adventures","1","sim1.stores.amazon.com","Standard Orders","Amazon","BELVIDERE","NJ","07823","","0","0","0","0","0","0","0","0","0","0","0","0","-11.75","0","0","-11.75"
"Nov 17, 2025 9:51:12 AM PST","24977935231","Order","S01-7199334-8386849","AXE-SH-S","Grumpy Bear 11"" Survival Axe Camping Hatchet – Forged High Carbon Steel Blade with Walnut Wood Handle – Shock-Absorbing, Anti-Slip Grip – Ideal for Bushcraft, Wood Splitting & Outdoor Adventures","1","sim1.stores.amazon.com","Standard Orders","Amazon","FRENCHBURG","KY","40322","","0","0","0","0","0","0","0","0","0","0","0","0","-11.75","0","0","-11.75"
"Nov 17, 2025 2:59:11 PM PST","24977935231","Order","S01-7956738-9770018","Axe-F-R-L","Grumpy Bear 15"" Survival Axe Camping Hatchet – Forged High Carbon Steel Blade with Walnut Wood Handle – Shock-Absorbing, Anti-Slip Grip – Ideal for Bushcraft, Wood Splitting & Outdoor Adventures","1","sim1.stores.amazon.com","Standard Orders","Amazon","NEWMARKET","NH","03857","","0","0","0","0","0","0","0","0","0","0","0","0","-11.75","0","0","-11.75"
"Nov 17, 2025 4:59:23 PM PST","24977935231","Service Fee","","","Cost of Advertising","","","Standard Orders","","","","","","0","0","0","0","0","0","0","0","0","0","0","0","0","-500.93","0","-500.93"
"Nov 17, 2025 11:25:47 PM PST","24977935231","Order","S01-2185015-5202003","Axe-F-R-L","Grumpy Bear 15"" Survival Axe Camping Hatchet – Forged High Carbon Steel Blade with Walnut Wood Handle – Shock-Absorbing, Anti-Slip Grip – Ideal for Bushcraft, Wood Splitting & Outdoor Adventures","1","sim1.stores.amazon.com","Standard Orders","Amazon","SHERBURNE","NY","13460","","0","0","0","0","0","0","0","0","0","0","0","0","-11.75","0","0","-11.75"
"Nov 18, 2025 4:18:21 AM PST","24977935231","Order","112-8966317-8551412","AXE-SH-L","Grumpy Bear 15"" Survival Axe Camping Hatchet - Forged High Carbon Steel Hatchet with Spike Tail for Breaking Doors, Glass & Ice, Leather Handle & Lany","1","amazon.com","Standard Orders","Amazon","Sandwich","Ma","02537","MarketplaceFacilitator","46.99","2.94","6.62","0","0","0","0","0","-6.62","0","-2.94","-7.05","-3.57","0","0","36.37"
"Nov 18, 2025 5:58:47 AM PST","24977935231","Order","114-5572718-4897859","Axe-F-R-L","Grumpy Bear 15"" Survival Axe Camping Hatchet - Forged High Carbon Steel Hatchet with Spike Tail for Breaking Doors, Glass & Ice, Leather Handle & Lany","1","amazon.com","Standard Orders","Amazon","MOUNT BETHEL","PA","18343","MarketplaceFacilitator","46.99","2.09","0","0","0","0","0","0","-12.22","0","-2.09","-5.22","0","0","0","29.55"
"Nov 18, 2025 2:14:28 PM PST","24977935231","Order","S01-7588152-4862854","AXE-WS-S","Grumpy Bear 11"" Survival Axe Camping Hatchet – Forged High Carbon Steel Blade with Walnut Wood Handle – Shock-Absorbing, Anti-Slip Grip – Ideal for Bushcraft, Wood Splitting & Outdoor Adventures","1","sim1.stores.amazon.com","Standard Orders","Amazon","EVARTS","KY","40828","","0","0","0","0","0","0","0","0","0","0","0","0","-11.75","0","0","-11.75"
"Nov 18, 2025 4:24:32 PM PST","24977935231","Order","114-4371054-2738643","Axe-F-R-L","Grumpy Bear 15"" Survival Axe Camping Hatchet - Forged High Carbon Steel Hatchet with Spike Tail for Breaking Doors, Glass & Ice, Leather Handle & Lany","1","amazon.com","Standard Orders","Amazon","ALVARADO","TX","76009","MarketplaceFacilitator","46.99","2.87","0","0","0","0","0","0","-12.22","0","-2.87","-5.22","0","0","0","29.55"
"Nov 18, 2025 7:11:47 PM PST","24977935231","Order","S01-3550095-6874813","AXE-SH-S","Grumpy Bear 11"" Survival Axe Camping Hatchet – Forged High Carbon Steel Blade with Walnut Wood Handle – Shock-Absorbing, Anti-Slip Grip – Ideal for Bushcraft, Wood Splitting & Outdoor Adventures","1","sim1.stores.amazon.com","Standard Orders","Amazon","CHARLEMONT","MA","01339","","0","0","0","0","0","0","0","0","0","0","0","0","-11.75","0","0","-11.75"
"Nov 18, 2025 8:43:10 PM PST","24977935231","Order","111-0409178-9765036","AXE-GBWS-L","Grumpy Bear 15"" Survival Axe Camping Hatchet - Forged High Carbon Steel Hatchet with Spike Tail for Breaking Doors, Glass & Ice, Leather Handle & Lany","1","amazon.com","Standard Orders","Amazon","MERRILL","MI","48637","MarketplaceFacilitator","44.99","2.16","0","0","0","0","0","0","-9.00","0","-2.16","-5.40","-6.44","0","0","24.15"
"Nov 18, 2025 10:50:05 PM PST","24977935231","Order","112-2424107-0398668","AXE-SH-S","Grumpy Bear 11"" Survival Axe Camping Hatchet - Forged High Carbon Steel Hatchet with Spike Tail for Breaking Doors, Glass & Ice, Leather Handle & Lany","1","amazon.com","Standard Orders","Amazon","LAND O LAKES","FL","34639","MarketplaceFacilitator","44.99","3.15","0","0","0","0","0","0","0","0","-3.15","-6.75","-6.24","0","0","32.00"
"Nov 19, 2025 2:21:34 AM PST","24977935231","Order","111-6694086-3910658","Axe-F-R-L","Grumpy Bear 15"" Survival Axe Camping Hatchet - Forged High Carbon Steel Hatchet with Spike Tail for Breaking Doors, Glass & Ice, Leather Handle & Lany","1","amazon.com","Standard Orders","Amazon","SAINT PAUL","MN","55108","MarketplaceFacilitator","46.99","3.43","0","0","0","0","0","0","-12.22","0","-3.43","-5.22","0","0","0","29.55"
"Nov 19, 2025 4:04:38 AM PST","24977935231","Order","111-9767595-0279442","GB-CA-02-EAGLE","Grumpy Bear Camping Hatchet, Full Tang Outdoor Axe with Decorative Handle, Durable Forged Blade for Hiking, Bushcraft, and Survival (Eagle)","1","amazon.com","Standard Orders","Amazon","CHARLOTTE","NC","28216","MarketplaceFacilitator","29.99","2.17","0","0","0","0","0","0","0","0","-2.17","-4.50","-5.68","0","0","19.81"
"Nov 19, 2025 5:41:11 AM PST","24977935231","Order","S01-1837188-7065230","AXE-SH-S","Grumpy Bear 11"" Survival Axe Camping Hatchet – Forged High Carbon Steel Blade with Walnut Wood Handle – Shock-Absorbing, Anti-Slip Grip – Ideal for Bushcraft, Wood Splitting & Outdoor Adventures","1","sim1.stores.amazon.com","Standard Orders","Amazon","BOUNTIFUL","UT","84010","","0","0","0","0","0","0","0","0","0","0","0","0","-11.75","0","0","-11.75"
"Nov 19, 2025 6:30:35 AM PST","24977935231","Order","114-1127921-9690615","C-axe-02","Full Tang Survival Camping Axe with Wood Ergonomic Handle and Nylon Sheath Sheath - High Carbon Stainless Steel, Multi-Tool for Outdoor, Hunting, Emer","1","amazon.com","Standard Orders","Amazon","PECOS","TX","79772","MarketplaceFacilitator","21.84","1.80","0","0","0","0","0","0","0","0","-1.80","-3.28","-6.44","0","0","12.12"
"Nov 19, 2025 7:21:01 AM PST","24977935231","Order","114-9204763-1045043","GB-CA-02-EAGLE","Grumpy Bear Camping Hatchet, Full Tang Outdoor Axe with Decorative Handle, Durable Forged Blade for Hiking, Bushcraft, and Survival (Eagle)","1","amazon.com","Standard Orders","Amazon","JAMAICA","NY","11434","MarketplaceFacilitator","29.99","2.66","5.73","0.51","0","0","0","0","0","0","-3.17","-4.50","-11.41","0","0","19.81"
"Nov 19, 2025 7:41:04 AM PST","24977935231","Order","114-5983967-4429830","GB-CA-02-LION","Grumpy Bear Camping Hatchet with Lion Carving, Full Tang Outdoor Axe with Decorative Handle, Durable Forged Blade for Hiking, Bushcraft, and Survival","1","amazon.com","Standard Orders","Amazon","WARNER ROBINS","GA","31088","MarketplaceFacilitator","29.99","2.10","0","0","0","0","0","0","0","0","-2.10","-4.50","-5.68","0","0","19.81"
"Nov 19, 2025 7:52:06 AM PST","24977935231","Order","111-4990496-1773068","Axe-F-R-L","Grumpy Bear 15"" Survival Axe Camping Hatchet - Forged High Carbon Steel Hatchet with Spike Tail for Breaking Doors, Glass & Ice, Leather Handle & Lany","1","amazon.com","Standard Orders","Amazon","HOLTON","KS","66436","MarketplaceFacilitator","46.99","4.06","0","0","0","0","0","0","0","0","-4.06","-7.05","0","0","0","39.94"
"Nov 19, 2025 7:57:08 AM PST","24977935231","Order","S01-1932815-8448469","Axe-F-R-L","Grumpy Bear 15"" Survival Axe Camping Hatchet – Forged High Carbon Steel Blade with Walnut Wood Handle – Shock-Absorbing, Anti-Slip Grip – Ideal for Bushcraft, Wood Splitting & Outdoor Adventures","1","sim1.stores.amazon.com","Standard Orders","Amazon","PORT RICHEY","FL","34668","","0","0","0","0","0","0","0","0","0","0","0","0","-11.75","0","0","-11.75"
"Nov 19, 2025 8:02:56 AM PST","24977935231","Order","S01-3449160-8388421","AXE-SH-L","Grumpy Bear 15"" Survival Axe Camping Hatchet – Forged High Carbon Steel Blade with Walnut Wood Handle – Shock-Absorbing, Anti-Slip Grip – Ideal for Bushcraft, Wood Splitting & Outdoor Adventures","1","sim1.stores.amazon.com","Standard Orders","Amazon","CABOT","AR","72023","","0","0","0","0","0","0","0","0","0","0","0","0","-11.75","0","0","-11.75"
"Nov 19, 2025 8:12:25 AM PST","24977935231","Service Fee","FBA19092LLT9","","FBA Inbound Placement Service Fee","","Amazon.com","Standard Orders","","","","","","0","0","0","0","0","0","0","0","0","0","0","0","0","0","0","0"
"Nov 19, 2025 8:13:42 AM PST","24977935231","Service Fee","FBA190934LNK","","FBA Inbound Placement Service Fee","","Amazon.com","Standard Orders","","","","","","0","0","0","0","0","0","0","0","0","0","0","0","0","0","0","0"
"Nov 19, 2025 12:12:02 PM PST","24977935231","FBA Inventory Fee","","","FBA Long-Term Storage Fee","","Amazon.com","Standard Orders","","","","","","0","0","0","0","0","0","0","0","0","0","0","0","0","0","-394.26","-394.26"
"Nov 19, 2025 12:50:34 PM PST","24977935231","Order","S01-4729636-0587655","AXE-SH-S","Grumpy Bear 11"" Survival Axe Camping Hatchet – Forged High Carbon Steel Blade with Walnut Wood Handle – Shock-Absorbing, Anti-Slip Grip – Ideal for Bushcraft, Wood Splitting & Outdoor Adventures","1","sim1.stores.amazon.com","Standard Orders","Amazon","TOMS RIVER","NJ","08753","","0","0","0","0","0","0","0","0","0","0","0","0","-11.75","0","0","-11.75"
"Nov 19, 2025 3:08:53 PM PST","24977935231","Order","S01-7403613-1487651","AXE-SH-S","Grumpy Bear 11"" Survival Axe Camping Hatchet – Forged High Carbon Steel Blade with Walnut Wood Handle – Shock-Absorbing, Anti-Slip Grip – Ideal for Bushcraft, Wood Splitting & Outdoor Adventures","1","sim1.stores.amazon.com","Standard Orders","Amazon","BRIER","WA","98036","","0","0","0","0","0","0","0","0","0","0","0","0","-11.75","0","0","-11.75"
"Nov 19, 2025 3:22:05 PM PST","24977935231","Order","S01-2271228-0148406","Axe-F-R-L","Grumpy Bear 15"" Survival Axe Camping Hatchet – Forged High Carbon Steel Blade with Walnut Wood Handle – Shock-Absorbing, Anti-Slip Grip – Ideal for Bushcraft, Wood Splitting & Outdoor Adventures","1","sim1.stores.amazon.com","Standard Orders","Amazon","LACHINE","MI","49753","","0","0","0","0","0","0","0","0","0","0","0","0","-11.75","0","0","-11.75"
"Nov 19, 2025 3:25:19 PM PST","24977935231","Order","S01-1211284-0705227","Axe-F-R-L","Grumpy Bear 15"" Survival Axe Camping Hatchet – Forged High Carbon Steel Blade with Walnut Wood Handle – Shock-Absorbing, Anti-Slip Grip – Ideal for Bushcraft, Wood Splitting & Outdoor Adventures","1","sim1.stores.amazon.com","Standard Orders","Amazon","SOUTH BEND","IN","46637","","0","0","0","0","0","0","0","0","0","0","0","0","-11.75","0","0","-11.75"
"Nov 19, 2025 10:26:37 PM PST","24977935231","Order","112-2072411-1406646","GB-CA-02-EAGLE","Grumpy Bear Camping Hatchet, Full Tang Outdoor Axe with Decorative Handle, Durable Forged Blade for Hiking, Bushcraft, and Survival (Eagle)","1","amazon.com","Standard Orders","Amazon","CADIZ","KY","42211","MarketplaceFacilitator","29.99","0","0","0","0","0","0","0","0","0","0","-4.50","-5.68","0","0","19.81"
"Nov 19, 2025 10:27:21 PM PST","24977935231","Order","112-3562452-9420264","CP-A-K-U","Grumpy Bear Camping Axe & Sickle Set - Dual Outdoor Tools for Camping, Survival & Bushcraft | High Carbon Steel Camping Axe & Hatchet Combo | Black Ox","1","amazon.com","Standard Orders","Amazon","CHARDON","OH","44024","MarketplaceFacilitator","39.99","0","0","0","0","0","0","0","-39.99","0","0","-0.30","-5.84","0","0","-6.14"
"Nov 19, 2025 10:31:09 PM PST","24977935231","Order","113-1509047-2105861","Axe-F-R-L","Grumpy Bear 15"" Survival Axe Camping Hatchet - Forged High Carbon Steel Hatchet with Spike Tail for Breaking Doors, Glass & Ice, Leather Handle & Lany","1","amazon.com","Standard Orders","Amazon","HEMET","CA","92543","MarketplaceFacilitator","45.73","4.00","3.46","0.30","0","0","0","0","0","0","-4.30","-6.86","-9.90","0","0","32.43"
"Nov 20, 2025 12:37:54 AM PST","24977935231","Order","114-4962157-6346616","CP-A-K-U","Grumpy Bear Camping Axe & Sickle Set - Dual Outdoor Tools for Camping, Survival & Bushcraft | High Carbon Steel Camping Axe & Hatchet Combo | Black Ox","1","amazon.com","Standard Orders","Amazon","RIVERVIEW","FL","33578","MarketplaceFacilitator","39.99","0","0","0","0","0","0","0","-39.99","0","0","-0.30","-5.84","0","0","-6.14"
"Nov 20, 2025 12:55:54 AM PST","24977935231","Order","112-0336027-4356230","Axe-F-R-L","Grumpy Bear 15"" Survival Axe Camping Hatchet - Forged High Carbon Steel Hatchet with Spike Tail for Breaking Doors, Glass & Ice, Leather Handle & Lany","1","amazon.com","Standard Orders","Amazon","RICHLAND","NJ","08350","MarketplaceFacilitator","46.99","2.30","0","0","0","0","0","0","-12.22","0","-2.30","-5.22","0","0","0","29.55"
"Nov 20, 2025 2:11:09 AM PST","24977935231","Order","114-3366051-5597832","AXE-SH-L","Grumpy Bear 15"" Survival Axe Camping Hatchet - Forged High Carbon Steel Hatchet with Spike Tail for Breaking Doors, Glass & Ice, Leather Handle & Lany","1","amazon.com","Standard Orders","Amazon","Brooklyn","NY","11205","MarketplaceFacilitator","46.99","3.34","0","0","0","0","0","0","-9.40","0","-3.34","-5.64","-6.44","0","0","25.51"
"Nov 20, 2025 4:20:00 AM PST","24977935231","Amazon Fees","e60a7180-4283-432b-9465-6b25baf6099a","","Coupon Performance Based Fee","","Amazon.com","Standard Orders","","","","","","0","0","0","0","0","0","0","0","0","0","0","-6.08","0","0","0","-6.08"
"Nov 20, 2025 4:32:07 AM PST","24977935231","Amazon Fees","e60a7180-4283-432b-9465-6b25baf6099a","","Coupon Participation Fee","","Amazon.com","Standard Orders","","","","","","0","0","0","0","0","0","0","0","0","0","0","-5.00","0","0","0","-5.00"
"Nov 20, 2025 5:00:28 AM PST","24977935231","Order","113-9683759-8684204","CP-A-K-U","Grumpy Bear Camping Axe & Sickle Set - Dual Outdoor Tools for Camping, Survival & Bushcraft | High Carbon Steel Camping Axe & Hatchet Combo | Black Ox","1","amazon.com","Standard Orders","Amazon","CELINA","TX","75009","MarketplaceFacilitator","39.99","0","0","0","0","0","0","0","-39.99","0","0","-0.30","-5.84","0","0","-6.14"
"Nov 20, 2025 5:33:41 AM PST","24977935231","Order","114-7238917-8626642","CP-A-K-U","Grumpy Bear Camping Axe & Sickle Set - Dual Outdoor Tools for Camping, Survival & Bushcraft | High Carbon Steel Camping Axe & Hatchet Combo | Black Ox","1","amazon.com","Standard Orders","Amazon","GARDEN CITY","MI","48135","MarketplaceFacilitator","39.99","0","0","0","0","0","0","0","-39.99","0","0","-0.30","-5.84","0","0","-6.14"
"Nov 20, 2025 7:11:55 AM PST","24977935231","Order","S01-0335929-9738026","Axe-F-R-L","Grumpy Bear 15"" Survival Axe Camping Hatchet – Forged High Carbon Steel Blade with Walnut Wood Handle – Shock-Absorbing, Anti-Slip Grip – Ideal for Bushcraft, Wood Splitting & Outdoor Adventures","1","sim1.stores.amazon.com","Standard Orders","Amazon","ROCKY MOUNT","MO","65072","","0","0","0","0","0","0","0","0","0","0","0","0","-11.75","0","0","-11.75"
"Nov 20, 2025 8:55:39 AM PST","24977935231","Order","S01-5860749-2828405","Axe-F-R-L","Grumpy Bear 15"" Survival Axe Camping Hatchet – Forged High Carbon Steel Blade with Walnut Wood Handle – Shock-Absorbing, Anti-Slip Grip – Ideal for Bushcraft, Wood Splitting & Outdoor Adventures","1","sim1.stores.amazon.com","Standard Orders","Amazon","LANCASTER","PA","17603","","0","0","0","0","0","0","0","0","0","0","0","0","-11.75","0","0","-11.75"
"Nov 20, 2025 9:03:17 AM PST","24977935231","Order","S01-5823337-6279645","AXE-SH-S","Grumpy Bear 11"" Survival Axe Camping Hatchet – Forged High Carbon Steel Blade with Walnut Wood Handle – Shock-Absorbing, Anti-Slip Grip – Ideal for Bushcraft, Wood Splitting & Outdoor Adventures","1","sim1.stores.amazon.com","Standard Orders","Amazon","WILMER","AL","36587","","0","0","0","0","0","0","0","0","0","0","0","0","-11.75","0","0","-11.75"
"Nov 20, 2025 12:02:12 PM PST","24977935231","Order","S01-6287362-5205246","AXE-SH-S","Grumpy Bear 11"" Survival Axe Camping Hatchet – Forged High Carbon Steel Blade with Walnut Wood Handle – Shock-Absorbing, Anti-Slip Grip – Ideal for Bushcraft, Wood Splitting & Outdoor Adventures","1","sim1.stores.amazon.com","Standard Orders","Amazon","SUMMERFIELD","NC","27358","","0","0","0","0","0","0","0","0","0","0","0","0","-7.20","0","0","-7.20"
"Nov 20, 2025 12:02:12 PM PST","24977935231","Order","S01-6287362-5205246","AXE-SH-S","Grumpy Bear 11"" Survival Axe Camping Hatchet – Forged High Carbon Steel Blade with Walnut Wood Handle – Shock-Absorbing, Anti-Slip Grip – Ideal for Bushcraft, Wood Splitting & Outdoor Adventures","1","sim1.stores.amazon.com","Standard Orders","Amazon","SUMMERFIELD","NC","27358","","0","0","0","0","0","0","0","0","0","0","0","0","-7.20","0","0","-7.20"
"Nov 20, 2025 12:02:12 PM PST","24977935231","Order","S01-6287362-5205246","AXE-SH-S","Grumpy Bear 11"" Survival Axe Camping Hatchet – Forged High Carbon Steel Blade with Walnut Wood Handle – Shock-Absorbing, Anti-Slip Grip – Ideal for Bushcraft, Wood Splitting & Outdoor Adventures","1","sim1.stores.amazon.com","Standard Orders","Amazon","SUMMERFIELD","NC","27358","","0","0","0","0","0","0","0","0","0","0","0","0","-7.20","0","0","-7.20"
"Nov 20, 2025 1:25:01 PM PST","24977935231","Order","S01-0286674-1954060","C-axe-01","Full Tang Survival Camping Axe with Wood Ergonomic Handle and Nylon Sheath Sheath – High Carbon Stainless Steel, Multi-Tool for Outdoor, Hunting, Emergency (Small)","1","sim1.stores.amazon.com","Standard Orders","Amazon","SCHERTZ","TX","78154","","0","0","0","0","0","0","0","0","0","0","0","0","-10.60","0","0","-10.60"
"Nov 20, 2025 3:39:21 PM PST","24977935231","Order","S01-3727606-2346002","Axe-F-R-L","Grumpy Bear 15"" Survival Axe Camping Hatchet – Forged High Carbon Steel Blade with Walnut Wood Handle – Shock-Absorbing, Anti-Slip Grip – Ideal for Bushcraft, Wood Splitting & Outdoor Adventures","1","sim1.stores.amazon.com","Standard Orders","Amazon","MAMMOTH CAVE","KY","42259","","0","0","0","0","0","0","0","0","0","0","0","0","-11.75","0","0","-11.75"
"Nov 20, 2025 4:50:51 PM PST","24977935231","Order","S01-5644929-2207626","C-axe-01","Full Tang Survival Camping Axe with Wood Ergonomic Handle and Nylon Sheath Sheath – High Carbon Stainless Steel, Multi-Tool for Outdoor, Hunting, Emergency (Small)","1","sim1.stores.amazon.com","Standard Orders","Amazon","FAYETTEVILLE","AR","72704","","0","0","0","0","0","0","0","0","0","0","0","0","-10.60","0","0","-10.60"
"Nov 20, 2025 9:53:36 PM PST","24977935231","Order","S01-0736697-8219640","AXE-WS-S","Grumpy Bear 11"" Survival Axe Camping Hatchet – Forged High Carbon Steel Blade with Walnut Wood Handle – Shock-Absorbing, Anti-Slip Grip – Ideal for Bushcraft, Wood Splitting & Outdoor Adventures","1","sim1.stores.amazon.com","Standard Orders","Amazon","JEANERETTE","LA","70544","","0","0","0","0","0","0","0","0","0","0","0","0","-11.75","0","0","-11.75"
"Nov 21, 2025 1:47:30 AM PST","24977935231","Order","113-9658666-6389813","Axe-F-R-L","Grumpy Bear 15"" Survival Axe Camping Hatchet - Forged High Carbon Steel Hatchet with Spike Tail for Breaking Doors, Glass & Ice, Leather Handle & Lany","1","amazon.com","Standard Orders","Amazon","GRANTS PASS","OR","97527","","46.99","0","0","0","0","0","0","0","0","0","0","-7.05","-3.97","0","0","35.97"
"Nov 21, 2025 5:04:37 AM PST","24977935231","Order","114-6902580-8859440","GB-CA-02-EAGLE","Grumpy Bear Camping Hatchet, Full Tang Outdoor Axe with Decorative Handle, Durable Forged Blade for Hiking, Bushcraft, and Survival (Eagle)","1","amazon.com","Standard Orders","Amazon","LA GRANGE","KY","40031","MarketplaceFacilitator","29.99","1.80","1.00","0","0","0","0","0","-1.00","0","-1.80","-4.50","-5.68","0","0","19.81"
"Nov 21, 2025 5:18:42 AM PST","24977935231","Order","112-0109699-4236264","CP-A-K-U","Grumpy Bear Camping Axe & Sickle Set - Dual Outdoor Tools for Camping, Survival & Bushcraft | High Carbon Steel Camping Axe & Hatchet Combo | Black Ox","1","amazon.com","Standard Orders","Amazon","LEBANON","MO","65536","MarketplaceFacilitator","39.99","0","0","0","0","0","0","0","-39.99","0","0","-0.30","-5.84","0","0","-6.14"
"Nov 21, 2025 6:27:07 AM PST","24977935231","Order","112-3744243-7563407","CP-A-K-U","Grumpy Bear Camping Axe & Sickle Set - Dual Outdoor Tools for Camping, Survival & Bushcraft | High Carbon Steel Camping Axe & Hatchet Combo | Black Ox","1","amazon.com","Standard Orders","Amazon","JOHNSON CITY","TN","37604","MarketplaceFacilitator","39.99","0","0","0","0","0","0","0","-39.99","0","0","-0.30","-5.84","0","0","-6.14"
"Nov 21, 2025 7:04:04 AM PST","24977935231","Order","112-6664000-8873824","CP-A-K-U","Grumpy Bear Camping Axe & Sickle Set - Dual Outdoor Tools for Camping, Survival & Bushcraft | High Carbon Steel Camping Axe & Hatchet Combo | Black Ox","1","amazon.com","Standard Orders","Amazon","PALM BEACH GARDENS","FL","33418","MarketplaceFacilitator","39.99","0","0","0","0","0","0","0","-39.99","0","0","-0.30","-5.84","0","0","-6.14"
"Nov 21, 2025 7:58:26 AM PST","24977935231","Order","111-2481946-9487439","CP-A-K-U","Grumpy Bear Camping Axe & Sickle Set - Dual Outdoor Tools for Camping, Survival & Bushcraft | High Carbon Steel Camping Axe & Hatchet Combo | Black Ox","1","amazon.com","Standard Orders","Amazon","PEARBLOSSOM","CA","93553","MarketplaceFacilitator","39.99","0","0","0","0","0","0","0","-39.99","0","0","-0.30","-5.84","0","0","-6.14"
"Nov 21, 2025 7:59:41 AM PST","24977935231","Order","114-7608706-8728243","Axe-F-R-L","Grumpy Bear 15"" Survival Axe Camping Hatchet - Forged High Carbon Steel Hatchet with Spike Tail for Breaking Doors, Glass & Ice, Leather Handle & Lany","1","amazon.com","Standard Orders","Amazon","HEALY","AK","99743","MarketplaceFacilitator","46.99","0","0","0","0","0","0","0","0","0","0","-7.05","0","0","0","39.94"
"Nov 21, 2025 8:13:37 AM PST","24977935231","Order","114-3737933-2870654","CP-A-K-U","Grumpy Bear Camping Axe & Sickle Set - Dual Outdoor Tools for Camping, Survival & Bushcraft | High Carbon Steel Camping Axe & Hatchet Combo | Black Ox","1","amazon.com","Standard Orders","Amazon","ROCHESTER","NY","14618","MarketplaceFacilitator","39.99","0","0","0","0","0","0","0","-39.99","0","0","-0.30","-5.84","0","0","-6.14"
"Nov 21, 2025 8:14:11 AM PST","24977935231","Service Fee","FBA19092HXN7","","FBA Inbound Placement Service Fee","","Amazon.com","Standard Orders","","","","","","0","0","0","0","0","0","0","0","0","0","0","0","0","0","0","0"
"Nov 21, 2025 9:03:19 AM PST","24977935231","Order","S01-1046896-7479666","AXE-WS-L","Grumpy Bear 15"" Survival Axe Camping Hatchet – Forged High Carbon Steel Blade with Walnut Wood Handle – Shock-Absorbing, Anti-Slip Grip – Ideal for Bushcraft, Wood Splitting & Outdoor Adventures","1","sim1.stores.amazon.com","Standard Orders","Amazon","WICHITA","KS","67204","","0","0","0","0","0","0","0","0","0","0","0","0","-11.75","0","0","-11.75"
"Nov 21, 2025 10:23:18 AM PST","24977935231","Order","S01-6959353-6301205","AXE-SH-S","Grumpy Bear 11"" Survival Axe Camping Hatchet – Forged High Carbon Steel Blade with Walnut Wood Handle – Shock-Absorbing, Anti-Slip Grip – Ideal for Bushcraft, Wood Splitting & Outdoor Adventures","1","sim1.stores.amazon.com","Standard Orders","Amazon","ELK GROVE","CA","95624","","0","0","0","0","0","0","0","0","0","0","0","0","-11.75","0","0","-11.75"
"Nov 21, 2025 10:27:42 AM PST","24977935231","Order","S01-3723972-3579619","AXE-WS-L","Grumpy Bear 15"" Survival Axe Camping Hatchet – Forged High Carbon Steel Blade with Walnut Wood Handle – Shock-Absorbing, Anti-Slip Grip – Ideal for Bushcraft, Wood Splitting & Outdoor Adventures","1","sim1.stores.amazon.com","Standard Orders","Amazon","MADISON","GA","30650","","0","0","0","0","0","0","0","0","0","0","0","0","-11.75","0","0","-11.75"
"Nov 21, 2025 10:59:28 AM PST","24977935231","Order","112-4195097-2766644","CP-A-K-U","Grumpy Bear Camping Axe & Sickle Set - Dual Outdoor Tools for Camping, Survival & Bushcraft | High Carbon Steel Camping Axe & Hatchet Combo | Black Ox","1","amazon.com","Standard Orders","Amazon","INDIANAPOLIS","IN","46256","MarketplaceFacilitator","39.99","0","0","0","0","0","0","0","-39.99","0","0","-0.30","-5.84","0","0","-6.14"
"Nov 21, 2025 5:51:10 PM PST","24977935231","Order","111-3014405-4459416","Axe-F-R-L","Grumpy Bear 15"" Survival Axe Camping Hatchet - Forged High Carbon Steel Hatchet with Spike Tail for Breaking Doors, Glass & Ice, Leather Handle & Lany","1","amazon.com","Standard Orders","Amazon","Quitman","Texas","75783","MarketplaceFacilitator","45.73","3.09","0","0","0","0","0","0","0","0","-3.09","-6.86","-6.44","0","0","32.43"
"Nov 21, 2025 10:56:37 PM PST","24977935231","Order","111-1916268-9934603","AXE-GBWS-L","Grumpy Bear 15"" Survival Axe Camping Hatchet - Forged High Carbon Steel Hatchet with Spike Tail for Breaking Doors, Glass & Ice, Leather Handle & Lany","2","amazon.com","Standard Orders","Amazon","PARKER","AZ","85344","MarketplaceFacilitator","89.98","6.20","0","0","0","0","0","0","-18.00","0","-6.20","-10.80","-12.88","0","0","48.30"
"Nov 22, 2025 12:00:49 AM PST","24977935231","Order","114-4238257-7983405","Axe-F-R-L","Grumpy Bear 15"" Survival Axe Camping Hatchet - Forged High Carbon Steel Hatchet with Spike Tail for Breaking Doors, Glass & Ice, Leather Handle & Lany","1","amazon.com","Standard Orders","Amazon","GRANTS PASS","OR","97526","","46.99","0","0","0","0","0","0","0","0","0","0","-7.05","-6.44","0","0","33.50"
"Nov 22, 2025 1:40:44 AM PST","24977935231","Order","111-4300122-1031438","C-axe-02","Full Tang Survival Camping Axe with Wood Ergonomic Handle and Nylon Sheath Sheath - High Carbon Stainless Steel, Multi-Tool for Outdoor, Hunting, Emer","1","amazon.com","Standard Orders","Amazon","EL PASO","TX","79936","MarketplaceFacilitator","21.84","1.80","1.40","0","0","0","0","0","-1.40","0","-1.80","-3.28","-6.44","0","0","12.12"
"Nov 22, 2025 2:53:32 AM PST","24977935231","Order","S01-4969769-4242048","C-axe-02","Full Tang Survival Camping Axe with Wood Ergonomic Handle and Nylon Sheath Sheath – High Carbon Stainless Steel, Multi-Tool for Outdoor, Hunting, Emergency (Big)","1","sim1.stores.amazon.com","Standard Orders","Amazon","MONTEREY PARK","CA","91755","","0","0","0","0","0","0","0","0","0","0","0","0","-11.75","0","0","-11.75"
"Nov 22, 2025 3:16:36 AM PST","24977935231","Order","114-0652415-3753847","AXE-SH-L","Grumpy Bear 15"" Survival Axe Camping Hatchet - Forged High Carbon Steel Hatchet with Spike Tail for Breaking Doors, Glass & Ice, Leather Handle & Lany","3","amazon.com","Standard Orders","Amazon","DESTIN","FLORIDA","32541","MarketplaceFacilitator","140.97","9.87","0","0","0","0","0","0","0","0","-9.87","-21.15","-19.32","0","0","100.50"
"Nov 22, 2025 3:42:59 AM PST","24977935231","Order","114-2292187-0875449","AXE-GBWS-L","Grumpy Bear 15"" Survival Axe Camping Hatchet - Forged High Carbon Steel Hatchet with Spike Tail for Breaking Doors, Glass & Ice, Leather Handle & Lany","2","amazon.com","Standard Orders","Amazon","LYNBROOK","NY","11563","MarketplaceFacilitator","89.98","7.76","6.99","0.60","0","0","0","0","0","0","-8.36","-13.50","-19.87","0","0","63.60"
"Nov 22, 2025 7:27:03 AM PST","24977935231","Order","113-4183842-9540249","AXE-GBWS-L","Grumpy Bear 15"" Survival Axe Camping Hatchet - Forged High Carbon Steel Hatchet with Spike Tail for Breaking Doors, Glass & Ice, Leather Handle & Lany","1","amazon.com","Standard Orders","Amazon","MANORVILLE","NY","11949","MarketplaceFacilitator","44.99","3.94","0","0","0","0","0","0","0","0","-3.94","-6.75","-6.44","0","0","31.80"
"Nov 22, 2025 9:23:10 AM PST","24977935231","Order","S01-1603387-8274828","Axe-F-R-L","Grumpy Bear 15"" Survival Axe Camping Hatchet – Forged High Carbon Steel Blade with Walnut Wood Handle – Shock-Absorbing, Anti-Slip Grip – Ideal for Bushcraft, Wood Splitting & Outdoor Adventures","1","sim1.stores.amazon.com","Standard Orders","Amazon","GRAPEVINE","TX","76051","","0","0","0","0","0","0","0","0","0","0","0","0","-11.75","0","0","-11.75"
"Nov 22, 2025 10:33:44 AM PST","24977935231","Order","114-2420598-5489007","AXE-SH-L","Grumpy Bear 15"" Survival Axe Camping Hatchet - Forged High Carbon Steel Hatchet with Spike Tail for Breaking Doors, Glass & Ice, Leather Handle & Lany","1","amazon.com","Standard Orders","Amazon","DESTIN","FLORIDA","32541","MarketplaceFacilitator","46.99","3.29","0","0","0","0","0","0","0","0","-3.29","-7.05","-6.44","0","0","33.50"
"Nov 22, 2025 7:13:56 PM PST","24977935231","Order","S01-3069916-1278006","AXE-SH-L","Grumpy Bear 15"" Survival Axe Camping Hatchet – Forged High Carbon Steel Blade with Walnut Wood Handle – Shock-Absorbing, Anti-Slip Grip – Ideal for Bushcraft, Wood Splitting & Outdoor Adventures","1","sim1.stores.amazon.com","Standard Orders","Amazon","MINNEAPOLIS","MN","55439","","0","0","0","0","0","0","0","0","0","0","0","0","-11.75","0","0","-11.75"
"Nov 22, 2025 7:18:47 PM PST","24977935231","Service Fee","","","Cost of Advertising","","","Standard Orders","","","","","","0","0","0","0","0","0","0","0","0","0","0","0","0","-500.24","0","-500.24"
"Nov 22, 2025 11:59:54 PM PST","24977935231","Order","112-3832605-0765848","Axe-F-R-L","Grumpy Bear 15"" Survival Axe Camping Hatchet - Forged High Carbon Steel Hatchet with Spike Tail for Breaking Doors, Glass & Ice, Leather Handle & Lany","1","amazon.com","Standard Orders","Amazon","HIBBING","MN","55746","MarketplaceFacilitator","45.73","3.60","1.14","0","0","0","0","0","-1.14","0","-3.60","-6.86","-6.44","0","0","32.43"
"Nov 23, 2025 12:55:03 AM PST","24977935231","Order","114-6287970-7523404","GB-CA-02-WOLF","Grumpy Bear Camping Hatchet with Wolf Carving, Full Tang Outdoor Axe with Decorative Handle, Durable Forged Blade for Hiking, Bushcraft, and Survival","1","amazon.com","Standard Orders","Amazon","ARVADA","CO","80003","MarketplaceFacilitator","29.99","2.50","0","0","0","0","0","0","0","0","-5.00","-9.00","-5.84","0","0","12.65"
"Nov 23, 2025 12:55:03 AM PST","24977935231","Order","114-6287970-7523404","GB-CA-02-WOLF","Grumpy Bear Camping Hatchet with Wolf Carving, Full Tang Outdoor Axe with Decorative Handle, Durable Forged Blade for Hiking, Bushcraft, and Survival","1","amazon.com","Standard Orders","Amazon","ARVADA","CO","80003","","29.99","2.50","0","0","0","0","0","0","0","0","0","0","-5.84","0","0","26.65"
"Nov 23, 2025 4:07:13 AM PST","24977935231","Order","113-0979586-8816213","Axe-F-R-L","Grumpy Bear 15"" Survival Axe Camping Hatchet - Forged High Carbon Steel Hatchet with Spike Tail for Breaking Doors, Glass & Ice, Leather Handle & Lany","1","amazon.com","Standard Orders","Amazon","NASHVILLE","TN","37211","MarketplaceFacilitator","39.94","3.89","0","0","0","0","0","0","0","0","-3.89","-5.99","-6.44","0","0","27.51"
"Nov 23, 2025 6:34:06 AM PST","24977935231","Order","S01-5029371-3067603","AXE-SH-L","Grumpy Bear 15"" Survival Axe Camping Hatchet – Forged High Carbon Steel Blade with Walnut Wood Handle – Shock-Absorbing, Anti-Slip Grip – Ideal for Bushcraft, Wood Splitting & Outdoor Adventures","1","sim1.stores.amazon.com","Standard Orders","Amazon","HARROGATE","TN","37752","","0","0","0","0","0","0","0","0","0","0","0","0","-11.75","0","0","-11.75"
"Nov 23, 2025 6:49:38 AM PST","24977935231","Order","S01-5032427-3556457","AXE-WS-L","Grumpy Bear 15"" Survival Axe Camping Hatchet – Forged High Carbon Steel Blade with Walnut Wood Handle – Shock-Absorbing, Anti-Slip Grip – Ideal for Bushcraft, Wood Splitting & Outdoor Adventures","1","sim1.stores.amazon.com","Standard Orders","Amazon","ALBANY","NY","12203","","0","0","0","0","0","0","0","0","0","0","0","0","-11.75","0","0","-11.75"
"Nov 23, 2025 12:12:54 PM PST","24977935231","Order","S01-3165929-2493236","Axe-F-R-L","Grumpy Bear 15"" Survival Axe Camping Hatchet – Forged High Carbon Steel Blade with Walnut Wood Handle – Shock-Absorbing, Anti-Slip Grip – Ideal for Bushcraft, Wood Splitting & Outdoor Adventures","1","sim1.stores.amazon.com","Standard Orders","Amazon","MARION","VA","24354","","0","0","0","0","0","0","0","0","0","0","0","0","-11.75","0","0","-11.75"
"Nov 23, 2025 1:49:07 PM PST","24977935231","Order","S01-7852838-3472407","AXE-WS-L","Grumpy Bear 15"" Survival Axe Camping Hatchet – Forged High Carbon Steel Blade with Walnut Wood Handle – Shock-Absorbing, Anti-Slip Grip – Ideal for Bushcraft, Wood Splitting & Outdoor Adventures","1","sim1.stores.amazon.com","Standard Orders","Amazon","HARTFORD","MI","49057","","0","0","0","0","0","0","0","0","0","0","0","0","-11.75","0","0","-11.75"
"Nov 23, 2025 6:16:19 PM PST","24977935231","Order","S01-4810423-2622046","AXE-SH-L","Grumpy Bear 15"" Survival Axe Camping Hatchet – Forged High Carbon Steel Blade with Walnut Wood Handle – Shock-Absorbing, Anti-Slip Grip – Ideal for Bushcraft, Wood Splitting & Outdoor Adventures","1","sim1.stores.amazon.com","Standard Orders","Amazon","JOPLIN","MO","64801","","0","0","0","0","0","0","0","0","0","0","0","0","-11.75","0","0","-11.75"
"Nov 23, 2025 10:08:35 PM PST","24977935231","Order","S01-1562800-2402818","AXE-SH-L","Grumpy Bear 15"" Survival Axe Camping Hatchet – Forged High Carbon Steel Blade with Walnut Wood Handle – Shock-Absorbing, Anti-Slip Grip – Ideal for Bushcraft, Wood Splitting & Outdoor Adventures","1","sim1.stores.amazon.com","Standard Orders","Amazon","NEWBURY","NH","03255","","0","0","0","0","0","0","0","0","0","0","0","0","-11.75","0","0","-11.75"
"Nov 24, 2025 3:58:18 AM PST","24977935231","Amazon Fees","1bc1b649-924e-4f66-939a-cc2e130e6f40","","Coupon Performance Based Fee","","Amazon.com","Standard Orders","","","","","","0","0","0","0","0","0","0","0","0","0","0","-8.26","0","0","0","-8.26"
"Nov 24, 2025 4:31:22 AM PST","24977935231","Amazon Fees","1bc1b649-924e-4f66-939a-cc2e130e6f40","","Coupon Participation Fee","","Amazon.com","Standard Orders","","","","","","0","0","0","0","0","0","0","0","0","0","0","-5.00","0","0","0","-5.00"
"Nov 24, 2025 6:47:33 AM PST","24977935231","Order","111-5123622-7940215","Axe-F-R-L","Grumpy Bear 15"" Survival Axe Camping Hatchet - Forged High Carbon Steel Blade with Walnut Wood Handle - Shock-Absorbing, Anti-Slip Grip - Ideal for Bu","1","amazon.com","Standard Orders","Amazon","LOOMIS","CA","95650","MarketplaceFacilitator","35.94","2.35","0","0","0","0","0","0","-3.59","0","-2.35","-4.85","-6.44","0","0","21.06"
"Nov 24, 2025 7:30:24 AM PST","24977935231","Order","114-3502665-7453852","C-axe-02","Full Tang Survival Camping Axe with Wood Ergonomic Handle and Nylon Sheath Sheath - High Carbon Stainless Steel, Multi-Tool for Outdoor, Hunting, Emer","1","amazon.com","Standard Orders","Amazon","WOODSTOCK","IL","60098","MarketplaceFacilitator","14.99","1.24","0","0","0","0","0","0","0","0","-1.24","-2.25","-6.44","0","0","6.30"
"Nov 24, 2025 9:02:05 AM PST","24977935231","Order","112-5186001-9233824","GB-CA-02-LION","Grumpy Bear Camping Hatchet with Lion Carving, Full Tang Outdoor Axe with Decorative Handle, Durable Forged Blade for Hiking, Bushcraft, and Survival","1","amazon.com","Standard Orders","Amazon","SWEETWATER","TX","79556","MarketplaceFacilitator","14.99","1.24","0","0","0","0","0","0","0","0","-1.24","-2.25","-5.68","0","0","7.06"
"Nov 24, 2025 9:02:05 AM PST","24977935231","Order","112-5186001-9233824","GB-CA-02-TIGER","Grumpy Bear Camping Hatchet with Tiger Carving, Full Tang Outdoor Axe with Decorative Handle, Durable Forged Blade for Hiking, Bushcraft, and Survival","1","amazon.com","Standard Orders","Amazon","SWEETWATER","TX","79556","MarketplaceFacilitator","14.99","1.24","0","0","0","0","0","0","0","0","-1.24","-2.25","-5.84","0","0","6.90"
"Nov 24, 2025 10:14:14 AM PST","24977935231","Order","S01-0756904-8278852","AXE-SH-L","Grumpy Bear 15"" Survival Axe Camping Hatchet – Forged High Carbon Steel Blade with Walnut Wood Handle – Shock-Absorbing, Anti-Slip Grip – Ideal for Bushcraft, Wood Splitting & Outdoor Adventures","1","sim1.stores.amazon.com","Standard Orders","Amazon","PENSACOLA","FL","32506","","0","0","0","0","0","0","0","0","0","0","0","0","-11.75","0","0","-11.75"
"Nov 24, 2025 10:14:21 AM PST","24977935231","Order","S01-2140584-3937206","AXE-SH-L","Grumpy Bear 15"" Survival Axe Camping Hatchet – Forged High Carbon Steel Blade with Walnut Wood Handle – Shock-Absorbing, Anti-Slip Grip – Ideal for Bushcraft, Wood Splitting & Outdoor Adventures","1","sim1.stores.amazon.com","Standard Orders","Amazon","HELENA","MT","59604","","0","0","0","0","0","0","0","0","0","0","0","0","-11.75","0","0","-11.75"
"Nov 24, 2025 1:18:00 PM PST","24977935231","Order","S01-0381101-0038814","AXE-WS-L","Grumpy Bear 15"" Survival Axe Camping Hatchet – Forged High Carbon Steel Blade with Walnut Wood Handle – Shock-Absorbing, Anti-Slip Grip – Ideal for Bushcraft, Wood Splitting & Outdoor Adventures","1","sim1.stores.amazon.com","Standard Orders","Amazon","AUSTIN","TX","78704","","0","0","0","0","0","0","0","0","0","0","0","0","-11.75","0","0","-11.75"
"Nov 24, 2025 2:51:13 PM PST","24977935231","Order","112-8154646-7135413","Axe-F-R-L","Grumpy Bear 15"" Survival Axe Camping Hatchet - Forged High Carbon Steel Blade with Walnut Wood Handle - Shock-Absorbing, Anti-Slip Grip - Ideal for Bu","1","amazon.com","Standard Orders","Amazon","OMAHA","NE","68106","MarketplaceFacilitator","35.94","2.26","0","0","0","0","0","0","-3.59","0","-2.26","-4.85","-6.44","0","0","21.06"
"Nov 24, 2025 4:00:30 PM PST","24977935231","Order","S01-4111302-1838868","Axe-F-R-L","Grumpy Bear 15"" Survival Axe Camping Hatchet – Forged High Carbon Steel Blade with Walnut Wood Handle – Shock-Absorbing, Anti-Slip Grip – Ideal for Bushcraft, Wood Splitting & Outdoor Adventures","1","sim1.stores.amazon.com","Standard Orders","Amazon","MARSHALL","MO","65340","","0","0","0","0","0","0","0","0","0","0","0","0","-11.75","0","0","-11.75"
"Nov 24, 2025 4:16:45 PM PST","24977935231","Order","113-1436508-0661043","GB-CA-02-EAGLE","Grumpy Bear Camping Hatchet, Full Tang Outdoor Axe with Decorative Handle, Durable Forged Blade for Hiking, Bushcraft, and Survival (Eagle)","1","amazon.com","Standard Orders","Amazon","VALLEJO","CA","94590","MarketplaceFacilitator","19.99","1.85","1.49","0","0","0","0","0","-1.49","0","-3.70","-6.00","-5.68","0","0","6.46"
"Nov 24, 2025 4:16:45 PM PST","24977935231","Order","113-1436508-0661043","GB-CA-02-EAGLE","Grumpy Bear Camping Hatchet, Full Tang Outdoor Axe with Decorative Handle, Durable Forged Blade for Hiking, Bushcraft, and Survival (Eagle)","1","amazon.com","Standard Orders","Amazon","VALLEJO","CA","94590","","19.99","1.85","1.50","0","0","0","0","0","-1.50","0","0","0","-5.68","0","0","16.16"
"Nov 24, 2025 10:33:06 PM PST","24977935231","Order","S01-5993065-8342830","Axe-F-R-L","Grumpy Bear 15"" Survival Axe Camping Hatchet – Forged High Carbon Steel Blade with Walnut Wood Handle – Shock-Absorbing, Anti-Slip Grip – Ideal for Bushcraft, Wood Splitting & Outdoor Adventures","1","sim1.stores.amazon.com","Standard Orders","Amazon","BRYANT","AR","72022","","0","0","0","0","0","0","0","0","0","0","0","0","-11.75","0","0","-11.75"
"Nov 24, 2025 10:42:43 PM PST","24977935231","Order","112-2957008-0509022","C-axe-02","Full Tang Survival Camping Axe with Wood Ergonomic Handle and Nylon Sheath Sheath - High Carbon Stainless Steel, Multi-Tool for Outdoor, Hunting, Emer","1","amazon.com","Standard Orders","Amazon","FAR HILLS","NJ","07931","MarketplaceFacilitator","14.99","0.99","0","0","0","0","0","0","0","0","-0.99","-2.25","-6.44","0","0","6.30"
"Nov 24, 2025 11:41:06 PM PST","24977935231","Order","114-1047317-7546615","AXE-SH-L","Grumpy Bear 15"" Survival Axe Camping Hatchet - Forged High Carbon Steel Blade with Walnut Wood Handle - Shock-Absorbing, Anti-Slip Grip - Ideal for Bu","1","amazon.com","Standard Orders","Amazon","Columbus","OH","43228","MarketplaceFacilitator","39.94","2.88","0","0","0","0","0","0","-3.99","0","-2.88","-5.39","-6.44","0","0","24.12"
"Nov 25, 2025 12:39:58 AM PST","24977935231","Order","113-7240615-0045806","Axe-F-R-L","Grumpy Bear 15"" Survival Axe Camping Hatchet - Forged High Carbon Steel Blade with Walnut Wood Handle - Shock-Absorbing, Anti-Slip Grip - Ideal for Bu","1","amazon.com","Standard Orders","Amazon","WASHINGTON COURT HOUSE","OH","43160","MarketplaceFacilitator","35.94","2.35","0","0","0","0","0","0","-3.59","0","-2.35","-4.85","-6.44","0","0","21.06"
"Nov 25, 2025 2:12:49 AM PST","24977935231","Service Fee","FBA191BDQVGJ","","FBA Inbound Placement Service Fee","","Amazon.com","Standard Orders","","","","","","0","0","0","0","0","0","0","0","0","0","0","0","0","0","0","0"
"Nov 25, 2025 3:14:40 AM PST","24977935231","Order","114-8668503-1180216","AXE-SH-S","Grumpy Bear 11"" Survival Axe Camping Hatchet - Forged High Carbon Steel Blade with Walnut Wood Handle - Shock-Absorbing, Anti-Slip Grip - Ideal for Bu","1","amazon.com","Standard Orders","Amazon","SPOKANE VALLEY","WA","99016","MarketplaceFacilitator","34.41","2.76","0","0","0","0","0","0","-3.44","0","-2.76","-4.65","-6.24","0","0","20.08"
"Nov 25, 2025 3:16:53 AM PST","24977935231","Order","114-9947787-7945803","GB-CA-02-WOLF","Grumpy Bear Camping Hatchet with Wolf Carving, Full Tang Outdoor Axe with Decorative Handle, Durable Forged Blade for Hiking, Bushcraft, and Survival","1","amazon.com","Standard Orders","Amazon","WAUKESHA","WI","53186","MarketplaceFacilitator","19.99","1.00","0","0","0","0","0","0","0","0","-1.00","-3.00","-5.84","0","0","11.15"
"Nov 25, 2025 3:23:32 AM PST","24977935231","Order","114-9644410-3389015","GB-CA-02-EAGLE","Grumpy Bear Camping Hatchet, Full Tang Outdoor Axe with Decorative Handle, Durable Forged Blade for Hiking, Bushcraft, and Survival (Eagle)","1","amazon.com","Standard Orders","Amazon","YORK","SC","29745","MarketplaceFacilitator","19.99","1.40","0","0","0","0","0","0","0","0","-1.40","-3.00","-5.68","0","0","11.31"
"Nov 25, 2025 3:38:38 AM PST","24977935231","Order","112-6108079-2689052","GB-CA-02-WOLF","Grumpy Bear Camping Hatchet with Wolf Carving, Full Tang Outdoor Axe with Decorative Handle, Durable Forged Blade for Hiking, Bushcraft, and Survival","1","amazon.com","Standard Orders","Amazon","FAIRBANKS","AK","99707","MarketplaceFacilitator","19.99","0","0","0","0","0","0","0","0","0","0","-3.00","-5.84","0","0","11.15"
"Nov 25, 2025 5:31:55 AM PST","24977935231","Order","112-3241959-0828255","GB-CA-02-LION","Grumpy Bear Camping Hatchet with Lion Carving, Full Tang Outdoor Axe with Decorative Handle, Durable Forged Blade for Hiking, Bushcraft, and Survival","1","amazon.com","Standard Orders","Amazon","CLARKSVILLE","TN","37042","MarketplaceFacilitator","14.99","1.42","0","0","0","0","0","0","0","0","-1.42","-2.25","-5.68","0","0","7.06"
"Nov 25, 2025 5:35:44 AM PST","24977935231","Order","111-5121224-2565053","Axe-F-R-L","Grumpy Bear 15"" Survival Axe Camping Hatchet - Forged High Carbon Steel Blade with Walnut Wood Handle - Shock-Absorbing, Anti-Slip Grip - Ideal for Bu","1","amazon.com","Standard Orders","Amazon","KNOXVILLE","IA","50138","MarketplaceFacilitator","35.94","2.26","0","0","0","0","0","0","-3.59","0","-2.26","-4.85","-6.44","0","0","21.06"
"Nov 25, 2025 5:59:18 AM PST","24977935231","Adjustment","","CP-A-K-U","FBA Inventory Reimbursement - General Adjustment","1","","Standard Orders","","","","","","0","0","0","0","0","0","0","0","0","0","0","0","0","0","-11.65","-11.65"
"Nov 25, 2025 6:03:54 AM PST","24977935231","Order","114-9654088-0016207","AXE-WS-L","Grumpy Bear 15"" Survival Axe Camping Hatchet - Forged High Carbon Steel Blade with Walnut Wood Handle - Shock-Absorbing, Anti-Slip Grip - Ideal for Bu","1","amazon.com","Standard Orders","Amazon","BYRON CENTER","MI","49315","MarketplaceFacilitator","38.24","2.07","0","0","0","0","0","0","-3.82","0","-2.07","-5.16","-6.44","0","0","22.82"
"Nov 25, 2025 7:46:27 AM PST","24977935231","Order","114-6594856-6738617","GB-CA-02-EAGLE","Grumpy Bear Camping Hatchet, Full Tang Outdoor Axe with Decorative Handle, Durable Forged Blade for Hiking, Bushcraft, and Survival (Eagle)","1","amazon.com","Standard Orders","Amazon","DAVENPORT","IA","52806","MarketplaceFacilitator","19.99","1.40","0","0","0","0","0","0","0","0","-1.40","-3.00","-5.68","0","0","11.31"
"Nov 25, 2025 7:47:26 AM PST","24977935231","Order","111-0695347-5354665","GB-CA-02-WOLF","Grumpy Bear Camping Hatchet with Wolf Carving, Full Tang Outdoor Axe with Decorative Handle, Durable Forged Blade for Hiking, Bushcraft, and Survival","1","amazon.com","Standard Orders","Amazon","MAZOMANIE","WI","53560","MarketplaceFacilitator","19.99","1.10","0","0","0","0","0","0","0","0","-1.10","-3.00","-5.84","0","0","11.15"
"Nov 25, 2025 7:50:47 AM PST","24977935231","Order","113-2227043-7371422","GB-CA-02-LION","Grumpy Bear Camping Hatchet with Lion Carving, Full Tang Outdoor Axe with Decorative Handle, Durable Forged Blade for Hiking, Bushcraft, and Survival","1","amazon.com","Standard Orders","Amazon","KIRBYVILLE","TX","75956","MarketplaceFacilitator","14.99","1.24","6.99","0.58","0","0","0","0","0","0","-1.82","-2.25","-12.67","0","0","7.06"
"Nov 25, 2025 8:05:50 AM PST","24977935231","Order","111-1287132-1347451","AXE-GBWS-L","Grumpy Bear 15"" Survival Axe Camping Hatchet - Forged High Carbon Steel Blade with Walnut Wood Handle - Shock-Absorbing, Anti-Slip Grip - Ideal for Bu","1","amazon.com","Standard Orders","Amazon","PARKER","AZ","85344","MarketplaceFacilitator","34.41","2.66","0","0","0","0","0","0","-3.44","0","-2.66","-4.65","-6.44","0","0","19.88"
"Nov 25, 2025 10:21:01 AM PST","24977935231","Order","S01-2618994-8953246","AXE-SH-S","Grumpy Bear 11"" Survival Axe Camping Hatchet – Forged High Carbon Steel Blade with Walnut Wood Handle – Shock-Absorbing, Anti-Slip Grip – Ideal for Bushcraft, Wood Splitting & Outdoor Adventures","1","sim1.stores.amazon.com","Standard Orders","Amazon","GOLDEN VALLEY","AZ","86413","","0","0","0","0","0","0","0","0","0","0","0","0","-11.75","0","0","-11.75"
"Nov 25, 2025 11:55:04 AM PST","24977935231","Order","S01-7980724-3758026","Axe-F-R-L","Grumpy Bear 15"" Survival Axe Camping Hatchet – Forged High Carbon Steel Blade with Walnut Wood Handle – Shock-Absorbing, Anti-Slip Grip – Ideal for Bushcraft, Wood Splitting & Outdoor Adventures","1","sim1.stores.amazon.com","Standard Orders","Amazon","ELKHART","IN","46516","","0","0","0","0","0","0","0","0","0","0","0","0","-11.75","0","0","-11.75"
"Nov 25, 2025 6:17:25 PM PST","24977935231","Order","S01-8992316-9939617","Axe-F-R-L","Grumpy Bear 15"" Survival Axe Camping Hatchet – Forged High Carbon Steel Blade with Walnut Wood Handle – Shock-Absorbing, Anti-Slip Grip – Ideal for Bushcraft, Wood Splitting & Outdoor Adventures","1","sim1.stores.amazon.com","Standard Orders","Amazon","HANNA CITY","IL","61536","","0","0","0","0","0","0","0","0","0","0","0","0","-11.75","0","0","-11.75"
"Nov 25, 2025 9:49:17 PM PST","24977935231","Order","S01-4672669-9672421","AXE-WS-L","Grumpy Bear 15"" Survival Axe Camping Hatchet – Forged High Carbon Steel Blade with Walnut Wood Handle – Shock-Absorbing, Anti-Slip Grip – Ideal for Bushcraft, Wood Splitting & Outdoor Adventures","1","sim1.stores.amazon.com","Standard Orders","Amazon","FARGO","ND","58103","","0","0","0","0","0","0","0","0","0","0","0","0","-11.75","0","0","-11.75"
"Nov 25, 2025 11:50:10 PM PST","24977935231","Order","112-5284662-4077009","GB-CA-02-EAGLE","Grumpy Bear Camping Hatchet, Full Tang Outdoor Axe with Decorative Handle, Durable Forged Blade for Hiking, Bushcraft, and Survival (Eagle)","1","amazon.com","Standard Orders","Amazon","ATLANTA","GA","30350","MarketplaceFacilitator","19.99","1.55","0","0","0","0","0","0","0","0","-1.55","-3.00","-5.68","0","0","11.31"
"Nov 26, 2025 12:35:49 AM PST","24977935231","Order","112-8818985-3330640","C-axe-02","Full Tang Survival Camping Axe with Wood Ergonomic Handle and Nylon Sheath Sheath - High Carbon Stainless Steel, Multi-Tool for Outdoor, Hunting, Emer","1","amazon.com","Standard Orders","Amazon","FAIRFIELD","CA","94534","MarketplaceFacilitator","14.99","1.26","0","0","0","0","0","0","0","0","-2.52","-4.50","-6.44","0","0","2.79"
"Nov 26, 2025 12:35:49 AM PST","24977935231","Order","112-8818985-3330640","C-axe-02","Full Tang Survival Camping Axe with Wood Ergonomic Handle and Nylon Sheath Sheath - High Carbon Stainless Steel, Multi-Tool for Outdoor, Hunting, Emer","1","amazon.com","Standard Orders","Amazon","FAIRFIELD","CA","94534","","14.99","1.26","0","0","0","0","0","0","0","0","0","0","-6.44","0","0","9.81"
"Nov 26, 2025 1:17:13 AM PST","24977935231","Order","111-0570844-8603405","Axe-F-R-S","Grumpy Bear 11"" Survival Axe Camping Hatchet - Forged High Carbon Steel Blade with Walnut Wood Handle - Shock-Absorbing, Anti-Slip Grip - Ideal for Bu","1","amazon.com","Standard Orders","Amazon","RENO","NV","89506","MarketplaceFacilitator","38.24","2.84","0","0","0","0","0","0","-3.82","0","-2.84","-5.16","-6.24","0","0","23.02"
"Nov 26, 2025 1:42:45 AM PST","24977935231","Order","112-8818985-3330640","C-axe-01","Full Tang Survival Camping Axe with Wood Ergonomic Handle and Nylon Sheath Sheath - High Carbon Stainless Steel, Multi-Tool for Outdoor, Hunting, Emer","1","amazon.com","Standard Orders","Amazon","FAIRFIELD","CA","94534","MarketplaceFacilitator","10.99","0.92","0","0","0","0","0","0","0","0","-0.92","-1.65","-6.10","0","0","3.24"
"Nov 26, 2025 1:50:09 AM PST","24977935231","Order","111-4638546-4081867","AXE-SH-S","Grumpy Bear 11"" Survival Axe Camping Hatchet - Forged High Carbon Steel Hatchet with Spike Tail for Breaking Doors, Glass & Ice, Leather Handle & Lany","1","amazon.com","Standard Orders","Amazon","amarillo","texas","79108","MarketplaceFacilitator","38.24","3.15","2.10","0","0","0","0","0","-2.10","0","-3.15","-5.74","-6.24","0","0","26.26"
"Nov 26, 2025 1:50:56 AM PST","24977935231","Order","S01-2519273-9665265","Axe-F-R-L","Grumpy Bear 15"" Survival Axe Camping Hatchet – Forged High Carbon Steel Blade with Walnut Wood Handle – Shock-Absorbing, Anti-Slip Grip – Ideal for Bushcraft, Wood Splitting & Outdoor Adventures","1","sim1.stores.amazon.com","Standard Orders","Amazon","MORROW","OH","45152","","0","0","0","0","0","0","0","0","0","0","0","0","-11.75","0","0","-11.75"
"Nov 26, 2025 2:38:16 AM PST","24977935231","Service Fee","","","Subscription","","Amazon.com","Standard Orders","","","","","","0","0","0","0","0","0","0","0","0","0","0","0","0","0","-21.98","-21.98"
"Nov 26, 2025 2:43:14 AM PST","24977935231","Order","S01-3900321-9260433","Axe-F-R-L","Grumpy Bear 15"" Survival Axe Camping Hatchet – Forged High Carbon Steel Blade with Walnut Wood Handle – Shock-Absorbing, Anti-Slip Grip – Ideal for Bushcraft, Wood Splitting & Outdoor Adventures","1","sim1.stores.amazon.com","Standard Orders","Amazon","SPRINGFIELD","IL","62704","","0","0","0","0","0","0","0","0","0","0","0","0","-11.75","0","0","-11.75"
"Nov 26, 2025 3:01:27 AM PST","24977935231","Order","111-9457731-5263466","C-axe-02","Full Tang Survival Camping Axe with Wood Ergonomic Handle and Nylon Sheath Sheath - High Carbon Stainless Steel, Multi-Tool for Outdoor, Hunting, Emer","2","amazon.com","Standard Orders","Amazon","MELBOURNE","FL","32935","MarketplaceFacilitator","29.98","2.10","0","0","0","0","0","0","0","0","-2.10","-4.50","-12.88","0","0","12.60"
"Nov 26, 2025 5:15:06 AM PST","24977935231","Order","113-8236559-9845811","C-axe-01","Full Tang Survival Camping Axe with Wood Ergonomic Handle and Nylon Sheath Sheath - High Carbon Stainless Steel, Multi-Tool for Outdoor, Hunting, Emer","1","amazon.com","Standard Orders","Amazon","NORFOLK","VA","23507","MarketplaceFacilitator","10.99","0.66","0","0","0","0","0","0","0","0","-0.66","-1.65","-6.10","0","0","3.24"
"Nov 26, 2025 5:37:36 AM PST","24977935231","Order","114-6551770-8045864","C-axe-02","Full Tang Survival Camping Axe with Wood Ergonomic Handle and Nylon Sheath Sheath - High Carbon Stainless Steel, Multi-Tool for Outdoor, Hunting, Emer","1","amazon.com","Standard Orders","Amazon","HENDERSONVILLE","TN","37075","MarketplaceFacilitator","14.99","1.46","0","0","0","0","0","0","0","0","-1.46","-2.25","-6.44","0","0","6.30"
"Nov 26, 2025 5:52:56 AM PST","24977935231","Order","114-7509190-3852230","Axe-F-R-L","Grumpy Bear 15"" Survival Axe Camping Hatchet - Forged High Carbon Steel Blade with Walnut Wood Handle - Shock-Absorbing, Anti-Slip Grip - Ideal for Bu","1","amazon.com","Standard Orders","Amazon","MILWAUKEE","WI","53222","MarketplaceFacilitator","35.94","2.56","1.50","0","0","0","0","0","-5.09","0","-2.56","-4.85","-6.44","0","0","21.06"
"Nov 26, 2025 7:32:21 AM PST","24977935231","Order","S01-9813937-7034065","Axe-F-R-L","Grumpy Bear 15"" Survival Axe Camping Hatchet – Forged High Carbon Steel Blade with Walnut Wood Handle – Shock-Absorbing, Anti-Slip Grip – Ideal for Bushcraft, Wood Splitting & Outdoor Adventures","1","sim1.stores.amazon.com","Standard Orders","Amazon","BIGFOOT","TX","78005","","0","0","0","0","0","0","0","0","0","0","0","0","-11.75","0","0","-11.75"
"Nov 26, 2025 7:44:09 AM PST","24977935231","Order","111-7554240-9138657","GB-CA-02-LION","Grumpy Bear Camping Hatchet with Lion Carving, Full Tang Outdoor Axe with Decorative Handle, Durable Forged Blade for Hiking, Bushcraft, and Survival","1","amazon.com","Standard Orders","Amazon","CLARKSVILLE","TN","37040","MarketplaceFacilitator","14.99","1.42","0","0","0","0","0","0","0","0","-1.42","-2.25","-5.68","0","0","7.06"
"Nov 26, 2025 7:45:29 AM PST","24977935231","Order","111-8555904-4665051","C-axe-02","Full Tang Survival Camping Axe with Wood Ergonomic Handle and Nylon Sheath Sheath - High Carbon Stainless Steel, Multi-Tool for Outdoor, Hunting, Emer","1","amazon.com","Standard Orders","Amazon","MELBOURNE","FL","32935","MarketplaceFacilitator","14.99","1.05","0","0","0","0","0","0","0","0","-1.05","-2.25","-6.44","0","0","6.30"
"Nov 26, 2025 8:00:40 AM PST","24977935231","Order","112-5968957-0937864","GB-CA-02-LION","Grumpy Bear Camping Hatchet with Lion Carving, Full Tang Outdoor Axe with Decorative Handle, Durable Forged Blade for Hiking, Bushcraft, and Survival","2","amazon.com","Standard Orders","Amazon","DAYTON","OH","45417","MarketplaceFacilitator","29.98","2.24","0","0","0","0","0","0","0","0","-2.24","-4.50","-11.36","0","0","14.12"
"Nov 26, 2025 8:18:53 AM PST","24977935231","Order","114-1096317-9070669","AXE-SH-S","Grumpy Bear 11"" Survival Axe Camping Hatchet - Forged High Carbon Steel Blade with Walnut Wood Handle - Shock-Absorbing, Anti-Slip Grip - Ideal for Bu","1","amazon.com","Standard Orders","Amazon","MADISON","WI","53704","MarketplaceFacilitator","34.41","1.70","0","0","0","0","0","0","-3.44","0","-1.70","-4.65","-6.24","0","0","20.08"
"Nov 26, 2025 9:27:52 AM PST","24977935231","Order","S01-6142327-8958016","C-axe-02","Full Tang Survival Camping Axe with Wood Ergonomic Handle and Nylon Sheath Sheath – High Carbon Stainless Steel, Multi-Tool for Outdoor, Hunting, Emergency (Big)","2","sim1.stores.amazon.com","Standard Orders","Amazon","CORAL SPRINGS","FL","33067","","0","0","0","0","0","0","0","0","0","0","0","0","-16.52","0","0","-16.52"
"Nov 26, 2025 3:20:24 PM PST","24977935231","Order","111-2897221-3673002","AXE-GBWS-L","Grumpy Bear 15"" Survival Axe Camping Hatchet - Forged High Carbon Steel Blade with Walnut Wood Handle - Shock-Absorbing, Anti-Slip Grip - Ideal for Bu","1","amazon.com","Standard Orders","Amazon","WOODSTOWN","NJ","08098","MarketplaceFacilitator","34.41","2.05","0","0","0","0","0","0","-3.44","0","-2.05","-4.65","-6.44","0","0","19.88"
"Nov 26, 2025 5:49:59 PM PST","24977935231","Order","S01-1800134-0278022","Axe-F-R-L","Grumpy Bear 15"" Survival Axe Camping Hatchet – Forged High Carbon Steel Blade with Walnut Wood Handle – Shock-Absorbing, Anti-Slip Grip – Ideal for Bushcraft, Wood Splitting & Outdoor Adventures","1","sim1.stores.amazon.com","Standard Orders","Amazon","SAINT JOSEPH","MO","64507","","0","0","0","0","0","0","0","0","0","0","0","0","-11.75","0","0","-11.75"
"Nov 26, 2025 6:13:51 PM PST","24977935231","Order","113-1758217-6377059","Axe-F-R-L","Grumpy Bear 15"" Survival Axe Camping Hatchet - Forged High Carbon Steel Blade with Walnut Wood Handle - Shock-Absorbing, Anti-Slip Grip - Ideal for Bu","1","amazon.com","Standard Orders","Amazon","SHERMAN OAKS","CA","91403","MarketplaceFacilitator","35.94","3.15","0","0","0","0","0","0","-3.59","0","-3.15","-4.85","-6.44","0","0","21.06"
"Nov 27, 2025 2:31:39 AM PST","24977935231","Order","113-2887628-1130631","GB-CA-02-EAGLE","Grumpy Bear Camping Hatchet, Full Tang Outdoor Axe with Decorative Handle, Durable Forged Blade for Hiking, Bushcraft, and Survival (Eagle)","1","amazon.com","Standard Orders","Amazon","Newton","IA","50208","MarketplaceFacilitator","19.99","1.40","0.60","0","0","0","0","0","-0.60","0","-1.40","-3.00","-5.68","0","0","11.31"
"Nov 27, 2025 3:02:14 AM PST","24977935231","Order","113-2046801-8050616","GB-CA-02-LION","Grumpy Bear Camping Hatchet with Lion Carving, Full Tang Outdoor Axe with Decorative Handle, Durable Forged Blade for Hiking, Bushcraft, and Survival","1","amazon.com","Standard Orders","Amazon","REEDSVILLE","WV","26547","MarketplaceFacilitator","14.99","0.90","0","0","0","0","0","0","0","0","-0.90","-2.25","-5.68","0","0","7.06"
"Nov 27, 2025 3:57:58 AM PST","24977935231","Order","112-4754657-2057812","C-axe-01","Full Tang Survival Camping Axe with Wood Ergonomic Handle and Nylon Sheath Sheath - High Carbon Stainless Steel, Multi-Tool for Outdoor, Hunting, Emer","1","amazon.com","Standard Orders","Amazon","DUVALL","WA","98019","MarketplaceFacilitator","10.99","0.97","0","0","0","0","0","0","0","0","-0.97","-1.65","-6.10","0","0","3.24"
"Nov 27, 2025 4:40:05 AM PST","24977935231","Order","111-7685591-6929841","C-axe-02","Full Tang Survival Camping Axe with Wood Ergonomic Handle and Nylon Sheath Sheath - High Carbon Stainless Steel, Multi-Tool for Outdoor, Hunting, Emer","1","amazon.com","Standard Orders","Amazon","ACWORTH","GA","30102","MarketplaceFacilitator","14.99","0.90","0","0","0","0","0","0","0","0","-0.90","-2.25","-6.44","0","0","6.30"
"Nov 27, 2025 4:51:50 AM PST","24977935231","Order","111-6811587-0949809","C-axe-02","Full Tang Survival Camping Axe with Wood Ergonomic Handle and Nylon Sheath Sheath - High Carbon Stainless Steel, Multi-Tool for Outdoor, Hunting, Emer","1","amazon.com","Standard Orders","Amazon","THORSBY","AL","35171","MarketplaceFacilitator","14.99","1.20","0","0","0","0","0","0","0","0","-1.20","-2.25","-6.44","0","0","6.30"
"Nov 27, 2025 5:43:20 AM PST","24977935231","Order","113-3704385-3558625","AXE-SH-L","Grumpy Bear 15"" Survival Axe Camping Hatchet - Forged High Carbon Steel Blade with Walnut Wood Handle - Shock-Absorbing, Anti-Slip Grip - Ideal for Bu","1","amazon.com","Standard Orders","Amazon","ELGIN","SC","29045","MarketplaceFacilitator","39.94","2.88","0","0","0","0","0","0","-3.99","0","-2.88","-5.39","-6.44","0","0","24.12"
"Nov 27, 2025 6:01:48 AM PST","24977935231","Order","113-9163739-3897029","C-axe-01","Full Tang Survival Camping Axe with Wood Ergonomic Handle and Nylon Sheath Sheath - High Carbon Stainless Steel, Multi-Tool for Outdoor, Hunting, Emer","1","amazon.com","Standard Orders","Amazon","ELLISVILLE","MS","39437","MarketplaceFacilitator","10.99","0.77","0","0","0","0","0","0","0","0","-0.77","-1.65","-6.10","0","0","3.24"
"Nov 27, 2025 8:14:18 AM PST","24977935231","Order","112-6610188-5602608","AXE-SH-S","Grumpy Bear 11"" Survival Axe Camping Hatchet - Forged High Carbon Steel Blade with Walnut Wood Handle - Shock-Absorbing, Anti-Slip Grip - Ideal for Bu","1","amazon.com","Standard Orders","Amazon","North Arlington","NJ","07031","MarketplaceFacilitator","34.41","2.05","2.99","0","0","0","0","0","-6.43","0","-2.05","-4.65","-6.24","0","0","20.08"
"Nov 27, 2025 9:00:57 AM PST","24977935231","Order","S01-8555518-9175658","C-axe-02","Full Tang Survival Camping Axe with Wood Ergonomic Handle and Nylon Sheath Sheath – High Carbon Stainless Steel, Multi-Tool for Outdoor, Hunting, Emergency (Big)","1","sim1.stores.amazon.com","Standard Orders","Amazon","LAS VEGAS","NV","89128","","0","0","0","0","0","0","0","0","0","0","0","0","-11.75","0","0","-11.75"
"Nov 27, 2025 10:39:38 AM PST","24977935231","Order","113-0283862-2941868","Axe-F-R-L","Grumpy Bear 15"" Survival Axe Camping Hatchet - Forged High Carbon Steel Blade with Walnut Wood Handle - Shock-Absorbing, Anti-Slip Grip - Ideal for Bu","1","amazon.com","Standard Orders","Amazon","FLORENCE","SC","29505","MarketplaceFacilitator","35.94","2.59","0","0","0","0","0","0","-3.59","0","-2.59","-4.85","-6.44","0","0","21.06"
"Nov 27, 2025 3:42:19 PM PST","24977935231","Order","113-9854226-3277065","GB-CA-02-WOLF","Grumpy Bear Camping Hatchet with Wolf Carving, Full Tang Outdoor Axe with Decorative Handle, Durable Forged Blade for Hiking, Bushcraft, and Survival","1","amazon.com","Standard Orders","Amazon","SHEBOYGAN","WI","53081","MarketplaceFacilitator","19.99","1.10","0","0","0","0","0","0","0","0","-1.10","-3.00","-5.84","0","0","11.15"
"Nov 27, 2025 4:17:24 PM PST","24977935231","Service Fee","","","Cost of Advertising","","","Standard Orders","","","","","","0","0","0","0","0","0","0","0","0","0","0","0","0","-501.73","0","-501.73"
"Nov 27, 2025 10:05:20 PM PST","24977935231","Order","111-2175638-5009843","C-axe-01","Full Tang Survival Camping Axe with Wood Ergonomic Handle and Nylon Sheath Sheath - High Carbon Stainless Steel, Multi-Tool for Outdoor, Hunting, Emer","1","amazon.com","Standard Orders","Amazon","CUPERTINO","CA","95014","MarketplaceFacilitator","10.99","1.00","0","0","0","0","0","0","0","0","-1.00","-1.65","-6.10","0","0","3.24"
"Nov 27, 2025 10:13:35 PM PST","24977935231","Order","114-3793746-5857829","GB-CA-02-LION","Grumpy Bear Camping Hatchet with Lion Carving, Full Tang Outdoor Axe with Decorative Handle, Durable Forged Blade for Hiking, Bushcraft, and Survival","1","amazon.com","Standard Orders","Amazon","PEMBROKE PINES","FL","33024","MarketplaceFacilitator","14.99","1.05","0","0","0","0","0","0","0","0","-1.05","-2.25","-5.68","0","0","7.06"
"Nov 27, 2025 10:28:47 PM PST","24977935231","Order","114-0366845-8310614","GB-CA-02-TIGER","Grumpy Bear Camping Hatchet with Tiger Carving, Full Tang Outdoor Axe with Decorative Handle, Durable Forged Blade for Hiking, Bushcraft, and Survival","1","amazon.com","Standard Orders","Amazon","NORTH RICHLAND HILLS","TX","76182","MarketplaceFacilitator","14.99","1.24","2.99","0.25","0","0","0","0","0","0","-1.49","-2.25","-8.83","0","0","6.90"
"Nov 27, 2025 10:36:43 PM PST","24977935231","Order","113-5216493-6101008","AXE-GBWS-L","Grumpy Bear 15"" Survival Axe Camping Hatchet - Forged High Carbon Steel Blade with Walnut Wood Handle - Shock-Absorbing, Anti-Slip Grip - Ideal for Bu","1","amazon.com","Standard Orders","Amazon","RED WING","MN","55066","MarketplaceFacilitator","34.41","2.28","0","0","0","0","0","0","-3.44","0","-2.28","-4.65","-6.44","0","0","19.88"
"Nov 27, 2025 10:50:25 PM PST","24977935231","Order","111-2731696-9101021","GB-CA-02-EAGLE","Grumpy Bear Camping Hatchet, Full Tang Outdoor Axe with Decorative Handle, Durable Forged Blade for Hiking, Bushcraft, and Survival (Eagle)","1","amazon.com","Standard Orders","Amazon","SNOHOMISH","WA","98290","MarketplaceFacilitator","19.99","1.82","0","0","0","0","0","0","0","0","-1.82","-3.00","-5.68","0","0","11.31"
"Nov 27, 2025 10:55:05 PM PST","24977935231","Order","112-0728835-5586626","GB-CA-02-LION","Grumpy Bear Camping Hatchet with Lion Carving, Full Tang Outdoor Axe with Decorative Handle, Durable Forged Blade for Hiking, Bushcraft, and Survival","1","amazon.com","Standard Orders","Amazon","LITCHFIELD PARK","AZ","85340","MarketplaceFacilitator","14.99","1.32","0","0","0","0","0","0","0","0","-1.32","-2.25","-5.68","0","0","7.06"
"Nov 27, 2025 11:07:26 PM PST","24977935231","Order","111-9570932-8359449","GB-CA-02-LION","Grumpy Bear Camping Hatchet with Lion Carving, Full Tang Outdoor Axe with Decorative Handle, Durable Forged Blade for Hiking, Bushcraft, and Survival","1","amazon.com","Standard Orders","Amazon","BRADLEY","SC","29819","MarketplaceFacilitator","14.99","1.05","4.60","0","0","0","0","0","-4.60","0","-1.05","-2.25","-5.68","0","0","7.06"
"Nov 27, 2025 11:12:52 PM PST","24977935231","Order","112-8473921-0014654","Axe-F-R-L","Grumpy Bear 15"" Survival Axe Camping Hatchet - Forged High Carbon Steel Blade with Walnut Wood Handle - Shock-Absorbing, Anti-Slip Grip - Ideal for Bu","1","amazon.com","Standard Orders","Amazon","FRANKSTON","TX","75763","MarketplaceFacilitator","35.94","2.18","0","0","0","0","0","0","-3.59","0","-2.18","-4.85","-6.44","0","0","21.06"
"Nov 27, 2025 11:59:05 PM PST","24977935231","Order","113-8884922-4259410","C-axe-02","Full Tang Survival Camping Axe with Wood Ergonomic Handle and Nylon Sheath Sheath - High Carbon Stainless Steel, Multi-Tool for Outdoor, Hunting, Emer","1","amazon.com","Standard Orders","Amazon","SAN TAN VALLEY","AZ","85143","MarketplaceFacilitator","14.99","1.00","0","0","0","0","0","0","0","0","-1.00","-2.25","-6.44","0","0","6.30"
"Nov 28, 2025 1:28:10 AM PST","24977935231","Order","111-9332709-2339464","C-axe-02","Full Tang Survival Camping Axe with Wood Ergonomic Handle and Nylon Sheath Sheath - High Carbon Stainless Steel, Multi-Tool for Outdoor, Hunting, Emer","1","amazon.com","Standard Orders","Amazon","SANTA ANA","CA","92701","MarketplaceFacilitator","14.99","1.39","0","0","0","0","0","0","0","0","-1.39","-2.25","-6.44","0","0","6.30"
"Nov 28, 2025 1:29:55 AM PST","24977935231","Order","111-2565737-8699464","Axe-F-R-L","Grumpy Bear 15"" Survival Axe Camping Hatchet - Forged High Carbon Steel Blade with Walnut Wood Handle - Shock-Absorbing, Anti-Slip Grip - Ideal for Bu","1","amazon.com","Standard Orders","Amazon","DAVISBURG","MI","48350","MarketplaceFacilitator","35.94","1.94","0","0","0","0","0","0","-3.59","0","-1.94","-4.85","-6.44","0","0","21.06"
"Nov 28, 2025 2:38:30 AM PST","24977935231","Order","114-7654484-9364223","Axe-F-R-S","Grumpy Bear 11"" Survival Axe Camping Hatchet - Forged High Carbon Steel Blade with Walnut Wood Handle - Shock-Absorbing, Anti-Slip Grip - Ideal for Bu","1","amazon.com","Standard Orders","Amazon","FLETCHER","OK","73541","MarketplaceFacilitator","38.24","1.68","0","0","0","0","0","0","-3.82","0","-1.68","-5.16","-6.24","0","0","23.02"
"Nov 28, 2025 3:49:57 AM PST","24977935231","Order","114-0630124-4161862","AXE-SH-S","Grumpy Bear 11"" Survival Axe Camping Hatchet - Forged High Carbon Steel Blade with Walnut Wood Handle - Shock-Absorbing, Anti-Slip Grip - Ideal for Bu","1","amazon.com","Standard Orders","Amazon","PICKERINGTON","OH","43147","MarketplaceFacilitator","34.41","2.09","0","0","0","0","0","0","-3.44","0","-2.09","-4.65","-6.24","0","0","20.08"
"Nov 28, 2025 4:23:29 AM PST","24977935231","Order","112-7214058-9072221","C-axe-01","Full Tang Survival Camping Axe with Wood Ergonomic Handle and Nylon Sheath Sheath - High Carbon Stainless Steel, Multi-Tool for Outdoor, Hunting, Emer","1","amazon.com","Standard Orders","Amazon","BROKEN ARROW","OK","74014","MarketplaceFacilitator","10.99","1.06","0","0","0","0","0","0","0","0","-1.06","-1.65","-6.10","0","0","3.24"
"Nov 28, 2025 4:27:46 AM PST","24977935231","Order","112-0675712-4524225","AXE-GBWS-L","Grumpy Bear 15"" Survival Axe Camping Hatchet - Forged High Carbon Steel Blade with Walnut Wood Handle - Shock-Absorbing, Anti-Slip Grip - Ideal for Bu","1","amazon.com","Standard Orders","Amazon","MILTON FREEWATER","OREGON","97862","","34.41","0","0","0","0","0","0","0","-3.44","0","0","-4.65","-6.44","0","0","19.88"
"Nov 28, 2025 5:04:30 AM PST","24977935231","Order","114-5852211-8568269","C-axe-01","Full Tang Survival Camping Axe with Wood Ergonomic Handle and Nylon Sheath Sheath - High Carbon Stainless Steel, Multi-Tool for Outdoor, Hunting, Emer","1","amazon.com","Standard Orders","Amazon","WEST COLUMBIA","SC","29170","MarketplaceFacilitator","10.99","0.77","0","0","0","0","0","0","0","0","-0.77","-1.65","-6.10","0","0","3.24"
"Nov 28, 2025 5:56:18 AM PST","24977935231","Order","112-8821744-8992217","AXE-GBWS-L","Grumpy Bear 15"" Survival Axe Camping Hatchet - Forged High Carbon Steel Blade with Walnut Wood Handle - Shock-Absorbing, Anti-Slip Grip - Ideal for Bu","1","amazon.com","Standard Orders","Amazon","MUSTANG","OK","73064","MarketplaceFacilitator","34.41","0","0.38","0","0","0","0","0","-3.82","0","0","-4.65","-6.44","0","0","19.88"
"Nov 28, 2025 6:06:46 AM PST","24977935231","Order","112-1539753-7064237","C-axe-02","Full Tang Survival Camping Axe with Wood Ergonomic Handle and Nylon Sheath Sheath - High Carbon Stainless Steel, Multi-Tool for Outdoor, Hunting, Emer","1","amazon.com","Standard Orders","Amazon","COLORADO SPRINGS","CO","80908","MarketplaceFacilitator","14.99","0.77","0","0","0","0","0","0","0","0","-4.62","-13.50","-6.44","0","0","-8.80"
"Nov 28, 2025 6:06:46 AM PST","24977935231","Order","112-1539753-7064237","C-axe-02","Full Tang Survival Camping Axe with Wood Ergonomic Handle and Nylon Sheath Sheath - High Carbon Stainless Steel, Multi-Tool for Outdoor, Hunting, Emer","4","amazon.com","Standard Orders","Amazon","COLORADO SPRINGS","CO","80908","","59.96","3.08","0","0","0","0","0","0","0","0","0","0","-25.76","0","0","37.28"
"Nov 28, 2025 6:06:46 AM PST","24977935231","Order","112-1539753-7064237","C-axe-02","Full Tang Survival Camping Axe with Wood Ergonomic Handle and Nylon Sheath Sheath - High Carbon Stainless Steel, Multi-Tool for Outdoor, Hunting, Emer","1","amazon.com","Standard Orders","Amazon","COLORADO SPRINGS","CO","80908","","14.99","0.77","0","0","0","0","0","0","0","0","0","0","-6.44","0","0","9.32"
"Nov 28, 2025 6:37:03 AM PST","24977935231","Order","113-5273315-6855418","C-axe-02","Full Tang Survival Camping Axe with Wood Ergonomic Handle and Nylon Sheath Sheath - High Carbon Stainless Steel, Multi-Tool for Outdoor, Hunting, Emer","1","amazon.com","Standard Orders","Amazon","ENGLISHTOWN","NJ","07726","MarketplaceFacilitator","14.99","0.99","0","0","0","0","0","0","0","0","-0.99","-2.25","-6.44","0","0","6.30"
"Nov 28, 2025 6:57:41 AM PST","24977935231","Order","114-3074539-5433861","AXE-SH-S","Grumpy Bear 11"" Survival Axe Camping Hatchet - Forged High Carbon Steel Blade with Walnut Wood Handle - Shock-Absorbing, Anti-Slip Grip - Ideal for Bu","1","amazon.com","Standard Orders","Amazon","Dallastown","Pennsylvania","17313","MarketplaceFacilitator","34.41","1.86","0","0","0","0","0","0","-3.44","0","-1.86","-4.65","-6.24","0","0","20.08"
"Nov 28, 2025 7:02:29 AM PST","24977935231","Order","111-1576216-6949005","GB-CA-02-LION","Grumpy Bear Camping Hatchet with Lion Carving, Full Tang Outdoor Axe with Decorative Handle, Durable Forged Blade for Hiking, Bushcraft, and Survival","1","amazon.com","Standard Orders","Amazon","DELTONA","FL","32738","MarketplaceFacilitator","14.99","0.97","0","0","0","0","0","0","0","0","-0.97","-2.25","-5.68","0","0","7.06"
"Nov 28, 2025 7:13:24 AM PST","24977935231","Order","111-8824103-3584267","GB-CA-02-LION","Grumpy Bear Camping Hatchet with Lion Carving, Full Tang Outdoor Axe with Decorative Handle, Durable Forged Blade for Hiking, Bushcraft, and Survival","1","amazon.com","Standard Orders","Amazon","FEASTERVILLE TREVOSE","PA","19053","MarketplaceFacilitator","14.99","0.90","0","0","0","0","0","0","0","0","-0.90","-2.25","-5.68","0","0","7.06"
"Nov 28, 2025 7:32:01 AM PST","24977935231","Order","111-2902414-8732224","C-axe-02","Full Tang Survival Camping Axe with Wood Ergonomic Handle and Nylon Sheath Sheath - High Carbon Stainless Steel, Multi-Tool for Outdoor, Hunting, Emer","2","amazon.com","Standard Orders","Amazon","MELBOURNE","FL","32935","MarketplaceFacilitator","29.98","2.10","0","0","0","0","0","0","0","0","-2.10","-4.50","-12.88","0","0","12.60"
"Nov 28, 2025 7:35:34 AM PST","24977935231","Order","113-5069374-5598644","C-axe-01","Full Tang Survival Camping Axe with Wood Ergonomic Handle and Nylon Sheath Sheath - High Carbon Stainless Steel, Multi-Tool for Outdoor, Hunting, Emer","2","amazon.com","Standard Orders","Amazon","HESPERIA","CA","92345","MarketplaceFacilitator","21.98","1.70","0","0","0","0","0","0","0","0","-4.25","-8.25","-12.20","0","0","-1.02"
"Nov 28, 2025 7:35:34 AM PST","24977935231","Order","113-5069374-5598644","C-axe-01","Full Tang Survival Camping Axe with Wood Ergonomic Handle and Nylon Sheath Sheath - High Carbon Stainless Steel, Multi-Tool for Outdoor, Hunting, Emer","3","amazon.com","Standard Orders","Amazon","HESPERIA","CA","92345","","32.97","2.55","0","0","0","0","0","0","0","0","0","0","-18.30","0","0","17.22"
"Nov 28, 2025 7:38:32 AM PST","24977935231","Order","112-1539753-7064237","C-axe-02","Full Tang Survival Camping Axe with Wood Ergonomic Handle and Nylon Sheath Sheath - High Carbon Stainless Steel, Multi-Tool for Outdoor, Hunting, Emer","2","amazon.com","Standard Orders","Amazon","COLORADO SPRINGS","CO","80908","MarketplaceFacilitator","29.98","1.54","0","0","0","0","0","0","0","0","-3.08","-9.00","-12.88","0","0","6.56"
"Nov 28, 2025 7:38:32 AM PST","24977935231","Order","112-1539753-7064237","C-axe-02","Full Tang Survival Camping Axe with Wood Ergonomic Handle and Nylon Sheath Sheath - High Carbon Stainless Steel, Multi-Tool for Outdoor, Hunting, Emer","2","amazon.com","Standard Orders","Amazon","COLORADO SPRINGS","CO","80908","","29.98","1.54","0","0","0","0","0","0","0","0","0","0","-12.88","0","0","18.64"
"Nov 28, 2025 7:56:43 AM PST","24977935231","Order","S01-1185553-0378835","AXE-SH-S","Grumpy Bear 11"" Survival Axe Camping Hatchet – Forged High Carbon Steel Blade with Walnut Wood Handle – Shock-Absorbing, Anti-Slip Grip – Ideal for Bushcraft, Wood Splitting & Outdoor Adventures","1","sim1.stores.amazon.com","Standard Orders","Amazon","AMARILLO","TX","79124","","0","0","0","0","0","0","0","0","0","0","0","0","-11.75","0","0","-11.75"
"Nov 28, 2025 9:54:46 AM PST","24977935231","Order","S01-9814888-6472412","AXE-SH-S","Grumpy Bear 11"" Survival Axe Camping Hatchet – Forged High Carbon Steel Blade with Walnut Wood Handle – Shock-Absorbing, Anti-Slip Grip – Ideal for Bushcraft, Wood Splitting & Outdoor Adventures","1","sim1.stores.amazon.com","Standard Orders","Amazon","WINDSOR","CA","95492","","0","0","0","0","0","0","0","0","0","0","0","0","-11.75","0","0","-11.75"
"Nov 28, 2025 10:20:37 AM PST","24977935231","Order","111-4273400-0571417","C-axe-01","Full Tang Survival Camping Axe with Wood Ergonomic Handle and Nylon Sheath Sheath - High Carbon Stainless Steel, Multi-Tool for Outdoor, Hunting, Emer","1","amazon.com","Standard Orders","Amazon","FEDERAL WAY","WA","98003","MarketplaceFacilitator","10.99","1.12","0","0","0","0","0","0","0","0","-1.12","-1.65","-6.10","0","0","3.24"
"Nov 28, 2025 12:40:50 PM PST","24977935231","Order","S01-5982889-0349222","AXE-SH-S","Grumpy Bear 11"" Survival Axe Camping Hatchet – Forged High Carbon Steel Blade with Walnut Wood Handle – Shock-Absorbing, Anti-Slip Grip – Ideal for Bushcraft, Wood Splitting & Outdoor Adventures","1","sim1.stores.amazon.com","Standard Orders","Amazon","BROWNING","MT","59417","","0","0","0","0","0","0","0","0","0","0","0","0","-11.75","0","0","-11.75"
"Nov 28, 2025 1:05:28 PM PST","24977935231","Order","S01-8322200-0484442","AXE-SH-S","Grumpy Bear 11"" Survival Axe Camping Hatchet – Forged High Carbon Steel Blade with Walnut Wood Handle – Shock-Absorbing, Anti-Slip Grip – Ideal for Bushcraft, Wood Splitting & Outdoor Adventures","1","sim1.stores.amazon.com","Standard Orders","Amazon","LYKENS","PA","17048","","0","0","0","0","0","0","0","0","0","0","0","0","-11.75","0","0","-11.75"
"Nov 28, 2025 2:05:09 PM PST","24977935231","Order","S01-3911995-1866803","AXE-SH-L","Grumpy Bear 15"" Survival Axe Camping Hatchet – Forged High Carbon Steel Blade with Walnut Wood Handle – Shock-Absorbing, Anti-Slip Grip – Ideal for Bushcraft, Wood Splitting & Outdoor Adventures","1","sim1.stores.amazon.com","Standard Orders","Amazon","CORONA","CA","92883","","0","0","0","0","0","0","0","0","0","0","0","0","-11.75","0","0","-11.75"
"Nov 28, 2025 4:36:26 PM PST","24977935231","Order","112-5852121-0168225","GB-CA-02-LION","Grumpy Bear Camping Hatchet with Lion Carving, Full Tang Outdoor Axe with Decorative Handle, Durable Forged Blade for Hiking, Bushcraft, and Survival","1","amazon.com","Standard Orders","Amazon","Pageland","South Carolina","29728","MarketplaceFacilitator","14.99","1.20","0","0","0","0","0","0","0","0","-1.20","-2.25","-5.68","0","0","7.06"
"Nov 28, 2025 7:06:05 PM PST","24977935231","Order","111-7806653-9564257","Axe-F-R-L","Grumpy Bear 15"" Survival Axe Camping Hatchet - Forged High Carbon Steel Blade with Walnut Wood Handle - Shock-Absorbing, Anti-Slip Grip - Ideal for Bu","1","amazon.com","Standard Orders","Amazon","PALMYRA","VA","22963","MarketplaceFacilitator","35.94","1.71","0","0","0","0","0","0","-3.59","0","-1.71","-4.85","-6.44","0","0","21.06"
"Nov 28, 2025 8:31:55 PM PST","24977935231","Order","S01-1930618-0406827","AXE-SH-S","Grumpy Bear 11"" Survival Axe Camping Hatchet – Forged High Carbon Steel Blade with Walnut Wood Handle – Shock-Absorbing, Anti-Slip Grip – Ideal for Bushcraft, Wood Splitting & Outdoor Adventures","1","sim1.stores.amazon.com","Standard Orders","Amazon","EVANSVILLE","IN","47710","","0","0","0","0","0","0","0","0","0","0","0","0","-11.75","0","0","-11.75"
"Nov 28, 2025 8:38:43 PM PST","24977935231","Order","111-1587393-6411446","C-axe-02","Full Tang Survival Camping Axe with Wood Ergonomic Handle and Nylon Sheath Sheath - High Carbon Stainless Steel, Multi-Tool for Outdoor, Hunting, Emer","1","amazon.com","Standard Orders","Amazon","FORT LAUDERDALE","FL","33312","MarketplaceFacilitator","14.99","1.05","0","0","0","0","0","0","0","0","-1.05","-2.25","-6.44","0","0","6.30"
"Nov 28, 2025 10:13:27 PM PST","24977935231","Order","112-4629266-8812254","GB-CA-02-TIGER","Grumpy Bear Camping Hatchet with Tiger Carving, Full Tang Outdoor Axe with Decorative Handle, Durable Forged Blade for Hiking, Bushcraft, and Survival","1","amazon.com","Standard Orders","Amazon","MOUNT AIRY","GA","30563","MarketplaceFacilitator","14.99","1.05","0","0","0","0","0","0","0","0","-1.05","-2.25","-5.84","0","0","6.90"
"Nov 28, 2025 10:28:16 PM PST","24977935231","Order","114-1353456-2551468","C-axe-01","Full Tang Survival Camping Axe with Wood Ergonomic Handle and Nylon Sheath Sheath - High Carbon Stainless Steel, Multi-Tool for Outdoor, Hunting, Emer","1","amazon.com","Standard Orders","Amazon","NORTHGLENN","CO","80233","MarketplaceFacilitator","10.99","0.96","0","0","0","0","0","0","0","0","-0.96","-1.65","-6.10","0","0","3.24"
"Nov 28, 2025 11:06:53 PM PST","24977935231","Refund","111-3739116-1361845","AXE-SH-S","Grumpy Bear 11"" Survival Axe Camping Hatchet - Forged High Carbon Steel Blade with Walnut Wood Handle - Shock-Absorbing, Anti-Slip Grip - Ideal for Bu","1","amazon.com","Standard Orders","Amazon","Nashua","NH","03062","","-34.41","0","0","0","0","0","0","0","3.44","0","0","3.72","0","0","0","-27.25"
"Nov 29, 2025 1:07:35 AM PST","24977935231","Order","113-8841197-3173064","AXE-SH-L","Grumpy Bear 15"" Survival Axe Camping Hatchet - Forged High Carbon Steel Blade with Walnut Wood Handle - Shock-Absorbing, Anti-Slip Grip - Ideal for Bu","1","amazon.com","Standard Orders","Amazon","BONNEY LAKE","WA","98391","MarketplaceFacilitator","39.94","3.42","0","0","0","0","0","0","-3.99","0","-3.42","-5.39","-6.44","0","0","24.12"
"Nov 29, 2025 1:49:07 AM PST","24977935231","Order","112-9626590-3569807","AXE-GBWS-L","Grumpy Bear 15"" Survival Axe Camping Hatchet - Forged High Carbon Steel Blade with Walnut Wood Handle - Shock-Absorbing, Anti-Slip Grip - Ideal for Bu","1","amazon.com","Standard Orders","Amazon","SAN ANTONIO","TX","78229","MarketplaceFacilitator","34.41","2.56","0","0","0","0","0","0","-3.44","0","-2.56","-4.65","-6.44","0","0","19.88"
"Nov 29, 2025 2:54:53 AM PST","24977935231","Order","111-9448904-0625859","Axe-F-R-S","Grumpy Bear 11"" Survival Axe Camping Hatchet - Forged High Carbon Steel Blade with Walnut Wood Handle - Shock-Absorbing, Anti-Slip Grip - Ideal for Bu","1","amazon.com","Standard Orders","Amazon","BRANDON","MS","39047","MarketplaceFacilitator","34.41","2.17","1.00","0","0","0","0","0","-4.44","0","-2.17","-4.65","-6.24","0","0","20.08"
"Nov 29, 2025 3:20:12 AM PST","24977935231","Order","112-6731584-0967465","C-axe-01","Full Tang Survival Camping Axe with Wood Ergonomic Handle and Nylon Sheath Sheath - High Carbon Stainless Steel, Multi-Tool for Outdoor, Hunting, Emer","2","amazon.com","Standard Orders","Amazon","SACRAMENTO","CA","95823","MarketplaceFacilitator","21.98","1.92","1.49","0","0","0","0","0","-1.49","0","-1.92","-3.30","-12.20","0","0","6.48"
"Nov 29, 2025 4:24:26 AM PST","24977935231","Order","111-3739116-1361845","AXE-SH-S","Grumpy Bear 11"" Survival Axe Camping Hatchet - Forged High Carbon Steel Blade with Walnut Wood Handle - Shock-Absorbing, Anti-Slip Grip - Ideal for Bu","1","amazon.com","Standard Orders","Amazon","Nashua","NH","03062","","34.41","0","0","0","0","0","0","0","-3.44","0","0","-4.65","-6.24","0","0","20.08"
"Nov 29, 2025 4:55:33 AM PST","24977935231","Order","114-9178234-8769851","Axe-F-R-L","Grumpy Bear 15"" Survival Axe Camping Hatchet - Forged High Carbon Steel Blade with Walnut Wood Handle - Shock-Absorbing, Anti-Slip Grip - Ideal for Bu","1","amazon.com","Standard Orders","Amazon","GILBERT","AZ","85233","MarketplaceFacilitator","35.94","2.69","0","0","0","0","0","0","-3.59","0","-2.69","-4.85","-6.44","0","0","21.06"
"Nov 29, 2025 5:07:39 AM PST","24977935231","Order","114-7585624-7570606","C-axe-02","Full Tang Survival Camping Axe with Wood Ergonomic Handle and Nylon Sheath Sheath - High Carbon Stainless Steel, Multi-Tool for Outdoor, Hunting, Emer","1","amazon.com","Standard Orders","Amazon","LORIS","SC","29569","MarketplaceFacilitator","14.99","1.20","0","0","0","0","0","0","0","0","-1.20","-2.25","-6.44","0","0","6.30"
"Nov 29, 2025 5:18:43 AM PST","24977935231","Order","111-9034942-7393844","GB-CA-02-WOLF","Grumpy Bear Camping Hatchet with Wolf Carving, Full Tang Outdoor Axe with Decorative Handle, Durable Forged Blade for Hiking, Bushcraft, and Survival","1","amazon.com","Standard Orders","Amazon","REDDING","CA","96001","MarketplaceFacilitator","19.99","1.45","0","0","0","0","0","0","0","0","-2.90","-6.00","-5.84","0","0","6.70"
"Nov 29, 2025 5:18:43 AM PST","24977935231","Order","111-9034942-7393844","GB-CA-02-WOLF","Grumpy Bear Camping Hatchet with Wolf Carving, Full Tang Outdoor Axe with Decorative Handle, Durable Forged Blade for Hiking, Bushcraft, and Survival","1","amazon.com","Standard Orders","Amazon","REDDING","CA","96001","","19.99","1.45","0","0","0","0","0","0","0","0","0","0","-5.84","0","0","15.60"
"Nov 29, 2025 5:27:40 AM PST","24977935231","Order","113-3503004-3211422","GB-CA-02-LION","Grumpy Bear Camping Hatchet with Lion Carving, Full Tang Outdoor Axe with Decorative Handle, Durable Forged Blade for Hiking, Bushcraft, and Survival","1","amazon.com","Standard Orders","Amazon","NORWOOD","NY","13668","MarketplaceFacilitator","14.99","1.20","0","0","0","0","0","0","0","0","-1.20","-2.25","-5.68","0","0","7.06"
"Nov 29, 2025 5:27:40 AM PST","24977935231","Order","113-3503004-3211422","GB-CA-02-EAGLE","Grumpy Bear Camping Hatchet, Full Tang Outdoor Axe with Decorative Handle, Durable Forged Blade for Hiking, Bushcraft, and Survival (Eagle)","1","amazon.com","Standard Orders","Amazon","NORWOOD","NY","13668","MarketplaceFacilitator","19.99","1.60","0","0","0","0","0","0","0","0","-1.60","-3.00","-5.68","0","0","11.31"
"Nov 29, 2025 5:27:40 AM PST","24977935231","Order","113-3503004-3211422","GB-CA-02-TIGER","Grumpy Bear Camping Hatchet with Tiger Carving, Full Tang Outdoor Axe with Decorative Handle, Durable Forged Blade for Hiking, Bushcraft, and Survival","1","amazon.com","Standard Orders","Amazon","NORWOOD","NY","13668","MarketplaceFacilitator","14.99","1.20","0","0","0","0","0","0","0","0","-1.20","-2.25","-5.84","0","0","6.90"
"Nov 29, 2025 5:34:23 AM PST","24977935231","Order","114-5866822-9958634","GB-CA-02-LION","Grumpy Bear Camping Hatchet with Lion Carving, Full Tang Outdoor Axe with Decorative Handle, Durable Forged Blade for Hiking, Bushcraft, and Survival","3","amazon.com","Standard Orders","Amazon","BERGENFIELD","NJ","07621","MarketplaceFacilitator","44.97","2.97","0","0","0","0","0","0","0","0","-2.97","-6.75","-17.04","0","0","21.18"
"Nov 29, 2025 6:20:54 AM PST","24977935231","Order","112-7214878-6762664","GB-CA-02-EAGLE","Grumpy Bear Camping Hatchet, Full Tang Outdoor Axe with Decorative Handle, Durable Forged Blade for Hiking, Bushcraft, and Survival (Eagle)","1","amazon.com","Standard Orders","Amazon","ALBUQUERQUE","NM","87111","MarketplaceFacilitator","19.99","1.52","1.07","0.08","0","0","0","0","0","0","-1.60","-3.00","-6.75","0","0","11.31"
"Nov 29, 2025 6:20:54 AM PST","24977935231","Order","112-7214878-6762664","GB-CA-02-TIGER","Grumpy Bear Camping Hatchet with Tiger Carving, Full Tang Outdoor Axe with Decorative Handle, Durable Forged Blade for Hiking, Bushcraft, and Survival","1","amazon.com","Standard Orders","Amazon","ALBUQUERQUE","NM","87111","MarketplaceFacilitator","14.99","1.14","1.09","0.08","0","0","0","0","0","0","-1.22","-2.25","-6.93","0","0","6.90"
"Nov 29, 2025 6:47:39 AM PST","24977935231","Order","112-4495047-1950614","GB-CA-02-EAGLE","Grumpy Bear Camping Hatchet, Full Tang Outdoor Axe with Decorative Handle, Durable Forged Blade for Hiking, Bushcraft, and Survival (Eagle)","1","amazon.com","Standard Orders","Amazon","WAYNESVILLE","GA","31566","MarketplaceFacilitator","19.99","1.40","4.72","0.33","0","0","0","0","0","0","-1.73","-3.00","-10.40","0","0","11.31"
"Nov 29, 2025 7:13:06 AM PST","24977935231","Order","114-3709443-1650668","Axe-F-R-L","Grumpy Bear 15"" Survival Axe Camping Hatchet - Forged High Carbon Steel Blade with Walnut Wood Handle - Shock-Absorbing, Anti-Slip Grip - Ideal for Bu","1","amazon.com","Standard Orders","Amazon","ROCK HILL","SC","29732","MarketplaceFacilitator","35.94","2.26","0","0","0","0","0","0","-3.59","0","-2.26","-4.85","-6.44","0","0","21.06"
"Nov 29, 2025 7:23:57 AM PST","24977935231","Order","113-7021358-3135405","GB-CA-02-LION","Grumpy Bear Camping Hatchet with Lion Carving, Full Tang Outdoor Axe with Decorative Handle, Durable Forged Blade for Hiking, Bushcraft, and Survival","1","amazon.com","Standard Orders","Amazon","ANTELOPE","CA","95843","MarketplaceFacilitator","14.99","1.16","0.99","0","0","0","0","0","-0.99","0","-1.16","-2.25","-5.68","0","0","7.06"
"Nov 29, 2025 7:27:21 AM PST","24977935231","Order","111-3412257-5889840","C-axe-01","Full Tang Survival Camping Axe with Wood Ergonomic Handle and Nylon Sheath Sheath - High Carbon Stainless Steel, Multi-Tool for Outdoor, Hunting, Emer","1","amazon.com","Standard Orders","Amazon","CULVER","MN","55779","MarketplaceFacilitator","10.99","0.81","0","0","0","0","0","0","0","0","-0.81","-1.65","-6.10","0","0","3.24"
"Nov 29, 2025 8:43:15 AM PST","24977935231","Order","114-4150393-1852218","C-axe-02","Full Tang Survival Camping Axe with Wood Ergonomic Handle and Nylon Sheath Sheath - High Carbon Stainless Steel, Multi-Tool for Outdoor, Hunting, Emer","1","amazon.com","Standard Orders","Amazon","ORLANDO","FL","32805","MarketplaceFacilitator","14.99","0.97","0","0","0","0","0","0","0","0","-0.97","-2.25","-6.44","0","0","6.30"
"Nov 29, 2025 9:41:50 AM PST","24977935231","Order","113-9595652-8447415","C-axe-02","Full Tang Survival Camping Axe with Wood Ergonomic Handle and Nylon Sheath Sheath - High Carbon Stainless Steel, Multi-Tool for Outdoor, Hunting, Emer","1","amazon.com","Standard Orders","Amazon","GREENSBORO","NC","27410","MarketplaceFacilitator","14.99","1.01","0","0","0","0","0","0","0","0","-1.01","-2.25","-6.44","0","0","6.30"
"Nov 29, 2025 10:01:25 AM PST","24977935231","Order","S01-9254275-3173223","AXE-SH-S","Grumpy Bear 11"" Survival Axe Camping Hatchet – Forged High Carbon Steel Blade with Walnut Wood Handle – Shock-Absorbing, Anti-Slip Grip – Ideal for Bushcraft, Wood Splitting & Outdoor Adventures","1","sim1.stores.amazon.com","Standard Orders","Amazon","INDIANAPOLIS","IN","46256","","0","0","0","0","0","0","0","0","0","0","0","0","-11.75","0","0","-11.75"
"Nov 29, 2025 10:11:42 AM PST","24977935231","Order","112-1929786-6621027","C-axe-02","Full Tang Survival Camping Axe with Wood Ergonomic Handle and Nylon Sheath Sheath - High Carbon Stainless Steel, Multi-Tool for Outdoor, Hunting, Emer","1","amazon.com","Standard Orders","Amazon","HARRISONBURG","VA","22801","MarketplaceFacilitator","14.99","0.79","0","0","0","0","0","0","0","0","-0.79","-2.25","-6.44","0","0","6.30"
"Nov 29, 2025 11:59:24 AM PST","24977935231","Order","112-8270357-7923428","C-axe-02","Full Tang Survival Camping Axe with Wood Ergonomic Handle and Nylon Sheath Sheath - High Carbon Stainless Steel, Multi-Tool for Outdoor, Hunting, Emer","2","amazon.com","Standard Orders","Amazon","SACRAMENTO","CA","95823","MarketplaceFacilitator","29.98","2.62","0","0","0","0","0","0","0","0","-2.62","-4.50","-12.88","0","0","12.60"
"Nov 29, 2025 12:49:38 PM PST","24977935231","Order","114-7583327-4716252","C-axe-02","Full Tang Survival Camping Axe with Wood Ergonomic Handle and Nylon Sheath Sheath - High Carbon Stainless Steel, Multi-Tool for Outdoor, Hunting, Emer","1","amazon.com","Standard Orders","Amazon","BROOKLYN","NY","11219","MarketplaceFacilitator","14.99","1.33","0","0","0","0","0","0","0","0","-1.33","-2.25","-6.44","0","0","6.30"
"Nov 29, 2025 1:20:45 PM PST","24977935231","Order","111-9975979-0237067","AXE-SH-S","Grumpy Bear 11"" Survival Axe Camping Hatchet - Forged High Carbon Steel Blade with Walnut Wood Handle - Shock-Absorbing, Anti-Slip Grip - Ideal for Bu","1","amazon.com","Standard Orders","Amazon","BLOOMINGTON","IN","47401","MarketplaceFacilitator","34.41","2.17","0","0","0","0","0","0","-3.44","0","-2.17","-4.65","-6.24","0","0","20.08"
"Nov 29, 2025 2:06:36 PM PST","24977935231","Order","S01-7960766-4676430","AXE-SH-S","Grumpy Bear 11"" Survival Axe Camping Hatchet – Forged High Carbon Steel Blade with Walnut Wood Handle – Shock-Absorbing, Anti-Slip Grip – Ideal for Bushcraft, Wood Splitting & Outdoor Adventures","1","sim1.stores.amazon.com","Standard Orders","Amazon","ASHFORD","AL","36312","","0","0","0","0","0","0","0","0","0","0","0","0","-11.75","0","0","-11.75"
"Nov 29, 2025 2:34:07 PM PST","24977935231","Order","S01-5746776-1818003","AXE-SH-S","Grumpy Bear 11"" Survival Axe Camping Hatchet – Forged High Carbon Steel Blade with Walnut Wood Handle – Shock-Absorbing, Anti-Slip Grip – Ideal for Bushcraft, Wood Splitting & Outdoor Adventures","1","sim1.stores.amazon.com","Standard Orders","Amazon","SANTA BARBARA","CA","93105","","0","0","0","0","0","0","0","0","0","0","0","0","-11.75","0","0","-11.75"
"Nov 29, 2025 5:00:56 PM PST","24977935231","Order","S01-1406476-7943663","AXE-SH-S","Grumpy Bear 11"" Survival Axe Camping Hatchet – Forged High Carbon Steel Blade with Walnut Wood Handle – Shock-Absorbing, Anti-Slip Grip – Ideal for Bushcraft, Wood Splitting & Outdoor Adventures","1","sim1.stores.amazon.com","Standard Orders","Amazon","MINNEAPOLIS","MN","55404","","0","0","0","0","0","0","0","0","0","0","0","0","-11.75","0","0","-11.75"
"Nov 29, 2025 8:10:07 PM PST","24977935231","Order","S01-3749884-3718824","AXE-SH-S","Grumpy Bear 11"" Survival Axe Camping Hatchet – Forged High Carbon Steel Blade with Walnut Wood Handle – Shock-Absorbing, Anti-Slip Grip – Ideal for Bushcraft, Wood Splitting & Outdoor Adventures","1","sim1.stores.amazon.com","Standard Orders","Amazon","GUYTON","GA","31312","","0","0","0","0","0","0","0","0","0","0","0","0","-11.75","0","0","-11.75"
"Nov 29, 2025 9:24:43 PM PST","24977935231","Order","S01-7446514-1888422","AXE-SH-S","Grumpy Bear 11"" Survival Axe Camping Hatchet – Forged High Carbon Steel Blade with Walnut Wood Handle – Shock-Absorbing, Anti-Slip Grip – Ideal for Bushcraft, Wood Splitting & Outdoor Adventures","1","sim1.stores.amazon.com","Standard Orders","Amazon","HANCEVILLE","AL","35077","","0","0","0","0","0","0","0","0","0","0","0","0","-11.75","0","0","-11.75"
"Nov 29, 2025 9:57:59 PM PST","24977935231","Order","S01-3438768-5520425","AXE-SH-L","Grumpy Bear 15"" Survival Axe Camping Hatchet – Forged High Carbon Steel Blade with Walnut Wood Handle – Shock-Absorbing, Anti-Slip Grip – Ideal for Bushcraft, Wood Splitting & Outdoor Adventures","1","sim1.stores.amazon.com","Standard Orders","Amazon","LONG BRANCH","NJ","07740","","0","0","0","0","0","0","0","0","0","0","0","0","-11.75","0","0","-11.75"
"Nov 29, 2025 10:21:26 PM PST","24977935231","Order","111-8168254-3514653","C-axe-01","Full Tang Survival Camping Axe with Wood Ergonomic Handle and Nylon Sheath Sheath - High Carbon Stainless Steel, Multi-Tool for Outdoor, Hunting, Emer","1","amazon.com","Standard Orders","Amazon","BRANDON","MS","39047","MarketplaceFacilitator","10.99","0.77","0","0","0","0","0","0","0","0","-0.77","-1.65","-6.10","0","0","3.24"
"Nov 29, 2025 10:46:22 PM PST","24977935231","Order","114-5311610-9843463","AXE-GBWS-L","Grumpy Bear 15"" Survival Axe Camping Hatchet - Forged High Carbon Steel Blade with Walnut Wood Handle - Shock-Absorbing, Anti-Slip Grip - Ideal for Bu","1","amazon.com","Standard Orders","Amazon","CYPRESS","TX","77433","MarketplaceFacilitator","34.41","2.56","0","0","0","0","0","0","-3.44","0","-2.56","-4.65","-6.44","0","0","19.88"
"Nov 29, 2025 10:54:06 PM PST","24977935231","Order","114-5969184-3158640","Axe-F-R-S","Grumpy Bear 11"" Survival Axe Camping Hatchet - Forged High Carbon Steel Blade with Walnut Wood Handle - Shock-Absorbing, Anti-Slip Grip - Ideal for Bu","1","amazon.com","Standard Orders","Amazon","TRINITY","AL","35673","MarketplaceFacilitator","34.41","2.48","0","0","0","0","0","0","-3.44","0","-2.48","-4.65","-6.24","0","0","20.08"
"Nov 29, 2025 11:21:18 PM PST","24977935231","Order","112-3550006-8210640","C-axe-02","Full Tang Survival Camping Axe with Wood Ergonomic Handle and Nylon Sheath Sheath - High Carbon Stainless Steel, Multi-Tool for Outdoor, Hunting, Emer","1","amazon.com","Standard Orders","Amazon","JANESVILLE","WI","53545","MarketplaceFacilitator","14.99","0.82","0","0","0","0","0","0","0","0","-0.82","-2.25","-6.44","0","0","6.30"
"Nov 29, 2025 11:28:25 PM PST","24977935231","Order","113-4490819-2164209","GB-CA-02-LION","Grumpy Bear Camping Hatchet with Lion Carving, Full Tang Outdoor Axe with Decorative Handle, Durable Forged Blade for Hiking, Bushcraft, and Survival","1","amazon.com","Standard Orders","Amazon","GREENSBORO","NC","27405","MarketplaceFacilitator","14.99","1.01","6.99","0.47","0","0","0","0","0","0","-1.48","-2.25","-12.67","0","0","7.06"
"Nov 29, 2025 11:32:15 PM PST","24977935231","Order","114-5755193-2673835","C-axe-01","Full Tang Survival Camping Axe with Wood Ergonomic Handle and Nylon Sheath Sheath - High Carbon Stainless Steel, Multi-Tool for Outdoor, Hunting, Emer","1","amazon.com","Standard Orders","Amazon","TRINITY","AL","35673","MarketplaceFacilitator","10.99","0.88","0","0","0","0","0","0","0","0","-0.88","-1.65","-6.10","0","0","3.24"
"Nov 29, 2025 11:47:09 PM PST","24977935231","Order","S01-5468346-9802817","AXE-SH-S","Grumpy Bear 11"" Survival Axe Camping Hatchet – Forged High Carbon Steel Blade with Walnut Wood Handle – Shock-Absorbing, Anti-Slip Grip – Ideal for Bushcraft, Wood Splitting & Outdoor Adventures","1","sim1.stores.amazon.com","Standard Orders","Amazon","LIVINGSTON","MT","59047","","0","0","0","0","0","0","0","0","0","0","0","0","-11.75","0","0","-11.75"
"Nov 30, 2025 12:16:03 AM PST","24977935231","Order","111-0150189-3993005","AXE-SH-L","Grumpy Bear 15"" Survival Axe Camping Hatchet - Forged High Carbon Steel Blade with Walnut Wood Handle - Shock-Absorbing, Anti-Slip Grip - Ideal for Bu","1","amazon.com","Standard Orders","Amazon","LEXINGTON","MISSOURI","64067","MarketplaceFacilitator","39.94","2.33","0","0","0","0","0","0","-3.99","0","-2.33","-5.39","-6.44","0","0","24.12"
"Nov 30, 2025 1:49:50 AM PST","24977935231","Order","S01-5078491-4309239","AXE-SH-L","Grumpy Bear 15"" Survival Axe Camping Hatchet – Forged High Carbon Steel Blade with Walnut Wood Handle – Shock-Absorbing, Anti-Slip Grip – Ideal for Bushcraft, Wood Splitting & Outdoor Adventures","1","sim1.stores.amazon.com","Standard Orders","Amazon","RAYMOND","NH","03077","","0","0","0","0","0","0","0","0","0","0","0","0","-11.75","0","0","-11.75"
"Nov 30, 2025 1:59:41 AM PST","24977935231","Order","113-8188678-9344218","C-axe-01","Full Tang Survival Camping Axe with Wood Ergonomic Handle and Nylon Sheath Sheath - High Carbon Stainless Steel, Multi-Tool for Outdoor, Hunting, Emer","2","amazon.com","Standard Orders","Amazon","POST FALLS","ID","83854","MarketplaceFacilitator","21.98","1.32","0.40","0","0","0","0","0","-0.40","0","-1.32","-3.30","-12.20","0","0","6.48"
"Nov 30, 2025 1:59:41 AM PST","24977935231","Order","113-8188678-9344218","C-axe-02","Full Tang Survival Camping Axe with Wood Ergonomic Handle and Nylon Sheath Sheath - High Carbon Stainless Steel, Multi-Tool for Outdoor, Hunting, Emer","1","amazon.com","Standard Orders","Amazon","POST FALLS","ID","83854","MarketplaceFacilitator","14.99","0.90","0.20","0","0","0","0","0","-0.20","0","-0.90","-2.25","-6.44","0","0","6.30"
"Nov 30, 2025 2:26:58 AM PST","24977935231","Order","S01-9885952-5346052","AXE-WS-L","Grumpy Bear 15"" Survival Axe Camping Hatchet – Forged High Carbon Steel Blade with Walnut Wood Handle – Shock-Absorbing, Anti-Slip Grip – Ideal for Bushcraft, Wood Splitting & Outdoor Adventures","1","sim1.stores.amazon.com","Standard Orders","Amazon","WHITE CITY","OR","97503","","0","0","0","0","0","0","0","0","0","0","0","0","-11.75","0","0","-11.75"
"Nov 30, 2025 2:31:11 AM PST","24977935231","Order","114-9828700-2143414","GB-CA-02-LION","Grumpy Bear Camping Hatchet with Lion Carving, Full Tang Outdoor Axe with Decorative Handle, Durable Forged Blade for Hiking, Bushcraft, and Survival","1","amazon.com","Standard Orders","Amazon","LAKE ELSINORE","CA","92530","MarketplaceFacilitator","14.99","1.31","0.99","0","0","0","0","0","-0.99","0","-1.31","-2.25","-5.68","0","0","7.06"
"Nov 30, 2025 3:17:48 AM PST","24977935231","Order","111-6453902-0478651","C-axe-02","Full Tang Survival Camping Axe with Wood Ergonomic Handle and Nylon Sheath Sheath - High Carbon Stainless Steel, Multi-Tool for Outdoor, Hunting, Emer","1","amazon.com","Standard Orders","Amazon","NILES","MI","49120","MarketplaceFacilitator","14.99","0.90","0","0","0","0","0","0","0","0","-0.90","-2.25","-6.44","0","0","6.30"
"Nov 30, 2025 3:19:59 AM PST","24977935231","Order","111-8927808-1010651","GB-CA-02-LION","Grumpy Bear Camping Hatchet with Lion Carving, Full Tang Outdoor Axe with Decorative Handle, Durable Forged Blade for Hiking, Bushcraft, and Survival","1","amazon.com","Standard Orders","Amazon","Anchorage","AK","99507","MarketplaceFacilitator","14.99","0","0","0","0","0","0","0","0","0","0","-2.25","-5.68","0","0","7.06"
"Nov 30, 2025 3:29:20 AM PST","24977935231","Order","113-8097447-9862605","C-axe-02","Full Tang Survival Camping Axe with Wood Ergonomic Handle and Nylon Sheath Sheath - High Carbon Stainless Steel, Multi-Tool for Outdoor, Hunting, Emer","1","amazon.com","Standard Orders","Amazon","PLEASANTON","CA","94588","MarketplaceFacilitator","14.99","1.54","0","0","0","0","0","0","0","0","-1.54","-2.25","-6.44","0","0","6.30"
"Nov 30, 2025 4:53:54 AM PST","24977935231","Order","S01-5076484-9971667","AXE-SH-S","Grumpy Bear 11"" Survival Axe Camping Hatchet – Forged High Carbon Steel Blade with Walnut Wood Handle – Shock-Absorbing, Anti-Slip Grip – Ideal for Bushcraft, Wood Splitting & Outdoor Adventures","1","sim1.stores.amazon.com","Standard Orders","Amazon","BLANCHARD","OK","73010","","0","0","0","0","0","0","0","0","0","0","0","0","-11.75","0","0","-11.75"
"Nov 30, 2025 5:44:41 AM PST","24977935231","Order","113-1966228-4589050","GB-CA-02-LION","Grumpy Bear Camping Hatchet with Lion Carving, Full Tang Outdoor Axe with Decorative Handle, Durable Forged Blade for Hiking, Bushcraft, and Survival","1","amazon.com","Standard Orders","Amazon","SIMPSONVILLE","SC","29681","MarketplaceFacilitator","14.99","0.90","0.22","0","0","0","0","0","-0.22","0","-0.90","-2.25","-5.68","0","0","7.06"
"Nov 30, 2025 5:58:43 AM PST","24977935231","Order","111-4426000-1681802","Axe-F-R-L","Grumpy Bear 15"" Survival Axe Camping Hatchet - Forged High Carbon Steel Blade with Walnut Wood Handle - Shock-Absorbing, Anti-Slip Grip - Ideal for Bu","1","amazon.com","Standard Orders","Amazon","JACKSONVILLE","FL","32218","MarketplaceFacilitator","35.94","2.43","0","0","0","0","0","0","-3.59","0","-2.43","-4.85","-6.44","0","0","21.06"
"Nov 30, 2025 6:24:41 AM PST","24977935231","Order","111-0055701-0036279","C-axe-02","Full Tang Survival Camping Axe with Wood Ergonomic Handle and Nylon Sheath Sheath - High Carbon Stainless Steel, Multi-Tool for Outdoor, Hunting, Emer","1","amazon.com","Standard Orders","Amazon","EUSTIS","FL","32726","MarketplaceFacilitator","14.99","1.05","0","0","0","0","0","0","0","0","-1.05","-2.25","-6.44","0","0","6.30"
"Nov 30, 2025 7:03:55 AM PST","24977935231","Order","114-0266474-7480225","C-axe-01","Full Tang Survival Camping Axe with Wood Ergonomic Handle and Nylon Sheath Sheath - High Carbon Stainless Steel, Multi-Tool for Outdoor, Hunting, Emer","1","amazon.com","Standard Orders","Amazon","DETROIT LAKES","MN","56501","MarketplaceFacilitator","10.99","0.81","0.89","0.07","0","0","0","0","0","0","-0.88","-1.65","-6.99","0","0","3.24"
"Nov 30, 2025 7:08:22 AM PST","24977935231","Order","111-7677743-8161835","GB-CA-02-WOLF","Grumpy Bear Camping Hatchet with Wolf Carving, Full Tang Outdoor Axe with Decorative Handle, Durable Forged Blade for Hiking, Bushcraft, and Survival","1","amazon.com","Standard Orders","Amazon","FOUNTAIN","CO","80817","MarketplaceFacilitator","19.99","1.03","1.00","0","0","0","0","0","-1.00","0","-1.03","-3.00","-5.84","0","0","11.15"
"Nov 30, 2025 7:41:22 AM PST","24977935231","Order","S01-7672388-5778835","AXE-SH-S","Grumpy Bear 11"" Survival Axe Camping Hatchet – Forged High Carbon Steel Blade with Walnut Wood Handle – Shock-Absorbing, Anti-Slip Grip – Ideal for Bushcraft, Wood Splitting & Outdoor Adventures","1","sim1.stores.amazon.com","Standard Orders","Amazon","ORANGE","TX","77632","","0","0","0","0","0","0","0","0","0","0","0","0","-11.75","0","0","-11.75"
"Nov 30, 2025 7:42:09 AM PST","24977935231","Order","S01-4884549-9040464","AXE-SH-S","Grumpy Bear 11"" Survival Axe Camping Hatchet – Forged High Carbon Steel Blade with Walnut Wood Handle – Shock-Absorbing, Anti-Slip Grip – Ideal for Bushcraft, Wood Splitting & Outdoor Adventures","1","sim1.stores.amazon.com","Standard Orders","Amazon","STALLION SPRINGS","CA","93561","","0","0","0","0","0","0","0","0","0","0","0","0","-11.75","0","0","-11.75"
"Nov 30, 2025 7:43:10 AM PST","24977935231","Order","114-0466078-0482645","GB-CA-02-EAGLE","Grumpy Bear Camping Hatchet, Full Tang Outdoor Axe with Decorative Handle, Durable Forged Blade for Hiking, Bushcraft, and Survival (Eagle)","1","amazon.com","Standard Orders","Amazon","PARLIN","NEW JERSEY","08859","MarketplaceFacilitator","19.99","1.32","0","0","0","0","0","0","0","0","-1.32","-3.00","-5.68","0","0","11.31"
"Nov 30, 2025 8:15:48 AM PST","24977935231","Order","112-3061783-9261831","GB-CA-02-LION","Grumpy Bear Camping Hatchet with Lion Carving, Full Tang Outdoor Axe with Decorative Handle, Durable Forged Blade for Hiking, Bushcraft, and Survival","1","amazon.com","Standard Orders","Amazon","WILLIAMS","IN","47470","MarketplaceFacilitator","14.99","1.05","0","0","0","0","0","0","0","0","-1.05","-2.25","-5.68","0","0","7.06"
"Nov 30, 2025 8:24:12 AM PST","24977935231","Order","112-8825524-6040247","C-axe-01","Full Tang Survival Camping Axe with Wood Ergonomic Handle and Nylon Sheath Sheath - High Carbon Stainless Steel, Multi-Tool for Outdoor, Hunting, Emer","2","amazon.com","Standard Orders","Amazon","SAN DIEGO","CA","92129","MarketplaceFacilitator","21.98","1.70","0","0","0","0","0","0","0","0","-1.70","-3.30","-12.20","0","0","6.48"
"Nov 30, 2025 8:29:29 AM PST","24977935231","Order","114-8490293-2102634","GB-CA-02-LION","Grumpy Bear Camping Hatchet with Lion Carving, Full Tang Outdoor Axe with Decorative Handle, Durable Forged Blade for Hiking, Bushcraft, and Survival","1","amazon.com","Standard Orders","Amazon","Helmetta","New Jersey","08828","MarketplaceFacilitator","14.99","0.99","0","0","0","0","0","0","0","0","-0.99","-2.25","-5.68","0","0","7.06"
"Nov 30, 2025 10:16:19 AM PST","24977935231","Order","113-7079917-5926610","GB-CA-02-EAGLE","Grumpy Bear Camping Hatchet, Full Tang Outdoor Axe with Decorative Handle, Durable Forged Blade for Hiking, Bushcraft, and Survival (Eagle)","1","amazon.com","Standard Orders","Amazon","WASHINGTON","DC","20019","MarketplaceFacilitator","19.99","1.20","0","0","0","0","0","0","0","0","-1.20","-3.00","-5.68","0","0","11.31"
"Nov 30, 2025 10:36:36 AM PST","24977935231","Order","S01-5746378-7552429","AXE-SH-S","Grumpy Bear 11"" Survival Axe Camping Hatchet – Forged High Carbon Steel Blade with Walnut Wood Handle – Shock-Absorbing, Anti-Slip Grip – Ideal for Bushcraft, Wood Splitting & Outdoor Adventures","1","sim1.stores.amazon.com","Standard Orders","Amazon","LAS VEGAS","NM","87701","","0","0","0","0","0","0","0","0","0","0","0","0","-11.75","0","0","-11.75"
"Nov 30, 2025 11:42:35 AM PST","24977935231","Refund","113-2895725-4409821","AXE-WS-L","Grumpy Bear 15"" Survival Axe Camping Hatchet - Forged High Carbon Steel Blade with Walnut Wood Handle - Shock-Absorbing, Anti-Slip Grip - Ideal for Bu","1","amazon.com","Standard Orders","Amazon","JONESBURG","MO","63351","MarketplaceFacilitator","0","0","-6.99","-0.44","0","0","0","0","0","0","0.44","0","6.99","0","0","0"
"Nov 30, 2025 1:36:45 PM PST","24977935231","Order","111-3789380-3190667","C-axe-02","Full Tang Survival Camping Axe with Wood Ergonomic Handle and Nylon Sheath Sheath - High Carbon Stainless Steel, Multi-Tool for Outdoor, Hunting, Emer","1","amazon.com","Standard Orders","Amazon","VICTORVILLE","CA","92395","MarketplaceFacilitator","14.99","1.31","0","0","0","0","0","0","0","0","-1.31","-2.25","-6.44","0","0","6.30"
"Nov 30, 2025 3:53:12 PM PST","24977935231","Order","112-6988055-0794633","C-axe-01","Full Tang Survival Camping Axe with Wood Ergonomic Handle and Nylon Sheath Sheath - High Carbon Stainless Steel, Multi-Tool for Outdoor, Hunting, Emer","2","amazon.com","Standard Orders","Amazon","CHATTAROY","WASHINGTON","99003","MarketplaceFacilitator","21.98","1.78","0","0","0","0","0","0","0","0","-1.78","-3.30","-12.20","0","0","6.48"
"Nov 30, 2025 11:05:08 PM PST","24977935231","Order","114-0249153-5623455","C-axe-01","Full Tang Survival Camping Axe with Wood Ergonomic Handle and Nylon Sheath Sheath - High Carbon Stainless Steel, Multi-Tool for Outdoor, Hunting, Emer","1","amazon.com","Standard Orders","Amazon","STEVENSVILLE","MT","59870","","10.99","0","0","0","0","0","0","0","0","0","0","-1.65","-6.10","0","0","3.24"
"Nov 30, 2025 11:25:32 PM PST","24977935231","Order","114-1977756-4473800","C-axe-01","Full Tang Survival Camping Axe with Wood Ergonomic Handle and Nylon Sheath Sheath - High Carbon Stainless Steel, Multi-Tool for Outdoor, Hunting, Emer","1","amazon.com","Standard Orders","Amazon","RINGWOOD","NJ","07456","MarketplaceFacilitator","10.99","0.73","0","0","0","0","0","0","0","0","-0.73","-1.65","-6.10","0","0","3.24"
"Nov 30, 2025 11:35:11 PM PST","24977935231","Order","113-8356184-0472203","C-axe-02","Full Tang Survival Camping Axe with Wood Ergonomic Handle and Nylon Sheath Sheath - High Carbon Stainless Steel, Multi-Tool for Outdoor, Hunting, Emer","1","amazon.com","Standard Orders","Amazon","BLAINE","MN","55449","MarketplaceFacilitator","14.99","1.22","0","0","0","0","0","0","0","0","-1.22","-2.25","-6.44","0","0","6.30"
"Nov 30, 2025 11:54:51 PM PST","25081665871","Order","112-6465786-3314630","GB-CA-02-TIGER","Grumpy Bear Camping Hatchet with Tiger Carving, Full Tang Outdoor Axe with Decorative Handle, Durable Forged Blade for Hiking, Bushcraft, and Survival","1","amazon.com","Standard Orders","Amazon","COLUMBUS","INDIANA","47201","MarketplaceFacilitator","14.99","1.05","0","0","0","0","0","0","0","0","-1.05","-2.25","-5.84","0","0","6.90"
