date/time,settlement id,type,order id,sku,description,quantity,marketplace,fulfillment,order city,order state,order postal,tax collection model,product sales,product sales tax,shipping credits,shipping credits tax,gift wrap credits,gift wrap credits tax,Regulatory fee,Tax on regulatory fee,promotional rebates,promotional rebates tax,marketplace withheld tax,selling fees,fba fees,other transaction fees,other,total
31.12.2025 23:05:04 UTC,26153128782,Bestellung,305-1194184-0133163,KM30-F,PURPLEBIRD Klappmesser aus rostfreiem Qualit?tsstahl mit Carbonfaser-Griff.Sicherheitsverriegelung.Rutschfester Griff.Flach & kompakt f¨¹r Camping &,2,amazon.de,Amazon,Hardebek,,24616,MarketplaceFacilitator,28.22,5.36,0,0,0,0,0,0,-5.36,-4.36,-6.08,0,0,17.78,0,0
31.12.2025 23:18:28 UTC,26153128782,Bestellung,028-7687563-4317128,CZ002-XXL,PURPLEBIRD Grillspachtel Set aus Edelstahl. Plancha Spachtels Set mit Gro? Grillwender f¨¹r Smash Burger. Grill Geschenke f¨¹r M?nner,1,amazon.de,Amazon,6232 M¨¹nster,,6232,MarketplaceFacilitator,17.24,3.45,0,0,0,0,0,0,-3.45,-3.08,-4.08,0,0,10.08,0,0
31.12.2025 23:23:50 UTC,26153128782,Bestellung,305-4122854-0173120,CZ003-Wood,PURPLEBIRD Burgerpresse. 10.8cm Aluguss Burger Pattie Presse mit Antihaft. 3 Stufen der Dicke einstellbar. Professioneller Hamburgerpresse mit Holzgri,1,amazon.de,Amazon,Monzingen,Rheinland-Pfalz,55569,MarketplaceFacilitator,19.99,3.8,0,0,0,0,0,0,-3.8,-3.57,-3.84,0,0,12.58,0,0
31.12.2025 23:46:28 UTC,26153128782,Bestellung,305-2974978-5745934,HWD02-ZNO,PURPLEBIRD Outdoor Messer. Jagdmesser Feststehende Klinge. 440C Edelstahl Bushcraft Camping Messer. Full Tang Scharfe Survival Messer mit Holster (24c,1,amazon.de,Amazon,Illingen,,66557,MarketplaceFacilitator,23.56,4.48,0,0,0,0,0,0,-8.96,-7.3,-3.04,0,0,8.74,0,0
31.12.2025 23:46:28 UTC,26153128782,Bestellung,305-2974978-5745934,HWD02-ZNO,PURPLEBIRD Outdoor Messer. Jagdmesser Feststehende Klinge. 440C Edelstahl Bushcraft Camping Messer. Full Tang Scharfe Survival Messer mit Holster (24c,1,amazon.de,Amazon,Illingen,,66557,,23.56,4.48,0,0,0,0,0,0,0,0,-3.04,0,0,25,0,0
31.12.2025 23:48:47 UTC,26153128782,Bestellung,305-8800678-5609156,PB-OK-02,PURPLEBIRD Survival Messer Feststehende Klinge Scharfes G¨¹rtelmesser mit Lederscheide. Camping Messer Outdoor Geschenk f¨¹r Mann und Sammlung,1,amazon.de,Amazon,Reichshof,,51580,MarketplaceFacilitator,32.85,6.24,0,0,0,0,0,0,-6.24,-5.08,-5.27,0,0,22.5,0,0
01.01.2026 01:54:49 UTC,26153128782,Erstattung,306-3838029-7868302,KF014-OutdoorA,PURPLEBIRD Jagdmesser Feststehende Klinge Scharfes. Messer Outdoor Survival mit Lederscheide. D2 Stahl G¨¹rtelmesser & Camping Messer Outdoor Geschenk,1,amazon.de,Amazon,Jessen (elster),,06917,MarketplaceFacilitator,-28.56,-5.43,0,0,0,0,0,0,5.43,3.54,0,0,0,-25.02,0,0
01.01.2026 16:27:25 UTC,26153128782,Erstattung,028-6705983-9819527,HWD02-ZNO,PURPLEBIRD Outdoor Messer-Jagdmesser Feststehende klinge.Bushcraft Camping Messer.Scharfe Survival Messer mit Holster Full Tang G¨¹rtelmesser (24cm Kl,1,amazon.de,Amazon,Traunwalchen,,83374,MarketplaceFacilitator,-27.72,-5.27,0,0,0,0,0,0,5.27,3.43,0,0,0,-24.29,0,0
02.01.2026 02:56:34 UTC,26153128782,Servicegeb¨¹hr,,,Werbekosten,,,,,,,,0,0,0,0,0,0,0,0,0,0,0,-273.02,0,-273.02,0,0
02.01.2026 03:47:46 UTC,26153128782,Geb¨¹hren von Amazon,17daf7a7-6e3e-47e2-894c-ff268feaf96c,,Coupon-Teilnahmegeb¨¹hr,,Amazon.de,,,,,,0,0,0,0,0,0,0,0,0,-4,0,0,0,-4,0,0
02.01.2026 09:03:38 UTC,26153128782,Liquidationen,80576314527552,X002FL7DV9,PURPLEBIRD Jagdmesser Feststehende Klinge Scharfes. Messer Outdoor Survival mit Lederscheide. D2 Stahl G¨¹rtelmesser & Camping Messer Outdoor Geschenk f¨¹r Jagd. Wandern und Angeln,1,,,,,,,1.49,0,0,0,0,0,0,0,0,0,0,-0.56,0,0.93,0,0
02.01.2026 13:05:08 UTC,26153128782,Liquidationen,78946700940552,X001SEOK4H,PURPLEBIRD Grillspachtel Set aus Edelstahl. Plancha Spachtels Set mit Gro? Grillwender f¨¹r Smash Burger. Grill Geschenke f¨¹r M?nner,1,,,,,,,0.58,0,0,0,0,0,0,0,0,0,0,-0.79,0,-0.21,0,0
02.01.2026 14:01:03 UTC,26153128782,Anpassung,,BBQS-ZNO,Versand durch Amazon Erstattung f¨¹r Lagerbestand - Im Lager verloren,1,,,,,,,0,0,0,0,0,0,0,0,0,0,0,0,12.7,12.7,0,0
02.01.2026 14:12:17 UTC,26153128782,Erstattung,305-2506047-6735532,CZ003-Wood,PURPLEBIRD Burgerpresse. 10.8cm Aluguss Burger Pattie Presse mit Antihaft. 3 Stufen der Dicke einstellbar. Professioneller Hamburgerpresse mit Holzgri,1,amazon.de,Amazon,H?sbach,Bayern,63768,MarketplaceFacilitator,-19.99,-3.8,0,0,0,0,0,0,3.8,2.86,0,0,0,-17.13,0,0
02.01.2026 16:42:12 UTC,26153128782,Bestellung,S02-5555109-0715948,GK02,PURPLE BIRD GK02 Gefl¨¹gelschere K¨¹chenschere Profi. 4mm Edelstahl Knochenschere mit Sicherheitsschloss & Federbelastung. 103¡ã Schneidwinkel f¨¹r Fleisch. Gem¨¹se und Knochen. Rutschfester Griff,1,si-prod-marketplace-de.stores.amazon.de,Amazon,Bremen,Bremen,28239,,0,0,0,0,0,0,0,0,0,0,-5.55,0,0,-5.55,0,0
02.01.2026 17:45:28 UTC,26153128782,Erstattung,306-9157062-3767565,CZ002-XXL,PURPLEBIRD Grillspachtel Set aus Edelstahl. Plancha Spachtels Set mit Gro? Grillwender f¨¹r Smash Burger. Grill Geschenke f¨¹r M?nner,1,amazon.de,Amazon,Selfkant,,52538,MarketplaceFacilitator,-17.24,-3.27,0,0,0,0,0,0,3.27,2.46,0,0,0,-14.78,0,0
02.01.2026 20:56:58 UTC,26153128782,Bestellung,S02-9033637-4616762,CZ002-XXL,PURPLEBIRD Grillspachtel Set aus Edelstahl. Plancha Spachtels Set mit Gro? Grillwender f¨¹r Smash Burger. Grill Geschenke f¨¹r M?nner,1,si-prod-marketplace-de.stores.amazon.de,Amazon,SINT-PIETERS-LEEUW,BRABANT FLAMAND,1600,,0,0,0,0,0,0,0,0,0,0,-11.7,0,0,-11.7,0,0
03.01.2026 02:49:46 UTC,26153128782,Geb¨¹hren von Amazon,d4938c15-1214-46ec-92a0-dab975a203bd,,Coupon-Teilnahmegeb¨¹hr,,Amazon.de,,,,,,0,0,0,0,0,0,0,0,0,-4,0,0,0,-4,0,0
03.01.2026 02:55:38 UTC,26153128782,Geb¨¹hren von Amazon,d4938c15-1214-46ec-92a0-dab975a203bd,,Leistungsbasierte Coupon-Geb¨¹hr,,Amazon.de,,,,,,0,0,0,0,0,0,0,0,0,-1.03,0,0,0,-1.03,0,0
03.01.2026 03:11:08 UTC,26153128782,Geb¨¹hren von Amazon,328d9f4c-db7d-4956-b644-798b0577c790,,Coupon-Teilnahmegeb¨¹hr,,Amazon.de,,,,,,0,0,0,0,0,0,0,0,0,-4,0,0,0,-4,0,0
03.01.2026 12:48:57 UTC,26153128782,Erstattung,306-5565036-3761946,GK02,PURPLE BIRD GK02 Gefl¨¹gelschere K¨¹chenschere Profi. 4mm Edelstahl Knochenschere mit Sicherheitsschloss & Federbelastung. 103¡ã Schneidwinkel f¨¹r Fl,1,amazon.de,Amazon,Kordel,Rheinland-Pfalz,54306,MarketplaceFacilitator,-19.73,-3.75,0,0,0,0,0,0,3.75,2.82,0,0,0,-16.91,0,0
03.01.2026 16:27:36 UTC,26153128782,Erstattung,305-1194184-0133163,KM30-F,PURPLEBIRD Klappmesser aus rostfreiem Qualit?tsstahl mit Carbonfaser-Griff.Sicherheitsverriegelung.Rutschfester Griff.Flach & kompakt f¨¹r Camping &,2,amazon.de,Amazon,Hardebek,,24616,MarketplaceFacilitator,-28.22,-5.36,0,0,0,0,0,0,5.36,3.49,0,0,0,-24.73,0,0
03.01.2026 18:50:35 UTC,26153128782,Bestellung,305-6811707-9937139,CZ002-XXL,PURPLEBIRD Grillspachtel Set aus Edelstahl. Plancha Spachtels Set mit Gro? Grillwender f¨¹r Smash Burger. Grill Geschenke f¨¹r M?nner,1,amazon.de,Amazon,Krempe,,25361,MarketplaceFacilitator,17.24,3.27,0,0,0,0,0,0,-3.27,-3.08,-4.08,0,0,10.08,0,0
03.01.2026 20:15:17 UTC,26153128782,Bestellung,302-0607162-4195565,HS-KidRedStraight,PURPLEBIRD Haarschere Friseurschere 6-Zoll Edelstahl Sichere Runde Tipps Haarschneideschere Extra Professionelle Haarschnitt Schere f¨¹r Kinder. Perfe,1,amazon.de,Amazon,Wallerfangen,,66798,MarketplaceFacilitator,14.78,2.81,0,0,0,0,0,0,-2.81,-2.64,-3.95,0,0,8.19,0,0
03.01.2026 20:32:17 UTC,26153128782,Bestellung,028-5361572-8339514,GK02,PURPLE BIRD GK02 Gefl¨¹gelschere K¨¹chenschere Profi. 4mm Edelstahl Knochenschere mit Sicherheitsschloss & Federbelastung. 103¡ã Schneidwinkel f¨¹r Fl,1,amazon.de,Amazon,Rostock,,18069,MarketplaceFacilitator,19.73,3.75,0,0,0,0,0,0,-3.75,-3.52,-3.04,0,0,13.17,0,0
03.01.2026 21:05:46 UTC,26153128782,Bestellung,304-0762331-0670704,HS-KidRedStraight,PURPLEBIRD Haarschere Friseurschere 6-Zoll Edelstahl Sichere Runde Tipps Haarschneideschere Extra Professionelle Haarschnitt Schere f¨¹r Kinder. Perfe,1,amazon.de,Amazon,Selent,,24238,MarketplaceFacilitator,14.78,2.81,0,0,0,0,0,0,-2.81,-2.64,-3.95,0,0,8.19,0,0
03.01.2026 22:07:24 UTC,26153128782,Bestellung,306-3006437-3192362,GK02,PURPLE BIRD GK02 Gefl¨¹gelschere K¨¹chenschere Profi. 4mm Edelstahl Knochenschere mit Sicherheitsschloss & Federbelastung. 103¡ã Schneidwinkel f¨¹r Fl,1,amazon.de,Amazon,Erbach,,89155,MarketplaceFacilitator,17.85,3.39,4.19,0.8,0,0,-4.19,-0.8,-3.39,-3.19,-3.04,0,0,11.62,0,0
03.01.2026 22:32:47 UTC,26153128782,Bestellung,306-0248938-2726731,HWD02-ZNO,PURPLEBIRD Outdoor Messer. Jagdmesser Feststehende Klinge. 440C Edelstahl Bushcraft Camping Messer. Full Tang Scharfe Survival Messer mit Holster (24c,1,amazon.de,Amazon,Magdeburg,,39110,MarketplaceFacilitator,27.72,5.27,0,0,0,0,0,0,-5.27,-4.29,-3.04,0,0,20.39,0,0
04.01.2026 00:18:44 UTC,26153128782,Bestellung,306-9049942-7257150,GK02,PURPLE BIRD GK02 Gefl¨¹gelschere K¨¹chenschere Profi. 4mm Edelstahl Knochenschere mit Sicherheitsschloss & Federbelastung. 103¡ã Schneidwinkel f¨¹r Fl,1,amazon.de,Amazon,Welver,Nordrhein-Westfalen,59514,MarketplaceFacilitator,17.85,3.39,0,0,0,0,0,0,-3.39,-3.19,-3.04,0,0,11.62,0,0
04.01.2026 14:52:36 UTC,26246931992,Servicegeb¨¹hr,,,Werbekosten,,,,,,,,0,0,0,0,0,0,0,0,0,0,0,-507.66,0,-507.66,0,0
04.01.2026 18:19:55 UTC,26246931992,Liquidationen,80711648741552,X002FN8XEN,PURPLEBIRD Jagdmesser Feststehende Klinge 19 cm. Gro?es Bushcraft Camping Messer. Survival Messer Outdoor G¨¹rtelmesser mit Holster,1,,,,,,,3.39,0,0,0,0,0,0,0,0,0,0,-1.21,0,2.18,0,0
05.01.2026 03:16:37 UTC,26246931992,Bestellung,303-2398996-3761927,HWD02-ZNO,PURPLEBIRD Outdoor Messer. Jagdmesser Feststehende Klinge. 440C Edelstahl Bushcraft Camping Messer. Full Tang Scharfe Survival Messer mit Holster (24c,1,amazon.de,Amazon,Oerlinghausen,,33813,MarketplaceFacilitator,22.18,4.21,0,0,0,0,0,0,-4.21,-3.43,-3.04,0,0,15.71,0,0
05.01.2026 04:36:07 UTC,26246931992,Bestellung,306-1416361-6665147,GK02,PURPLE BIRD GK02 Gefl¨¹gelschere K¨¹chenschere Profi. 4mm Edelstahl Knochenschere mit Sicherheitsschloss & Federbelastung. 103¡ã Schneidwinkel f¨¹r Fl,1,amazon.de,Amazon,Treia,,24896,MarketplaceFacilitator,19.73,3.75,0,0,0,0,0,0,-3.75,-3.52,-3.04,0,0,13.17,0,0
05.01.2026 05:46:45 UTC,26246931992,¨¹bertrag,,,F¨¹r Konten mit folgenden Endziffern: 623,,,,,,,,0,0,0,0,0,0,0,0,0,0,0,0,-4.129.61,-4.129.61,0,0
05.01.2026 07:22:14 UTC,26246931992,Bestellung,S02-7797451-6038323,GK02,PURPLE BIRD GK02 Gefl¨¹gelschere K¨¹chenschere Profi. 4mm Edelstahl Knochenschere mit Sicherheitsschloss & Federbelastung. 103¡ã Schneidwinkel f¨¹r Fleisch. Gem¨¹se und Knochen. Rutschfester Griff,1,si-prod-marketplace-de.stores.amazon.de,Amazon,Gro?dubrau,Sachsen,02694,,0,0,0,0,0,0,0,0,0,0,-5.55,0,0,-5.55,0,0
05.01.2026 09:32:14 UTC,26246931992,Bestellung,028-2206903-3537123,CZ003-Wood,PURPLEBIRD Burgerpresse. 10.8cm Aluguss Burger Pattie Presse mit Antihaft. 3 Stufen der Dicke einstellbar. Professioneller Hamburgerpresse mit Holzgri,1,amazon.de,Amazon,H¨¹ttlingen,,73460,MarketplaceFacilitator,19.99,3.8,0,0,0,0,0,0,-3.8,-3.57,-3.84,0,0,12.58,0,0
05.01.2026 09:32:59 UTC,26246931992,Bestellung,S02-5466276-8311122,GK02,PURPLE BIRD GK02 Gefl¨¹gelschere K¨¹chenschere Profi. 4mm Edelstahl Knochenschere mit Sicherheitsschloss & Federbelastung. 103¡ã Schneidwinkel f¨¹r Fleisch. Gem¨¹se und Knochen. Rutschfester Griff,1,si-prod-marketplace-de.stores.amazon.de,Amazon,BEGLES,GIRONDE,33130,,0,0,0,0,0,0,0,0,0,0,-8.5,0,0,-8.5,0,0
05.01.2026 12:12:14 UTC,26246931992,Bestellung,302-9085016-3656363,GK02,PURPLE BIRD GK02 Gefl¨¹gelschere K¨¹chenschere Profi. 4mm Edelstahl Knochenschere mit Sicherheitsschloss & Federbelastung. 103¡ã Schneidwinkel f¨¹r Fl,1,amazon.de,Amazon,Erftstadt,,50374,MarketplaceFacilitator,22.68,4.31,0,0,0,0,0,0,-4.31,-4.05,-3.04,0,0,15.59,0,0
05.01.2026 12:38:04 UTC,26246931992,Bestellung,303-3679258-3585158,HS02-StripingBlack-Straight,Profi Haarschere Friseurschere Haarschneideschere aus Rostfreiem Stahl im Japanischen Stil Geeignet f¨¹r Kinder. Frauen und M?nner Extra Scharfe Haar,1,amazon.de,Amazon,Haibach,,63808,MarketplaceFacilitator,25.2,4.79,0,0,0,0,0,0,-4.79,-4.5,-2.57,0,0,18.13,0,0
05.01.2026 12:48:07 UTC,26246931992,Bestellung,305-8157611-6259547,GK02,PURPLE BIRD GK02 Gefl¨¹gelschere K¨¹chenschere Profi. 4mm Edelstahl Knochenschere mit Sicherheitsschloss & Federbelastung. 103¡ã Schneidwinkel f¨¹r Fl,1,amazon.de,Amazon,Leipzig,Sachsen,04158,MarketplaceFacilitator,22.68,4.31,0,0,0,0,0,0,-4.31,-4.05,-3.04,0,0,15.59,0,0
05.01.2026 13:25:14 UTC,26246931992,Bestellung,028-5287372-9717938,GK02,PURPLE BIRD GK02 Gefl¨¹gelschere K¨¹chenschere Profi. 4mm Edelstahl Knochenschere mit Sicherheitsschloss & Federbelastung. 103¡ã Schneidwinkel f¨¹r Fl,1,amazon.de,Amazon,Warsow,Mecklenburg-Vorpommern,19075,MarketplaceFacilitator,22.68,4.31,3.35,0.64,0,0,0,0,-4.95,-4.05,-6.39,0,0,15.59,0,0
05.01.2026 13:40:45 UTC,26246931992,Bestellung,302-1321996-6689126,KM30-G,PURPLEBIRD Klappmesser Taschenmesser. Survival Outdoor Messer mit Coolem Aussehen.Tolle Sammlung Geschenke f¨¹r M?nner (Gr¨¹n),1,amazon.de,Amazon,Germaringen,,87656,MarketplaceFacilitator,14.11,2.68,0,0,0,0,0,0,-2.68,-2.18,-3.04,0,0,8.89,0,0
05.01.2026 14:27:41 UTC,26246931992,Bestellung,305-7666102-1635547,CZ003-Wood,PURPLEBIRD Burgerpresse. 10.8cm Aluguss Burger Pattie Presse mit Antihaft. 3 Stufen der Dicke einstellbar. Professioneller Hamburgerpresse mit Holzgri,1,amazon.de,Amazon,Erlangen,Bayern,91056,MarketplaceFacilitator,19.99,3.8,0,0,0,0,0,0,-3.8,-3.57,-3.84,0,0,12.58,0,0
05.01.2026 14:51:58 UTC,26246931992,Bestellung,303-9719340-3609935,KM30-G,PURPLEBIRD Klappmesser Taschenmesser. Survival Outdoor Messer mit Coolem Aussehen.Tolle Sammlung Geschenke f¨¹r M?nner (Gr¨¹n),1,amazon.de,Amazon,D¨¹sseldorf,NRW,40599,MarketplaceFacilitator,14.11,2.68,0,0,0,0,0,0,-2.68,-2.18,-3.04,0,0,8.89,0,0
05.01.2026 15:09:49 UTC,26246931992,Bestellung,303-3465397-9481104,KM30-F,PURPLEBIRD Klappmesser aus rostfreiem Qualit?tsstahl mit Carbonfaser-Griff.Sicherheitsverriegelung.Rutschfester Griff.Flach & kompakt f¨¹r Camping &,1,amazon.de,Amazon,L?hnberg,,35792,MarketplaceFacilitator,17.64,3.35,4.19,0.8,0,0,0,0,-4.15,-2.73,-7.23,0,0,11.87,0,0
05.01.2026 15:37:38 UTC,26246931992,Bestellung,028-5770953-4139542,HWD02-ZNO,PURPLEBIRD Outdoor Messer. Jagdmesser Feststehende Klinge. 440C Edelstahl Bushcraft Camping Messer. Full Tang Scharfe Survival Messer mit Holster (24c,1,amazon.de,Amazon,Meckenbeuren,Baden-W¨¹rttemberg,88074,MarketplaceFacilitator,22.18,4.21,0,0,0,0,0,0,-4.21,-3.43,-3.04,0,0,15.71,0,0
05.01.2026 16:01:52 UTC,26246931992,Bestellung,304-9781216-1643560,GK02,PURPLE BIRD GK02 Gefl¨¹gelschere K¨¹chenschere Profi. 4mm Edelstahl Knochenschere mit Sicherheitsschloss & Federbelastung. 103¡ã Schneidwinkel f¨¹r Fl,1,amazon.de,Amazon,Eschweiler,,52249,MarketplaceFacilitator,17.85,3.39,0,0,0,0,0,0,-3.39,-3.19,-3.04,0,0,11.62,0,0
05.01.2026 16:15:26 UTC,26246931992,Bestellung,306-4717430-6403528,GK02,PURPLE BIRD GK02 Gefl¨¹gelschere K¨¹chenschere Profi. 4mm Edelstahl Knochenschere mit Sicherheitsschloss & Federbelastung. 103¡ã Schneidwinkel f¨¹r Fl,1,amazon.de,Amazon,Berlin,Berlin,10439,MarketplaceFacilitator,19.73,3.75,1.12,0.21,0,0,-1.12,-0.21,-3.75,-3.52,-3.04,0,0,13.17,0,0
05.01.2026 16:16:55 UTC,26246931992,Bestellung,306-1211952-7653923,CZ003-Wood,PURPLEBIRD Burgerpresse. 10.8cm Aluguss Burger Pattie Presse mit Antihaft. 3 Stufen der Dicke einstellbar. Professioneller Hamburgerpresse mit Holzgri,1,amazon.de,Amazon,Baesweiler,,52499,MarketplaceFacilitator,19.99,3.8,0,0,0,0,0,0,-3.8,-3.57,-3.84,0,0,12.58,0,0
05.01.2026 16:30:07 UTC,26246931992,Bestellung,305-9219791-3279531,PB-OK-02,PURPLEBIRD Survival Messer Feststehende Klinge Scharfes G¨¹rtelmesser mit Lederscheide. Camping Messer Outdoor Geschenk f¨¹r Mann und Sammlung,1,amazon.de,Amazon,Hamburg,,22159,MarketplaceFacilitator,32.85,6.24,0,0,0,0,0,0,-6.24,-5.08,-5.27,0,0,22.5,0,0
05.01.2026 17:49:24 UTC,26246931992,Bestellung,302-3945245-9176302,GK02,PURPLE BIRD GK02 Gefl¨¹gelschere K¨¹chenschere Profi. 4mm Edelstahl Knochenschere mit Sicherheitsschloss & Federbelastung. 103¡ã Schneidwinkel f¨¹r Fl,1,amazon.de,Amazon,EHRINGSHAUSEN,HESSEN,35630,MarketplaceFacilitator,17.85,3.39,0,0,0,0,0,0,-3.39,-3.19,-3.04,0,0,11.62,0,0
05.01.2026 17:58:32 UTC,26246931992,Bestellung,028-5902084-2209900,GK02,PURPLE BIRD GK02 Gefl¨¹gelschere K¨¹chenschere Profi. 4mm Edelstahl Knochenschere mit Sicherheitsschloss & Federbelastung. 103¡ã Schneidwinkel f¨¹r Fl,1,amazon.de,Amazon,Meckenheim,Nordrhein-Westfalen,53340,MarketplaceFacilitator,17.85,3.39,0,0,0,0,0,0,-3.39,-3.19,-3.04,0,0,11.62,0,0
05.01.2026 18:17:54 UTC,26246931992,Bestellung,306-8850352-5306743,CZ002-XXL,PURPLEBIRD Grillspachtel Set aus Edelstahl. Plancha Spachtels Set mit Gro? Grillwender f¨¹r Smash Burger. Grill Geschenke f¨¹r M?nner,1,amazon.de,Amazon,N¨¹rnberg,Bayern,90408,MarketplaceFacilitator,17.24,3.27,1.12,0.21,0,0,-1.12,-0.21,-3.27,-3.08,-4.08,0,0,10.08,0,0
05.01.2026 18:51:45 UTC,26246931992,Bestellung,302-6292121-7302751,GK02,PURPLE BIRD GK02 Gefl¨¹gelschere K¨¹chenschere Profi. 4mm Edelstahl Knochenschere mit Sicherheitsschloss & Federbelastung. 103¡ã Schneidwinkel f¨¹r Fl,1,amazon.de,Amazon,Klempau,S-H,23628,MarketplaceFacilitator,17.85,3.39,0,0,0,0,0,0,-3.39,-3.19,-3.04,0,0,11.62,0,0
05.01.2026 18:51:57 UTC,26246931992,Bestellung,304-7932703-9819508,KM30-G,PURPLEBIRD Klappmesser Taschenmesser. Survival Outdoor Messer mit Coolem Aussehen.Tolle Sammlung Geschenke f¨¹r M?nner (Gr¨¹n),1,amazon.de,Amazon,Kelsterbach,,65451,MarketplaceFacilitator,14.11,2.68,0,0,0,0,0,0,-5.36,-4.36,-3.04,0,0,4.03,0,0
05.01.2026 18:51:57 UTC,26246931992,Bestellung,304-7932703-9819508,KM30-G,PURPLEBIRD Klappmesser Taschenmesser. Survival Outdoor Messer mit Coolem Aussehen.Tolle Sammlung Geschenke f¨¹r M?nner (Gr¨¹n),1,amazon.de,Amazon,Kelsterbach,,65451,,14.11,2.68,0,0,0,0,0,0,0,0,-3.04,0,0,13.75,0,0
05.01.2026 18:58:05 UTC,26246931992,Erstattung,304-7668179-9120340,HS-KidRedStraight,PURPLEBIRD Haarschere Friseurschere 6-Zoll Edelstahl Sichere Runde Tipps Haarschneideschere Extra Professionelle Haarschnitt Schere f¨¹r Kinder. Perfe,1,amazon.de,Amazon,Eckental-Eschenau,,90542,MarketplaceFacilitator,-15.71,-2.98,0,0,0,0,0,0,2.98,2.24,0,0,0,-13.47,0,0
05.01.2026 19:05:45 UTC,26246931992,Erstattung,028-0607229-6277911,HSK-RoseGold,Haarschere Set 6 Inch Friseurschere Effilierschere Kit Professionelle Ausd¨¹nnen Texturierende Schere Scharfe Friseurschere Set f¨¹r M?nner Frauen un,1,amazon.de,Amazon,Rostock,,18106,MarketplaceFacilitator,-24.87,-4.72,0,0,0,0,0,0,4.72,3.55,0,0,0,-21.32,0,0
05.01.2026 19:24:17 UTC,26246931992,Bestellung,028-6129836-0516362,HWD02-ZNO,PURPLEBIRD Outdoor Messer. Jagdmesser Feststehende Klinge. 440C Edelstahl Bushcraft Camping Messer. Full Tang Scharfe Survival Messer mit Holster (24c,1,amazon.de,Amazon,Salzwedel,,29410,MarketplaceFacilitator,22.18,4.21,0,0,0,0,0,0,-4.21,-3.43,-3.04,0,0,15.71,0,0
05.01.2026 19:33:58 UTC,26246931992,Bestellung,302-2000431-7451524,GK02,PURPLE BIRD GK02 Gefl¨¹gelschere K¨¹chenschere Profi. 4mm Edelstahl Knochenschere mit Sicherheitsschloss & Federbelastung. 103¡ã Schneidwinkel f¨¹r Fl,1,amazon.de,Amazon,Oberkr?mer,,16727,MarketplaceFacilitator,17.85,3.39,0,0,0,0,0,0,-3.39,-3.19,-3.04,0,0,11.62,0,0
05.01.2026 19:42:41 UTC,26246931992,Bestellung,306-1717839-8773956,GK02,PURPLE BIRD GK02 Gefl¨¹gelschere K¨¹chenschere Profi. 4mm Edelstahl Knochenschere mit Sicherheitsschloss & Federbelastung. 103¡ã Schneidwinkel f¨¹r Fl,1,amazon.de,Amazon,Bremen,,28307,MarketplaceFacilitator,17.85,3.39,0,0,0,0,0,0,-3.39,-3.19,-3.04,0,0,11.62,0,0
05.01.2026 19:49:37 UTC,26246931992,Erstattung,304-7932703-9819508,KM30-G,PURPLEBIRD Klappmesser Taschenmesser. Survival Outdoor Messer mit Coolem Aussehen.Tolle Sammlung Geschenke f¨¹r M?nner (Gr¨¹n),1,amazon.de,Amazon,Kelsterbach,,65451,MarketplaceFacilitator,-14.11,-2.68,0,0,0,0,0,0,5.36,3.49,0,0,0,-7.94,0,0
05.01.2026 19:49:37 UTC,26246931992,Erstattung,304-7932703-9819508,KM30-G,PURPLEBIRD Klappmesser Taschenmesser. Survival Outdoor Messer mit Coolem Aussehen.Tolle Sammlung Geschenke f¨¹r M?nner (Gr¨¹n),1,amazon.de,Amazon,Kelsterbach,,65451,,-14.11,-2.68,0,0,0,0,0,0,0,0,0,0,0,-16.79,0,0
05.01.2026 20:05:56 UTC,26246931992,Bestellung,028-3243392-2225954,GK02,PURPLE BIRD GK02 Gefl¨¹gelschere K¨¹chenschere Profi. 4mm Edelstahl Knochenschere mit Sicherheitsschloss & Federbelastung. 103¡ã Schneidwinkel f¨¹r Fl,1,amazon.de,Amazon,Wurster Nordseek¨¹ste,,27639,MarketplaceFacilitator,17.85,3.39,0,0,0,0,0,0,-3.39,-3.19,-3.04,0,0,11.62,0,0
05.01.2026 20:11:17 UTC,26246931992,Bestellung,028-2531594-7476304,GK02,PURPLE BIRD GK02 Gefl¨¹gelschere K¨¹chenschere Profi. 4mm Edelstahl Knochenschere mit Sicherheitsschloss & Federbelastung. 103¡ã Schneidwinkel f¨¹r Fl,1,amazon.de,Amazon,Bad Hersfeld,,36251,MarketplaceFacilitator,17.85,3.39,0,0,0,0,0,0,-3.39,-3.19,-3.04,0,0,11.62,0,0
05.01.2026 20:12:55 UTC,26246931992,Bestellung,028-9488521-9465901,GK02,PURPLE BIRD GK02 Gefl¨¹gelschere K¨¹chenschere Profi. 4mm Edelstahl Knochenschere mit Sicherheitsschloss & Federbelastung. 103¡ã Schneidwinkel f¨¹r Fl,1,amazon.de,Amazon,Pegau,,04523,MarketplaceFacilitator,17.85,3.39,0,0,0,0,0,0,-3.39,-3.19,-3.04,0,0,11.62,0,0
05.01.2026 20:30:34 UTC,26246931992,Bestellung,028-4130795-7137104,GK02,PURPLE BIRD GK02 Gefl¨¹gelschere K¨¹chenschere Profi. 4mm Edelstahl Knochenschere mit Sicherheitsschloss & Federbelastung. 103¡ã Schneidwinkel f¨¹r Fl,1,amazon.de,Amazon,04654Frohburg,,04654,MarketplaceFacilitator,17.85,3.39,3.35,0.64,0,0,0,0,-4.03,-3.19,-6.39,0,0,11.62,0,0
05.01.2026 20:32:15 UTC,26246931992,Bestellung,306-2183935-2991507,GK02,PURPLE BIRD GK02 Gefl¨¹gelschere K¨¹chenschere Profi. 4mm Edelstahl Knochenschere mit Sicherheitsschloss & Federbelastung. 103¡ã Schneidwinkel f¨¹r Fl,1,amazon.de,Amazon,Bochum,,44789,MarketplaceFacilitator,17.85,3.39,0,0,0,0,0,0,-3.39,-3.19,-3.04,0,0,11.62,0,0
05.01.2026 20:49:04 UTC,26246931992,Bestellung,302-2767496-8361134,HS03-SilverStraight2,PURPLEBIRD Haarschere Friseurschere 6 Inch Effilierschere Scharfe Haarschneideschere Japanischer Edelstahl 440C f¨¹r Damen und Herren Haarschere,1,amazon.de,Amazon,Fellbach,stuttgart,70736,MarketplaceFacilitator,16.8,3.19,0,0,0,0,0,0,-3.19,-3,-2.57,0,0,11.23,0,0
05.01.2026 20:52:21 UTC,26246931992,Bestellung,304-6908205-2963518,HWD02-ZNO,PURPLEBIRD Outdoor Messer. Jagdmesser Feststehende Klinge. 440C Edelstahl Bushcraft Camping Messer. Full Tang Scharfe Survival Messer mit Holster (24c,1,amazon.de,Amazon,Schopfheim,Deutschland,79650,MarketplaceFacilitator,22.18,4.21,0,0,0,0,0,0,-4.21,-3.43,-3.04,0,0,15.71,0,0
05.01.2026 20:58:09 UTC,26246931992,Erstattung,304-7668179-9120340,HS-KidBlackStraight,Friseurschere f¨¹r Kinder. Sicherheitsschere. runde Spitzen. Haarschneideschere. 15.2 cm. Haarschneideschere. professionelle Friseurschere f¨¹r Babys.,1,amazon.de,Amazon,Eckental-Eschenau,,90542,MarketplaceFacilitator,-14.28,-2.71,0,0,0,0,0,0,2.71,2.04,0,0,0,-12.24,0,0
05.01.2026 20:59:13 UTC,26246931992,Bestellung,303-5012685-8066714,GK02,PURPLE BIRD GK02 Gefl¨¹gelschere K¨¹chenschere Profi. 4mm Edelstahl Knochenschere mit Sicherheitsschloss & Federbelastung. 103¡ã Schneidwinkel f¨¹r Fl,1,amazon.de,Amazon,LINDENDORF,,15306,MarketplaceFacilitator,17.85,3.39,0,0,0,0,0,0,-3.39,-3.19,-3.04,0,0,11.62,0,0
05.01.2026 21:06:06 UTC,26246931992,Bestellung,306-5906700-7677928,GK02,PURPLE BIRD GK02 Gefl¨¹gelschere K¨¹chenschere Profi. 4mm Edelstahl Knochenschere mit Sicherheitsschloss & Federbelastung. 103¡ã Schneidwinkel f¨¹r Fl,1,amazon.de,Amazon,Ruppichteroth,,53809,MarketplaceFacilitator,22.68,4.31,0,0,0,0,0,0,-4.31,-4.05,-3.04,0,0,15.59,0,0
05.01.2026 21:30:20 UTC,26246931992,Bestellung,304-8145459-7889914,GK02,PURPLE BIRD GK02 Gefl¨¹gelschere K¨¹chenschere Profi. 4mm Edelstahl Knochenschere mit Sicherheitsschloss & Federbelastung. 103¡ã Schneidwinkel f¨¹r Fl,1,amazon.de,Amazon,Waldkirchen,Bayern,94065,MarketplaceFacilitator,19.73,3.75,3.35,0.64,0,0,0,0,-4.39,-3.52,-6.39,0,0,13.17,0,0
05.01.2026 21:36:17 UTC,26246931992,Bestellung,305-6249304-4377939,CZ003-Wood,PURPLEBIRD Burgerpresse. 10.8cm Aluguss Burger Pattie Presse mit Antihaft. 3 Stufen der Dicke einstellbar. Professioneller Hamburgerpresse mit Holzgri,1,amazon.de,Amazon,Wolsdorf,,38379,MarketplaceFacilitator,19.99,3.8,0,0,0,0,0,0,-3.8,-3.57,-3.84,0,0,12.58,0,0
05.01.2026 21:49:40 UTC,26246931992,Bestellung,028-5160836-0393145,GK02,PURPLE BIRD GK02 Gefl¨¹gelschere K¨¹chenschere Profi. 4mm Edelstahl Knochenschere mit Sicherheitsschloss & Federbelastung. 103¡ã Schneidwinkel f¨¹r Fl,1,amazon.de,Amazon,Ziesendorf,,18059,MarketplaceFacilitator,17.85,3.39,0,0,0,0,0,0,-3.39,-3.19,-3.04,0,0,11.62,0,0
05.01.2026 22:06:59 UTC,26246931992,Bestellung,303-1149230-2777936,GK02,PURPLE BIRD GK02 Gefl¨¹gelschere K¨¹chenschere Profi. 4mm Edelstahl Knochenschere mit Sicherheitsschloss & Federbelastung. 103¡ã Schneidwinkel f¨¹r Fl,1,amazon.de,Amazon,Bernau Bei Berlin,,16321,MarketplaceFacilitator,17.85,3.39,0,0,0,0,0,0,-3.39,-3.19,-3.04,0,0,11.62,0,0
05.01.2026 22:10:32 UTC,26246931992,Bestellung,305-4951021-9155564,GK02,PURPLE BIRD GK02 Gefl¨¹gelschere K¨¹chenschere Profi. 4mm Edelstahl Knochenschere mit Sicherheitsschloss & Federbelastung. 103¡ã Schneidwinkel f¨¹r Fl,1,amazon.de,Amazon,Lychen,,17279,MarketplaceFacilitator,17.85,3.39,3.35,0.64,0,0,0,0,-4.03,-3.19,-6.39,0,0,11.62,0,0
05.01.2026 22:19:19 UTC,26246931992,Bestellung,303-1317976-1206738,CZ003-Wood,PURPLEBIRD Burgerpresse. 10.8cm Aluguss Burger Pattie Presse mit Antihaft. 3 Stufen der Dicke einstellbar. Professioneller Hamburgerpresse mit Holzgri,1,amazon.de,Amazon,Wolfsberg,,9431,MarketplaceFacilitator,19.99,4,0,0,0,0,0,0,-4,-3.57,-3.84,0,0,12.58,0,0
05.01.2026 22:20:57 UTC,26246931992,Bestellung,305-3371632-4943553,GK02,PURPLE BIRD GK02 Gefl¨¹gelschere K¨¹chenschere Profi. 4mm Edelstahl Knochenschere mit Sicherheitsschloss & Federbelastung. 103¡ã Schneidwinkel f¨¹r Fl,1,amazon.de,Amazon,Sch?ngeising,Bayern,82296,MarketplaceFacilitator,17.85,3.39,0,0,0,0,0,0,-3.39,-3.19,-3.04,0,0,11.62,0,0
05.01.2026 22:35:35 UTC,26246931992,Bestellung,303-0642421-1876346,CZ002-XXL,PURPLEBIRD Grillspachtel Set aus Edelstahl. Plancha Spachtels Set mit Gro? Grillwender f¨¹r Smash Burger. Grill Geschenke f¨¹r M?nner,1,amazon.de,Amazon,Lohne (oldenburg),,49393,MarketplaceFacilitator,17.24,3.27,0,0,0,0,0,0,-3.27,-3.08,-4.08,0,0,10.08,0,0
05.01.2026 22:41:13 UTC,26246931992,Erstattung,028-6129836-0516362,HWD02-ZNO,PURPLEBIRD Outdoor Messer. Jagdmesser Feststehende Klinge. 440C Edelstahl Bushcraft Camping Messer. Full Tang Scharfe Survival Messer mit Holster (24c,1,amazon.de,Amazon,Salzwedel,,29410,MarketplaceFacilitator,-22.18,-4.21,0,0,0,0,0,0,4.21,2.74,0,0,0,-19.44,0,0
05.01.2026 22:46:59 UTC,26246931992,Bestellung,304-6283988-6409955,GK02,PURPLE BIRD GK02 Gefl¨¹gelschere K¨¹chenschere Profi. 4mm Edelstahl Knochenschere mit Sicherheitsschloss & Federbelastung. 103¡ã Schneidwinkel f¨¹r Fl,1,amazon.de,Amazon,Eupen,,4700,MarketplaceFacilitator,17.85,3.75,2.88,0.61,0,0,0,0,-4.36,-3.19,-5.97,0,0,11.57,0,0
05.01.2026 22:54:00 UTC,26246931992,Bestellung,303-0297693-1921171,GK02,PURPLE BIRD GK02 Gefl¨¹gelschere K¨¹chenschere Profi. 4mm Edelstahl Knochenschere mit Sicherheitsschloss & Federbelastung. 103¡ã Schneidwinkel f¨¹r Fl,1,amazon.de,Amazon,Oederan,Sachsen,09569,MarketplaceFacilitator,19.73,3.75,0,0,0,0,0,0,-3.75,-3.52,-3.04,0,0,13.17,0,0
05.01.2026 22:54:13 UTC,26246931992,Bestellung,304-0755725-8253904,GK02,PURPLE BIRD GK02 Gefl¨¹gelschere K¨¹chenschere Profi. 4mm Edelstahl Knochenschere mit Sicherheitsschloss & Federbelastung. 103¡ã Schneidwinkel f¨¹r Fl,1,amazon.de,Amazon,Dortmund,Nordrhein-Westfalen,44359,MarketplaceFacilitator,17.85,3.39,0,0,0,0,0,0,-3.39,-3.19,-3.04,0,0,11.62,0,0
05.01.2026 23:10:09 UTC,26246931992,Bestellung,303-8929686-7908357,GK02,PURPLE BIRD GK02 Gefl¨¹gelschere K¨¹chenschere Profi. 4mm Edelstahl Knochenschere mit Sicherheitsschloss & Federbelastung. 103¡ã Schneidwinkel f¨¹r Fl,1,amazon.de,Amazon,Leer,Niedersachsen,26789,MarketplaceFacilitator,17.85,3.39,0,0,0,0,0,0,-3.39,-3.19,-3.04,0,0,11.62,0,0
05.01.2026 23:15:34 UTC,26246931992,Bestellung,305-3733056-8522766,GK02,PURPLE BIRD GK02 Gefl¨¹gelschere K¨¹chenschere Profi. 4mm Edelstahl Knochenschere mit Sicherheitsschloss & Federbelastung. 103¡ã Schneidwinkel f¨¹r Fl,1,amazon.de,Amazon,Ingolstadt,bayern,85051,MarketplaceFacilitator,17.85,3.39,0,0,0,0,0,0,-3.39,-3.19,-3.04,0,0,11.62,0,0
05.01.2026 23:27:00 UTC,26246931992,Bestellung,303-3245097-9846715,GK02,PURPLE BIRD GK02 Gefl¨¹gelschere K¨¹chenschere Profi. 4mm Edelstahl Knochenschere mit Sicherheitsschloss & Federbelastung. 103¡ã Schneidwinkel f¨¹r Fl,1,amazon.de,Amazon,Satow,,18239,MarketplaceFacilitator,17.85,3.39,0,0,0,0,0,0,-3.39,-3.19,-3.04,0,0,11.62,0,0
05.01.2026 23:41:31 UTC,26246931992,Bestellung,302-6042416-1475518,GK02,PURPLE BIRD GK02 Gefl¨¹gelschere K¨¹chenschere Profi. 4mm Edelstahl Knochenschere mit Sicherheitsschloss & Federbelastung. 103¡ã Schneidwinkel f¨¹r Fl,1,amazon.de,Amazon,S?nneb¨¹ll,,25821,MarketplaceFacilitator,17.85,3.39,0,0,0,0,0,0,-3.39,-3.19,-3.04,0,0,11.62,0,0
05.01.2026 23:45:17 UTC,26246931992,Bestellung,302-4737485-9353908,HWD02-ZNO,PURPLEBIRD Outdoor Messer. Jagdmesser Feststehende Klinge. 440C Edelstahl Bushcraft Camping Messer. Full Tang Scharfe Survival Messer mit Holster (24c,1,amazon.de,Amazon,Lilienthal,Niedersachsen,28865,MarketplaceFacilitator,22.18,4.21,0,0,0,0,0,0,-4.21,-3.43,-3.04,0,0,15.71,0,0
05.01.2026 23:50:05 UTC,26246931992,Bestellung,302-8053527-4781966,CZ002-XXL,PURPLEBIRD Grillspachtel Set aus Edelstahl. Plancha Spachtels Set mit Gro? Grillwender f¨¹r Smash Burger. Grill Geschenke f¨¹r M?nner,1,amazon.de,Amazon,oberwart,burgenland,7400,MarketplaceFacilitator,17.24,3.45,0,0,0,0,0,0,-3.45,-3.08,-4.08,0,0,10.08,0,0
06.01.2026 00:00:37 UTC,26246931992,Bestellung,302-6663851-7871551,GK02,PURPLE BIRD GK02 Gefl¨¹gelschere K¨¹chenschere Profi. 4mm Edelstahl Knochenschere mit Sicherheitsschloss & Federbelastung. 103¡ã Schneidwinkel f¨¹r Fl,1,amazon.de,Amazon,Marl,Nordrhein-Westfalen,45768,MarketplaceFacilitator,17.85,3.39,0,0,0,0,0,0,-3.39,-3.19,-3.04,0,0,11.62,0,0
06.01.2026 00:21:03 UTC,26246931992,Bestellung,302-3330696-3425957,GK02,PURPLE BIRD GK02 Gefl¨¹gelschere K¨¹chenschere Profi. 4mm Edelstahl Knochenschere mit Sicherheitsschloss & Federbelastung. 103¡ã Schneidwinkel f¨¹r Fl,1,amazon.de,Amazon,Duisburg,,47228,MarketplaceFacilitator,17.85,3.39,3.35,0.64,0,0,0,0,-4.03,-3.19,-6.39,0,0,11.62,0,0
06.01.2026 00:24:44 UTC,26246931992,Bestellung,303-0854917-4822721,HWD02-ZNO,PURPLEBIRD Outdoor Messer. Jagdmesser Feststehende Klinge. 440C Edelstahl Bushcraft Camping Messer. Full Tang Scharfe Survival Messer mit Holster (24c,1,amazon.de,Amazon,Backnang,Baden-W¨¹rttemberg,71522,MarketplaceFacilitator,22.18,4.21,0,0,0,0,0,0,-4.21,-3.43,-3.04,0,0,15.71,0,0
06.01.2026 01:52:31 UTC,26246931992,Bestellung,S02-7187884-2589525,KF015-Fish6,PURPLEBIRD Filetiermesser f¨¹r Fisch 15 CM mit Scheide. 440C Edelstahl Fischmesser zum Schneiden von Fleisch mit Holzgriff. Filetiermesser Fisch K¨¹che & Outdoor zum Fischen. Grillen f¨¹r M?nner,1,si-prod-marketplace-de.stores.amazon.de,Amazon,Hamburg,Hamburg,22047,,0,0,0,0,0,0,0,0,0,0,-5.56,0,0,-5.56,0,0
06.01.2026 03:41:27 UTC,26246931992,Bestellung,305-5059787-6305155,CZ002-XXL,PURPLEBIRD Grillspachtel Set aus Edelstahl. Plancha Spachtels Set mit Gro? Grillwender f¨¹r Smash Burger. Grill Geschenke f¨¹r M?nner,1,amazon.de,Amazon,L¨¹neburg,,21339,MarketplaceFacilitator,17.24,3.27,0,0,0,0,0,0,-3.27,-3.08,-4.08,0,0,10.08,0,0
06.01.2026 05:19:59 UTC,26246931992,Bestellung,302-9099742-4628352,KF015-Fish7,PURPLEBIRD 18CM Filetiermesser f¨¹r Fisch mit Scheide. 440C Edelstahl Fischmesser zum Schneiden von Fleisch mit Holzgriff. Filetiermesser Fisch K¨¹che,1,amazon.de,Amazon,Zell Am Harmersbach,Deutschland,77736,MarketplaceFacilitator,24.36,4.63,0,0,0,0,0,0,-4.63,-4.35,-3.04,0,0,16.97,0,0
06.01.2026 05:39:16 UTC,26246931992,Bestellung,303-9140969-8757124,PB-OK-02,PURPLEBIRD Survival Messer Feststehende Klinge Scharfes G¨¹rtelmesser mit Lederscheide. Camping Messer Outdoor Geschenk f¨¹r Mann und Sammlung,1,amazon.de,Amazon,Oerlinghausen,,33813,MarketplaceFacilitator,38.65,7.34,0,0,0,0,0,0,-7.34,-5.98,-5.27,0,0,27.4,0,0
06.01.2026 06:00:18 UTC,26246931992,Bestellung,S02-1460419-5863127,Camp-S,PURPLEBIRD Camping-Besteck Set Silberner - 10-teiliges Geschirr Set f¨¹r 2 Personen bei Picknick & Reisen Tragbares Edelstahl Geschirr Set Mit Etui deal f¨¹r Outdoor. Camping,1,si-prod-marketplace-de.stores.amazon.de,Amazon,Poxdorf,Bayern,91099,,0,0,0,0,0,0,0,0,0,0,-7.92,0,0,-7.92,0,0
06.01.2026 07:19:59 UTC,26246931992,Bestellung,302-0414325-6710765,amzn.gr.CZ008-Brush-UEDkQ8K94XwrtycOF-LN,PURPLEBIRD BBQ-Grillb¨¹rste 3 in 1 f¨¹r Gussrost. Edelstahl. lange Holzgriff. Ersatzb¨¹rste,1,amazon.de,Amazon,Moosthenning,Bayern,84164,MarketplaceFacilitator,13.66,2.59,0,0,0,0,0,0,-2.59,-2.11,-4.08,0,0,7.47,0,0
06.01.2026 08:09:04 UTC,26246931992,Bestellung,304-1607275-8578719,HS-KidRedStraight,PURPLEBIRD Haarschere Friseurschere 6-Zoll Edelstahl Sichere Runde Tipps Haarschneideschere Extra Professionelle Haarschnitt Schere f¨¹r Kinder. Perfe,1,amazon.de,Amazon,Rinteln,,31737,MarketplaceFacilitator,18.48,3.51,0,0,0,0,0,0,-3.51,-3.3,-3.95,0,0,11.23,0,0
06.01.2026 09:29:37 UTC,26246931992,Bestellung,306-1805319-8030702,HS-KidRedStraight,PURPLEBIRD Haarschere Friseurschere 6-Zoll Edelstahl Sichere Runde Tipps Haarschneideschere Extra Professionelle Haarschnitt Schere f¨¹r Kinder. Perfe,1,amazon.de,Amazon,Schkeuditz,,04435,MarketplaceFacilitator,18.48,3.51,0,0,0,0,0,0,-3.51,-3.3,-3.95,0,0,11.23,0,0
06.01.2026 12:06:19 UTC,26246931992,Bestellung,028-9599510-3665921,CZ002-XXL,PURPLEBIRD Grillspachtel Set aus Edelstahl. Plancha Spachtels Set mit Gro? Grillwender f¨¹r Smash Burger. Grill Geschenke f¨¹r M?nner,1,amazon.de,Amazon,Melle,,49328,MarketplaceFacilitator,17.24,3.27,1.68,0.32,0,0,-1.68,-0.32,-3.27,-3.08,-4.08,0,0,10.08,0,0
06.01.2026 12:49:02 UTC,26246931992,Bestellung,302-8435464-7473104,HWD02-ZNO,PURPLEBIRD Outdoor Messer. Jagdmesser Feststehende Klinge. 440C Edelstahl Bushcraft Camping Messer. Full Tang Scharfe Survival Messer mit Holster (24c,1,amazon.de,Amazon,Unna,Nordrhein-Westfalen,59427,MarketplaceFacilitator,22.18,4.21,0,0,0,0,0,0,-4.21,-3.43,-3.04,0,0,15.71,0,0
06.01.2026 12:49:30 UTC,26246931992,Bestellung,302-9138371-8547560,HWD02-ZNO,PURPLEBIRD Outdoor Messer. Jagdmesser Feststehende Klinge. 440C Edelstahl Bushcraft Camping Messer. Full Tang Scharfe Survival Messer mit Holster (24c,1,amazon.de,Amazon,Unna,Nordrhein-Westfalen,59427,MarketplaceFacilitator,22.18,4.21,0,0,0,0,0,0,-4.21,-3.43,-3.04,0,0,15.71,0,0
06.01.2026 13:27:38 UTC,26246931992,Bestellung,306-2723844-5549149,GK02,PURPLE BIRD GK02 Gefl¨¹gelschere K¨¹chenschere Profi. 4mm Edelstahl Knochenschere mit Sicherheitsschloss & Federbelastung. 103¡ã Schneidwinkel f¨¹r Fl,1,amazon.de,Amazon,Saalburg-ebersdorf,,07929,MarketplaceFacilitator,22.68,4.31,0,0,0,0,0,0,-4.31,-4.05,-3.04,0,0,15.59,0,0
06.01.2026 13:33:36 UTC,26246931992,Bestellung,304-7075068-3200324,HWD02-ZNO,PURPLEBIRD Outdoor Messer. Jagdmesser Feststehende Klinge. 440C Edelstahl Bushcraft Camping Messer. Full Tang Scharfe Survival Messer mit Holster (24c,1,amazon.de,Amazon,Trier,,54290,MarketplaceFacilitator,22.18,4.21,0,0,0,0,0,0,-4.21,-3.43,-3.04,0,0,15.71,0,0
06.01.2026 13:56:16 UTC,26246931992,Bestellung,306-1290566-6995553,HS03-Silver-Straight,PURPLEBIRD Haarschere Friseurschere 6 Inch Effilierschere Scharfe Haarschneideschere Japanischer Edelstahl 440C f¨¹r Damen und Herren Haarschere,1,amazon.de,Amazon,Bonn,,53123,MarketplaceFacilitator,21,3.99,0,0,0,0,0,0,-3.99,-3.75,-2.57,0,0,14.68,0,0
06.01.2026 14:08:58 UTC,26246931992,Bestellung,303-8336678-9332310,PS-7.0''DownCurvedThinning,PURPLEBIRD Fellschere 7 Inch Gebogene Hundeschere. Katzenschere. Effilierschere Hundescheren zur Fellpflege f¨¹r alle Hunde Katze. Schneiden und Groom,1,amazon.de,Amazon,Bad Windsheim,,91438,MarketplaceFacilitator,40.71,7.73,0,0,0,0,0,0,-7.73,-7.27,-2.57,0,0,30.87,0,0
06.01.2026 14:31:52 UTC,26246931992,Bestellung,303-4188891-7389150,GK02,PURPLE BIRD GK02 Gefl¨¹gelschere K¨¹chenschere Profi. 4mm Edelstahl Knochenschere mit Sicherheitsschloss & Federbelastung. 103¡ã Schneidwinkel f¨¹r Fl,1,amazon.de,Amazon,Wedemark,,30900,MarketplaceFacilitator,17.85,3.39,0,0,0,0,0,0,-3.39,-3.19,-3.04,0,0,11.62,0,0
06.01.2026 14:31:54 UTC,26246931992,Bestellung,306-5375025-5001133,GK02,PURPLE BIRD GK02 Gefl¨¹gelschere K¨¹chenschere Profi. 4mm Edelstahl Knochenschere mit Sicherheitsschloss & Federbelastung. 103¡ã Schneidwinkel f¨¹r Fl,1,amazon.de,Amazon,Birkenwerder,Brandenburg,16547,MarketplaceFacilitator,17.85,3.39,0,0,0,0,0,0,-3.39,-3.19,-3.04,0,0,11.62,0,0
06.01.2026 14:37:04 UTC,26246931992,Bestellung,302-5414096-7937139,HWD02-ZNO,PURPLEBIRD Outdoor Messer. Jagdmesser Feststehende Klinge. 440C Edelstahl Bushcraft Camping Messer. Full Tang Scharfe Survival Messer mit Holster (24c,1,amazon.de,Amazon,Kirchheim Unter Teck,,73230,MarketplaceFacilitator,22.18,4.21,0,0,0,0,0,0,-4.21,-3.43,-3.04,0,0,15.71,0,0
06.01.2026 14:38:13 UTC,26246931992,Bestellung,303-3293253-3295508,BBQW-ZNO,PURPLEBIRD 31-teiliges Edelstahl Grillzubeh?r Set - Premium BBQ Grillbesteck f¨¹r M?nner & Frauen mit Tragetasche. Grillmatte Garten. Camping & Gebu,1,amazon.de,Amazon,Thale / OT Warnstedt,Sachsen-Anhalt,06502,MarketplaceFacilitator,33.61,6.38,0,0,0,0,0,0,-6.38,-6,-5.2,0,0,22.41,0,0
06.01.2026 14:57:58 UTC,26246931992,Bestellung,303-9751600-9613165,CZ002-XXL,PURPLEBIRD Grillspachtel Set aus Edelstahl. Plancha Spachtels Set mit Gro? Grillwender f¨¹r Smash Burger. Grill Geschenke f¨¹r M?nner,1,amazon.de,Amazon,Sankt Augustin,,53757,MarketplaceFacilitator,17.24,3.27,0,0,0,0,0,0,-3.27,-3.08,-4.08,0,0,10.08,0,0
06.01.2026 15:02:48 UTC,26246931992,Bestellung,302-8598471-2270717,HS-Black-Set,PURPLEBIRD Friseurscheren Profi. Haarschere Friseurschere Set aus Edelstahl Haarschneideschere und Effilierschere f¨¹r Barbier/Friseur/Anf?nger 10 St,1,amazon.de,Amazon,Reichshof,,51580,MarketplaceFacilitator,21.42,4.07,0,0,0,0,0,0,-4.07,-3.82,-2.78,0,0,14.82,0,0
06.01.2026 15:10:05 UTC,26246931992,Bestellung,302-5033227-6489154,CZ002-XXL,PURPLEBIRD Grillspachtel Set aus Edelstahl. Plancha Spachtels Set mit Gro? Grillwender f¨¹r Smash Burger. Grill Geschenke f¨¹r M?nner,1,amazon.de,Amazon,Neuenkirchen,,48485,MarketplaceFacilitator,17.24,3.27,0,0,0,0,0,0,-3.27,-3.08,-4.08,0,0,10.08,0,0
06.01.2026 15:19:51 UTC,26246931992,Bestellung,306-6088810-1726751,CZ002-SetA,PURPLEBIRD Burger-Set (3-TLG.) aus Edelstahl inkl. Burgerpresse. 2 Grillspachtels. Burger Spachtel Set mit Gro? Grillwender und Burger Smasher aus Ed,1,amazon.de,Amazon,raubach,rheinland-pfalz,56316,MarketplaceFacilitator,24.19,4.6,0,0,0,0,0,0,-4.6,-4.32,-4.75,0,0,15.12,0,0
06.01.2026 15:40:38 UTC,26246931992,Bestellung,306-3582743-2667537,GK02,PURPLE BIRD GK02 Gefl¨¹gelschere K¨¹chenschere Profi. 4mm Edelstahl Knochenschere mit Sicherheitsschloss & Federbelastung. 103¡ã Schneidwinkel f¨¹r Fl,1,amazon.de,Amazon,Aichtal,,72631,MarketplaceFacilitator,17.85,3.39,0,0,0,0,0,0,-3.39,-3.19,-3.04,0,0,11.62,0,0
06.01.2026 16:29:49 UTC,26246931992,Bestellung,302-9884434-9746715,GK02,PURPLE BIRD GK02 Gefl¨¹gelschere K¨¹chenschere Profi. 4mm Edelstahl Knochenschere mit Sicherheitsschloss & Federbelastung. 103¡ã Schneidwinkel f¨¹r Fl,1,amazon.de,Amazon,Brockel,Niedersachsen,27386,MarketplaceFacilitator,22.68,4.31,0,0,0,0,0,0,-4.31,-4.05,-3.04,0,0,15.59,0,0
06.01.2026 16:40:54 UTC,26246931992,Bestellung,305-9903802-1953107,CZ003-Wood,PURPLEBIRD Burgerpresse. 10.8cm Aluguss Burger Pattie Presse mit Antihaft. 3 Stufen der Dicke einstellbar. Professioneller Hamburgerpresse mit Holzgri,1,amazon.de,Amazon,Simmerath,,52152,MarketplaceFacilitator,19.99,3.8,0,0,0,0,0,0,-3.8,-3.57,-3.84,0,0,12.58,0,0
06.01.2026 16:45:02 UTC,26246931992,Bestellung,028-1464117-8322762,KF014-OutdoorA,PURPLEBIRD Jagdmesser Feststehende Klinge Scharfes. Messer Outdoor Survival mit Lederscheide. D2 Stahl G¨¹rtelmesser & Camping Messer Outdoor Geschenk,1,amazon.de,Amazon,F¨¹rfeld,,55546,MarketplaceFacilitator,28.56,5.43,0.59,0.11,0,0,-0.59,-0.11,-5.43,-4.42,-3.04,0,0,21.1,0,0
06.01.2026 16:47:31 UTC,26246931992,Erstattung,304-7569024-4945959,CZ002-XXL,PURPLEBIRD Grillspachtel Set aus Edelstahl. Plancha Spachtels Set mit Gro? Grillwender f¨¹r Smash Burger. Grill Geschenke f¨¹r M?nner,1,amazon.de,Amazon,Preu?isch Oldendorf,,32361,MarketplaceFacilitator,-17.24,-3.27,0,0,0,0,0,0,3.27,2.46,0,0,0,-14.78,0,0
06.01.2026 16:50:26 UTC,26246931992,Bestellung,303-9489555-9505160,HS-Rainbow-Set,PURPLEBIRD Friseurscheren Profi. Haarschere Friseurschere Set aus Edelstahl Haarschneideschere und Effilierschere f¨¹r Barbier/Friseur/Anf?nger 10 St,1,amazon.de,Amazon,Siegsdorf,,83313,MarketplaceFacilitator,20.16,3.83,3.35,0.64,0,0,-3.35,-0.64,-3.83,-3.6,-3.04,0,0,13.52,0,0
06.01.2026 17:13:59 UTC,26246931992,Bestellung,306-3349436-7447518,CZ003-Wood,PURPLEBIRD Burgerpresse. 10.8cm Aluguss Burger Pattie Presse mit Antihaft. 3 Stufen der Dicke einstellbar. Professioneller Hamburgerpresse mit Holzgri,1,amazon.de,Amazon,Wiesbaden,,65193,MarketplaceFacilitator,19.99,3.8,1.67,0.32,0,0,0,0,-4.12,-3.57,-5.51,0,0,12.58,0,0
06.01.2026 17:16:18 UTC,26246931992,Bestellung,028-2470443-1877954,GK02,PURPLE BIRD GK02 Gefl¨¹gelschere K¨¹chenschere Profi. 4mm Edelstahl Knochenschere mit Sicherheitsschloss & Federbelastung. 103¡ã Schneidwinkel f¨¹r Fl,1,amazon.de,Amazon,Carinerland OT Krempin,Mecklenburg Vorpommern,18233,MarketplaceFacilitator,22.68,4.31,0,0,0,0,0,0,-4.31,-4.05,-3.04,0,0,15.59,0,0
06.01.2026 17:18:15 UTC,26246931992,Bestellung,302-6550903-8556330,GK02,PURPLE BIRD GK02 Gefl¨¹gelschere K¨¹chenschere Profi. 4mm Edelstahl Knochenschere mit Sicherheitsschloss & Federbelastung. 103¡ã Schneidwinkel f¨¹r Fl,1,amazon.de,Amazon,Bruchsal,Baden-W¨¹rttemberg,76646,MarketplaceFacilitator,22.68,4.31,0,0,0,0,0,0,-4.31,-4.05,-3.04,0,0,15.59,0,0
06.01.2026 17:34:52 UTC,26246931992,Bestellung,303-5381029-9720343,GK02,PURPLE BIRD GK02 Gefl¨¹gelschere K¨¹chenschere Profi. 4mm Edelstahl Knochenschere mit Sicherheitsschloss & Federbelastung. 103¡ã Schneidwinkel f¨¹r Fl,1,amazon.de,Amazon,Gumpoldskirchen,,2352,MarketplaceFacilitator,22.68,4.54,0,0,0,0,0,0,-4.54,-4.05,-3.04,0,0,15.59,0,0
06.01.2026 17:42:47 UTC,26246931992,Bestellung,304-5390474-2064345,KM30-F,PURPLEBIRD Klappmesser aus rostfreiem Qualit?tsstahl mit Carbonfaser-Griff.Sicherheitsverriegelung.Rutschfester Griff.Flach & kompakt f¨¹r Camping &,1,amazon.de,Amazon,M¨¹nchweiler An Der Alsenz,,67728,MarketplaceFacilitator,17.64,3.35,0,0,0,0,0,0,-3.35,-2.73,-3.04,0,0,11.87,0,0
06.01.2026 18:00:47 UTC,26246931992,Bestellung,303-4944714-2079536,HWD02-ZNO,PURPLEBIRD Outdoor Messer. Jagdmesser Feststehende Klinge. 440C Edelstahl Bushcraft Camping Messer. Full Tang Scharfe Survival Messer mit Holster (24c,1,amazon.de,Amazon,Muenchen,Bayern,80796,MarketplaceFacilitator,22.18,4.21,0,0,0,0,0,0,-4.21,-3.43,-3.04,0,0,15.71,0,0
06.01.2026 18:06:22 UTC,26246931992,Bestellung,304-0611103-9441925,XS04-Fang,PURPLEBIRD Jagdmesser Feststehende Klinge Messer Outdoor Bushcraft Survival Messer mit G10 Griff Kydex Holster Full Tang Camping Messer,1,amazon.de,Amazon,Nuernberg,Bayern,90478,MarketplaceFacilitator,28.56,5.43,0,0,0,0,0,0,-5.43,-4.42,-3.04,0,0,21.1,0,0
06.01.2026 18:14:15 UTC,26246931992,Bestellung,306-2570066-3725144,GK02,PURPLE BIRD GK02 Gefl¨¹gelschere K¨¹chenschere Profi. 4mm Edelstahl Knochenschere mit Sicherheitsschloss & Federbelastung. 103¡ã Schneidwinkel f¨¹r Fl,1,amazon.de,Amazon,Quickborn,,25451,MarketplaceFacilitator,22.68,4.31,0,0,0,0,0,0,-4.31,-4.05,-3.04,0,0,15.59,0,0
06.01.2026 18:14:24 UTC,26246931992,Bestellung,303-1642179-0348328,CZ-Axt2,PURPLEBIRD Axt Beil mit Scheide 37.8cm Spaltaxt f¨¹r Holz Handgeschmiedet Handbeil mit Ergonomischer Holzgriff Survival Axt Camping Axt Outdoor Bushcr,1,amazon.de,Amazon,gescher,Nrw,48712,MarketplaceFacilitator,16.8,3.19,0,0,0,0,0,0,-3.19,-3,-4.62,0,0,9.18,0,0
06.01.2026 18:30:46 UTC,26246931992,Erstattung,304-0636295-2920318,GK02,PURPLE BIRD GK02 Gefl¨¹gelschere K¨¹chenschere Profi. 4mm Edelstahl Knochenschere mit Sicherheitsschloss & Federbelastung. 103¡ã Schneidwinkel f¨¹r Fl,1,amazon.de,Amazon,Wien,,1150,MarketplaceFacilitator,-17.85,-3.57,0,0,0,0,0,0,3.57,2.55,0,0,0,-15.3,0,0
06.01.2026 18:54:21 UTC,26246931992,Bestellung,303-9294392-7029907,GK02,PURPLE BIRD GK02 Gefl¨¹gelschere K¨¹chenschere Profi. 4mm Edelstahl Knochenschere mit Sicherheitsschloss & Federbelastung. 103¡ã Schneidwinkel f¨¹r Fl,1,amazon.de,Amazon,Schwerin,,19055,MarketplaceFacilitator,17.85,3.39,0,0,0,0,0,0,-3.39,-3.19,-3.04,0,0,11.62,0,0
06.01.2026 19:02:35 UTC,26246931992,Bestellung,306-2215324-9287505,HS02-StripingBlack-Straight,Profi Haarschere Friseurschere Haarschneideschere aus Rostfreiem Stahl im Japanischen Stil Geeignet f¨¹r Kinder. Frauen und M?nner Extra Scharfe Haar,1,amazon.de,Amazon,Ulm,,89077,MarketplaceFacilitator,21.42,4.07,0,0,0,0,0,0,-4.07,-3.82,-2.57,0,0,15.03,0,0
06.01.2026 19:10:28 UTC,26246931992,Erstattung,303-0818309-7540364,KF015-Fish6,PURPLEBIRD Filetiermesser f¨¹r Fisch 15 CM mit Scheide. 440C Edelstahl Fischmesser zum Schneiden von Fleisch mit Holzgriff. Filetiermesser Fisch K¨¹ch,1,amazon.de,Amazon,Coswig,Sachsen,01640,MarketplaceFacilitator,-22.13,-4.21,-0.42,-0.08,0,0,0.42,0.08,4.21,3.16,0,0,0,-18.97,0,0
06.01.2026 19:17:15 UTC,26246931992,Bestellung,304-9241571-1268352,GK02,PURPLE BIRD GK02 Gefl¨¹gelschere K¨¹chenschere Profi. 4mm Edelstahl Knochenschere mit Sicherheitsschloss & Federbelastung. 103¡ã Schneidwinkel f¨¹r Fl,1,amazon.de,Amazon,Framersheim,,55234,MarketplaceFacilitator,22.68,4.31,0,0,0,0,0,0,-4.31,-4.05,-3.04,0,0,15.59,0,0
06.01.2026 20:30:28 UTC,26246931992,Bestellung,303-2976702-1215511,KM30-G,PURPLEBIRD Klappmesser Taschenmesser. Survival Outdoor Messer mit Coolem Aussehen.Tolle Sammlung Geschenke f¨¹r M?nner (Gr¨¹n),1,amazon.de,Amazon,Freyung,,94078,MarketplaceFacilitator,14.11,2.68,0.56,0.11,0,0,-0.56,-0.11,-2.68,-2.18,-3.04,0,0,8.89,0,0
06.01.2026 20:35:38 UTC,26246931992,Bestellung,028-2998202-8625960,GK02,PURPLE BIRD GK02 Gefl¨¹gelschere K¨¹chenschere Profi. 4mm Edelstahl Knochenschere mit Sicherheitsschloss & Federbelastung. 103¡ã Schneidwinkel f¨¹r Fl,1,amazon.de,Amazon,Westre,SH,25926,MarketplaceFacilitator,17.85,3.39,3.35,0.64,0,0,0,0,-4.03,-3.19,-6.39,0,0,11.62,0,0
06.01.2026 20:45:37 UTC,26246931992,Bestellung,028-2492568-6595537,PB-OK-02,PURPLEBIRD Survival Messer Feststehende Klinge Scharfes G¨¹rtelmesser mit Lederscheide. Camping Messer Outdoor Geschenk f¨¹r Mann und Sammlung,1,amazon.de,Amazon,H?sbach,Bayern,63768,MarketplaceFacilitator,32.85,6.24,0,0,0,0,0,0,-6.24,-5.08,-5.27,0,0,22.5,0,0
06.01.2026 20:56:50 UTC,26246931992,Bestellung,028-1620473-6550747,CZ003-Wood,PURPLEBIRD Burgerpresse. 10.8cm Aluguss Burger Pattie Presse mit Antihaft. 3 Stufen der Dicke einstellbar. Professioneller Hamburgerpresse mit Holzgri,1,amazon.de,Amazon,Alfeld (leine),,31061,MarketplaceFacilitator,19.99,3.8,0,0,0,0,0,0,-3.8,-3.57,-3.84,0,0,12.58,0,0
06.01.2026 21:02:46 UTC,26246931992,Bestellung,305-9359244-6714729,GK02,PURPLE BIRD GK02 Gefl¨¹gelschere K¨¹chenschere Profi. 4mm Edelstahl Knochenschere mit Sicherheitsschloss & Federbelastung. 103¡ã Schneidwinkel f¨¹r Fl,1,amazon.de,Amazon,Leipzig,Sachsen,04129,MarketplaceFacilitator,17.85,3.39,0,0,0,0,0,0,-3.39,-3.19,-3.04,0,0,11.62,0,0
06.01.2026 21:06:25 UTC,26246931992,Bestellung,305-2833978-6971550,HS-RoseGold-Set,PURPLEBIRD Friseurscheren Profi. Haarschere Friseurschere Set aus Edelstahl Haarschneideschere und Effilierschere f¨¹r Barbier/Friseur/Anf?nger 10 St,1,amazon.de,Amazon,Uttenweiler,,88524,MarketplaceFacilitator,25.2,4.79,0,0,0,0,0,0,-4.79,-4.5,-2.78,0,0,17.92,0,0
06.01.2026 21:07:00 UTC,26246931992,Bestellung,306-0895754-3581106,HS-Rainbow-Set,PURPLEBIRD Friseurscheren Profi. Haarschere Friseurschere Set aus Edelstahl Haarschneideschere und Effilierschere f¨¹r Barbier/Friseur/Anf?nger 10 St,1,amazon.de,Amazon,Wien,,1020,MarketplaceFacilitator,20.16,4.03,0,0,0,0,0,0,-4.03,-3.6,-3.04,0,0,13.52,0,0
06.01.2026 21:12:44 UTC,26246931992,Bestellung,303-2580562-8741927,HS-Black-Set,PURPLEBIRD Friseurscheren Profi. Haarschere Friseurschere Set aus Edelstahl Haarschneideschere und Effilierschere f¨¹r Barbier/Friseur/Anf?nger 10 St,1,amazon.de,Amazon,Helmstedt,,38350,MarketplaceFacilitator,21.42,4.07,0,0,0,0,0,0,-4.07,-3.82,-2.78,0,0,14.82,0,0
06.01.2026 21:14:47 UTC,26246931992,Bestellung,305-3545867-4555565,CZ003-Wood,PURPLEBIRD Burgerpresse. 10.8cm Aluguss Burger Pattie Presse mit Antihaft. 3 Stufen der Dicke einstellbar. Professioneller Hamburgerpresse mit Holzgri,1,amazon.de,Amazon,Altenbeken,,33184,MarketplaceFacilitator,19.99,3.8,0,0,0,0,0,0,-3.8,-3.57,-3.84,0,0,12.58,0,0
06.01.2026 21:17:31 UTC,26246931992,Bestellung,305-4166592-0430756,HWD02-ZNO,PURPLEBIRD Outdoor Messer. Jagdmesser Feststehende Klinge. 440C Edelstahl Bushcraft Camping Messer. Full Tang Scharfe Survival Messer mit Holster (24c,2,amazon.de,Amazon,Leipzig,,04317,MarketplaceFacilitator,44.36,8.42,0,0,0,0,0,0,-8.42,-6.86,-6.08,0,0,31.42,0,0
06.01.2026 21:19:05 UTC,26246931992,Bestellung,305-3265104-0790711,amzn.gr.KF001-Wing-f17RPwiqEgXNqRhfl7-VG,PURPLEBIRD Geschmiedetes Messer Scharfes Ausbeinmesser mit Holzgriff. Kochmesser mit Lederh¨¹lle Outdoor Messer,1,amazon.de,Amazon,Duisburg,,47178,MarketplaceFacilitator,29.49,5.6,3.35,0.64,0,0,0,0,-6.24,-5.26,-7.43,0,0,20.15,0,0
06.01.2026 21:20:59 UTC,26246931992,Bestellung,028-5109361-9932325,KP40-P,PURPLEBIRD Klappmesser aus rostfreiem Qualit?tsstahl mit Carbonfaser-Griff.Sicherheitsverriegelung.Rutschfester Griff.Flach & kompakt f¨¹r Camping &,1,amazon.de,Amazon,Allmannsweiler,,88348,MarketplaceFacilitator,14.11,2.68,0,0,0,0,0,0,-2.68,-2.18,-3.04,0,0,8.89,0,0
06.01.2026 21:22:29 UTC,26246931992,Bestellung,302-4953004-4992336,GK02,PURPLE BIRD GK02 Gefl¨¹gelschere K¨¹chenschere Profi. 4mm Edelstahl Knochenschere mit Sicherheitsschloss & Federbelastung. 103¡ã Schneidwinkel f¨¹r Fl,1,amazon.de,Amazon,Mauersberg,,09518,MarketplaceFacilitator,17.85,3.39,0,0,0,0,0,0,-3.39,-3.19,-3.04,0,0,11.62,0,0
06.01.2026 21:29:44 UTC,26246931992,Bestellung,304-1728200-9022744,KF015-Fish6,PURPLEBIRD Filetiermesser f¨¹r Fisch 15 CM mit Scheide. 440C Edelstahl Fischmesser zum Schneiden von Fleisch mit Holzgriff. Filetiermesser Fisch K¨¹ch,1,amazon.de,Amazon,Beeskow,,15848,MarketplaceFacilitator,22.13,4.21,0,0,0,0,0,0,-4.21,-3.95,-3.04,0,0,15.14,0,0
06.01.2026 21:38:38 UTC,26246931992,Bestellung,304-3269747-3408309,CZ002-XXL,PURPLEBIRD Grillspachtel Set aus Edelstahl. Plancha Spachtels Set mit Gro? Grillwender f¨¹r Smash Burger. Grill Geschenke f¨¹r M?nner,1,amazon.de,Amazon,Buttenheim,,96155,MarketplaceFacilitator,17.24,3.27,0,0,0,0,0,0,-3.27,-3.08,-4.08,0,0,10.08,0,0
06.01.2026 21:38:40 UTC,26246931992,Bestellung,028-4471185-5621103,GK02,PURPLE BIRD GK02 Gefl¨¹gelschere K¨¹chenschere Profi. 4mm Edelstahl Knochenschere mit Sicherheitsschloss & Federbelastung. 103¡ã Schneidwinkel f¨¹r Fl,1,amazon.de,Amazon,W¨¹rzburg,Bayern,97084,MarketplaceFacilitator,19.73,3.75,0,0,0,0,0,0,-3.75,-3.52,-3.04,0,0,13.17,0,0
06.01.2026 21:41:57 UTC,26246931992,Erstattung,028-2492568-6595537,PB-OK-02,PURPLEBIRD Survival Messer Feststehende Klinge Scharfes G¨¹rtelmesser mit Lederscheide. Camping Messer Outdoor Geschenk f¨¹r Mann und Sammlung,1,amazon.de,Amazon,H?sbach,Bayern,63768,MarketplaceFacilitator,-32.85,-6.24,0,0,0,0,0,0,6.24,4.06,0,0,0,-28.79,0,0
06.01.2026 21:46:06 UTC,26246931992,Bestellung,305-5370365-0615525,CZ003-Wood,PURPLEBIRD Burgerpresse. 10.8cm Aluguss Burger Pattie Presse mit Antihaft. 3 Stufen der Dicke einstellbar. Professioneller Hamburgerpresse mit Holzgri,1,amazon.de,Amazon,Wien,,1050,MarketplaceFacilitator,19.99,4,0,0,0,0,0,0,-4,-3.57,-3.84,0,0,12.58,0,0
06.01.2026 21:53:59 UTC,26246931992,Bestellung,303-2666055-3008358,XS04-Fang,PURPLEBIRD Jagdmesser Feststehende Klinge Messer Outdoor Bushcraft Survival Messer mit G10 Griff Kydex Holster Full Tang Camping Messer,1,amazon.de,Amazon,Weimar,Th¨¹ringen,99423,MarketplaceFacilitator,28.56,5.43,0,0,0,0,0,0,-5.43,-4.42,-3.04,0,0,21.1,0,0
06.01.2026 21:55:57 UTC,26246931992,Bestellung,305-5743042-8311549,HS-Purple-Set,PURPLEBIRD Friseurscheren Profi. Haarschere Friseurschere Set aus Edelstahl Haarschneideschere und Effilierschere f¨¹r Barbier/Friseur/Anf?nger 10 St,1,amazon.de,Amazon,H?gel,Schleswig-Holstein,25858,MarketplaceFacilitator,24.37,4.63,0.84,0.16,0,0,-0.84,-0.16,-4.63,-4.35,-2.78,0,0,17.24,0,0
06.01.2026 22:13:10 UTC,26246931992,Bestellung,305-1412281-8385131,GK02,PURPLE BIRD GK02 Gefl¨¹gelschere K¨¹chenschere Profi. 4mm Edelstahl Knochenschere mit Sicherheitsschloss & Federbelastung. 103¡ã Schneidwinkel f¨¹r Fl,1,amazon.de,Amazon,Teesdorf,,2524,MarketplaceFacilitator,17.85,3.57,0,0,0,0,0,0,-3.57,-3.19,-3.04,0,0,11.62,0,0
06.01.2026 22:28:12 UTC,26246931992,Bestellung,306-0910374-1542716,CZ003-Wood,PURPLEBIRD Burgerpresse. 10.8cm Aluguss Burger Pattie Presse mit Antihaft. 3 Stufen der Dicke einstellbar. Professioneller Hamburgerpresse mit Holzgri,1,amazon.de,Amazon,Heckenm¨¹nster,,54518,MarketplaceFacilitator,19.99,3.8,0,0,0,0,0,0,-3.8,-3.57,-3.84,0,0,12.58,0,0
06.01.2026 22:30:03 UTC,26246931992,Bestellung,303-9071081-5608339,BBQW-ZNO,PURPLEBIRD 31-teiliges Edelstahl Grillzubeh?r Set - Premium BBQ Grillbesteck f¨¹r M?nner & Frauen mit Tragetasche. Grillmatte Garten. Camping & Gebu,1,amazon.de,Amazon,Oberursel (taunus),,61440,MarketplaceFacilitator,33.61,6.38,0,0,0,0,0,0,-6.38,-6,-5.2,0,0,22.41,0,0
06.01.2026 22:32:54 UTC,26246931992,Bestellung,028-9866746-5865109,CZ-Axt2,PURPLEBIRD Axt Beil mit Scheide 37.8cm Spaltaxt f¨¹r Holz Handgeschmiedet Handbeil mit Ergonomischer Holzgriff Survival Axt Camping Axt Outdoor Bushcr,1,amazon.de,Amazon,T¨¹tzpatz,,17091,MarketplaceFacilitator,16.8,3.19,0,0,0,0,0,0,-3.19,-3,-4.62,0,0,9.18,0,0
06.01.2026 22:48:53 UTC,26246931992,Bestellung,028-5053310-1559511,HS-Black-Set,PURPLEBIRD Friseurscheren Profi. Haarschere Friseurschere Set aus Edelstahl Haarschneideschere und Effilierschere f¨¹r Barbier/Friseur/Anf?nger 10 St,1,amazon.de,Amazon,Ulm,BW,89081,MarketplaceFacilitator,21.42,4.07,0,0,0,0,0,0,-4.07,-3.82,-2.78,0,0,14.82,0,0
06.01.2026 22:52:09 UTC,26246931992,Bestellung,305-5944648-2664331,GK02,PURPLE BIRD GK02 Gefl¨¹gelschere K¨¹chenschere Profi. 4mm Edelstahl Knochenschere mit Sicherheitsschloss & Federbelastung. 103¡ã Schneidwinkel f¨¹r Fl,1,amazon.de,Amazon,Erkrath,,40699,MarketplaceFacilitator,22.68,4.31,0,0,0,0,0,0,-4.31,-4.05,-3.04,0,0,15.59,0,0
06.01.2026 23:07:18 UTC,26246931992,Bestellung,304-2773109-6596301,CZ002-XXL,PURPLEBIRD Grillspachtel Set aus Edelstahl. Plancha Spachtels Set mit Gro? Grillwender f¨¹r Smash Burger. Grill Geschenke f¨¹r M?nner,1,amazon.de,Amazon,Friedberg (hessen),Hessen,61169,MarketplaceFacilitator,17.24,3.27,0,0,0,0,0,0,-3.27,-3.08,-4.08,0,0,10.08,0,0
06.01.2026 23:08:19 UTC,26246931992,Bestellung,303-2089152-4039558,CZ002-XXL,PURPLEBIRD Grillspachtel Set aus Edelstahl. Plancha Spachtels Set mit Gro? Grillwender f¨¹r Smash Burger. Grill Geschenke f¨¹r M?nner,1,amazon.de,Amazon,Edewecht,Niedersachsen,26188,MarketplaceFacilitator,17.24,3.27,0,0,0,0,0,0,-3.27,-3.08,-4.08,0,0,10.08,0,0
06.01.2026 23:08:20 UTC,26246931992,Bestellung,304-0292929-2111510,GK02,PURPLE BIRD GK02 Gefl¨¹gelschere K¨¹chenschere Profi. 4mm Edelstahl Knochenschere mit Sicherheitsschloss & Federbelastung. 103¡ã Schneidwinkel f¨¹r Fl,1,amazon.de,Amazon,Nordwestuckermark,,17291,MarketplaceFacilitator,17.85,3.39,0,0,0,0,0,0,-3.39,-3.19,-3.04,0,0,11.62,0,0
06.01.2026 23:17:47 UTC,26246931992,Bestellung,028-2014980-1886707,CZ005-Grillset,PURPLEBIRD Grillbesteckset 5-TLG. Profi Edelstahl Gril Zubeh?r Werkzeug Set. Tragetasche mit Sch¨¹rzenfunktion. Top Grillbesteck-Set mit Holzgriff. I,1,amazon.de,Amazon,Barby,,39249,MarketplaceFacilitator,21.03,4,1.22,0.23,0,0,-1.22,-0.23,-4,-3.75,-5.2,0,0,12.08,0,0
06.01.2026 23:27:16 UTC,26246931992,Bestellung,302-1486599-1829938,CZ-Axt2,PURPLEBIRD Axt Beil mit Scheide 37.8cm Spaltaxt f¨¹r Holz Handgeschmiedet Handbeil mit Ergonomischer Holzgriff Survival Axt Camping Axt Outdoor Bushcr,1,amazon.de,Amazon,Meckenbeuren,,88074,MarketplaceFacilitator,16.8,3.19,0,0,0,0,0,0,-3.19,-3,-4.62,0,0,9.18,0,0
06.01.2026 23:32:14 UTC,26246931992,Bestellung,304-9643265-7266717,CZ-Axt2,PURPLEBIRD Axt Beil mit Scheide 37.8cm Spaltaxt f¨¹r Holz Handgeschmiedet Handbeil mit Ergonomischer Holzgriff Survival Axt Camping Axt Outdoor Bushcr,1,amazon.de,Amazon,Ro?dorf,Hessen,64380,MarketplaceFacilitator,16.8,3.19,0,0,0,0,0,0,-3.19,-3,-4.62,0,0,9.18,0,0
06.01.2026 23:44:46 UTC,26246931992,Bestellung,305-4682548-6938725,GK02,PURPLE BIRD GK02 Gefl¨¹gelschere K¨¹chenschere Profi. 4mm Edelstahl Knochenschere mit Sicherheitsschloss & Federbelastung. 103¡ã Schneidwinkel f¨¹r Fl,1,amazon.de,Amazon,Dresden,,01257,MarketplaceFacilitator,17.85,3.39,0,0,0,0,0,0,-3.39,-3.19,-3.04,0,0,11.62,0,0
06.01.2026 23:57:57 UTC,26246931992,Bestellung,303-0818309-7540364,KF015-Fish6,PURPLEBIRD Filetiermesser f¨¹r Fisch 15 CM mit Scheide. 440C Edelstahl Fischmesser zum Schneiden von Fleisch mit Holzgriff. Filetiermesser Fisch K¨¹ch,1,amazon.de,Amazon,Coswig,Sachsen,01640,MarketplaceFacilitator,22.13,4.21,0.42,0.08,0,0,-0.42,-0.08,-4.21,-3.95,-3.04,0,0,15.14,0,0
07.01.2026 00:02:47 UTC,26246931992,Bestellung,303-3515265-7517902,CZ002-XXL,PURPLEBIRD Grillspachtel Set aus Edelstahl. Plancha Spachtels Set mit Gro? Grillwender f¨¹r Smash Burger. Grill Geschenke f¨¹r M?nner,1,amazon.de,Amazon,SCHOENWALD,Bayern,95173,MarketplaceFacilitator,17.24,3.27,0,0,0,0,0,0,-3.27,-3.08,-4.08,0,0,10.08,0,0
07.01.2026 00:08:19 UTC,26246931992,Bestellung,304-4629912-8976360,CZ003-Wood,PURPLEBIRD Burgerpresse. 10.8cm Aluguss Burger Pattie Presse mit Antihaft. 3 Stufen der Dicke einstellbar. Professioneller Hamburgerpresse mit Holzgri,1,amazon.de,Amazon,Bad Windsheim,,91438,MarketplaceFacilitator,19.99,3.8,0,0,0,0,0,0,-3.8,-3.57,-3.84,0,0,12.58,0,0
07.01.2026 00:09:24 UTC,26246931992,Bestellung,302-8470821-5890725,CZ002-XXL,PURPLEBIRD Grillspachtel Set aus Edelstahl. Plancha Spachtels Set mit Gro? Grillwender f¨¹r Smash Burger. Grill Geschenke f¨¹r M?nner,1,amazon.de,Amazon,Schelklingen,,89601,MarketplaceFacilitator,17.24,3.27,0,0,0,0,0,0,-3.27,-3.08,-4.08,0,0,10.08,0,0
07.01.2026 00:21:59 UTC,26246931992,Bestellung,304-0636295-2920318,GK02,PURPLE BIRD GK02 Gefl¨¹gelschere K¨¹chenschere Profi. 4mm Edelstahl Knochenschere mit Sicherheitsschloss & Federbelastung. 103¡ã Schneidwinkel f¨¹r Fl,1,amazon.de,Amazon,Wien,,1150,MarketplaceFacilitator,17.85,3.57,0,0,0,0,0,0,-3.57,-3.19,-3.04,0,0,11.62,0,0
07.01.2026 02:42:17 UTC,26246931992,Geb¨¹hren von Amazon,16f6529f-2e0c-4298-8c0c-7882f0fa7d17,,Leistungsbasierte Angebotsgeb¨¹hr,,Amazon.de,,,,,,0,0,0,0,0,0,0,0,0,-6.38,0,0,0,-6.38,0,0
07.01.2026 02:42:48 UTC,26246931992,Geb¨¹hren von Amazon,16f6529f-2e0c-4298-8c0c-7882f0fa7d17,,Teilnahmegeb¨¹hr f¨¹r das Angebot,,Amazon.de,,,,,,0,0,0,0,0,0,0,0,0,-12,0,0,0,-12,0,0
07.01.2026 04:08:10 UTC,26246931992,Bestellung,302-9992352-4019510,GK02,PURPLE BIRD GK02 Gefl¨¹gelschere K¨¹chenschere Profi. 4mm Edelstahl Knochenschere mit Sicherheitsschloss & Federbelastung. 103¡ã Schneidwinkel f¨¹r Fl,1,amazon.de,Amazon,Rothem¨¹hl,,17379,MarketplaceFacilitator,19.73,3.75,3.35,0.64,0,0,0,0,-4.39,-3.52,-6.39,0,0,13.17,0,0
07.01.2026 05:50:51 UTC,26246931992,Bestellung,303-3460607-2032346,HS03-Silver-Straight,PURPLEBIRD Haarschere Friseurschere 6 Inch Effilierschere Scharfe Haarschneideschere Japanischer Edelstahl 440C f¨¹r Damen und Herren Haarschere,1,amazon.de,Amazon,Elsterheide,,02979,MarketplaceFacilitator,21,3.99,1.12,0.21,0,0,-1.12,-0.21,-3.99,-3.75,-2.57,0,0,14.68,0,0
07.01.2026 05:52:39 UTC,26246931992,Bestellung,028-3559683-3424353,GK02,PURPLE BIRD GK02 Gefl¨¹gelschere K¨¹chenschere Profi. 4mm Edelstahl Knochenschere mit Sicherheitsschloss & Federbelastung. 103¡ã Schneidwinkel f¨¹r Fl,1,amazon.de,Amazon,Wismar,,23968,MarketplaceFacilitator,22.68,4.31,3.35,0.64,0,0,0,0,-4.95,-4.05,-6.39,0,0,15.59,0,0
07.01.2026 06:31:36 UTC,26246931992,Bestellung,S02-2006582-6055147,KF015-Fish6,PURPLEBIRD Filetiermesser f¨¹r Fisch 15 CM mit Scheide. 440C Edelstahl Fischmesser zum Schneiden von Fleisch mit Holzgriff. Filetiermesser Fisch K¨¹che & Outdoor zum Fischen. Grillen f¨¹r M?nner,1,si-prod-marketplace-de.stores.amazon.de,Amazon,NATURNO,BOLZANO,39025,,0,0,0,0,0,0,0,0,0,0,-9.57,0,0,-9.57,0,0
07.01.2026 07:11:57 UTC,26246931992,Bestellung,305-8748824-9775555,GK02,PURPLE BIRD GK02 Gefl¨¹gelschere K¨¹chenschere Profi. 4mm Edelstahl Knochenschere mit Sicherheitsschloss & Federbelastung. 103¡ã Schneidwinkel f¨¹r Fl,1,amazon.de,Amazon,Grimma,Sachsen,04668,MarketplaceFacilitator,17.85,3.39,0,0,0,0,0,0,-3.39,-3.19,-3.04,0,0,11.62,0,0
07.01.2026 07:40:33 UTC,26246931992,Anpassung,028-2513345-6441959,HS-KidRedStraight,Versand durch Amazon Erstattung f¨¹r Lagerbestand - Kundenr¨¹cksendung,1,,,,,,,0,0,0,0,0,0,0,0,0,0,0,0,11.23,11.23,0,0
07.01.2026 07:57:54 UTC,26246931992,Bestellung,302-4964599-0731526,PS-7.0''DownCurvedThinning,PURPLEBIRD Fellschere 7 Inch Gebogene Hundeschere. Katzenschere. Effilierschere Hundescheren zur Fellpflege f¨¹r alle Hunde Katze. Schneiden und Groom,1,amazon.de,Amazon,Ferlach,,9170,MarketplaceFacilitator,40.71,8.14,0,0,0,0,0,0,-8.14,-7.27,-2.57,0,0,30.87,0,0
07.01.2026 07:59:53 UTC,26246931992,Bestellung,305-0062673-0253152,KF015-Chanzi,PURPLEBIRD 12-in-1 Klappspaten mit 180¡ã Camping-Axt | ¨¹berlebens-Set inkl. Multitool. Camping Axe & Tragebag f¨¹r Outdoor/Camping (rostfrei & faltba,1,amazon.de,Amazon,Wildsteig,,82409,MarketplaceFacilitator,29.28,5.56,0,0,0,0,0,0,-5.56,-4.53,-5.83,0,0,18.92,0,0
07.01.2026 08:19:54 UTC,26246931992,Bestellung,304-2205826-3950768,CZ005-Grillset,PURPLEBIRD Grillbesteckset 5-TLG. Profi Edelstahl Gril Zubeh?r Werkzeug Set. Tragetasche mit Sch¨¹rzenfunktion. Top Grillbesteck-Set mit Holzgriff. I,1,amazon.de,Amazon,Hattingen,,45527,MarketplaceFacilitator,25.13,4.78,0,0,0,0,0,0,-4.78,-4.49,-5.2,0,0,15.44,0,0
07.01.2026 09:08:49 UTC,26246931992,Bestellung,S02-1672284-7170367,KF015-Chudao,PURPLEBIRD K¨¹chenmesser Schmieden. Kochmesser Profi Messer. Fleischermesser mit Ergonomischem Griff. K¨¹chenmesser Scharf aus Hochwertigem Carbon Edelstahl f¨¹r K¨¹chen. Camping und Grill,1,si-prod-marketplace-de.stores.amazon.de,Amazon,Warszawa,Mazowieckie,00-74,,0,0,0,0,0,0,0,0,0,0,-11.7,0,0,-11.7,0,0
07.01.2026 09:10:21 UTC,26246931992,Bestellung,S02-2531475-7324754,GK02,PURPLE BIRD GK02 Gefl¨¹gelschere K¨¹chenschere Profi. 4mm Edelstahl Knochenschere mit Sicherheitsschloss & Federbelastung. 103¡ã Schneidwinkel f¨¹r Fleisch. Gem¨¹se und Knochen. Rutschfester Griff,1,si-prod-marketplace-de.stores.amazon.de,Amazon,Bobrowa,Podkarpackie,39-20,,0,0,0,0,0,0,0,0,0,0,-8.87,0,0,-8.87,0,0
07.01.2026 10:41:46 UTC,26246931992,Bestellung,305-3320363-2301130,GK02,PURPLE BIRD GK02 Gefl¨¹gelschere K¨¹chenschere Profi. 4mm Edelstahl Knochenschere mit Sicherheitsschloss & Federbelastung. 103¡ã Schneidwinkel f¨¹r Fl,1,amazon.de,Amazon,Adnet,Salzburg,5421,MarketplaceFacilitator,17.85,3.57,1.11,0.22,0,0,-1.11,-0.22,-3.57,-3.19,-3.04,0,0,11.62,0,0
07.01.2026 12:02:22 UTC,26246931992,Bestellung,S02-9129550-1602356,GK02,PURPLE BIRD GK02 Gefl¨¹gelschere K¨¹chenschere Profi. 4mm Edelstahl Knochenschere mit Sicherheitsschloss & Federbelastung. 103¡ã Schneidwinkel f¨¹r Fleisch. Gem¨¹se und Knochen. Rutschfester Griff,1,si-prod-marketplace-de.stores.amazon.de,Amazon,GRAYAN ET L HOPITAL,GIRONDE,33590,,0,0,0,0,0,0,0,0,0,0,-8.5,0,0,-8.5,0,0
07.01.2026 14:06:17 UTC,26246931992,Bestellung,028-3729093-7083533,PB-OK-02,PURPLEBIRD Survival Messer Feststehende Klinge Scharfes G¨¹rtelmesser mit Lederscheide. Camping Messer Outdoor Geschenk f¨¹r Mann und Sammlung,1,amazon.de,Amazon,Lalendorf,,18279,MarketplaceFacilitator,32.85,6.24,0,0,0,0,0,0,-6.24,-5.08,-5.27,0,0,22.5,0,0
07.01.2026 14:17:47 UTC,26246931992,Bestellung,304-0803363-6969120,HS03-Silver-Straight,PURPLEBIRD Haarschere Friseurschere 6 Inch Effilierschere Scharfe Haarschneideschere Japanischer Edelstahl 440C f¨¹r Damen und Herren Haarschere,1,amazon.de,Amazon,?tisheim,,75443,MarketplaceFacilitator,21,3.99,0,0,0,0,0,0,-3.99,-3.75,-2.57,0,0,14.68,0,0
07.01.2026 14:30:32 UTC,26246931992,Bestellung,303-1948613-2361968,GK02,PURPLE BIRD GK02 Gefl¨¹gelschere K¨¹chenschere Profi. 4mm Edelstahl Knochenschere mit Sicherheitsschloss & Federbelastung. 103¡ã Schneidwinkel f¨¹r Fl,1,amazon.de,Amazon,Wurmannsquick,Bayern,84329,MarketplaceFacilitator,22.68,4.31,0,0,0,0,0,0,-4.31,-4.05,-3.04,0,0,15.59,0,0
07.01.2026 14:31:20 UTC,26246931992,Bestellung,028-2995950-0519527,GK02,PURPLE BIRD GK02 Gefl¨¹gelschere K¨¹chenschere Profi. 4mm Edelstahl Knochenschere mit Sicherheitsschloss & Federbelastung. 103¡ã Schneidwinkel f¨¹r Fl,1,amazon.de,Amazon,Kruckow,,17129,MarketplaceFacilitator,22.68,4.31,0,0,0,0,0,0,-4.31,-4.05,-3.04,0,0,15.59,0,0
07.01.2026 14:48:31 UTC,26246931992,Erstattung,304-5628113-5655538,GK02,PURPLE BIRD GK02 Gefl¨¹gelschere K¨¹chenschere Profi. 4mm Edelstahl Knochenschere mit Sicherheitsschloss & Federbelastung. 103¡ã Schneidwinkel f¨¹r Fl,1,amazon.de,Amazon,Furth,,84095,MarketplaceFacilitator,-22.68,-4.31,0,0,0,0,0,0,4.31,3.24,0,0,0,-19.44,0,0
07.01.2026 15:03:34 UTC,26246931992,Erstattung,028-5460184-9497946,GK02,PURPLE BIRD GK02 Gefl¨¹gelschere K¨¹chenschere Profi. 4mm Edelstahl Knochenschere mit Sicherheitsschloss & Federbelastung. 103¡ã Schneidwinkel f¨¹r Fl,1,amazon.de,Amazon,Hilzingen,Baden-W¨¹rttemberg,78247,MarketplaceFacilitator,-19.73,-3.75,0,0,0,0,0,0,3.75,2.82,0,0,0,-16.91,0,0
07.01.2026 15:20:28 UTC,26246931992,Bestellung,028-9430936-6098759,CZ003-Wood,PURPLEBIRD Burgerpresse. 10.8cm Aluguss Burger Pattie Presse mit Antihaft. 3 Stufen der Dicke einstellbar. Professioneller Hamburgerpresse mit Holzgri,1,amazon.de,Amazon,Brunn,,16845,MarketplaceFacilitator,19.99,3.8,0,0,0,0,0,0,-3.8,-3.57,-3.84,0,0,12.58,0,0
07.01.2026 15:41:40 UTC,26246931992,Bestellung,304-0853088-1391538,CZ002-XXL,PURPLEBIRD Grillspachtel Set aus Edelstahl. Plancha Spachtels Set mit Gro? Grillwender f¨¹r Smash Burger. Grill Geschenke f¨¹r M?nner,1,amazon.de,Amazon,Windehausen,,99765,MarketplaceFacilitator,17.24,3.27,0,0,0,0,0,0,-3.27,-3.08,-4.08,0,0,10.08,0,0
07.01.2026 15:45:11 UTC,26246931992,Bestellung,305-0123489-9569919,GK02,PURPLE BIRD GK02 Gefl¨¹gelschere K¨¹chenschere Profi. 4mm Edelstahl Knochenschere mit Sicherheitsschloss & Federbelastung. 103¡ã Schneidwinkel f¨¹r Fl,1,amazon.de,Amazon,Bad Birnbach,,84364,MarketplaceFacilitator,22.68,4.31,0,0,0,0,0,0,-4.31,-4.05,-3.04,0,0,15.59,0,0
07.01.2026 15:46:34 UTC,26246931992,Bestellung,028-9668361-1151538,Camp-G,PURPLEBIRD Camping-Besteck Set Golden - 10-teiliges Geschirr Set f¨¹r 2 Personen bei Picknick & Reisen Tragbares Edelstahl Geschirr Set Mit Etui Deal,1,amazon.de,Amazon,St. Kanzian,K?rnten,9122,MarketplaceFacilitator,30.25,6.05,0,0,0,0,-15.13,-3.02,-3.03,-2.72,-4.08,0,0,8.32,0,0
07.01.2026 16:01:19 UTC,26246931992,Bestellung,305-9260733-3653104,GK02,PURPLE BIRD GK02 Gefl¨¹gelschere K¨¹chenschere Profi. 4mm Edelstahl Knochenschere mit Sicherheitsschloss & Federbelastung. 103¡ã Schneidwinkel f¨¹r Fl,1,amazon.de,Amazon,L?bau,,02708,MarketplaceFacilitator,22.68,4.31,0,0,0,0,0,0,-4.31,-4.05,-3.04,0,0,15.59,0,0
07.01.2026 16:03:07 UTC,26246931992,Bestellung,S02-2361269-9457510,KF015-Chudao,PURPLEBIRD K¨¹chenmesser Schmieden. Kochmesser Profi Messer. Fleischermesser mit Ergonomischem Griff. K¨¹chenmesser Scharf aus Hochwertigem Carbon Edelstahl f¨¹r K¨¹chen. Camping und Grill,1,si-prod-marketplace-de.stores.amazon.de,Amazon,Poing,Bayern,85586,,0,0,0,0,0,0,0,0,0,0,-8.01,0,0,-8.01,0,0
07.01.2026 16:11:48 UTC,26246931992,Bestellung,305-4909288-8203506,GK02,PURPLE BIRD GK02 Gefl¨¹gelschere K¨¹chenschere Profi. 4mm Edelstahl Knochenschere mit Sicherheitsschloss & Federbelastung. 103¡ã Schneidwinkel f¨¹r Fl,1,amazon.de,Amazon,Stadtilm,Th¨¹ringen,99326,MarketplaceFacilitator,22.68,4.31,0,0,0,0,0,0,-4.31,-4.05,-3.04,0,0,15.59,0,0
07.01.2026 17:08:54 UTC,26246931992,Bestellung,S02-0187574-2891948,CZ005-Grillset,PURPLEBIRD Grillbesteckset 5-TLG. Profi Edelstahl Gril Zubeh?r Werkzeug Set. Tragetasche mit Sch¨¹rzenfunktion. Top Grillbesteck-Set mit Holzgriff. Ideal f¨¹r BBQ Teppanyaki Grill Geschenke f¨¹r M?nner,1,si-prod-marketplace-de.stores.amazon.de,Amazon,Stolberg (Rhld.),Nordrhein-Westfalen,52223,,0,0,0,0,0,0,0,0,0,0,-8.88,0,0,-8.88,0,0
07.01.2026 17:38:05 UTC,26246931992,Anpassung,,KF015-Fish6,Versand durch Amazon Erstattung f¨¹r Lagerbestand - Im Lager besch?digt,1,,,,,,,0,0,0,0,0,0,0,0,0,0,0,0,6.12,6.12,0,0
07.01.2026 18:37:57 UTC,26246931992,Bestellung,305-7549705-2845154,BBQW-ZNO,PURPLEBIRD 31-teiliges Edelstahl Grillzubeh?r Set - Premium BBQ Grillbesteck f¨¹r M?nner & Frauen mit Tragetasche. Grillmatte Garten. Camping & Gebu,1,amazon.de,Amazon,Bremen,Bremen,28197,MarketplaceFacilitator,33.61,6.38,3.35,0.64,0,0,-3.35,-0.64,-6.38,-6,-5.2,0,0,22.41,0,0
07.01.2026 19:10:52 UTC,26246931992,Servicegeb¨¹hr,,,Werbekosten,,,,,,,,0,0,0,0,0,0,0,0,0,0,0,-504.08,0,-504.08,0,0
07.01.2026 19:32:39 UTC,26246931992,Bestellung,S02-7391036-0610334,GK02,PURPLE BIRD GK02 Gefl¨¹gelschere K¨¹chenschere Profi. 4mm Edelstahl Knochenschere mit Sicherheitsschloss & Federbelastung. 103¡ã Schneidwinkel f¨¹r Fleisch. Gem¨¹se und Knochen. Rutschfester Griff,1,si-prod-marketplace-de.stores.amazon.de,Amazon,Glienicke/Nordbahn,Brandenburg,16548,,0,0,0,0,0,0,0,0,0,0,-5.55,0,0,-5.55,0,0
07.01.2026 19:56:45 UTC,26246931992,Erstattung,305-3605168-4371518,GK02,PURPLE BIRD GK02 Gefl¨¹gelschere K¨¹chenschere Profi. 4mm Edelstahl Knochenschere mit Sicherheitsschloss & Federbelastung. 103¡ã Schneidwinkel f¨¹r Fl,1,amazon.de,Amazon,Bremen,,28211,MarketplaceFacilitator,-22.68,-4.31,0,0,0,0,0,0,4.31,3.24,0,0,0,-19.44,0,0
07.01.2026 20:01:21 UTC,26246931992,Bestellung,028-4409663-7168354,KF015-Chudao,PURPLEBIRD Geschmiedetes Kochmesser. Profi-K¨¹chenmesser. Fleischermesser mit Holzgriff. Scharfes K¨¹chenmesser. Full Tang Grillmesser f¨¹r K¨¹che Cam,1,amazon.de,Amazon,Bensheim,,64625,MarketplaceFacilitator,30.25,5.75,0,0,0,0,0,0,-5.75,-5.4,-4.08,0,0,20.77,0,0
07.01.2026 20:06:09 UTC,26246931992,Bestellung,306-4346336-3742733,KM30-G,PURPLEBIRD Klappmesser Taschenmesser. Survival Outdoor Messer mit Coolem Aussehen.Tolle Sammlung Geschenke f¨¹r M?nner (Gr¨¹n),1,amazon.de,Amazon,Sch?nkirchen,Schleswig-Holstein,24232,,17.64,3.35,0,0,0,0,0,0,0,-2.73,-3.04,0,0,15.22,0,0
07.01.2026 20:23:42 UTC,26246931992,Bestellung,303-3306999-2092311,HWD02-ZNO,PURPLEBIRD Outdoor Messer. Jagdmesser Feststehende Klinge. 440C Edelstahl Bushcraft Camping Messer. Full Tang Scharfe Survival Messer mit Holster (24c,1,amazon.de,Amazon,Burgkunstadt,,96224,MarketplaceFacilitator,22.18,4.21,0,0,0,0,0,0,-4.21,-3.43,-3.04,0,0,15.71,0,0
07.01.2026 20:31:35 UTC,26246931992,Bestellung,305-8095140-8724311,MT001-Silberner,PURPLEBIRD Multitool Werkzeug. 28 in 1 Multifunktionale Zange Geschenke f¨¹r M?nner. Faltbares Multifunktionswerkzeug mit 11 Bits und Gurtcliptasche.,1,amazon.de,Amazon,Sulzbach-rosenberg,,92237,MarketplaceFacilitator,33.61,6.38,0,0,0,0,0,0,-6.38,-5.2,-3.42,0,0,24.99,0,0
07.01.2026 20:33:41 UTC,26246931992,Bestellung,302-3297212-5996363,HWD02-ZNO,PURPLEBIRD Outdoor Messer. Jagdmesser Feststehende Klinge. 440C Edelstahl Bushcraft Camping Messer. Full Tang Scharfe Survival Messer mit Holster (24c,1,amazon.de,Amazon,D?beln,,04720,MarketplaceFacilitator,22.18,4.21,0,0,0,0,0,0,-4.21,-3.43,-3.04,0,0,15.71,0,0
07.01.2026 20:33:51 UTC,26246931992,Bestellung,303-6326723-6078765,KF015-Chudao,PURPLEBIRD Geschmiedetes Kochmesser. Profi-K¨¹chenmesser. Fleischermesser mit Holzgriff. Scharfes K¨¹chenmesser. Full Tang Grillmesser f¨¹r K¨¹che Cam,1,amazon.de,Amazon,EGGENSTEIN-LEOPOLDSHAFEN,Baden-W¨¹rttemberg,76344,MarketplaceFacilitator,30.25,5.75,0,0,0,0,0,0,-5.75,-5.4,-4.08,0,0,20.77,0,0
07.01.2026 20:37:14 UTC,26246931992,Bestellung,304-7326219-6701108,GK02,PURPLE BIRD GK02 Gefl¨¹gelschere K¨¹chenschere Profi. 4mm Edelstahl Knochenschere mit Sicherheitsschloss & Federbelastung. 103¡ã Schneidwinkel f¨¹r Fl,1,amazon.de,Amazon,Ennigerloh,NRW,59320,MarketplaceFacilitator,21,3.99,0,0,0,0,0,0,-3.99,-3.75,-3.04,0,0,14.21,0,0
07.01.2026 20:44:20 UTC,26246931992,Bestellung,306-2741810-0428349,GK02,PURPLE BIRD GK02 Gefl¨¹gelschere K¨¹chenschere Profi. 4mm Edelstahl Knochenschere mit Sicherheitsschloss & Federbelastung. 103¡ã Schneidwinkel f¨¹r Fl,1,amazon.de,Amazon,Essen,,45357,MarketplaceFacilitator,22.68,4.31,0,0,0,0,0,0,-4.31,-4.05,-3.04,0,0,15.59,0,0
07.01.2026 20:55:44 UTC,26246931992,Bestellung,305-2135836-1390745,GK02,PURPLE BIRD GK02 Gefl¨¹gelschere K¨¹chenschere Profi. 4mm Edelstahl Knochenschere mit Sicherheitsschloss & Federbelastung. 103¡ã Schneidwinkel f¨¹r Fl,1,amazon.de,Amazon,Woltersdorf,,15569,MarketplaceFacilitator,22.68,4.31,0,0,0,0,0,0,-4.31,-4.05,-3.04,0,0,15.59,0,0
07.01.2026 21:24:06 UTC,26246931992,Bestellung,028-0838311-9053969,CZ002-XXL,PURPLEBIRD Grillspachtel Set aus Edelstahl. Plancha Spachtels Set mit Gro? Grillwender f¨¹r Smash Burger. Grill Geschenke f¨¹r M?nner,1,amazon.de,Amazon,Dachsbach,Bayern,91462,MarketplaceFacilitator,17.24,3.27,0.84,0.16,0,0,-0.84,-0.16,-3.27,-3.08,-4.08,0,0,10.08,0,0
07.01.2026 21:28:39 UTC,26246931992,Bestellung,302-1217044-9389154,HS-Black-Set,PURPLEBIRD Friseurscheren Profi. Haarschere Friseurschere Set aus Edelstahl Haarschneideschere und Effilierschere f¨¹r Barbier/Friseur/Anf?nger 10 St,1,amazon.de,Amazon,Berlin,,13347,MarketplaceFacilitator,21.42,4.07,0,0,0,0,0,0,-4.07,-3.82,-2.78,0,0,14.82,0,0
07.01.2026 21:30:33 UTC,26246931992,Bestellung,302-0254250-1981966,Camp-G,PURPLEBIRD Camping-Besteck Set Golden - 10-teiliges Geschirr Set f¨¹r 2 Personen bei Picknick & Reisen Tragbares Edelstahl Geschirr Set Mit Etui Deal,1,amazon.de,Amazon,M¨¹nchen,,81249,MarketplaceFacilitator,30.25,5.75,4.19,0.8,0,0,-4.19,-0.8,-5.75,-5.4,-4.08,0,0,20.77,0,0
07.01.2026 21:45:43 UTC,26246931992,Bestellung,302-8477309-5165128,GK02,PURPLE BIRD GK02 Gefl¨¹gelschere K¨¹chenschere Profi. 4mm Edelstahl Knochenschere mit Sicherheitsschloss & Federbelastung. 103¡ã Schneidwinkel f¨¹r Fl,1,amazon.de,Amazon,Nesse-Apfelst?dt,,99192,MarketplaceFacilitator,17.85,3.39,0,0,0,0,0,0,-3.39,-3.19,-3.04,0,0,11.62,0,0
07.01.2026 21:57:47 UTC,26246931992,Bestellung,305-6087964-6034707,CZ002-XXL,PURPLEBIRD Grillspachtel Set aus Edelstahl. Plancha Spachtels Set mit Gro? Grillwender f¨¹r Smash Burger. Grill Geschenke f¨¹r M?nner,1,amazon.de,Amazon,M?nchengladbach,,41061,MarketplaceFacilitator,17.24,3.27,0,0,0,0,0,0,-3.27,-3.08,-4.08,0,0,10.08,0,0
07.01.2026 21:57:47 UTC,26246931992,Bestellung,305-6087964-6034707,GSGD-ZNO,PURPLEBIRD Grill Schaber f¨¹r Flachgrills mit 6-Zoll-Edelstahlklinge & Ergonomischem Aluminiumgriff Grillschaber f¨¹r Gastronomie. Haushalt und Gewerb,1,amazon.de,Amazon,M?nchengladbach,,41061,MarketplaceFacilitator,18.9,3.59,0,0,0,0,0,0,-3.59,-2.92,-5.2,0,0,10.78,0,0
07.01.2026 22:07:04 UTC,26246931992,Bestellung,304-5628113-5655538,GK02,PURPLE BIRD GK02 Gefl¨¹gelschere K¨¹chenschere Profi. 4mm Edelstahl Knochenschere mit Sicherheitsschloss & Federbelastung. 103¡ã Schneidwinkel f¨¹r Fl,1,amazon.de,Amazon,Furth,,84095,MarketplaceFacilitator,22.68,4.31,0,0,0,0,0,0,-4.31,-4.05,-3.04,0,0,15.59,0,0
07.01.2026 22:31:25 UTC,26246931992,Bestellung,304-8617466-2935547,HS-Purple-Set,PURPLEBIRD Friseurscheren Profi. Haarschere Friseurschere Set aus Edelstahl Haarschneideschere und Effilierschere f¨¹r Barbier/Friseur/Anf?nger 10 St,1,amazon.de,Amazon,Dortmund,,44359,MarketplaceFacilitator,24.37,4.63,0.84,0.16,0,0,-0.84,-0.16,-4.63,-4.35,-2.78,0,0,17.24,0,0
07.01.2026 22:33:51 UTC,26246931992,Bestellung,303-2718470-9186726,PB-OK-02,PURPLEBIRD Survival Messer Feststehende Klinge Scharfes G¨¹rtelmesser mit Lederscheide. Camping Messer Outdoor Geschenk f¨¹r Mann und Sammlung,1,amazon.de,Amazon,lauenburg,Schleswig-Holstein,21481,MarketplaceFacilitator,32.85,6.24,0,0,0,0,0,0,-6.24,-5.08,-5.27,0,0,22.5,0,0
07.01.2026 22:47:58 UTC,26246931992,Bestellung,028-6920943-9060357,CZ008-Brush,PURPLEBIRD BBQ-Grillb¨¹rste 3 in 1 f¨¹r Gussrost. Edelstahl. lange Holzgriff. Ersatzb¨¹rste,1,amazon.de,Amazon,Hagen Im Bremischen,,27628,MarketplaceFacilitator,16.13,3.06,3.35,0.64,0,0,0,0,-3.7,-2.49,-7.43,0,0,9.56,0,0
07.01.2026 22:48:29 UTC,26246931992,Bestellung,305-3605168-4371518,GK02,PURPLE BIRD GK02 Gefl¨¹gelschere K¨¹chenschere Profi. 4mm Edelstahl Knochenschere mit Sicherheitsschloss & Federbelastung. 103¡ã Schneidwinkel f¨¹r Fl,1,amazon.de,Amazon,Bremen,,28211,MarketplaceFacilitator,22.68,4.31,0,0,0,0,0,0,-4.31,-4.05,-3.04,0,0,15.59,0,0
07.01.2026 23:12:55 UTC,26246931992,Bestellung,028-2232629-7614702,HS-Purple-Set,PURPLEBIRD Friseurscheren Profi. Haarschere Friseurschere Set aus Edelstahl Haarschneideschere und Effilierschere f¨¹r Barbier/Friseur/Anf?nger 10 St,1,amazon.de,Amazon,Hamburg,,22455,MarketplaceFacilitator,24.37,4.63,0,0,0,0,0,0,-4.63,-4.35,-2.78,0,0,17.24,0,0
07.01.2026 23:14:29 UTC,26246931992,Bestellung,304-9712654-8742714,CZ002-SetA,PURPLEBIRD Burger-Set (3-TLG.) aus Edelstahl inkl. Burgerpresse. 2 Grillspachtels. Burger Spachtel Set mit Gro? Grillwender und Burger Smasher aus Ed,1,amazon.de,Amazon,Dorsten,Nordrhein-Westfalen,46282,MarketplaceFacilitator,24.19,4.6,0,0,0,0,0,0,-4.6,-4.32,-4.75,0,0,15.12,0,0
07.01.2026 23:18:34 UTC,26246931992,Bestellung,305-4832608-3608321,GK02,PURPLE BIRD GK02 Gefl¨¹gelschere K¨¹chenschere Profi. 4mm Edelstahl Knochenschere mit Sicherheitsschloss & Federbelastung. 103¡ã Schneidwinkel f¨¹r Fl,1,amazon.de,Amazon,Obernzenn,,91619,MarketplaceFacilitator,22.68,4.31,0,0,0,0,0,0,-4.31,-4.05,-3.04,0,0,15.59,0,0
08.01.2026 00:02:24 UTC,26246931992,Bestellung,304-6934818-7693133,KM30-F,PURPLEBIRD Klappmesser aus rostfreiem Qualit?tsstahl mit Carbonfaser-Griff.Sicherheitsverriegelung.Rutschfester Griff.Flach & kompakt f¨¹r Camping &,1,amazon.de,Amazon,Frechen,Nordrhein-Westfalen,50226,MarketplaceFacilitator,13.23,2.51,0,0,0,0,0,0,-2.51,-2.05,-3.04,0,0,8.14,0,0
08.01.2026 02:22:53 UTC,26246931992,Liquidationen,88822083459552,X0026VXKND,PURPLEBIRD Fellschere 7.0 Inch Gebogene Hundeschere Katzenschere Hunde Effilierschere Hundescheren zur Fellpflege f¨¹r alle Hunde Katze Schneiden und Grooming Japanischer Edelstahl 440C Handarbeit,1,,,,,,,7.97,0,0,0,0,0,0,0,0,0,0,-1.54,0,6.43,0,0
08.01.2026 02:26:31 UTC,26246931992,Bestellung,305-9794684-5576306,CZ003-Wood,PURPLEBIRD Burgerpresse. 10.8cm Aluguss Burger Pattie Presse mit Antihaft. 3 Stufen der Dicke einstellbar. Professioneller Hamburgerpresse mit Holzgri,1,amazon.de,Amazon,Wien,,1110,MarketplaceFacilitator,19.99,4,0,0,0,0,-8.22,-1.65,-2.35,-2.12,-3.84,0,0,5.81,0,0
08.01.2026 02:37:14 UTC,26246931992,Liquidationen,84242519768552,X0017R5HQ5,PURPLEBIRD Fellschere 7.0 Inch Gebogene Hundeschere Katzenschere Hunde Effilierschere Hundescheren zur Fellpflege f¨¹r alle Hunde Katze Schneiden und Grooming Japanischer Edelstahl 440C Handarbeit,1,,,,,,,7.97,0,0,0,0,0,0,0,0,0,0,-1.54,0,6.43,0,0
08.01.2026 05:42:55 UTC,26246931992,Versand durch Amazon Lagergeb¨¹hr,,,FBA-Lagergeb¨¹hr,,Amazon.de,,,,,,0,0,0,0,0,0,0,0,0,0,0,0,-972.53,-972.53,0,0
08.01.2026 07:59:03 UTC,26246931992,Bestellung,306-1469161-0434736,HS03-Silver-Straight,PURPLEBIRD Haarschere Friseurschere 6 Inch Effilierschere Scharfe Haarschneideschere Japanischer Edelstahl 440C f¨¹r Damen und Herren Haarschere,1,amazon.de,Amazon,Waldstetten,Baden-W¨¹rttemberg,73550,MarketplaceFacilitator,21,3.99,0,0,0,0,0,0,-3.99,-3.75,-2.57,0,0,14.68,0,0
08.01.2026 11:36:01 UTC,26246931992,Bestellung,S02-1393353-9377549,KF015-Fish6,PURPLEBIRD Filetiermesser f¨¹r Fisch 15 CM mit Scheide. 440C Edelstahl Fischmesser zum Schneiden von Fleisch mit Holzgriff. Filetiermesser Fisch K¨¹che & Outdoor zum Fischen. Grillen f¨¹r M?nner,1,si-prod-marketplace-de.stores.amazon.de,Amazon,Baiersdorf,Bayern,91083,,0,0,0,0,0,0,0,0,0,0,-4.97,0,0,-4.97,0,0
08.01.2026 11:36:01 UTC,26246931992,Bestellung,S02-1393353-9377549,KF015-Fish6,PURPLEBIRD Filetiermesser f¨¹r Fisch 15 CM mit Scheide. 440C Edelstahl Fischmesser zum Schneiden von Fleisch mit Holzgriff. Filetiermesser Fisch K¨¹che & Outdoor zum Fischen. Grillen f¨¹r M?nner,1,si-prod-marketplace-de.stores.amazon.de,Amazon,Baiersdorf,Bayern,91083,,0,0,0,0,0,0,0,0,0,0,-4.97,0,0,-4.97,0,0
08.01.2026 12:15:49 UTC,26246931992,Erstattung,303-6326723-6078765,KF015-Chudao,PURPLEBIRD Geschmiedetes Kochmesser. Profi-K¨¹chenmesser. Fleischermesser mit Holzgriff. Scharfes K¨¹chenmesser. Full Tang Grillmesser f¨¹r K¨¹che Cam,1,amazon.de,Amazon,EGGENSTEIN-LEOPOLDSHAFEN,Baden-W¨¹rttemberg,76344,MarketplaceFacilitator,-30.25,-5.75,0,0,0,0,0,0,5.75,4.32,0,0,0,-25.93,0,0
08.01.2026 12:56:28 UTC,26246931992,Erstattung,028-5770953-4139542,HWD02-ZNO,PURPLEBIRD Outdoor Messer. Jagdmesser Feststehende Klinge. 440C Edelstahl Bushcraft Camping Messer. Full Tang Scharfe Survival Messer mit Holster (24c,1,amazon.de,Amazon,Meckenbeuren,Baden-W¨¹rttemberg,88074,MarketplaceFacilitator,-22.18,-4.21,0,0,0,0,0,0,4.21,2.74,0,0,0,-19.44,0,0
09.01.2026 16:55:54 UTC,26246931992,Erstattung,302-0605844-5694705,KP40-P,PURPLEBIRD Klappmesser aus rostfreiem Qualit?tsstahl mit Carbonfaser-Griff.Sicherheitsverriegelung.Rutschfester Griff.Flach & kompakt f¨¹r Camping &,1,amazon.de,Amazon,Warthausen,,88447,MarketplaceFacilitator,-14.11,-2.68,0,0,0,0,0,0,2.68,1.74,0,0,0,-12.37,0,0
09.01.2026 18:12:34 UTC,26246931992,Bestellung,303-1112698-4635520,GK02,PURPLE BIRD GK02 Gefl¨¹gelschere K¨¹chenschere Profi. 4mm Edelstahl Knochenschere mit Sicherheitsschloss & Federbelastung. 103¡ã Schneidwinkel f¨¹r Fl,1,amazon.de,Amazon,R?srath,,51503,MarketplaceFacilitator,22.68,4.31,0,0,0,0,0,0,-4.31,-4.05,-3.04,0,0,15.59,0,0
09.01.2026 19:17:22 UTC,26246931992,Bestellung,303-8673954-2715562,CZ003-Wood,PURPLEBIRD Burgerpresse. 10.8cm Aluguss Burger Pattie Presse mit Antihaft. 3 Stufen der Dicke einstellbar. Professioneller Hamburgerpresse mit Holzgri,1,amazon.de,Amazon,M¨¹nchen,,80995,MarketplaceFacilitator,19.99,3.8,0,0,0,0,0,0,-3.8,-3.57,-3.84,0,0,12.58,0,0
09.01.2026 19:39:53 UTC,26246931992,Bestellung,306-7802158-1532364,BBQS-ZNO,PURPLEBIRD Premium Grillzubeh?r Set aus Edelstahl - 6-teilig mit 3-in-1 Spatel. Gabel. Zange. B¨¹rste. Saucenpinsel & Tragetasche f¨¹r perfektes BBQ.,1,amazon.de,Amazon,Haldensleben,,39340,MarketplaceFacilitator,22.69,4.31,0,0,0,0,0,0,-4.31,-4.05,-5.27,0,0,13.37,0,0
09.01.2026 19:48:08 UTC,26246931992,Bestellung,306-6467654-4191555,HS-Black-Set,PURPLEBIRD Friseurscheren Profi. Haarschere Friseurschere Set aus Edelstahl Haarschneideschere und Effilierschere f¨¹r Barbier/Friseur/Anf?nger 10 St,1,amazon.de,Amazon,Berlin,,13583,MarketplaceFacilitator,21.42,4.07,0,0,0,0,0,0,-4.07,-3.82,-2.78,0,0,14.82,0,0
09.01.2026 19:51:29 UTC,26246931992,Bestellung,302-0605844-5694705,KP40-P,PURPLEBIRD Klappmesser aus rostfreiem Qualit?tsstahl mit Carbonfaser-Griff.Sicherheitsverriegelung.Rutschfester Griff.Flach & kompakt f¨¹r Camping &,1,amazon.de,Amazon,Warthausen,,88447,MarketplaceFacilitator,14.11,2.68,0,0,0,0,0,0,-2.68,-2.18,-3.04,0,0,8.89,0,0
09.01.2026 20:25:45 UTC,26246931992,Bestellung,305-9844949-1014732,CZ002-SetA,PURPLEBIRD Burger-Set (3-TLG.) aus Edelstahl inkl. Burgerpresse. 2 Grillspachtels. Burger Spachtel Set mit Gro? Grillwender und Burger Smasher aus Ed,1,amazon.de,Amazon,Hall in Tirol,,6060,,24.19,0,0.36,0,0,0,-0.36,0,0,-4.32,-4.49,0,0,15.38,0,0
09.01.2026 20:26:07 UTC,26246931992,Bestellung,305-2485183-2401942,GK02,PURPLE BIRD GK02 Gefl¨¹gelschere K¨¹chenschere Profi. 4mm Edelstahl Knochenschere mit Sicherheitsschloss & Federbelastung. 103¡ã Schneidwinkel f¨¹r Fl,1,amazon.de,Amazon,WOLFEN,Sachsen-Anhalt,06766,MarketplaceFacilitator,21,3.99,3.35,0.64,0,0,0,0,-4.63,-3.75,-6.39,0,0,14.21,0,0
09.01.2026 20:57:03 UTC,26246931992,Bestellung,305-6726008-1397961,PB-OK-02,PURPLEBIRD Survival Messer Feststehende Klinge Scharfes G¨¹rtelmesser mit Lederscheide. Camping Messer Outdoor Geschenk f¨¹r Mann und Sammlung,1,amazon.de,Amazon,Bielefeld,,33739,MarketplaceFacilitator,38.65,7.34,0,0,0,0,0,0,-7.34,-5.98,-5.27,0,0,27.4,0,0
09.01.2026 21:54:21 UTC,26246931992,Bestellung,028-8397907-2712356,GK02,PURPLE BIRD GK02 Gefl¨¹gelschere K¨¹chenschere Profi. 4mm Edelstahl Knochenschere mit Sicherheitsschloss & Federbelastung. 103¡ã Schneidwinkel f¨¹r Fl,1,amazon.de,Amazon,Friedland,,37133,MarketplaceFacilitator,22.68,4.31,0,0,0,0,0,0,-4.31,-4.05,-3.04,0,0,15.59,0,0
09.01.2026 22:03:21 UTC,26246931992,Bestellung,304-7153612-5933936,CZ007-Burgerpresse,PURPLEBIRD Schwerlast Burger Smasher Gusseisen (?17.7cm) | 1kg Profi-Grillgewicht f¨¹r gleichm??ige Br?unung | Smash Burger Presse f¨¹r Gasgrill.,1,amazon.de,Amazon,Hannover,,30449,MarketplaceFacilitator,13.57,2.58,0,0,0,0,0,0,-2.58,-2.42,-4.49,0,0,6.66,0,0
09.01.2026 22:25:52 UTC,26246931992,Bestellung,306-1520510-6346763,BBQW-ZNO,PURPLEBIRD 31-teiliges Edelstahl Grillzubeh?r Set - Premium BBQ Grillbesteck f¨¹r M?nner & Frauen mit Tragetasche. Grillmatte Garten. Camping & Gebu,1,amazon.de,Amazon,Sch?nebeck (Elbe),Sachsen-Anhalt,39218,MarketplaceFacilitator,33.61,6.38,0,0,0,0,0,0,-6.38,-6,-5.2,0,0,22.41,0,0
09.01.2026 22:43:55 UTC,26246931992,Bestellung,302-3302677-4521125,CZ008-Brush,PURPLEBIRD BBQ-Grillb¨¹rste 3 in 1 f¨¹r Gussrost. Edelstahl. lange Holzgriff. Ersatzb¨¹rste,1,amazon.de,Amazon,Schmitten,,61389,MarketplaceFacilitator,20.16,3.83,0,0,0,0,0,0,-3.83,-3.12,-4.08,0,0,12.96,0,0
09.01.2026 22:54:05 UTC,26246931992,Bestellung,028-0409278-9025943,HWD02-ZNO,PURPLEBIRD Outdoor Messer. Jagdmesser Feststehende Klinge. 440C Edelstahl Bushcraft Camping Messer. Full Tang Scharfe Survival Messer mit Holster (24c,1,amazon.de,Amazon,Dortmund,NRW,44319,MarketplaceFacilitator,22.18,4.21,0,0,0,0,0,0,-4.21,-3.43,-3.04,0,0,15.71,0,0
09.01.2026 23:02:11 UTC,26246931992,Bestellung,028-4152905-6007527,HWD02-ZNO,PURPLEBIRD Outdoor Messer. Jagdmesser Feststehende Klinge. 440C Edelstahl Bushcraft Camping Messer. Full Tang Scharfe Survival Messer mit Holster (24c,1,amazon.de,Amazon,Griesingen,Baden-W¨¹rttemberg,89608,MarketplaceFacilitator,22.18,4.21,0,0,0,0,0,0,-4.21,-3.43,-3.04,0,0,15.71,0,0
09.01.2026 23:29:18 UTC,26246931992,Bestellung,304-1624835-4711522,Camp-G,PURPLEBIRD Camping-Besteck Set Golden - 10-teiliges Geschirr Set f¨¹r 2 Personen bei Picknick & Reisen Tragbares Edelstahl Geschirr Set Mit Etui Deal,1,amazon.de,Amazon,Peine,,31226,MarketplaceFacilitator,30.25,5.75,0,0,0,0,-15.13,-2.87,-2.88,-2.7,-4.08,0,0,8.34,0,0
09.01.2026 23:43:45 UTC,26246931992,Bestellung,302-8784763-7680315,CZ002-XXL,PURPLEBIRD Grillspachtel Set aus Edelstahl. Plancha Spachtels Set mit Gro? Grillwender f¨¹r Smash Burger. Grill Geschenke f¨¹r M?nner,1,amazon.de,Amazon,Hayingen,Baden-W¨¹rttemberg,72534,MarketplaceFacilitator,17.24,3.27,0,0,0,0,0,0,-3.27,-3.08,-4.08,0,0,10.08,0,0
09.01.2026 23:50:53 UTC,26246931992,Bestellung,028-2810347-5981921,KF015-Chudao,PURPLEBIRD Geschmiedetes Kochmesser. Profi-K¨¹chenmesser. Fleischermesser mit Holzgriff. Scharfes K¨¹chenmesser. Full Tang Grillmesser f¨¹r K¨¹che Cam,1,amazon.de,Amazon,Kiel,,24113,MarketplaceFacilitator,30.25,5.75,0,0,0,0,0,0,-5.75,-5.4,-4.08,0,0,20.77,0,0
09.01.2026 23:52:39 UTC,26246931992,Bestellung,304-8344699-8933931,CZ002-XXL,PURPLEBIRD Grillspachtel Set aus Edelstahl. Plancha Spachtels Set mit Gro? Grillwender f¨¹r Smash Burger. Grill Geschenke f¨¹r M?nner,1,amazon.de,Amazon,Steinen,,79585,MarketplaceFacilitator,17.24,3.27,0,0,0,0,0,0,-3.27,-3.08,-4.08,0,0,10.08,0,0
10.01.2026 00:09:28 UTC,26246931992,Bestellung,303-4472627-5900338,CZ002-XXL,PURPLEBIRD Grillspachtel Set aus Edelstahl. Plancha Spachtels Set mit Gro? Grillwender f¨¹r Smash Burger. Grill Geschenke f¨¹r M?nner,1,amazon.de,Amazon,Moormerland,,26802,MarketplaceFacilitator,17.24,3.27,0,0,0,0,0,0,-3.27,-3.08,-4.08,0,0,10.08,0,0
10.01.2026 00:20:16 UTC,26246931992,Bestellung,028-3072782-2661141,HWD02-ZNO,PURPLEBIRD Outdoor Messer. Jagdmesser Feststehende Klinge. 440C Edelstahl Bushcraft Camping Messer. Full Tang Scharfe Survival Messer mit Holster (24c,1,amazon.de,Amazon,Eberswalde,,16225,MarketplaceFacilitator,22.18,4.21,0,0,0,0,0,0,-4.21,-3.43,-3.04,0,0,15.71,0,0
10.01.2026 03:07:43 UTC,26246931992,Liquidationen,83104580956552,X0017R6ALV,PURPLEBIRD Haarschere Friseurschere 6 Inch Effilierschere Scharfe Haarschneideschere Japanischer Edelstahl 440C f¨¹r Damen und Herren Haarschere mit kugelgelagertem Spannsystem,1,,,,,,,1.5,0,0,0,0,0,0,0,0,0,0,-0.57,0,0.93,0,0
10.01.2026 07:14:07 UTC,26246931992,Bestellung,S02-8793267-7709558,GK02,PURPLE BIRD GK02 Gefl¨¹gelschere K¨¹chenschere Profi. 4mm Edelstahl Knochenschere mit Sicherheitsschloss & Federbelastung. 103¡ã Schneidwinkel f¨¹r Fleisch. Gem¨¹se und Knochen. Rutschfester Griff,1,si-prod-marketplace-de.stores.amazon.de,Amazon,Neuwied,Rheinland-Pfalz,56566,,0,0,0,0,0,0,0,0,0,0,-5.55,0,0,-5.55,0,0
10.01.2026 14:23:50 UTC,26246931992,Bestellung,306-2927556-6778729,CZ002-XXL,PURPLEBIRD Grillspachtel Set aus Edelstahl. Plancha Spachtels Set mit Gro? Grillwender f¨¹r Smash Burger. Grill Geschenke f¨¹r M?nner,1,amazon.de,Amazon,Wiesent,,93109,MarketplaceFacilitator,17.24,3.27,0,0,0,0,0,0,-3.27,-3.08,-4.08,0,0,10.08,0,0
10.01.2026 15:22:55 UTC,26246931992,Bestellung,028-9595060-2660325,CZ002-XXL,PURPLEBIRD Grillspachtel Set aus Edelstahl. Plancha Spachtels Set mit Gro? Grillwender f¨¹r Smash Burger. Grill Geschenke f¨¹r M?nner,1,amazon.de,Amazon,Bodensdorf,K?rnten,9551,MarketplaceFacilitator,17.24,3.45,0,0,0,0,0,0,-3.45,-3.08,-4.08,0,0,10.08,0,0
10.01.2026 15:57:35 UTC,26246931992,Bestellung,S02-4697736-5115961,KF015-Fish6,PURPLEBIRD Filetiermesser f¨¹r Fisch 15 CM mit Scheide. 440C Edelstahl Fischmesser zum Schneiden von Fleisch mit Holzgriff. Filetiermesser Fisch K¨¹che & Outdoor zum Fischen. Grillen f¨¹r M?nner,1,si-prod-marketplace-de.stores.amazon.de,Amazon,Sehnde,Niedersachsen,31319,,0,0,0,0,0,0,0,0,0,0,-5.55,0,0,-5.55,0,0
10.01.2026 16:44:47 UTC,26246931992,Bestellung,028-3104970-5313118,GK02,PURPLE BIRD GK02 Gefl¨¹gelschere K¨¹chenschere Profi. 4mm Edelstahl Knochenschere mit Sicherheitsschloss & Federbelastung. 103¡ã Schneidwinkel f¨¹r Fl,1,amazon.de,Amazon,Kobrow,,19406,MarketplaceFacilitator,22.68,4.31,3.35,0.64,0,0,0,0,-4.95,-4.05,-6.39,0,0,15.59,0,0
10.01.2026 19:21:13 UTC,26246931992,Servicegeb¨¹hr,,,Werbekosten,,,,,,,,0,0,0,0,0,0,0,0,0,0,0,-506.27,0,-506.27,0,0
10.01.2026 20:26:12 UTC,26246931992,Bestellung,302-5893804-0402752,HWD02-ZNO,PURPLEBIRD Outdoor Messer. Jagdmesser Feststehende Klinge. 440C Edelstahl Bushcraft Camping Messer. Full Tang Scharfe Survival Messer mit Holster (24c,1,amazon.de,Amazon,Volkmarsen,,34471,MarketplaceFacilitator,22.18,4.21,0,0,0,0,0,0,-4.21,-3.43,-3.04,0,0,15.71,0,0
10.01.2026 21:19:06 UTC,26246931992,Bestellung,306-2163468-7257114,PB-OK-02,PURPLEBIRD Outdoor Messer. Machete Scharf Echt mit 6MM Klingenr¨¹cken. Full Tang Bowiemesser mit Scheide. f¨¹r Wandern & Bushcraft. Geschenke f¨¹r M?,1,amazon.de,Amazon,F¨¹rth,,90765,MarketplaceFacilitator,32.85,6.24,0,0,0,0,0,0,-6.24,-5.08,-5.27,0,0,22.5,0,0
10.01.2026 21:19:34 UTC,26246931992,Bestellung,302-7655516-0869158,CZ002-XXL,PURPLEBIRD Grillspachtel Set aus Edelstahl. Plancha Spachtels Set mit Gro? Grillwender f¨¹r Smash Burger. Grill Geschenke f¨¹r M?nner,1,amazon.de,Amazon,Bad Schwartau,,23611,MarketplaceFacilitator,17.24,3.27,0,0,0,0,0,0,-3.27,-3.08,-4.08,0,0,10.08,0,0
10.01.2026 21:32:36 UTC,26246931992,Bestellung,306-1754250-7211500,HS-KidRedStraight,PURPLEBIRD Haarschere Friseurschere 6-Zoll Edelstahl Sichere Runde Tipps Haarschneideschere Extra Professionelle Haarschnitt Schere f¨¹r Kinder. Perfe,1,amazon.de,Amazon,D¨¹sseldorf,,40489,MarketplaceFacilitator,18.48,3.51,0,0,0,0,0,0,-3.51,-3.3,-3.95,0,0,11.23,0,0
10.01.2026 21:35:55 UTC,26246931992,Bestellung,303-3680092-0469908,BBQW-ZNO,PURPLEBIRD 31-teiliges Edelstahl Grillzubeh?r Set - Premium BBQ Grillbesteck f¨¹r M?nner & Frauen mit Tragetasche. Grillmatte Garten. Camping & Gebu,1,amazon.de,Amazon,M¨¹nchen,,81369,MarketplaceFacilitator,33.61,6.38,0,0,2.51,0.48,0,0,-6.86,-6,-7.71,0,0,22.41,0,0
10.01.2026 21:50:03 UTC,26246931992,Bestellung,306-6796296-1145165,CZ002-XXL,PURPLEBIRD Grillspachtel Set aus Edelstahl. Plancha Spachtels Set mit Gro? Grillwender f¨¹r Smash Burger. Grill Geschenke f¨¹r M?nner,1,amazon.de,Amazon,Neufelden,,4120,MarketplaceFacilitator,17.24,3.45,0,0,0,0,0,0,-3.45,-3.08,-4.08,0,0,10.08,0,0
10.01.2026 21:50:47 UTC,26246931992,Bestellung,305-4837997-4219534,GK02,PURPLE BIRD GK02 Gefl¨¹gelschere K¨¹chenschere Profi. 4mm Edelstahl Knochenschere mit Sicherheitsschloss & Federbelastung. 103¡ã Schneidwinkel f¨¹r Fl,1,amazon.de,Amazon,Wien,,1120,MarketplaceFacilitator,22.68,4.54,3.32,0.67,0,0,0,0,-5.21,-4.05,-6.39,0,0,15.56,0,0
10.01.2026 22:04:18 UTC,26246931992,Bestellung,305-9153758-8888363,GK02,PURPLE BIRD GK02 Gefl¨¹gelschere K¨¹chenschere Profi. 4mm Edelstahl Knochenschere mit Sicherheitsschloss & Federbelastung. 103¡ã Schneidwinkel f¨¹r Fl,1,amazon.de,Amazon,Torgau,Sachsen,04860,MarketplaceFacilitator,22.68,4.31,0,0,0,0,0,0,-4.31,-4.05,-3.04,0,0,15.59,0,0
10.01.2026 22:08:39 UTC,26246931992,Bestellung,305-5253272-8306745,GK02,PURPLE BIRD GK02 Gefl¨¹gelschere K¨¹chenschere Profi. 4mm Edelstahl Knochenschere mit Sicherheitsschloss & Federbelastung. 103¡ã Schneidwinkel f¨¹r Fl,1,amazon.de,Amazon,Ingelheim Am Rhein,,55218,MarketplaceFacilitator,22.68,4.31,0,0,0,0,0,0,-4.31,-4.05,-3.04,0,0,15.59,0,0
10.01.2026 22:14:15 UTC,26246931992,Bestellung,028-2015597-3953956,CZ002-XXL,PURPLEBIRD Grillspachtel Set aus Edelstahl. Plancha Spachtels Set mit Gro? Grillwender f¨¹r Smash Burger. Grill Geschenke f¨¹r M?nner,1,amazon.de,Amazon,Passau,,94032,MarketplaceFacilitator,17.24,3.27,0,0,0,0,0,0,-3.27,-3.08,-4.08,0,0,10.08,0,0
10.01.2026 22:37:07 UTC,26246931992,Bestellung,302-4879179-3412320,GK02,PURPLE BIRD GK02 Gefl¨¹gelschere K¨¹chenschere Profi. 4mm Edelstahl Knochenschere mit Sicherheitsschloss & Federbelastung. 103¡ã Schneidwinkel f¨¹r Fl,1,amazon.de,Amazon,Zeitz,Deutschland,06712,MarketplaceFacilitator,22.68,4.31,0,0,0,0,0,0,-4.31,-4.05,-3.04,0,0,15.59,0,0
10.01.2026 22:51:01 UTC,26246931992,Erstattung,306-6796296-1145165,CZ002-XXL,PURPLEBIRD Grillspachtel Set aus Edelstahl. Plancha Spachtels Set mit Gro? Grillwender f¨¹r Smash Burger. Grill Geschenke f¨¹r M?nner,1,amazon.de,Amazon,Neufelden,,4120,MarketplaceFacilitator,-17.24,-3.45,0,0,0,0,0,0,3.45,2.46,0,0,0,-14.78,0,0
10.01.2026 22:58:21 UTC,26246931992,Bestellung,304-1847750-8642717,GK02,PURPLE BIRD GK02 Gefl¨¹gelschere K¨¹chenschere Profi. 4mm Edelstahl Knochenschere mit Sicherheitsschloss & Federbelastung. 103¡ã Schneidwinkel f¨¹r Fl,1,amazon.de,Amazon,LUETZEN,,06686,MarketplaceFacilitator,22.68,4.31,0,0,0,0,0,0,-4.31,-4.05,-3.04,0,0,15.59,0,0
10.01.2026 23:01:40 UTC,26246931992,Bestellung,304-9798197-3117141,GK02,PURPLE BIRD GK02 Gefl¨¹gelschere K¨¹chenschere Profi. 4mm Edelstahl Knochenschere mit Sicherheitsschloss & Federbelastung. 103¡ã Schneidwinkel f¨¹r Fl,1,amazon.de,Amazon,Holzkirchen,,83607,MarketplaceFacilitator,22.68,4.31,0,0,0,0,0,0,-4.31,-4.05,-3.04,0,0,15.59,0,0
10.01.2026 23:13:25 UTC,26246931992,Bestellung,304-5905378-5770745,HWD02-ZNO,PURPLEBIRD Outdoor Messer. Jagdmesser Feststehende Klinge. 440C Edelstahl Bushcraft Camping Messer. Full Tang Scharfe Survival Messer mit Holster (24c,1,amazon.de,Amazon,Freiburg (elbe),,21729,MarketplaceFacilitator,22.18,4.21,0.21,0.04,0,0,-0.21,-0.04,-4.21,-3.43,-3.04,0,0,15.71,0,0
10.01.2026 23:22:32 UTC,26246931992,Bestellung,304-1855717-1771546,CZ002-XXL,PURPLEBIRD Grillspachtel Set aus Edelstahl. Plancha Spachtels Set mit Gro? Grillwender f¨¹r Smash Burger. Grill Geschenke f¨¹r M?nner,1,amazon.de,Amazon,Penzberg,,82377,MarketplaceFacilitator,17.24,3.27,0,0,0,0,0,0,-3.27,-3.08,-4.08,0,0,10.08,0,0
10.01.2026 23:24:05 UTC,26246931992,Bestellung,304-0101804-4845935,GK02,PURPLE BIRD GK02 Gefl¨¹gelschere K¨¹chenschere Profi. 4mm Edelstahl Knochenschere mit Sicherheitsschloss & Federbelastung. 103¡ã Schneidwinkel f¨¹r Fl,1,amazon.de,Amazon,Burgst?dt,,09217,MarketplaceFacilitator,22.68,4.31,3.35,0.64,0,0,0,0,-4.95,-4.05,-6.39,0,0,15.59,0,0
10.01.2026 23:27:47 UTC,26246931992,Bestellung,305-1116768-2888321,GK02,PURPLE BIRD GK02 Gefl¨¹gelschere K¨¹chenschere Profi. 4mm Edelstahl Knochenschere mit Sicherheitsschloss & Federbelastung. 103¡ã Schneidwinkel f¨¹r Fl,1,amazon.de,Amazon,Matzlow-garwitz,,19372,MarketplaceFacilitator,22.68,4.31,0,0,0,0,0,0,-4.31,-4.05,-3.04,0,0,15.59,0,0
11.01.2026 00:02:13 UTC,26246931992,Bestellung,028-6031220-3443518,GK02,PURPLE BIRD GK02 Gefl¨¹gelschere K¨¹chenschere Profi. 4mm Edelstahl Knochenschere mit Sicherheitsschloss & Federbelastung. 103¡ã Schneidwinkel f¨¹r Fl,1,amazon.de,Amazon,Bremerhaven,,27578,MarketplaceFacilitator,22.68,4.31,0,0,0,0,0,0,-4.31,-4.05,-3.04,0,0,15.59,0,0
11.01.2026 00:03:49 UTC,26246931992,Bestellung,305-7009110-2281917,BBQW-ZNO,PURPLEBIRD 31-teiliges Edelstahl Grillzubeh?r Set - Premium BBQ Grillbesteck f¨¹r M?nner & Frauen mit Tragetasche. Grillmatte Garten. Camping & Gebu,1,amazon.de,Amazon,G¨¹hlen Glienicke,Brandenburg,16818,MarketplaceFacilitator,33.61,6.38,0,0,0,0,0,0,-6.38,-6,-5.2,0,0,22.41,0,0
11.01.2026 00:15:09 UTC,26246931992,Bestellung,302-9107737-8044324,GK02,PURPLE BIRD GK02 Gefl¨¹gelschere K¨¹chenschere Profi. 4mm Edelstahl Knochenschere mit Sicherheitsschloss & Federbelastung. 103¡ã Schneidwinkel f¨¹r Fl,1,amazon.de,Amazon,Ebensee,,4802,MarketplaceFacilitator,22.68,4.54,0,0,0,0,0,0,-4.54,-4.05,-3.04,0,0,15.59,0,0
11.01.2026 04:32:34 UTC,26246931992,Geb¨¹hren von Amazon,fb68d0c5-4e79-48b0-9f0c-74c4b30b12f8,,Coupon-Teilnahmegeb¨¹hr,,Amazon.de,,,,,,0,0,0,0,0,0,0,0,0,-4,0,0,0,-4,0,0
11.01.2026 05:24:28 UTC,26246931992,Geb¨¹hren von Amazon,fb68d0c5-4e79-48b0-9f0c-74c4b30b12f8,,Leistungsbasierte Coupon-Geb¨¹hr,,Amazon.de,,,,,,0,0,0,0,0,0,0,0,0,-0.27,0,0,0,-0.27,0,0
11.01.2026 21:05:59 UTC,26246931992,Bestellung,302-6267931-0040320,HWD02-ZNO,PURPLEBIRD Outdoor Messer. Jagdmesser Feststehende Klinge. 440C Edelstahl Bushcraft Camping Messer. Full Tang Scharfe Survival Messer mit Holster (24c,2,amazon.de,Amazon,Nuernberg,Bayern,90478,MarketplaceFacilitator,44.36,8.42,0,0,0,0,0,0,-8.42,-6.86,-6.08,0,0,31.42,0,0
12.01.2026 04:28:31 UTC,26246931992,Bestellung,305-9106175-0941932,XS04-Fang,PURPLEBIRD Jagdmesser Feststehende Klinge Messer Outdoor Bushcraft Survival Messer mit G10 Griff Kydex Holster Full Tang Camping Messer,1,amazon.de,Amazon,Bruchsal,,76646,MarketplaceFacilitator,33.61,6.38,0,0,0,0,0,0,-6.38,-5.2,-3.04,0,0,25.37,0,0
12.01.2026 06:07:54 UTC,26246931992,Bestellung,028-8257911-4970716,GK02,PURPLE BIRD GK02 Gefl¨¹gelschere K¨¹chenschere Profi. 4mm Edelstahl Knochenschere mit Sicherheitsschloss & Federbelastung. 103¡ã Schneidwinkel f¨¹r Fl,1,amazon.de,Amazon,Grimma OT Bahren,Sachsen,04668,MarketplaceFacilitator,17.85,3.39,0,0,0,0,0,0,-3.39,-3.19,-3.04,0,0,11.62,0,0
12.01.2026 06:22:34 UTC,26246931992,Bestellung,305-5612920-3313126,PB-OK-02,PURPLEBIRD Survival Messer Feststehende Klinge Scharfes G¨¹rtelmesser mit Lederscheide. Camping Messer Outdoor Geschenk f¨¹r Mann und Sammlung,1,amazon.de,Amazon,Leitzkau,,39279,MarketplaceFacilitator,38.65,7.34,0,0,0,0,0,0,-7.34,-5.98,-5.27,0,0,27.4,0,0
12.01.2026 06:42:57 UTC,26246931992,Bestellung,303-2284023-1837931,XS02-Longgu,PURPLEBIRD Klappmesser Taschenmesser. Survival Outdoor Messer mit Coolem Aussehen. Geschenke f¨¹r M?nner,1,amazon.de,Amazon,Berlin,,12437,MarketplaceFacilitator,17.64,3.35,0,0,0,0,0,0,-3.35,-2.73,-3.04,0,0,11.87,0,0
12.01.2026 07:15:50 UTC,26246931992,Bestellung,306-2577814-3399561,GK02,PURPLE BIRD GK02 Gefl¨¹gelschere K¨¹chenschere Profi. 4mm Edelstahl Knochenschere mit Sicherheitsschloss & Federbelastung. 103¡ã Schneidwinkel f¨¹r Fl,1,amazon.de,Amazon,Tiefenbronn,Baden-W¨¹rttemberg,75233,MarketplaceFacilitator,22.68,4.31,3.35,0.64,0,0,0,0,-4.95,-4.05,-6.39,0,0,15.59,0,0
12.01.2026 07:24:16 UTC,26246931992,Bestellung,028-3251574-4766744,CZ002-XXL,PURPLEBIRD Grillspachtel Set aus Edelstahl. Plancha Spachtels Set mit Gro? Grillwender f¨¹r Smash Burger. Grill Geschenke f¨¹r M?nner,2,amazon.de,Amazon,Hartenstein,,08118,MarketplaceFacilitator,34.48,6.54,0,0,0,0,0,0,-6.54,-6.16,-8.16,0,0,20.16,0,0
12.01.2026 08:47:56 UTC,26246931992,Bestellung,305-6942024-5273951,KF001-Wing2,PURPLEBIRD Handgeschmiedetes Kochmesser mit Lederh¨¹lle. Scharfes Ausbeinmesser mit Holzgriff Outdoor Messer. K¨¹chenmesser aus Kohlenstoffstahl,1,amazon.de,Amazon,Westerburg,,56457,MarketplaceFacilitator,33.61,6.38,0,0,0,0,0,0,-6.38,-6,-4.08,0,0,23.53,0,0
12.01.2026 08:54:56 UTC,26246931992,Bestellung,306-4317503-2736357,HS03-Silver-Straight,PURPLEBIRD Haarschere Friseurschere 6 Inch Effilierschere Scharfe Haarschneideschere Japanischer Edelstahl 440C f¨¹r Damen und Herren Haarschere,1,amazon.de,Amazon,Magdeburg,,39118,MarketplaceFacilitator,21,3.99,0,0,0,0,0,0,-3.99,-3.75,-2.57,0,0,14.68,0,0
12.01.2026 09:01:09 UTC,26246931992,Bestellung,305-6942024-5273951,KF001-Wing,PURPLEBIRD Geschmiedetes Messer Scharfes Ausbeinmesser mit Holzgriff. Kochmesser mit Lederh¨¹lle Outdoor Messer,1,amazon.de,Amazon,Westerburg,,56457,MarketplaceFacilitator,32.76,6.23,0,0,0,0,0,0,-6.23,-5.85,-3.82,0,0,23.09,0,0
12.01.2026 12:00:58 UTC,26246931992,Bestellung,028-2861330-3076324,CZ002-XXL,PURPLEBIRD Grillspachtel Set aus Edelstahl. Plancha Spachtels Set mit Gro? Grillwender f¨¹r Smash Burger. Grill Geschenke f¨¹r M?nner,1,amazon.de,Amazon,Kleinm¨¹rbisch,,7540,MarketplaceFacilitator,17.24,3.45,0,0,0,0,0,0,-3.45,-3.08,-4.08,0,0,10.08,0,0
12.01.2026 13:13:13 UTC,26246931992,Bestellung,304-6947867-8641121,GK02,PURPLE BIRD GK02 Gefl¨¹gelschere K¨¹chenschere Profi. 4mm Edelstahl Knochenschere mit Sicherheitsschloss & Federbelastung. 103¡ã Schneidwinkel f¨¹r Fl,1,amazon.de,Amazon,Chemnitz,Sachsen,09126,MarketplaceFacilitator,22.68,4.31,0,0,0,0,0,0,-4.31,-4.05,-3.04,0,0,15.59,0,0
12.01.2026 16:27:39 UTC,26246931992,Bestellung,306-8218454-7553102,HWD02-ZNO,PURPLEBIRD Outdoor Messer. Jagdmesser Feststehende Klinge. 440C Edelstahl Bushcraft Camping Messer. Full Tang Scharfe Survival Messer mit Holster (24c,2,amazon.de,Amazon,Lahnstein,,56112,MarketplaceFacilitator,44.36,8.42,0,0,0,0,0,0,-8.42,-6.86,-6.08,0,0,31.42,0,0
12.01.2026 17:19:28 UTC,26246931992,Bestellung,305-5205381-0717154,HWD02-ZNO,PURPLEBIRD Outdoor Messer. Jagdmesser Feststehende Klinge. 440C Edelstahl Bushcraft Camping Messer. Full Tang Scharfe Survival Messer mit Holster (24c,1,amazon.de,Amazon,Rendsburg,Schleswig Holstein,24768,MarketplaceFacilitator,22.18,4.21,0,0,0,0,0,0,-4.21,-3.43,-3.04,0,0,15.71,0,0
12.01.2026 17:22:53 UTC,26246931992,Bestellung,305-0629092-1621102,HWD02-ZNO,PURPLEBIRD Outdoor Messer. Jagdmesser Feststehende Klinge. 440C Edelstahl Bushcraft Camping Messer. Full Tang Scharfe Survival Messer mit Holster (24c,1,amazon.de,Amazon,D?tlingen,,27801,MarketplaceFacilitator,22.18,4.21,0,0,0,0,0,0,-4.21,-3.43,-3.04,0,0,15.71,0,0
12.01.2026 18:11:28 UTC,26246931992,Bestellung,306-4644638-4981950,HS02-StripingBlack-Straight,Profi Haarschere Friseurschere Haarschneideschere aus Rostfreiem Stahl im Japanischen Stil Geeignet f¨¹r Kinder. Frauen und M?nner Extra Scharfe Haar,1,amazon.de,Amazon,Salzburg,Salzburg,5020,MarketplaceFacilitator,21.42,4.28,1.66,0.33,0,0,-1.66,-0.33,-4.28,-3.82,-2.57,0,0,15.03,0,0
12.01.2026 18:55:50 UTC,26246931992,Bestellung,305-2592741-4556319,KP40-P,PURPLEBIRD Klappmesser aus rostfreiem Qualit?tsstahl mit Carbonfaser-Griff.Sicherheitsverriegelung.Rutschfester Griff.Flach & kompakt f¨¹r Camping &,1,amazon.de,Amazon,Trebur,,65468,MarketplaceFacilitator,14.11,2.68,0,0,0,0,0,0,-2.68,-2.18,-3.04,0,0,8.89,0,0
12.01.2026 19:06:04 UTC,26246931992,Bestellung,302-6251045-3968329,HWD02-ZNO,PURPLEBIRD Outdoor Messer. Jagdmesser Feststehende Klinge. 440C Edelstahl Bushcraft Camping Messer. Full Tang Scharfe Survival Messer mit Holster (24c,1,amazon.de,Amazon,Waldkirch,,79183,MarketplaceFacilitator,22.18,4.21,0,0,0,0,0,0,-4.21,-3.43,-3.04,0,0,15.71,0,0
12.01.2026 19:15:43 UTC,26246931992,Bestellung,306-4442157-3757105,OMFK-B01,PURPLEBIRD Schwarzes Camping Messer aus Kohlenstoffstahl. Hohe H?rte und Sch?rfe. Outdoor Messer mit Messerscheide aus Ebenholz f¨¹r die Jagd. Wande,1,amazon.de,Amazon,ESSEN,,45145,MarketplaceFacilitator,28.56,5.43,4.19,0.8,0,0,-4.19,-0.8,-5.43,-4.42,-3.04,0,0,21.1,0,0
12.01.2026 20:15:03 UTC,26246931992,Bestellung,306-9044128-9712325,HS02-StripingBlack-Straight,Profi Haarschere Friseurschere Haarschneideschere aus Rostfreiem Stahl im Japanischen Stil Geeignet f¨¹r Kinder. Frauen und M?nner Extra Scharfe Haar,1,amazon.de,Amazon,Salzburg,Salzburg,5020,MarketplaceFacilitator,21.42,4.28,1.66,0.33,0,0,-1.66,-0.33,-4.28,-3.82,-2.57,0,0,15.03,0,0
12.01.2026 20:33:46 UTC,26246931992,Bestellung,305-9278298-5629927,OMFK-B01,PURPLEBIRD Schwarzes Camping Messer aus Kohlenstoffstahl. Hohe H?rte und Sch?rfe. Outdoor Messer mit Messerscheide aus Ebenholz f¨¹r die Jagd. Wande,1,amazon.de,Amazon,Bad Saarow,Brandenburg,15526,MarketplaceFacilitator,28.56,5.43,0,0,0,0,0,0,-5.43,-4.42,-3.04,0,0,21.1,0,0
12.01.2026 20:42:06 UTC,26246931992,Bestellung,305-9557839-5301106,CZ002-SetA,PURPLEBIRD Burger-Set (3-TLG.) aus Edelstahl inkl. Burgerpresse. 2 Grillspachtels. Burger Spachtel Set mit Gro? Grillwender und Burger Smasher aus Ed,1,amazon.de,Amazon,Cleebronn,,74389,MarketplaceFacilitator,24.19,4.6,0,0,0,0,0,0,-4.6,-4.32,-4.75,0,0,15.12,0,0
12.01.2026 20:45:36 UTC,26246931992,Bestellung,303-3680770-7861135,CZ002-SetA,PURPLEBIRD Burger-Set (3-TLG.) aus Edelstahl inkl. Burgerpresse. 2 Grillspachtels. Burger Spachtel Set mit Gro? Grillwender und Burger Smasher aus Ed,1,amazon.de,Amazon,Hamburg,Hamburg,22393,MarketplaceFacilitator,24.19,4.6,0,0,0,0,0,0,-4.6,-4.32,-4.75,0,0,15.12,0,0
12.01.2026 20:50:03 UTC,26246931992,Bestellung,306-5674236-9613158,HS-Black-Set,PURPLEBIRD Friseurscheren Profi. Haarschere Friseurschere Set aus Edelstahl Haarschneideschere und Effilierschere f¨¹r Barbier/Friseur/Anf?nger 10 St,1,amazon.de,Amazon,Fu?g?nheim,,67136,MarketplaceFacilitator,25.2,4.79,0,0,0,0,0,0,-4.79,-4.5,-2.78,0,0,17.92,0,0
12.01.2026 20:50:25 UTC,26246931992,Bestellung,306-0444344-1507527,OMFK-B01,PURPLEBIRD Schwarzes Camping Messer aus Kohlenstoffstahl. Hohe H?rte und Sch?rfe. Outdoor Messer mit Messerscheide aus Ebenholz f¨¹r die Jagd. Wande,1,amazon.de,Amazon,Ebersdorf,Nieder?sterreich,3452,MarketplaceFacilitator,28.56,5.71,0,0,0,0,0,0,-5.71,-4.42,-3.04,0,0,21.1,0,0
12.01.2026 21:07:08 UTC,26246931992,Bestellung,306-1442684-1721124,KM30-G,PURPLEBIRD Klappmesser Taschenmesser. Survival Outdoor Messer mit Coolem Aussehen.Tolle Sammlung Geschenke f¨¹r M?nner (Gr¨¹n),1,amazon.de,Amazon,Wesel,,46483,MarketplaceFacilitator,14.99,2.85,1.04,0.2,0,0,-1.04,-0.2,-2.85,-2.32,-2.65,0,0,10.02,0,0
12.01.2026 21:19:34 UTC,26246931992,Bestellung,028-8233798-5309929,MT001-Silberner,PURPLEBIRD Multitool Werkzeug. 28 in 1 Multifunktionale Zange Geschenke f¨¹r M?nner. Faltbares Multifunktionswerkzeug mit 11 Bits und Gurtcliptasche.,1,amazon.de,Amazon,Lebach,,66822,MarketplaceFacilitator,33.61,6.38,0,0,0,0,0,0,-6.38,-5.2,-3.42,0,0,24.99,0,0
12.01.2026 21:27:46 UTC,26246931992,Bestellung,028-4586748-0369925,GK02,PURPLE BIRD GK02 Gefl¨¹gelschere K¨¹chenschere Profi. 4mm Edelstahl Knochenschere mit Sicherheitsschloss & Federbelastung. 103¡ã Schneidwinkel f¨¹r Fl,1,amazon.de,Amazon,Galenbeck,Mecklenburg-Vorpommern,17099,MarketplaceFacilitator,22.68,4.31,0,0,0,0,0,0,-4.31,-4.05,-3.04,0,0,15.59,0,0
12.01.2026 21:32:19 UTC,26246931992,Bestellung,028-2976289-6419562,CZ-Axt2,PURPLEBIRD Axt Beil mit Scheide 37.8cm Spaltaxt f¨¹r Holz Handgeschmiedet Handbeil mit Ergonomischer Holzgriff Survival Axt Camping Axt Outdoor Bushcr,1,amazon.de,Amazon,Wei?kirchen in Steiermark,,8742,MarketplaceFacilitator,16.8,3.36,0,0,0,0,0,0,-3.36,-3,-4.62,0,0,9.18,0,0
12.01.2026 21:51:38 UTC,26246931992,Bestellung,302-0925091-6105169,BBQW-ZNO,PURPLEBIRD 31-teiliges Edelstahl Grillzubeh?r Set - Premium BBQ Grillbesteck f¨¹r M?nner & Frauen mit Tragetasche. Grillmatte Garten. Camping & Gebu,1,amazon.de,Amazon,Grevenbroich,NRW,41516,MarketplaceFacilitator,33.61,6.38,0,0,0,0,0,0,-6.38,-6,-5.2,0,0,22.41,0,0
12.01.2026 21:54:53 UTC,26246931992,Bestellung,304-0051519-4053113,CZ-Axt2,PURPLEBIRD Axt Beil mit Scheide 37.8cm Spaltaxt f¨¹r Holz Handgeschmiedet Handbeil mit Ergonomischer Holzgriff Survival Axt Camping Axt Outdoor Bushcr,1,amazon.de,Amazon,Vogt,Baden-W¨¹rttemberg,88267,MarketplaceFacilitator,16.8,3.19,0,0,0,0,0,0,-3.19,-3,-4.62,0,0,9.18,0,0
12.01.2026 21:58:37 UTC,26246931992,Bestellung,303-6368708-0057156,CZ002-XXL,PURPLEBIRD Grillspachtel Set aus Edelstahl. Plancha Spachtels Set mit Gro? Grillwender f¨¹r Smash Burger. Grill Geschenke f¨¹r M?nner,1,amazon.de,Amazon,Luxembourg,Luxembourg,1724,MarketplaceFacilitator,17.24,2.93,2.98,0.51,0,0,0,0,-3.44,-3.08,-6.73,0,0,10.41,0,0
12.01.2026 22:02:02 UTC,26246931992,Bestellung,028-8289126-5280314,HS02-StripingBlack-Straight,Profi Haarschere Friseurschere Haarschneideschere aus Rostfreiem Stahl im Japanischen Stil Geeignet f¨¹r Kinder. Frauen und M?nner Extra Scharfe Haar,1,amazon.de,Amazon,Neustrelitz,,17235,MarketplaceFacilitator,21.42,4.07,0,0,0,0,0,0,-4.07,-3.82,-2.57,0,0,15.03,0,0
12.01.2026 22:29:18 UTC,26246931992,Bestellung,302-0736596-0257915,BBQW-ZNO,PURPLEBIRD 31-teiliges Edelstahl Grillzubeh?r Set - Premium BBQ Grillbesteck f¨¹r M?nner & Frauen mit Tragetasche. Grillmatte Garten. Camping & Gebu,1,amazon.de,Amazon,Stuttgart,,70188,MarketplaceFacilitator,33.61,6.38,0,0,0,0,0,0,-6.38,-6,-5.2,0,0,22.41,0,0
12.01.2026 22:30:42 UTC,26246931992,Bestellung,028-6293698-7845160,GK02,PURPLE BIRD GK02 Gefl¨¹gelschere K¨¹chenschere Profi. 4mm Edelstahl Knochenschere mit Sicherheitsschloss & Federbelastung. 103¡ã Schneidwinkel f¨¹r Fl,1,amazon.de,Amazon,Z¨¹rich,,80,MarketplaceFacilitator,22.68,1.84,6.47,0.52,0,0,0,0,-2.36,-4.05,-8.91,0,0,16.19,0,0
12.01.2026 22:34:16 UTC,26246931992,Bestellung,306-2038945-1453108,BBQW-ZNO,PURPLEBIRD 31-teiliges Edelstahl Grillzubeh?r Set - Premium BBQ Grillbesteck f¨¹r M?nner & Frauen mit Tragetasche. Grillmatte Garten. Camping & Gebu,1,amazon.de,Amazon,Jonsdorf,,02796,MarketplaceFacilitator,33.61,6.38,0,0,0,0,0,0,-6.38,-6,-5.2,0,0,22.41,0,0
12.01.2026 22:37:50 UTC,26246931992,Bestellung,306-7364164-8269915,XS04-Fang,PURPLEBIRD Jagdmesser Feststehende Klinge Messer Outdoor Bushcraft Survival Messer mit G10 Griff Kydex Holster Full Tang Camping Messer,1,amazon.de,Amazon,Am Gro?en Bruch,,39393,MarketplaceFacilitator,28.56,5.43,0,0,0,0,0,0,-5.43,-4.42,-3.04,0,0,21.1,0,0
12.01.2026 22:38:14 UTC,26246931992,Bestellung,302-8856952-9798748,HWD02-ZNO,PURPLEBIRD Outdoor Messer. Jagdmesser Feststehende Klinge. 440C Edelstahl Bushcraft Camping Messer. Full Tang Scharfe Survival Messer mit Holster (24c,1,amazon.de,Amazon,Bad T?lz,,83646,MarketplaceFacilitator,22.18,4.21,0,0,0,0,0,0,-4.21,-3.43,-3.04,0,0,15.71,0,0
12.01.2026 22:51:17 UTC,26246931992,Bestellung,306-6820028-6025950,CZ003-Wood,PURPLEBIRD Burgerpresse. 10.8cm Aluguss Burger Pattie Presse mit Antihaft. 3 Stufen der Dicke einstellbar. Professioneller Hamburgerpresse mit Holzgri,1,amazon.de,Amazon,Jever,Niedersachsen,26441,MarketplaceFacilitator,19.99,3.8,0.71,0.13,0,0,-0.71,-0.13,-3.8,-3.57,-3.84,0,0,12.58,0,0
12.01.2026 23:15:51 UTC,26246931992,Bestellung,302-6105882-5104353,GK02,PURPLE BIRD GK02 Gefl¨¹gelschere K¨¹chenschere Profi. 4mm Edelstahl Knochenschere mit Sicherheitsschloss & Federbelastung. 103¡ã Schneidwinkel f¨¹r Fl,1,amazon.de,Amazon,Oschersleben,,39387,MarketplaceFacilitator,22.68,4.31,0,0,0,0,0,0,-4.31,-4.05,-3.04,0,0,15.59,0,0
12.01.2026 23:25:33 UTC,26246931992,Bestellung,306-0104829-4505158,GK02,PURPLE BIRD GK02 Gefl¨¹gelschere K¨¹chenschere Profi. 4mm Edelstahl Knochenschere mit Sicherheitsschloss & Federbelastung. 103¡ã Schneidwinkel f¨¹r Fl,1,amazon.de,Amazon,Marchtrenk,,4614,,22.68,0,0,0,0,0,0,0,0,-4.05,-3.04,0,0,15.59,0,0
12.01.2026 23:35:11 UTC,26246931992,Erstattung,302-8856952-9798748,HWD02-ZNO,PURPLEBIRD Outdoor Messer. Jagdmesser Feststehende Klinge. 440C Edelstahl Bushcraft Camping Messer. Full Tang Scharfe Survival Messer mit Holster (24c,1,amazon.de,Amazon,Bad T?lz,,83646,MarketplaceFacilitator,-22.18,-4.21,0,0,0,0,0,0,4.21,2.74,0,0,0,-19.44,0,0
12.01.2026 23:44:05 UTC,26246931992,Bestellung,306-7942883-8201933,CZ002-SetA,PURPLEBIRD Burger-Set (3-TLG.) aus Edelstahl inkl. Burgerpresse. 2 Grillspachtels. Burger Spachtel Set mit Gro? Grillwender und Burger Smasher aus Ed,1,amazon.de,Amazon,Boppard,Rheinland-Pfalz,56154,MarketplaceFacilitator,24.19,4.6,0,0,0,0,0,0,-4.6,-4.32,-4.75,0,0,15.12,0,0
12.01.2026 23:48:22 UTC,26246931992,Bestellung,303-8196477-9636319,CZ002-XXL,PURPLEBIRD Grillspachtel Set aus Edelstahl. Plancha Spachtels Set mit Gro? Grillwender f¨¹r Smash Burger. Grill Geschenke f¨¹r M?nner,1,amazon.de,Amazon,Geestland,,27607,MarketplaceFacilitator,17.24,3.27,0,0,0,0,0,0,-3.27,-3.08,-4.08,0,0,10.08,0,0
13.01.2026 07:47:43 UTC,26246931992,Bestellung,306-7684624-3993153,HWD02-ZNO,PURPLEBIRD Outdoor Messer. Jagdmesser Feststehende Klinge. 440C Edelstahl Bushcraft Camping Messer. Full Tang Scharfe Survival Messer mit Holster (24c,1,amazon.de,Amazon,D?rentrup,,32694,MarketplaceFacilitator,22.18,4.21,0,0,0,0,0,0,-4.21,-3.43,-3.04,0,0,15.71,0,0
13.01.2026 11:52:32 UTC,26246931992,Bestellung,028-3642664-7497154,GK02,PURPLE BIRD GK02 Gefl¨¹gelschere K¨¹chenschere Profi. 4mm Edelstahl Knochenschere mit Sicherheitsschloss & Federbelastung. 103¡ã Schneidwinkel f¨¹r Fl,1,amazon.de,Amazon,TROEBNITZ,Th¨¹ringen,07646,MarketplaceFacilitator,19.73,3.75,0,0,0,0,0,0,-3.75,-3.52,-3.04,0,0,13.17,0,0
13.01.2026 12:21:51 UTC,26246931992,Erstattung,302-5414096-7937139,HWD02-ZNO,PURPLEBIRD Outdoor Messer. Jagdmesser Feststehende Klinge. 440C Edelstahl Bushcraft Camping Messer. Full Tang Scharfe Survival Messer mit Holster (24c,1,amazon.de,Amazon,Kirchheim Unter Teck,,73230,MarketplaceFacilitator,-22.18,-4.21,0,0,0,0,0,0,4.21,2.74,0,0,0,-19.44,0,0
13.01.2026 12:40:45 UTC,26246931992,Bestellung,302-1009735-6005108,HS03-Silver-Straight,PURPLEBIRD Haarschere Friseurschere 6 Inch Effilierschere Scharfe Haarschneideschere Japanischer Edelstahl 440C f¨¹r Damen und Herren Haarschere,1,amazon.de,Amazon,Salzkotten,,33154,MarketplaceFacilitator,21,3.99,0,0,0,0,0,0,-3.99,-3.75,-2.57,0,0,14.68,0,0
13.01.2026 13:22:30 UTC,26246931992,Bestellung,303-5807904-0069159,HWD02-ZNO,PURPLEBIRD Outdoor Messer-Jagdmesser Feststehende klinge.Bushcraft Camping Messer.Scharfe Survival Messer mit Holster Full Tang G¨¹rtelmesser (24cm Kl,1,amazon.de,Amazon,Vechelde,,38159,MarketplaceFacilitator,22.18,4.21,0,0,0,0,0,0,-4.21,-3.43,-3.04,0,0,15.71,0,0
13.01.2026 13:25:36 UTC,26246931992,Bestellung,302-8962375-4577144,GK02,PURPLE BIRD GK02 Gefl¨¹gelschere K¨¹chenschere Profi. 4mm Edelstahl Knochenschere mit Sicherheitsschloss & Federbelastung. 103¡ã Schneidwinkel f¨¹r Fl,1,amazon.de,Amazon,Recklinghausen,,45663,MarketplaceFacilitator,22.68,4.31,1.68,0.32,0,0,0,0,-4.63,-4.05,-4.72,0,0,15.59,0,0
13.01.2026 14:51:51 UTC,26246931992,Bestellung,306-0119563-9231549,MT001-Silberner,PURPLEBIRD Multitool Werkzeug. 28 in 1 Multifunktionale Zange Geschenke f¨¹r M?nner. Faltbares Multifunktionswerkzeug mit 11 Bits und Gurtcliptasche.,1,amazon.de,Amazon,Bad Homburg,,61352,MarketplaceFacilitator,33.61,6.38,4.19,0.8,0,0,-4.19,-0.8,-6.38,-5.2,-3.42,0,0,24.99,0,0
13.01.2026 14:56:22 UTC,26246931992,Erstattung,306-8771999-4138742,CZ007-BurgerA,PURPLEBIRD Burgerglocke & Burger Smasher Set. Edelstahl Burgerglocke (? 20cm) mit Schwerlast Gusseisen Burgerpresse (? 17.7cm) Griddle Zubeh?r Set,1,amazon.de,Amazon,Wipperf¨¹rth,,51688,,-23.82,-4.53,0,0,0,0,0,0,0,3.4,0,0,0,-24.95,0,0
13.01.2026 15:48:58 UTC,26246931992,Bestellung,302-9406519-1627526,HS-Purple-Set,PURPLEBIRD Friseurscheren Profi. Haarschere Friseurschere Set aus Edelstahl Haarschneideschere und Effilierschere f¨¹r Barbier/Friseur/Anf?nger 10 St,1,amazon.de,Amazon,Ankum,,49577,MarketplaceFacilitator,24.37,4.63,0,0,0,0,0,0,-4.63,-4.35,-2.78,0,0,17.24,0,0
13.01.2026 16:01:21 UTC,26246931992,Bestellung,028-1834294-3578764,HWD02-ZNO,PURPLEBIRD Outdoor Messer. Jagdmesser Feststehende Klinge. 440C Edelstahl Bushcraft Camping Messer. Full Tang Scharfe Survival Messer mit Holster (24c,1,amazon.de,Amazon,Meinerzhagen,Nordrhein-Westfalen,58540,MarketplaceFacilitator,22.18,4.21,0,0,0,0,0,0,-4.21,-3.43,-3.04,0,0,15.71,0,0
13.01.2026 16:14:41 UTC,26246931992,Erstattung,305-3955390-1834741,MT002-Black,PURPLEBIRD Multitool Werkzeug 16 in 1 Survival Faltbares Gadgets mit Taschenmesser und 9 Bits Multifunktionstool Zange. Geschenke f¨¹r M?nner Outdoor,1,amazon.de,Amazon,Hamburg,,22417,MarketplaceFacilitator,-24.19,-4.6,0,0,0,0,0,0,4.6,2.99,0,0,0,-21.2,0,0
13.01.2026 16:21:35 UTC,26246931992,Bestellung,302-6931488-7527546,HS-KidRedStraight,PURPLEBIRD Haarschere Friseurschere 6-Zoll Edelstahl Sichere Runde Tipps Haarschneideschere Extra Professionelle Haarschnitt Schere f¨¹r Kinder. Perfe,1,amazon.de,Amazon,Reinach BL,Basel,41,MarketplaceFacilitator,18.48,1.5,0.72,0.06,0,0,-0.72,-0.06,-1.5,-3.3,-3.69,0,0,11.49,0,0
13.01.2026 16:27:21 UTC,26246931992,Bestellung,306-3746768-9389115,HS-Purple-Set,PURPLEBIRD Friseurscheren Profi. Haarschere Friseurschere Set aus Edelstahl Haarschneideschere und Effilierschere f¨¹r Barbier/Friseur/Anf?nger 10 St,1,amazon.de,Amazon,Gro?-zimmern,,64846,MarketplaceFacilitator,24.37,4.63,0,0,0,0,0,0,-4.63,-4.35,-2.78,0,0,17.24,0,0
13.01.2026 16:42:21 UTC,26246931992,Bestellung,S02-3922342-9571929,KF015-Fish6,PURPLEBIRD Filetiermesser f¨¹r Fisch 15 CM mit Scheide. 440C Edelstahl Fischmesser zum Schneiden von Fleisch mit Holzgriff. Filetiermesser Fisch K¨¹che & Outdoor zum Fischen. Grillen f¨¹r M?nner,1,si-prod-marketplace-de.stores.amazon.de,Amazon,Bad Sulza,Th¨¹ringen,99518,,0,0,0,0,0,0,0,0,0,0,-5.55,0,0,-5.55,0,0
13.01.2026 16:48:38 UTC,26246931992,Bestellung,305-2558489-6276321,GK02,PURPLE BIRD GK02 Gefl¨¹gelschere K¨¹chenschere Profi. 4mm Edelstahl Knochenschere mit Sicherheitsschloss & Federbelastung. 103¡ã Schneidwinkel f¨¹r Fl,1,amazon.de,Amazon,Ratingen,,40880,MarketplaceFacilitator,22.68,4.31,0,0,0,0,0,0,-4.31,-4.05,-3.04,0,0,15.59,0,0
13.01.2026 16:59:08 UTC,26246931992,Bestellung,028-7060350-7345126,GK02,PURPLE BIRD GK02 Gefl¨¹gelschere K¨¹chenschere Profi. 4mm Edelstahl Knochenschere mit Sicherheitsschloss & Federbelastung. 103¡ã Schneidwinkel f¨¹r Fl,1,amazon.de,Amazon,Potsdam,,14473,MarketplaceFacilitator,22.68,4.31,1.68,0.32,0,0,-1.68,-0.32,-4.31,-4.05,-3.04,0,0,15.59,0,0
13.01.2026 17:34:00 UTC,26246931992,Bestellung,304-1756078-1677961,HWD02-ZNO,PURPLEBIRD Outdoor Messer. Jagdmesser Feststehende Klinge. 440C Edelstahl Bushcraft Camping Messer. Full Tang Scharfe Survival Messer mit Holster (24c,1,amazon.de,Amazon,Angerm¨¹nde,,16278,MarketplaceFacilitator,22.18,4.21,0,0,0,0,0,0,-4.21,-3.43,-3.04,0,0,15.71,0,0
13.01.2026 18:07:42 UTC,26246931992,Bestellung,306-9847799-1717135,BBQW-ZNO,PURPLEBIRD 31-teiliges Edelstahl Grillzubeh?r Set - Premium BBQ Grillbesteck f¨¹r M?nner & Frauen mit Tragetasche. Grillmatte Garten. Camping & Gebu,1,amazon.de,Amazon,Karnin,Mecklenburg-Vorpommern,18469,MarketplaceFacilitator,33.61,6.38,0,0,0,0,0,0,-6.38,-6,-5.2,0,0,22.41,0,0
13.01.2026 18:20:05 UTC,26246931992,Bestellung,305-8933768-7188317,PS-7.0''DownCurvedThinning,PURPLEBIRD Fellschere 7 Inch Gebogene Hundeschere. Katzenschere. Effilierschere Hundescheren zur Fellpflege f¨¹r alle Hunde Katze. Schneiden und Groom,1,amazon.de,Amazon,Fohnsdorf,Steiermark,8753,MarketplaceFacilitator,40.71,8.14,0,0,0,0,0,0,-8.14,-7.27,-2.57,0,0,30.87,0,0
13.01.2026 18:24:02 UTC,26246931992,Bestellung,303-7876416-0915569,BBQW-ZNO,PURPLEBIRD 31-teiliges Edelstahl Grillzubeh?r Set - Premium BBQ Grillbesteck f¨¹r M?nner & Frauen mit Tragetasche. Grillmatte Garten. Camping & Gebu,1,amazon.de,Amazon,Hamburg,,22119,MarketplaceFacilitator,33.61,6.38,0,0,0,0,0,0,-6.38,-6,-5.2,0,0,22.41,0,0
13.01.2026 19:20:38 UTC,26246931992,Bestellung,305-0665714-3928334,BBQW-ZNO,PURPLEBIRD 31-teiliges Edelstahl Grillzubeh?r Set - Premium BBQ Grillbesteck f¨¹r M?nner & Frauen mit Tragetasche. Grillmatte Garten. Camping & Gebu,1,amazon.de,Amazon,Gelsenkirchen,,45899,MarketplaceFacilitator,33.61,6.38,0,0,0,0,-6.72,-1.28,-5.1,-4.8,-5.2,0,0,16.89,0,0
13.01.2026 19:44:03 UTC,26246931992,Bestellung,304-9544519-0854737,CZ002-XXL,PURPLEBIRD Grillspachtel Set aus Edelstahl. Plancha Spachtels Set mit Gro? Grillwender f¨¹r Smash Burger. Grill Geschenke f¨¹r M?nner,1,amazon.de,Amazon,Pinneberg,,25421,MarketplaceFacilitator,17.24,3.27,0,0,0,0,0,0,-3.27,-3.08,-4.08,0,0,10.08,0,0
13.01.2026 19:46:20 UTC,26246931992,Bestellung,304-3710669-6922716,CZ002-XXL,PURPLEBIRD Grillspachtel Set aus Edelstahl. Plancha Spachtels Set mit Gro? Grillwender f¨¹r Smash Burger. Grill Geschenke f¨¹r M?nner,1,amazon.de,Amazon,Hildesheim,,31139,MarketplaceFacilitator,17.24,3.27,0,0,0,0,0,0,-3.27,-3.08,-4.08,0,0,10.08,0,0
13.01.2026 20:53:23 UTC,26246931992,Bestellung,302-9119756-0270728,KM30-G,PURPLEBIRD Klappmesser Taschenmesser. Survival Outdoor Messer mit Coolem Aussehen.Tolle Sammlung Geschenke f¨¹r M?nner (Gr¨¹n),1,amazon.de,Amazon,Baunatal,Hessen,34225,MarketplaceFacilitator,14.99,2.85,0,0,0,0,0,0,-2.85,-2.32,-2.65,0,0,10.02,0,0
13.01.2026 21:00:46 UTC,26246931992,Bestellung,028-8384551-3514756,CZ005-Grillset,PURPLEBIRD Grillbesteckset 5-TLG. Profi Edelstahl Gril Zubeh?r Werkzeug Set. Tragetasche mit Sch¨¹rzenfunktion. Top Grillbesteck-Set mit Holzgriff. I,1,amazon.de,Amazon,Beselich,Hessen,65614,MarketplaceFacilitator,21.03,4,0,0,0,0,0,0,-4,-3.75,-5.2,0,0,12.08,0,0
13.01.2026 21:15:34 UTC,26246931992,Bestellung,028-3295170-2390751,PB-OK-02,PURPLEBIRD Outdoor Messer. Machete Scharf Echt mit 6MM Klingenr¨¹cken. Full Tang Bowiemesser mit Scheide. f¨¹r Wandern & Bushcraft. Geschenke f¨¹r M?,1,amazon.de,Amazon,Seiwerath,,54597,MarketplaceFacilitator,32.85,6.24,0,0,0,0,0,0,-6.24,-5.08,-5.27,0,0,22.5,0,0
13.01.2026 21:34:51 UTC,26246931992,Bestellung,303-4401626-4801919,BBQW-ZNO,PURPLEBIRD 31-teiliges Edelstahl Grillzubeh?r Set - Premium BBQ Grillbesteck f¨¹r M?nner & Frauen mit Tragetasche. Grillmatte Garten. Camping & Gebu,1,amazon.de,Amazon,Velbert,NRW,42553,MarketplaceFacilitator,33.61,6.38,0,0,0,0,0,0,-6.38,-6,-5.2,0,0,22.41,0,0
13.01.2026 21:38:59 UTC,26246931992,Bestellung,304-6523192-7661953,HS03-Silver-Straight,PURPLEBIRD Haarschere Friseurschere 6 Inch Effilierschere Scharfe Haarschneideschere Japanischer Edelstahl 440C f¨¹r Damen und Herren Haarschere,1,amazon.de,Amazon,Erkrath,,40699,MarketplaceFacilitator,21,3.99,0,0,0,0,0,0,-3.99,-3.75,-2.57,0,0,14.68,0,0
13.01.2026 21:45:09 UTC,26246931992,Bestellung,305-5078448-0231569,CZ-Axt2,PURPLEBIRD Axt Beil mit Scheide 37.8cm Spaltaxt f¨¹r Holz Handgeschmiedet Handbeil mit Ergonomischer Holzgriff Survival Axt Camping Axt Outdoor Bushcr,1,amazon.de,Amazon,Fredersdorf,Brandenburg,15370,MarketplaceFacilitator,16.8,3.19,0,0,0,0,0,0,-3.19,-3,-4.62,0,0,9.18,0,0
13.01.2026 21:49:19 UTC,26246931992,Bestellung,305-9312851-0902704,KF012-Fudao,PURPLEBIRD Camping Axt Outdoor Messer Set. Feststehend Jagdmesser Survival Messer und Spaltaxt Sch?rfe Camping Beil mit Geschenkbox,1,amazon.de,Amazon,Emmerich Am Rhein,,46446,MarketplaceFacilitator,29.57,5.62,0,0,0,0,-5.92,-1.12,-4.5,-4.22,-4.75,0,0,14.68,0,0
13.01.2026 22:34:11 UTC,26246931992,Bestellung,028-1847297-1185959,amzn.gr.KF001-Wing-vRkyIN0pSspGTbMmnn-LN,PURPLEBIRD Geschmiedetes Messer Scharfes Ausbeinmesser mit Holzgriff. Kochmesser mit Lederh¨¹lle Outdoor Messer,1,amazon.de,Amazon,essen,Deutschland,45359,MarketplaceFacilitator,31.13,5.91,0,0,0,0,0,0,-5.91,-5.56,-4.08,0,0,21.49,0,0
13.01.2026 22:42:58 UTC,26246931992,Bestellung,028-8884706-7755559,7M-84SC-GPB7,PURPLEBIRD 8.2 Inch. Camping Messer. Scheide und Verstellbarer G¨¹rtelclip. Outdoor Messer aus 440C Stahl mit G10 Griff f¨¹r Wanderungen im Freien. Ja,1,amazon.de,Amazon,Freiberg,,09599,MarketplaceFacilitator,29.4,5.59,3.35,0.64,0,0,0,0,-6.23,-4.55,-3.35,0,0,24.85,0,0
13.01.2026 22:46:16 UTC,26246931992,Bestellung,303-6020859-1768310,GK02,PURPLE BIRD GK02 Gefl¨¹gelschere K¨¹chenschere Profi. 4mm Edelstahl Knochenschere mit Sicherheitsschloss & Federbelastung. 103¡ã Schneidwinkel f¨¹r Fl,1,amazon.de,Amazon,Frankfurt Am Main,,60318,MarketplaceFacilitator,22.68,4.31,0,0,0,0,0,0,-4.31,-4.05,-3.04,0,0,15.59,0,0
13.01.2026 22:49:32 UTC,26246931992,Bestellung,028-1718146-7345146,CZ002-XXL,PURPLEBIRD Grillspachtel Set aus Edelstahl. Plancha Spachtels Set mit Gro? Grillwender f¨¹r Smash Burger. Grill Geschenke f¨¹r M?nner,1,amazon.de,Amazon,Lossatal OT Watzschwitz,,04808,MarketplaceFacilitator,17.24,3.27,0,0,0,0,0,0,-3.27,-3.08,-4.08,0,0,10.08,0,0
13.01.2026 23:18:35 UTC,26246931992,Bestellung,304-6993493-7801907,CZ002-XXL,PURPLEBIRD Grillspachtel Set aus Edelstahl. Plancha Spachtels Set mit Gro? Grillwender f¨¹r Smash Burger. Grill Geschenke f¨¹r M?nner,1,amazon.de,Amazon,Essen,,45130,,17.24,3.27,0,0,0,0,0,0,0,-3.08,-4.08,0,0,13.35,0,0
13.01.2026 23:29:03 UTC,26246931992,Bestellung,304-7799442-3766704,BBQW-ZNO,PURPLEBIRD 31-teiliges Edelstahl Grillzubeh?r Set - Premium BBQ Grillbesteck f¨¹r M?nner & Frauen mit Tragetasche. Grillmatte Garten. Camping & Gebu,1,amazon.de,Amazon,Hannover,,30627,MarketplaceFacilitator,33.61,6.38,4.19,0.8,0,0,-4.19,-0.8,-6.38,-6,-5.2,0,0,22.41,0,0
13.01.2026 23:39:38 UTC,26246931992,Bestellung,304-8850034-7047514,GSGD-ZNO,PURPLEBIRD Grill Schaber f¨¹r Flachgrills mit 6-Zoll-Edelstahlklinge & Ergonomischem Aluminiumgriff Grillschaber f¨¹r Gastronomie. Haushalt und Gewerb,1,amazon.de,Amazon,Braunschweig,,38100,MarketplaceFacilitator,20.16,3.83,0,0,0,0,0,0,-3.83,-3.12,-5.2,0,0,11.84,0,0
13.01.2026 23:41:29 UTC,26246931992,Bestellung,306-6736826-1312302,PS-7.0''DownCurvedThinning,PURPLEBIRD Fellschere 7 Inch Gebogene Hundeschere. Katzenschere. Effilierschere Hundescheren zur Fellpflege f¨¹r alle Hunde Katze. Schneiden und Groom,1,amazon.de,Amazon,G¨¹tersloh,,33330,MarketplaceFacilitator,40.71,7.73,0,0,0,0,0,0,-7.73,-7.27,-2.57,0,0,30.87,0,0
13.01.2026 23:52:46 UTC,26246931992,Bestellung,303-7692724-7713114,CZ002-XXL,PURPLEBIRD Grillspachtel Set aus Edelstahl. Plancha Spachtels Set mit Gro? Grillwender f¨¹r Smash Burger. Grill Geschenke f¨¹r M?nner,1,amazon.de,Amazon,Saterland,,26683,MarketplaceFacilitator,17.24,3.27,0,0,0,0,0,0,-3.27,-3.08,-4.08,0,0,10.08,0,0
13.01.2026 23:53:42 UTC,26246931992,Bestellung,305-3955390-1834741,MT002-Black,PURPLEBIRD Multitool Werkzeug 16 in 1 Survival Faltbares Gadgets mit Taschenmesser und 9 Bits Multifunktionstool Zange. Geschenke f¨¹r M?nner Outdoor,1,amazon.de,Amazon,Hamburg,,22417,MarketplaceFacilitator,24.19,4.6,0,0,0,0,0,0,-4.6,-3.74,-3.42,0,0,17.03,0,0
14.01.2026 00:11:51 UTC,26246931992,Bestellung,302-0990073-9216303,CZ002-XXL,PURPLEBIRD Grillspachtel Set aus Edelstahl. Plancha Spachtels Set mit Gro? Grillwender f¨¹r Smash Burger. Grill Geschenke f¨¹r M?nner,1,amazon.de,Amazon,K?nigswinter,Nordrhein-Westfalen,53639,MarketplaceFacilitator,17.24,3.27,0,0,0,0,0,0,-3.27,-3.08,-4.08,0,0,10.08,0,0
14.01.2026 00:12:40 UTC,26246931992,Bestellung,302-4648724-1935535,CZ008-Brush,PURPLEBIRD BBQ-Grillb¨¹rste 3 in 1 f¨¹r Gussrost. Edelstahl. lange Holzgriff. Ersatzb¨¹rste,1,amazon.de,Amazon,Krefeld,Nrw,47807,MarketplaceFacilitator,14.31,2.72,0,0,0,0,0,0,-2.72,-2.21,-4.08,0,0,8.02,0,0
14.01.2026 00:15:59 UTC,26246931992,Bestellung,304-8850034-7047514,GSDP-ZNO,PURPLEBIRD 6" Edelstahl Grill Kratzer-Klingen 6er-Pack. Rasierklingenscharfe Grillreinigungs-Klingen. Ersatzklingen f¨¹r Griddle & BBQ-Grillkratzer,1,amazon.de,Amazon,Braunschweig,,38100,MarketplaceFacilitator,10.34,1.96,0,0,0,0,0,0,-1.96,-1.85,-2.68,0,0,5.81,0,0
14.01.2026 00:21:21 UTC,26246931992,Bestellung,306-8510194-9998705,CZ002-XXL,PURPLEBIRD Grillspachtel Set aus Edelstahl. Plancha Spachtels Set mit Gro? Grillwender f¨¹r Smash Burger. Grill Geschenke f¨¹r M?nner,1,amazon.de,Amazon,Tholey,Saarland,66636,MarketplaceFacilitator,17.24,3.27,0,0,0,0,0,0,-3.27,-3.08,-4.08,0,0,10.08,0,0
14.01.2026 04:14:30 UTC,26246931992,Bestellung,028-4378676-1956329,KF014-OutdoorA,PURPLEBIRD Jagdmesser Feststehende Klinge Scharfes. Messer Outdoor Survival mit Lederscheide. D2 Stahl G¨¹rtelmesser & Camping Messer Outdoor Geschenk,1,amazon.de,Amazon,Schkopau,,06258,MarketplaceFacilitator,28.56,5.43,1.68,0.32,0,0,-1.68,-0.32,-5.43,-4.42,-3.04,0,0,21.1,0,0
14.01.2026 07:12:51 UTC,26246931992,Bestellung,305-7335260-9362711,GK02,PURPLE BIRD GK02 Gefl¨¹gelschere K¨¹chenschere Profi. 4mm Edelstahl Knochenschere mit Sicherheitsschloss & Federbelastung. 103¡ã Schneidwinkel f¨¹r Fl,1,amazon.de,Amazon,Waischenfeld,Bayern,91344,MarketplaceFacilitator,19.73,3.75,3.35,0.64,0,0,0,0,-4.39,-3.52,-6.39,0,0,13.17,0,0
14.01.2026 07:15:21 UTC,26246931992,Bestellung,305-1437571-9089962,GK02,PURPLE BIRD GK02 Gefl¨¹gelschere K¨¹chenschere Profi. 4mm Edelstahl Knochenschere mit Sicherheitsschloss & Federbelastung. 103¡ã Schneidwinkel f¨¹r Fl,1,amazon.de,Amazon,Bremen,,28215,MarketplaceFacilitator,17.85,3.39,4.19,0.8,0,0,-4.19,-0.8,-3.39,-3.19,-3.04,0,0,11.62,0,0
14.01.2026 07:30:28 UTC,26246931992,Bestellung,306-5174755-5457926,GK02,PURPLE BIRD GK02 Gefl¨¹gelschere K¨¹chenschere Profi. 4mm Edelstahl Knochenschere mit Sicherheitsschloss & Federbelastung. 103¡ã Schneidwinkel f¨¹r Fl,1,amazon.de,Amazon,M¨¹nchen,,81369,MarketplaceFacilitator,22.68,4.31,1.92,0.36,0,0,-1.92,-0.36,-4.31,-4.05,-3.04,0,0,15.59,0,0
14.01.2026 08:42:10 UTC,26246931992,Bestellung,306-4804402-2450722,CZ002-XXL,PURPLEBIRD Grillspachtel Set aus Edelstahl. Plancha Spachtels Set mit Gro? Grillwender f¨¹r Smash Burger. Grill Geschenke f¨¹r M?nner,1,amazon.de,Amazon,Sponheim,,55595,MarketplaceFacilitator,17.24,3.27,0,0,0,0,0,0,-3.27,-3.08,-4.08,0,0,10.08,0,0
14.01.2026 10:19:05 UTC,26246931992,Bestellung,304-2367782-9713928,BBQW-ZNO,PURPLEBIRD 31-teiliges Edelstahl Grillzubeh?r Set - Premium BBQ Grillbesteck f¨¹r M?nner & Frauen mit Tragetasche. Grillmatte Garten. Camping & Gebu,1,amazon.de,Amazon,Asperg,,71679,MarketplaceFacilitator,42.01,7.98,0,0,0,0,-21.01,-3.99,-3.99,-3.75,-5.2,0,0,12.05,0,0
14.01.2026 10:25:33 UTC,26246931992,Servicegeb¨¹hr,,,Werbekosten,,,,,,,,0,0,0,0,0,0,0,0,0,0,0,-506.63,0,-506.63,0,0
14.01.2026 13:15:47 UTC,26246931992,Bestellung,S02-6982278-1900751,KF015-Chudao,PURPLEBIRD K¨¹chenmesser Schmieden. Kochmesser Profi Messer. Fleischermesser mit Ergonomischem Griff. K¨¹chenmesser Scharf aus Hochwertigem Carbon Edelstahl f¨¹r K¨¹chen. Camping und Grill,1,si-prod-marketplace-de.stores.amazon.de,Amazon,?hringen,Baden-W¨¹rttemberg,74613,,0,0,0,0,0,0,0,0,0,0,-8.01,0,0,-8.01,0,0
14.01.2026 15:35:54 UTC,26246931992,Bestellung,306-7185061-6285104,GK02,PURPLE BIRD GK02 Gefl¨¹gelschere K¨¹chenschere Profi. 4mm Edelstahl Knochenschere mit Sicherheitsschloss & Federbelastung. 103¡ã Schneidwinkel f¨¹r Fl,1,amazon.de,Amazon,Hamburg,,22359,MarketplaceFacilitator,22.68,4.31,3.35,0.64,0,0,-3.35,-0.64,-4.31,-4.05,-3.04,0,0,15.59,0,0
14.01.2026 15:45:32 UTC,26246931992,Bestellung,028-3392825-9010764,HS-KidRedStraight,PURPLEBIRD Haarschere Friseurschere 6-Zoll Edelstahl Sichere Runde Tipps Haarschneideschere Extra Professionelle Haarschnitt Schere f¨¹r Kinder. Perfe,1,amazon.de,Amazon,Neukloster,Mecklenburg-Vorpommern,23992,MarketplaceFacilitator,18.48,3.51,0,0,0,0,0,0,-3.51,-3.3,-3.69,0,0,11.49,0,0
14.01.2026 15:55:10 UTC,26246931992,Bestellung,302-3566994-7834749,HS-KidRedStraight,PURPLEBIRD Haarschere Friseurschere 6-Zoll Edelstahl Sichere Runde Tipps Haarschneideschere Extra Professionelle Haarschnitt Schere f¨¹r Kinder. Perfe,1,amazon.de,Amazon,Lauenau,,31867,MarketplaceFacilitator,18.48,3.51,0,0,0,0,0,0,-3.51,-3.3,-3.69,0,0,11.49,0,0
14.01.2026 16:20:56 UTC,26246931992,Bestellung,028-7229988-3353946,HS-Rainbow-Set,PURPLEBIRD Friseurscheren Profi. Haarschere Friseurschere Set aus Edelstahl Haarschneideschere und Effilierschere f¨¹r Barbier/Friseur/Anf?nger 10 St,1,amazon.de,Amazon,M¨¹nchen,,80469,MarketplaceFacilitator,21.42,4.07,0,0,0,0,0,0,-4.07,-3.82,-3.04,0,0,14.56,0,0
14.01.2026 16:35:24 UTC,26246931992,Bestellung,302-4567075-8797954,HS-KidRedStraight,PURPLEBIRD Haarschere Friseurschere 6-Zoll Edelstahl Sichere Runde Tipps Haarschneideschere Extra Professionelle Haarschnitt Schere f¨¹r Kinder. Perfe,1,amazon.de,Amazon,Bad Wildbad,,75323,MarketplaceFacilitator,18.48,3.51,0,0,0,0,0,0,-3.51,-3.3,-3.69,0,0,11.49,0,0
14.01.2026 16:44:11 UTC,26246931992,Bestellung,303-7420435-8045169,CZ002-XXL,PURPLEBIRD Grillspachtel Set aus Edelstahl. Plancha Spachtels Set mit Gro? Grillwender f¨¹r Smash Burger. Grill Geschenke f¨¹r M?nner,1,amazon.de,Amazon,Wien,,1140,MarketplaceFacilitator,17.24,3.45,0,0,0,0,0,0,-3.45,-3.08,-4.08,0,0,10.08,0,0
14.01.2026 17:01:00 UTC,26246931992,Bestellung,028-1287287-3862743,HWD02-ZNO,PURPLEBIRD Outdoor Messer. Jagdmesser Feststehende Klinge. 440C Edelstahl Bushcraft Camping Messer. Full Tang Scharfe Survival Messer mit Holster (24c,1,amazon.de,Amazon,Duisburg,Nordrhein-Westfalen,47137,MarketplaceFacilitator,22.18,4.21,0,0,0,0,0,0,-4.21,-3.43,-3.04,0,0,15.71,0,0
14.01.2026 17:04:12 UTC,26246931992,Bestellung,304-2748260-9269941,HS-Purple-Set,PURPLEBIRD Friseurscheren Profi. Haarschere Friseurschere Set aus Edelstahl Haarschneideschere und Effilierschere f¨¹r Barbier/Friseur/Anf?nger 10 St,1,amazon.de,Amazon,Pintsch,,9767,MarketplaceFacilitator,24.37,4.14,0,0,0,0,0,0,-4.14,-4.35,-2.78,0,0,17.24,0,0
14.01.2026 17:28:15 UTC,26246931992,Bestellung,305-7960443-9100307,HWD02-ZNO,PURPLEBIRD Outdoor Messer. Jagdmesser Feststehende Klinge. 440C Edelstahl Bushcraft Camping Messer. Full Tang Scharfe Survival Messer mit Holster (24c,1,amazon.de,Amazon,Stuttgart,,70567,MarketplaceFacilitator,22.18,4.21,0,0,0,0,0,0,-4.21,-3.43,-3.04,0,0,15.71,0,0
14.01.2026 18:24:11 UTC,26246931992,Bestellung,302-9587838-1277964,CZ003-Wood,PURPLEBIRD Burgerpresse. 10.8cm Aluguss Burger Pattie Presse mit Antihaft. 3 Stufen der Dicke einstellbar. Professioneller Hamburgerpresse mit Holzgri,1,amazon.de,Amazon,Biebertal,,35444,MarketplaceFacilitator,23.52,4.47,0,0,0,0,-11.76,-2.23,-2.24,-2.1,-3.84,0,0,5.82,0,0
14.01.2026 18:32:17 UTC,26246931992,Bestellung,306-7377422-4320332,PS-7.0''DownCurvedThinning,PURPLEBIRD Fellschere 7 Inch Gebogene Hundeschere. Katzenschere. Effilierschere Hundescheren zur Fellpflege f¨¹r alle Hunde Katze. Schneiden und Groom,1,amazon.de,Amazon,Voitsberg,,8570,MarketplaceFacilitator,40.71,8.14,0,0,0,0,0,0,-8.14,-7.27,-2.57,0,0,30.87,0,0
14.01.2026 19:28:26 UTC,26246931992,Bestellung,303-6998064-5922734,CZ002-XXL,PURPLEBIRD Grillspachtel Set aus Edelstahl. Plancha Spachtels Set mit Gro? Grillwender f¨¹r Smash Burger. Grill Geschenke f¨¹r M?nner,1,amazon.de,Amazon,Dudenhofen,,67373,MarketplaceFacilitator,17.24,3.27,0,0,0,0,0,0,-3.27,-3.08,-4.08,0,0,10.08,0,0
14.01.2026 19:47:28 UTC,26246931992,Bestellung,303-3523492-5177133,GK02,PURPLE BIRD GK02 Gefl¨¹gelschere K¨¹chenschere Profi. 4mm Edelstahl Knochenschere mit Sicherheitsschloss & Federbelastung. 103¡ã Schneidwinkel f¨¹r Fl,1,amazon.de,Amazon,Bad Neustadt A.d.saale,,97616,MarketplaceFacilitator,22.68,4.31,0,0,0,0,0,0,-4.31,-4.05,-3.04,0,0,15.59,0,0
14.01.2026 20:33:35 UTC,26246931992,Bestellung,305-4468193-2552314,GK02,PURPLE BIRD GK02 Gefl¨¹gelschere K¨¹chenschere Profi. 4mm Edelstahl Knochenschere mit Sicherheitsschloss & Federbelastung. 103¡ã Schneidwinkel f¨¹r Fl,1,amazon.de,Amazon,Ort/i,Ober?sterreich,4974,,22.68,0,0,0,0,0,0,0,0,-4.05,-3.04,0,0,15.59,0,0
14.01.2026 20:48:50 UTC,26246931992,Bestellung,303-9272698-2648314,CZ002-XXL,PURPLEBIRD Grillspachtel Set aus Edelstahl. Plancha Spachtels Set mit Gro? Grillwender f¨¹r Smash Burger. Grill Geschenke f¨¹r M?nner,2,amazon.de,Amazon,Eggersdorf,Brandenburg,15345,MarketplaceFacilitator,34.48,6.54,0,0,0,0,0,0,-6.54,-6.16,-8.16,0,0,20.16,0,0
14.01.2026 20:58:42 UTC,26246931992,Bestellung,306-0719980-4329121,KF015-Chanzi,PURPLEBIRD 12-in-1 Klappspaten mit 180¡ã Camping-Axt | ¨¹berlebens-Set inkl. Multitool. Camping Axe & Tragebag f¨¹r Outdoor/Camping (rostfrei & faltba,1,amazon.de,Amazon,Erfurt,,99089,MarketplaceFacilitator,27.55,5.24,0,0,0,0,0,0,-5.24,-4.26,-5.83,0,0,17.46,0,0
14.01.2026 20:59:35 UTC,26246931992,Bestellung,303-3446939-0129165,CZ002-XXL,PURPLEBIRD Grillspachtel Set aus Edelstahl. Plancha Spachtels Set mit Gro? Grillwender f¨¹r Smash Burger. Grill Geschenke f¨¹r M?nner,1,amazon.de,Amazon,Erlenbach,Bayern,97837,MarketplaceFacilitator,17.24,3.27,0,0,0,0,0,0,-3.27,-3.08,-4.08,0,0,10.08,0,0
14.01.2026 21:06:04 UTC,26246931992,Bestellung,302-5533558-3901956,KF012-Fudao,PURPLEBIRD Camping Axt Outdoor Messer Set. Feststehend Jagdmesser Survival Messer und Spaltaxt Sch?rfe Camping Beil mit Geschenkbox,1,amazon.de,Amazon,Holzminden,,37603,MarketplaceFacilitator,29.57,5.62,0,0,0,0,0,0,-5.62,-5.28,-4.75,0,0,19.54,0,0
14.01.2026 21:08:48 UTC,26246931992,Bestellung,028-9071831-5294769,HWD02-ZNO,PURPLEBIRD Outdoor Messer. Jagdmesser Feststehende Klinge. 440C Edelstahl Bushcraft Camping Messer. Full Tang Scharfe Survival Messer mit Holster (24c,4,amazon.de,Amazon,Bad M¨¹nstereifel,,53902,MarketplaceFacilitator,88.72,16.84,0,0,0,0,0,0,-16.84,-13.72,-12.16,0,0,62.84,0,0
14.01.2026 21:11:58 UTC,26246931992,Bestellung,028-1552019-0245111,CZ002-SetA,PURPLEBIRD Burger-Set (3-TLG.) aus Edelstahl inkl. Burgerpresse. 2 Grillspachtels. Burger Spachtel Set mit Gro? Grillwender und Burger Smasher aus Ed,1,amazon.de,Amazon,Pegau,,04523,MarketplaceFacilitator,24.19,4.6,0,0,0,0,0,0,-4.6,-4.32,-4.75,0,0,15.12,0,0
14.01.2026 21:12:15 UTC,26246931992,Bestellung,302-9091620-0684332,GK02,PURPLE BIRD GK02 Gefl¨¹gelschere K¨¹chenschere Profi. 4mm Edelstahl Knochenschere mit Sicherheitsschloss & Federbelastung. 103¡ã Schneidwinkel f¨¹r Fl,1,amazon.de,Amazon,Zinnowitz,Mecklenburg-Vorpommern,17454,MarketplaceFacilitator,22.68,4.31,0.48,0.09,0,0,-0.48,-0.09,-4.31,-4.05,-3.04,0,0,15.59,0,0
14.01.2026 21:25:09 UTC,26246931992,Bestellung,304-8828169-2888367,CZ002-XXL,PURPLEBIRD Grillspachtel Set aus Edelstahl. Plancha Spachtels Set mit Gro? Grillwender f¨¹r Smash Burger. Grill Geschenke f¨¹r M?nner,1,amazon.de,Amazon,Idstein,Hessen,65510,MarketplaceFacilitator,17.24,3.27,1.67,0.32,0,0,-1.67,-0.32,-3.27,-3.08,-4.08,0,0,10.08,0,0
14.01.2026 21:44:00 UTC,26246931992,Bestellung,304-2480209-6821163,GK02,PURPLE BIRD GK02 Gefl¨¹gelschere K¨¹chenschere Profi. 4mm Edelstahl Knochenschere mit Sicherheitsschloss & Federbelastung. 103¡ã Schneidwinkel f¨¹r Fl,1,amazon.de,Amazon,M¨¹nchen,,81249,MarketplaceFacilitator,22.68,4.31,0,0,0,0,0,0,-4.31,-4.05,-3.04,0,0,15.59,0,0
14.01.2026 21:54:53 UTC,26246931992,Bestellung,304-2612341-7908328,HS02-StripingBlack-Straight,Profi Haarschere Friseurschere Haarschneideschere aus Rostfreiem Stahl im Japanischen Stil Geeignet f¨¹r Kinder. Frauen und M?nner Extra Scharfe Haar,1,amazon.de,Amazon,Brunn am Gebirge,,2345,MarketplaceFacilitator,21.42,4.28,0,0,0,0,0,0,-4.28,-3.82,-2.57,0,0,15.03,0,0
14.01.2026 21:59:32 UTC,26246931992,Bestellung,304-8712057-2115506,HWD02-ZNO,PURPLEBIRD Outdoor Messer. Jagdmesser Feststehende Klinge. 440C Edelstahl Bushcraft Camping Messer. Full Tang Scharfe Survival Messer mit Holster (24c,1,amazon.de,Amazon,Eppingen,,75031,MarketplaceFacilitator,22.18,4.21,0,0,0,0,0,0,-4.21,-3.43,-3.04,0,0,15.71,0,0
14.01.2026 22:10:53 UTC,26246931992,Bestellung,305-8929943-6556351,HWD02-ZNO,PURPLEBIRD Outdoor Messer. Jagdmesser Feststehende Klinge. 440C Edelstahl Bushcraft Camping Messer. Full Tang Scharfe Survival Messer mit Holster (24c,1,amazon.de,Amazon,Werder (havel),,14542,MarketplaceFacilitator,22.18,4.21,1.67,0.32,0,0,0,0,-4.53,-3.43,-4.71,0,0,15.71,0,0
14.01.2026 22:17:38 UTC,26246931992,Bestellung,305-0840036-8146729,HS-Purple-Set,PURPLEBIRD Friseurscheren Profi. Haarschere Friseurschere Set aus Edelstahl Haarschneideschere und Effilierschere f¨¹r Barbier/Friseur/Anf?nger 10 St,1,amazon.de,Amazon,Teuchern,Sachsen Anhalt,06682,MarketplaceFacilitator,24.37,4.63,1.12,0.21,0,0,-1.12,-0.21,-4.63,-4.35,-2.78,0,0,17.24,0,0
14.01.2026 22:21:51 UTC,26246931992,Bestellung,305-7285141-8944304,PB-OK-02,PURPLEBIRD Outdoor Messer. Machete Scharf Echt mit 6MM Klingenr¨¹cken. Full Tang Bowiemesser mit Scheide. f¨¹r Wandern & Bushcraft. Geschenke f¨¹r M?,1,amazon.de,Amazon,Rastenberg,,99636,MarketplaceFacilitator,32.85,6.24,0,0,0,0,0,0,-6.24,-5.08,-5.27,0,0,22.5,0,0
14.01.2026 22:31:44 UTC,26246931992,Bestellung,302-9024188-4760317,HWD02-ZNO,PURPLEBIRD Outdoor Messer. Jagdmesser Feststehende Klinge. 440C Edelstahl Bushcraft Camping Messer. Full Tang Scharfe Survival Messer mit Holster (24c,1,amazon.de,Amazon,Potsdam,,14469,MarketplaceFacilitator,22.18,4.21,0,0,0,0,0,0,-4.21,-3.43,-3.04,0,0,15.71,0,0
14.01.2026 22:35:47 UTC,26246931992,Bestellung,305-2413972-1878714,PB-OK-02,PURPLEBIRD Outdoor Messer. Machete Scharf Echt mit 6MM Klingenr¨¹cken. Full Tang Bowiemesser mit Scheide. f¨¹r Wandern & Bushcraft. Geschenke f¨¹r M?,1,amazon.de,Amazon,Haigerloch,,72401,MarketplaceFacilitator,32.85,6.24,0,0,0,0,0,0,-6.24,-5.08,-5.27,0,0,22.5,0,0
14.01.2026 22:39:22 UTC,26246931992,Bestellung,028-4424846-3944336,GK02,PURPLE BIRD GK02 Gefl¨¹gelschere K¨¹chenschere Profi. 4mm Edelstahl Knochenschere mit Sicherheitsschloss & Federbelastung. 103¡ã Schneidwinkel f¨¹r Fl,1,amazon.de,Amazon,K?nigsbronn,,89551,MarketplaceFacilitator,22.68,4.31,0,0,0,0,0,0,-4.31,-4.05,-3.04,0,0,15.59,0,0
14.01.2026 23:04:51 UTC,26246931992,Bestellung,028-0880714-8774705,HS-Purple-Set,PURPLEBIRD Friseurscheren Profi. Haarschere Friseurschere Set aus Edelstahl Haarschneideschere und Effilierschere f¨¹r Barbier/Friseur/Anf?nger 10 St,1,amazon.de,Amazon,Erfurt,,99089,MarketplaceFacilitator,24.37,4.63,0,0,0,0,0,0,-4.63,-4.35,-2.78,0,0,17.24,0,0
14.01.2026 23:16:41 UTC,26246931992,Bestellung,304-2065911-1170708,KF014-OutdoorA,PURPLEBIRD Jagdmesser Feststehende Klinge Scharfes. Messer Outdoor Survival mit Lederscheide. D2 Stahl G¨¹rtelmesser & Camping Messer Outdoor Geschenk,1,amazon.de,Amazon,Nalbach,,66809,MarketplaceFacilitator,24.28,4.61,0,0,0,0,0,0,-4.61,-3.76,-3.04,0,0,17.48,0,0
14.01.2026 23:22:00 UTC,26246931992,Bestellung,302-8457376-2285920,CZ005-Grillset,PURPLEBIRD Grillbesteckset 5-TLG. Profi Edelstahl Gril Zubeh?r Werkzeug Set. Tragetasche mit Sch¨¹rzenfunktion. Top Grillbesteck-Set mit Holzgriff. I,1,amazon.de,Amazon,Bamberg,Bayern,96050,MarketplaceFacilitator,21.03,4,0,0,2.51,0.48,0,0,-4.48,-3.75,-7.26,0,0,12.53,0,0
14.01.2026 23:36:06 UTC,26246931992,Bestellung,303-1558062-4696307,HWD02-ZNO,PURPLEBIRD Outdoor Messer. Jagdmesser Feststehende Klinge. 440C Edelstahl Bushcraft Camping Messer. Full Tang Scharfe Survival Messer mit Holster (24c,1,amazon.de,Amazon,Sasbach Am Kaiserstuhl,,79361,MarketplaceFacilitator,22.18,4.21,0,0,0,0,0,0,-4.21,-3.43,-3.04,0,0,15.71,0,0
14.01.2026 23:43:38 UTC,26246931992,Bestellung,306-3077127-1150764,CZ005-Grillset,PURPLEBIRD Grillbesteckset 5-TLG. Profi Edelstahl Gril Zubeh?r Werkzeug Set. Tragetasche mit Sch¨¹rzenfunktion. Top Grillbesteck-Set mit Holzgriff. I,1,amazon.de,Amazon,albstadt,Baden-W¨¹rttemberg,72461,MarketplaceFacilitator,21.03,4,0,0,0,0,0,0,-4,-3.75,-4.75,0,0,12.53,0,0
14.01.2026 23:52:20 UTC,26246931992,Bestellung,303-3671298-5613120,CZ003-Wood,PURPLEBIRD Burgerpresse. 10.8cm Aluguss Burger Pattie Presse mit Antihaft. 3 Stufen der Dicke einstellbar. Professioneller Hamburgerpresse mit Holzgri,1,amazon.de,Amazon,Herford,Nordrhein-Westfalen,32051,MarketplaceFacilitator,23.52,4.47,0,0,0,0,-11.76,-2.23,-2.24,-2.1,-3.84,0,0,5.82,0,0
14.01.2026 23:59:31 UTC,26246931992,Bestellung,028-4175080-4817142,GSGD-ZNO,PURPLEBIRD Grill Schaber f¨¹r Flachgrills mit 6-Zoll-Edelstahlklinge & Ergonomischem Aluminiumgriff Grillschaber f¨¹r Gastronomie. Haushalt und Gewerb,1,amazon.de,Amazon,Berlin,,12437,MarketplaceFacilitator,20.16,3.83,0,0,0,0,0,0,-3.83,-3.12,-5.2,0,0,11.84,0,0
15.01.2026 00:05:58 UTC,26246931992,Bestellung,028-2875289-4941133,PB-OK-02,PURPLEBIRD Outdoor Messer. Machete Scharf Echt mit 6MM Klingenr¨¹cken. Full Tang Bowiemesser mit Scheide. f¨¹r Wandern & Bushcraft. Geschenke f¨¹r M?,1,amazon.de,Amazon,Zehdenick,,16792,MarketplaceFacilitator,38.65,7.34,3.35,0.64,0,0,-3.35,-0.64,-7.34,-5.98,-5.27,0,0,27.4,0,0
15.01.2026 00:09:06 UTC,26246931992,Bestellung,303-2001276-2335523,GK02,PURPLE BIRD GK02 Gefl¨¹gelschere K¨¹chenschere Profi. 4mm Edelstahl Knochenschere mit Sicherheitsschloss & Federbelastung. 103¡ã Schneidwinkel f¨¹r Fl,1,amazon.de,Amazon,Aue-Bad Schlema,,08280,MarketplaceFacilitator,22.68,4.31,0,0,0,0,0,0,-4.31,-4.05,-3.04,0,0,15.59,0,0
15.01.2026 02:00:43 UTC,26246931992,Anpassung,304-8790593-5743563,GK02,Versand durch Amazon Erstattung f¨¹r Lagerbestand - Kundenr¨¹cksendung,1,,,,,,,0,0,0,0,0,0,0,0,0,0,0,0,14.21,14.21,0,0
15.01.2026 08:08:59 UTC,26246931992,Bestellung,302-8992949-0482702,PB-OK-02,PURPLEBIRD Outdoor Messer. Machete Scharf Echt mit 6MM Klingenr¨¹cken. Full Tang Bowiemesser mit Scheide. f¨¹r Wandern & Bushcraft. Geschenke f¨¹r M?,1,amazon.de,Amazon,Potsdam,,14476,MarketplaceFacilitator,32.85,6.24,0,0,0,0,0,0,-6.24,-5.08,-5.27,0,0,22.5,0,0
15.01.2026 08:48:35 UTC,26246931992,Bestellung,028-8688498-4309156,HWD02-ZNO,PURPLEBIRD Outdoor Messer. Jagdmesser Feststehende Klinge. 440C Edelstahl Bushcraft Camping Messer. Full Tang Scharfe Survival Messer mit Holster (24c,1,amazon.de,Amazon,Ahrensfelde,Deutschland,16356,MarketplaceFacilitator,22.18,4.21,0.17,0.03,0,0,-0.17,-0.03,-4.21,-3.43,-3.04,0,0,15.71,0,0
15.01.2026 09:29:27 UTC,26246931992,Bestellung,305-5738525-2833916,CZ003-Wood,PURPLEBIRD Burgerpresse. 10.8cm Aluguss Burger Pattie Presse mit Antihaft. 3 Stufen der Dicke einstellbar. Professioneller Hamburgerpresse mit Holzgri,1,amazon.de,Amazon,G?ttingen,,37077,MarketplaceFacilitator,19.99,3.8,0,0,0,0,0,0,-3.8,-3.57,-3.84,0,0,12.58,0,0
15.01.2026 09:29:33 UTC,26246931992,Bestellung,304-5460823-1005926,GK02,PURPLE BIRD GK02 Gefl¨¹gelschere K¨¹chenschere Profi. 4mm Edelstahl Knochenschere mit Sicherheitsschloss & Federbelastung. 103¡ã Schneidwinkel f¨¹r Fl,1,amazon.de,Amazon,Waltrop,Nordrhein-Westfalen,45731,MarketplaceFacilitator,17.85,3.39,0,0,0,0,0,0,-3.39,-3.19,-3.04,0,0,11.62,0,0
15.01.2026 10:32:30 UTC,26246931992,Bestellung,303-1713732-3155518,BBQW-ZNO,PURPLEBIRD 31-teiliges Edelstahl Grillzubeh?r Set - Premium BBQ Grillbesteck f¨¹r M?nner & Frauen mit Tragetasche. Grillmatte Garten. Camping & Gebu,1,amazon.de,Amazon,Glauchau,,08371,MarketplaceFacilitator,42.01,7.98,0,0,0,0,-21.01,-3.99,-3.99,-3.75,-5.2,0,0,12.05,0,0
15.01.2026 11:00:46 UTC,26246931992,Bestellung,305-7019370-7429927,OMFK-B01,PURPLEBIRD Schwarzes Camping Messer aus Kohlenstoffstahl. Hohe H?rte und Sch?rfe. Outdoor Messer mit Messerscheide aus Ebenholz f¨¹r die Jagd. Wande,1,amazon.de,Amazon,Terfens,,6123,MarketplaceFacilitator,36.97,7.39,0,0,0,0,0,0,-7.39,-5.72,-3.04,0,0,28.21,0,0
15.01.2026 14:46:29 UTC,26246931992,Bestellung,303-6501714-2809108,GK02,PURPLE BIRD GK02 Gefl¨¹gelschere K¨¹chenschere Profi. 4mm Edelstahl Knochenschere mit Sicherheitsschloss & Federbelastung. 103¡ã Schneidwinkel f¨¹r Fl,1,amazon.de,Amazon,Hamburg,Deutschland,20259,MarketplaceFacilitator,22.68,4.31,0,0,0,0,0,0,-4.31,-4.05,-3.04,0,0,15.59,0,0
15.01.2026 14:55:32 UTC,26246931992,Bestellung,302-2534712-8680327,CZ003-Wood,PURPLEBIRD Burgerpresse. 10.8cm Aluguss Burger Pattie Presse mit Antihaft. 3 Stufen der Dicke einstellbar. Professioneller Hamburgerpresse mit Holzgri,1,amazon.de,Amazon,Werra-suhl-tal,,99837,MarketplaceFacilitator,23.52,4.47,0,0,0,0,-11.76,-2.23,-2.24,-2.1,-3.84,0,0,5.82,0,0
15.01.2026 15:18:24 UTC,26246931992,Bestellung,304-3588733-4482717,KF015-Chanzi,PURPLEBIRD 12-in-1 Klappspaten mit 180¡ã Camping-Axt | ¨¹berlebens-Set inkl. Multitool. Camping Axe & Tragebag f¨¹r Outdoor/Camping (rostfrei & faltba,1,amazon.de,Amazon,Angerm¨¹nde,,16278,MarketplaceFacilitator,27.55,5.24,0,0,0,0,0,0,-5.24,-4.26,-5.83,0,0,17.46,0,0
15.01.2026 15:19:39 UTC,26246931992,Bestellung,304-1963543-5401963,KF012-Fudao,PURPLEBIRD Camping Axt Outdoor Messer Set. Feststehend Jagdmesser Survival Messer und Spaltaxt Sch?rfe Camping Beil mit Geschenkbox,1,amazon.de,Amazon,Angerm¨¹nde,,16278,MarketplaceFacilitator,29.57,5.62,0,0,0,0,0,0,-5.62,-5.28,-4.75,0,0,19.54,0,0
15.01.2026 15:30:44 UTC,26246931992,Bestellung,302-3987351-6543564,CZ002-XXL,PURPLEBIRD Grillspachtel Set aus Edelstahl. Plancha Spachtels Set mit Gro? Grillwender f¨¹r Smash Burger. Grill Geschenke f¨¹r M?nner,1,amazon.de,Amazon,Wien,,1230,MarketplaceFacilitator,17.24,3.45,0,0,0,0,0,0,-3.45,-3.08,-4.08,0,0,10.08,0,0
15.01.2026 15:45:42 UTC,26246931992,Bestellung,306-2791664-0241135,CZ-Axt2,PURPLEBIRD Axt Beil mit Scheide 37.8cm Spaltaxt f¨¹r Holz Handgeschmiedet Handbeil mit Ergonomischer Holzgriff Survival Axt Camping Axt Outdoor Bushcr,1,amazon.de,Amazon,Wien,Wien,1110,MarketplaceFacilitator,16.8,3.36,0,0,0,0,0,0,-3.36,-3,-4.62,0,0,9.18,0,0
15.01.2026 15:46:53 UTC,26246931992,Erstattung,028-7013942-1229902,HS-Purple-Set,PURPLEBIRD Friseurscheren Profi. Haarschere Friseurschere Set aus Edelstahl Haarschneideschere und Effilierschere f¨¹r Barbier/Friseur/Anf?nger 10 St,1,amazon.de,Amazon,Wesseling,,50389,MarketplaceFacilitator,-24.37,-4.63,0,0,0,0,0,0,4.63,3.48,0,0,0,-20.89,0,0
15.01.2026 15:47:48 UTC,26246931992,Bestellung,304-8921220-6418752,XS04-Fang,PURPLEBIRD Jagdmesser Feststehende Klinge Messer Outdoor Bushcraft Survival Messer mit G10 Griff Kydex Holster Full Tang Camping Messer,1,amazon.de,Amazon,Hamburg,,22145,MarketplaceFacilitator,28.56,5.43,0,0,0,0,0,0,-5.43,-4.42,-3.04,0,0,21.1,0,0
15.01.2026 16:08:03 UTC,26246931992,Bestellung,305-6947770-7733951,CZ002-XXL,PURPLEBIRD Grillspachtel Set aus Edelstahl. Plancha Spachtels Set mit Gro? Grillwender f¨¹r Smash Burger. Grill Geschenke f¨¹r M?nner,1,amazon.de,Amazon,Ybbsitz,,3341,MarketplaceFacilitator,17.24,3.45,1.11,0.22,0,0,-1.11,-0.22,-3.45,-3.08,-4.08,0,0,10.08,0,0
15.01.2026 17:47:34 UTC,26246931992,Bestellung,302-1125259-1661139,OMFK-B01,PURPLEBIRD Schwarzes Camping Messer aus Kohlenstoffstahl. Hohe H?rte und Sch?rfe. Outdoor Messer mit Messerscheide aus Ebenholz f¨¹r die Jagd. Wande,1,amazon.de,Amazon,halle/saale,Sachsen-Anhalt,06124,MarketplaceFacilitator,28.56,5.43,3.35,0.64,0,0,0,0,-6.07,-4.42,-6.39,0,0,21.1,0,0
15.01.2026 18:06:17 UTC,26246931992,Bestellung,304-2326152-8182747,GK02,PURPLE BIRD GK02 Gefl¨¹gelschere K¨¹chenschere Profi. 4mm Edelstahl Knochenschere mit Sicherheitsschloss & Federbelastung. 103¡ã Schneidwinkel f¨¹r Fl,1,amazon.de,Amazon,Riedstadt,,64560,MarketplaceFacilitator,22.68,4.31,0,0,0,0,0,0,-4.31,-4.05,-3.04,0,0,15.59,0,0
15.01.2026 18:06:58 UTC,26246931992,Bestellung,028-3883317-7552347,CZ005-Grillset,PURPLEBIRD Grillbesteckset 5-TLG. Profi Edelstahl Gril Zubeh?r Werkzeug Set. Tragetasche mit Sch¨¹rzenfunktion. Top Grillbesteck-Set mit Holzgriff. I,1,amazon.de,Amazon,Nordwalde,,48356,MarketplaceFacilitator,22.18,4.21,0,0,0,0,0,0,-4.21,-3.96,-4.75,0,0,13.47,0,0
15.01.2026 18:25:24 UTC,26246931992,Bestellung,304-2835490-5005920,GK02,PURPLE BIRD GK02 Gefl¨¹gelschere K¨¹chenschere Profi. 4mm Edelstahl Knochenschere mit Sicherheitsschloss & Federbelastung. 103¡ã Schneidwinkel f¨¹r Fl,1,amazon.de,Amazon,Hannover,,30161,MarketplaceFacilitator,22.68,4.31,0.48,0.09,0,0,-0.48,-0.09,-4.31,-4.05,-3.04,0,0,15.59,0,0
15.01.2026 19:38:13 UTC,26246931992,Bestellung,302-1035705-5444336,CZ002-XXL,PURPLEBIRD Grillspachtel Set aus Edelstahl. Plancha Spachtels Set mit Gro? Grillwender f¨¹r Smash Burger. Grill Geschenke f¨¹r M?nner,1,amazon.de,Amazon,pressath,bayern,92690,MarketplaceFacilitator,17.24,3.27,0,0,0,0,0,0,-3.27,-3.08,-4.08,0,0,10.08,0,0
15.01.2026 19:52:38 UTC,26246931992,Bestellung,303-0623983-2673966,KF015-Chudao,PURPLEBIRD Geschmiedetes Kochmesser. Profi-K¨¹chenmesser. Fleischermesser mit Holzgriff. Scharfes K¨¹chenmesser. Full Tang Grillmesser f¨¹r K¨¹che Cam,1,amazon.de,Amazon,Altfraunhofen,,84169,MarketplaceFacilitator,30.25,5.75,0,0,0,0,0,0,-5.75,-5.4,-4.08,0,0,20.77,0,0
15.01.2026 20:12:11 UTC,26246931992,Bestellung,305-1603857-6629955,GK02,PURPLE BIRD GK02 Gefl¨¹gelschere K¨¹chenschere Profi. 4mm Edelstahl Knochenschere mit Sicherheitsschloss & Federbelastung. 103¡ã Schneidwinkel f¨¹r Fl,1,amazon.de,Amazon,markt bibart,,91477,MarketplaceFacilitator,22.68,4.31,0,0,0,0,0,0,-4.31,-4.05,-3.04,0,0,15.59,0,0
15.01.2026 20:15:48 UTC,26246931992,Bestellung,028-4475562-3153932,HWD02-ZNO,PURPLEBIRD Outdoor Messer. Jagdmesser Feststehende Klinge. 440C Edelstahl Bushcraft Camping Messer. Full Tang Scharfe Survival Messer mit Holster (24c,1,amazon.de,Amazon,Schwarzenbek,,21493,MarketplaceFacilitator,23.29,4.42,0,0,0,0,0,0,-4.42,-3.6,-3.04,0,0,16.65,0,0
15.01.2026 20:27:05 UTC,26246931992,Bestellung,303-5554983-1947521,CZ002-XXL,PURPLEBIRD Grillspachtel Set aus Edelstahl. Plancha Spachtels Set mit Gro? Grillwender f¨¹r Smash Burger. Grill Geschenke f¨¹r M?nner,1,amazon.de,Amazon,Hannover,,30169,MarketplaceFacilitator,17.24,3.27,0,0,0,0,0,0,-3.27,-3.08,-4.08,0,0,10.08,0,0
15.01.2026 20:31:58 UTC,26246931992,Bestellung,305-6276460-5429927,CZ-Axt2,PURPLEBIRD Axt Beil mit Scheide 37.8cm Spaltaxt f¨¹r Holz Handgeschmiedet Handbeil mit Ergonomischer Holzgriff Survival Axt Camping Axt Outdoor Bushcr,1,amazon.de,Amazon,V?cklabruck,Ober?sterreich,4840,MarketplaceFacilitator,16.8,3.36,0,0,0,0,0,0,-3.36,-3,-4.62,0,0,9.18,0,0
15.01.2026 20:35:04 UTC,26246931992,Bestellung,305-5208180-6367543,BBQW-ZNO,PURPLEBIRD 31-teiliges Edelstahl Grillzubeh?r Set - Premium BBQ Grillbesteck f¨¹r M?nner & Frauen mit Tragetasche. Grillmatte Garten. Camping & Gebu,1,amazon.de,Amazon,Lafnitz,,8233,MarketplaceFacilitator,33.61,6.72,0,0,0,0,0,0,-6.72,-6,-5.2,0,0,22.41,0,0
15.01.2026 20:51:20 UTC,26246931992,Bestellung,304-0147719-0732321,CZ008-Brush,PURPLEBIRD BBQ-Grillb¨¹rste 3 in 1 f¨¹r Gussrost. Edelstahl. lange Holzgriff. Ersatzb¨¹rste,1,amazon.de,Amazon,Mallnitz,,9822,MarketplaceFacilitator,14.31,2.86,0,0,0,0,0,0,-2.86,-2.21,-4.08,0,0,8.02,0,0
15.01.2026 21:05:41 UTC,26246931992,Bestellung,303-2602712-4233164,HWD02-ZNO,PURPLEBIRD Outdoor Messer. Jagdmesser Feststehende Klinge. 440C Edelstahl Bushcraft Camping Messer. Full Tang Scharfe Survival Messer mit Holster (24c,1,amazon.de,Amazon,Neustadt an der Weinstrasse,,67433,MarketplaceFacilitator,22.18,4.21,0,0,0,0,0,0,-4.21,-3.43,-3.04,0,0,15.71,0,0
15.01.2026 21:35:58 UTC,26246931992,Bestellung,028-8737510-2007513,CZ002-SetA,PURPLEBIRD Burger-Set (3-TLG.) aus Edelstahl inkl. Burgerpresse. 2 Grillspachtels. Burger Spachtel Set mit Gro? Grillwender und Burger Smasher aus Ed,1,amazon.de,Amazon,Neu-anspach,,61267,MarketplaceFacilitator,24.19,4.6,0,0,0,0,0,0,-4.6,-4.32,-4.75,0,0,15.12,0,0
15.01.2026 22:42:33 UTC,26246931992,Bestellung,303-9341737-7609160,CZ007-Burgerpresse,PURPLEBIRD Schwerlast Burger Smasher Gusseisen (?17.7cm) | 1kg Profi-Grillgewicht f¨¹r gleichm??ige Br?unung | Smash Burger Presse f¨¹r Gasgrill.,1,amazon.de,Amazon,Suhlendorf,Niedersachsen,29562,MarketplaceFacilitator,12.77,2.43,0,0,0,0,0,0,-2.43,-2.28,-4.49,0,0,6,0,0
15.01.2026 22:52:20 UTC,26246931992,Bestellung,028-9039014-3668320,GSGD-ZNO,PURPLEBIRD Grill Schaber f¨¹r Flachgrills mit 6-Zoll-Edelstahlklinge & Ergonomischem Aluminiumgriff Grillschaber f¨¹r Gastronomie. Haushalt und Gewerb,1,amazon.de,Amazon,Schwechat,,2320,,20.16,0,0,0,0,0,0,0,0,-3.12,-5.2,0,0,11.84,0,0
15.01.2026 22:59:38 UTC,26246931992,Bestellung,028-3315209-8913936,KF014-OutdoorA,PURPLEBIRD Jagdmesser Feststehende Klinge Scharfes. Messer Outdoor Survival mit Lederscheide. D2 Stahl G¨¹rtelmesser & Camping Messer Outdoor Geschenk,1,amazon.de,Amazon,Babenhausen,Hessen,64832,MarketplaceFacilitator,24.28,4.61,0,0,0,0,0,0,-4.61,-3.76,-3.04,0,0,17.48,0,0
15.01.2026 23:18:54 UTC,26246931992,Bestellung,028-2732828-1902734,BBQW-ZNO,PURPLEBIRD 31-teiliges Edelstahl Grillzubeh?r Set - Premium BBQ Grillbesteck f¨¹r M?nner & Frauen mit Tragetasche. Grillmatte Garten. Camping & Gebu,1,amazon.de,Amazon,T¨¹bingen,,72074,MarketplaceFacilitator,33.61,6.38,0.55,0.11,0,0,-0.55,-0.11,-6.38,-6,-5.2,0,0,22.41,0,0
15.01.2026 23:19:47 UTC,26246931992,Bestellung,306-6285652-4348304,PB-OK-02,PURPLEBIRD Outdoor Messer. Machete Scharf Echt mit 6MM Klingenr¨¹cken. Full Tang Bowiemesser mit Scheide. f¨¹r Wandern & Bushcraft. Geschenke f¨¹r M?,1,amazon.de,Amazon,L¨¹beck,Schleswig-Holstein,23558,MarketplaceFacilitator,32.85,6.24,4.19,0.8,0,0,-4.19,-0.8,-6.24,-5.08,-5.27,0,0,22.5,0,0
15.01.2026 23:21:55 UTC,26246931992,Bestellung,304-4675800-8374755,CZ-Axt2,PURPLEBIRD Axt Beil mit Scheide 37.8cm Spaltaxt f¨¹r Holz Handgeschmiedet Handbeil mit Ergonomischer Holzgriff Survival Axt Camping Axt Outdoor Bushcr,1,amazon.de,Amazon,Dietzenbach,,63128,MarketplaceFacilitator,17.64,3.35,0,0,0,0,0,0,-3.35,-3.15,-4.62,0,0,9.87,0,0
15.01.2026 23:22:21 UTC,26246931992,Bestellung,028-9637180-8549165,HS03-SilverStraight2,PURPLEBIRD Haarschere Friseurschere 6 Inch Effilierschere Scharfe Haarschneideschere Japanischer Edelstahl 440C f¨¹r Damen und Herren Haarschere,1,amazon.de,Amazon,Wien,,1220,MarketplaceFacilitator,16.8,3.36,1.67,0.33,0,0,-1.67,-0.33,-3.36,-3,-2.57,0,0,11.23,0,0
15.01.2026 23:33:19 UTC,26246931992,Bestellung,302-7120717-7943516,CZ002-XXL,PURPLEBIRD Grillspachtel Set aus Edelstahl. Plancha Spachtels Set mit Gro? Grillwender f¨¹r Smash Burger. Grill Geschenke f¨¹r M?nner,1,amazon.de,Amazon,Linden,,35440,MarketplaceFacilitator,17.24,3.27,0,0,0,0,0,0,-3.27,-3.08,-4.08,0,0,10.08,0,0
15.01.2026 23:44:59 UTC,26246931992,Bestellung,305-4562815-2044357,CZ007-BurgerA,PURPLEBIRD Burgerglocke & Burger Smasher Set. Edelstahl Burgerglocke (? 20cm) mit Schwerlast Gusseisen Burgerpresse (? 17.7cm) Griddle Zubeh?r Set,1,amazon.de,Amazon,Neresheim,,73450,MarketplaceFacilitator,22.34,4.24,0,0,0,0,0,0,-4.24,-3.99,-5.05,0,0,13.3,0,0
15.01.2026 23:45:30 UTC,26246931992,Bestellung,306-9520816-0139532,CZ005-Grillset,PURPLEBIRD Grillbesteckset 5-TLG. Profi Edelstahl Gril Zubeh?r Werkzeug Set. Tragetasche mit Sch¨¹rzenfunktion. Top Grillbesteck-Set mit Holzgriff. I,1,amazon.de,Amazon,M¨¹nchen,,81927,MarketplaceFacilitator,21.03,4,0,0,0,0,0,0,-4,-3.75,-4.75,0,0,12.53,0,0
16.01.2026 00:25:44 UTC,26246931992,Bestellung,304-0755221-6896315,HS-RoseGold-Set,PURPLEBIRD Friseurscheren Profi. Haarschere Friseurschere Set aus Edelstahl Haarschneideschere und Effilierschere f¨¹r Barbier/Friseur/Anf?nger 10 St,1,amazon.de,Amazon,Berlin,Berlin,10367,MarketplaceFacilitator,25.2,4.79,0,0,0,0,0,0,-4.79,-4.5,-3.04,0,0,17.66,0,0
16.01.2026 03:20:32 UTC,26246931992,Geb¨¹hren von Amazon,257700d4-f171-464b-8b80-c4cab5738e84,,Coupon-Teilnahmegeb¨¹hr,,Amazon.de,,,,,,0,0,0,0,0,0,0,0,0,-4,0,0,0,-4,0,0
16.01.2026 03:38:23 UTC,26246931992,Bestellung,306-9918570-6008363,BBQW-ZNO,PURPLEBIRD 31-teiliges Edelstahl Grillzubeh?r Set - Premium BBQ Grillbesteck f¨¹r M?nner & Frauen mit Tragetasche. Grillmatte Garten. Camping & Gebu,1,amazon.de,Amazon,Hainichen,,09661,MarketplaceFacilitator,24.78,4.71,0,0,0,0,0,0,-4.71,-4.42,-5.2,0,0,15.16,0,0
16.01.2026 04:13:25 UTC,26246931992,Bestellung,306-4095179-0437905,CZ007-Burgerpresse,PURPLEBIRD Schwerlast Burger Smasher Gusseisen (?17.7cm) | 1kg Profi-Grillgewicht f¨¹r gleichm??ige Br?unung | Smash Burger Presse f¨¹r Gasgrill.,1,amazon.de,Amazon,Bremen,Bremen,28359,MarketplaceFacilitator,15.97,3.03,0,0,0,0,0,0,-3.03,-2.85,-4.49,0,0,8.63,0,0
16.01.2026 04:32:29 UTC,26246931992,Liquidationen,90401932608552,X002G743SD,PURPLEBIRD Friseurscheren Profi. Haarschere Friseurschere Set aus Edelstahl Haarschneideschere und Effilierschere f¨¹r Barbier/Friseur/Anf?nger 10 St¨¹ck Schwarz,1,,,,,,,2.57,0,0,0,0,0,0,0,0,0,0,-0.77,0,1.8,0,0
16.01.2026 07:28:38 UTC,26246931992,Bestellung,304-9259265-4907545,CZ003-Wood,PURPLEBIRD Burgerpresse. 10.8cm Aluguss Burger Pattie Presse mit Antihaft. 3 Stufen der Dicke einstellbar. Professioneller Hamburgerpresse mit Holzgri,1,amazon.de,Amazon,Wien,,1040,MarketplaceFacilitator,23.52,4.7,0,0,0,0,0,0,-4.7,-4.2,-3.84,0,0,15.48,0,0
16.01.2026 07:53:43 UTC,26246931992,Bestellung,302-8371618-3989956,CZ002-SetA,PURPLEBIRD Burger-Set (3-TLG.) aus Edelstahl inkl. Burgerpresse. 2 Grillspachtels. Burger Spachtel Set mit Gro? Grillwender und Burger Smasher aus Ed,1,amazon.de,Amazon,Paldau,Steiermark,8341,MarketplaceFacilitator,22.98,4.6,0,0,0,0,0,0,-4.6,-4.1,-4.75,0,0,14.13,0,0
16.01.2026 08:41:33 UTC,26246931992,Bestellung,304-5827858-2661127,KF014-OutdoorA,PURPLEBIRD Jagdmesser Feststehende Klinge Scharfes. Messer Outdoor Survival mit Lederscheide. D2 Stahl G¨¹rtelmesser & Camping Messer Outdoor Geschenk,1,amazon.de,Amazon,Schwarzach,Bayern,94374,MarketplaceFacilitator,24.28,4.61,0,0,0,0,0,0,-4.61,-3.76,-3.04,0,0,17.48,0,0
16.01.2026 13:13:58 UTC,26246931992,Bestellung,303-6754979-4089121,KP40-P,PURPLEBIRD Klappmesser aus rostfreiem Qualit?tsstahl mit Carbonfaser-Griff.Sicherheitsverriegelung.Rutschfester Griff.Flach & kompakt f¨¹r Camping &,1,amazon.de,Amazon,Fuchstal,,86925,MarketplaceFacilitator,17.64,3.35,0,0,0,0,0,0,-3.35,-2.73,-3.04,0,0,11.87,0,0
16.01.2026 15:03:06 UTC,26246931992,Erstattung,028-8639359-2417900,CZ002-XXL,PURPLEBIRD Grillspachtel Set aus Edelstahl. Plancha Spachtels Set mit Gro? Grillwender f¨¹r Smash Burger. Grill Geschenke f¨¹r M?nner,1,amazon.de,Amazon,J¨¹chen,,41363,MarketplaceFacilitator,-17.24,-3.27,-1.67,-0.32,0,0,1.67,0.32,3.27,2.46,0,0,0,-14.78,0,0
16.01.2026 15:56:56 UTC,26246931992,Bestellung,304-3888694-2601915,HWD02-ZNO,PURPLEBIRD Outdoor Messer. Jagdmesser Feststehende Klinge. 440C Edelstahl Bushcraft Camping Messer. Full Tang Scharfe Survival Messer mit Holster (24c,1,amazon.de,Amazon,Pirmasens,,66955,MarketplaceFacilitator,23.29,4.42,0,0,0,0,0,0,-4.42,-3.6,-3.04,0,0,16.65,0,0
16.01.2026 16:02:02 UTC,26246931992,Bestellung,028-5572900-3058747,HS-Black-Set,PURPLEBIRD Friseurscheren Profi. Haarschere Friseurschere Set aus Edelstahl Haarschneideschere und Effilierschere f¨¹r Barbier/Friseur/Anf?nger 10 St,1,amazon.de,Amazon,Hagen,,58119,MarketplaceFacilitator,25.2,4.79,0,0,0,0,-3.78,-0.72,-4.07,-3.82,-2.78,0,0,14.82,0,0
16.01.2026 16:10:55 UTC,26246931992,Versand durch Amazon Lagergeb¨¹hr,305-3366913-5485148,,Versand durch Amazon Geb¨¹hr f¨¹r Entsorgung,,Amazon.de,,,,,,0,0,0,0,0,0,0,0,0,0,0,0,-1.19,-1.19,0,0
16.01.2026 16:17:36 UTC,26246931992,Bestellung,303-1467243-0069906,GK02,PURPLE BIRD GK02 Gefl¨¹gelschere K¨¹chenschere Profi. 4mm Edelstahl Knochenschere mit Sicherheitsschloss & Federbelastung. 103¡ã Schneidwinkel f¨¹r Fl,1,amazon.de,Amazon,Neustadt An Der Weinstra?e,,67435,MarketplaceFacilitator,17.85,3.39,0,0,0,0,0,0,-3.39,-3.19,-3.04,0,0,11.62,0,0
16.01.2026 16:48:28 UTC,26246931992,Bestellung,028-8639359-2417900,CZ002-XXL,PURPLEBIRD Grillspachtel Set aus Edelstahl. Plancha Spachtels Set mit Gro? Grillwender f¨¹r Smash Burger. Grill Geschenke f¨¹r M?nner,1,amazon.de,Amazon,J¨¹chen,,41363,MarketplaceFacilitator,17.24,3.27,1.67,0.32,0,0,-1.67,-0.32,-3.27,-3.08,-4.08,0,0,10.08,0,0
16.01.2026 17:00:19 UTC,26246931992,Bestellung,028-5119252-1109953,CZ003-Wood,PURPLEBIRD Burgerpresse. 10.8cm Aluguss Burger Pattie Presse mit Antihaft. 3 Stufen der Dicke einstellbar. Professioneller Hamburgerpresse mit Holzgri,1,amazon.de,Amazon,Sankt Peter -Freienstein,Steiermark,8792,MarketplaceFacilitator,23.52,4.7,0,0,0,0,-11.76,-2.35,-2.35,-2.12,-3.84,0,0,5.8,0,0
16.01.2026 17:01:05 UTC,26246931992,Bestellung,303-4804056-6405142,HWD02-ZNO,PURPLEBIRD Outdoor Messer. Jagdmesser Feststehende Klinge. 440C Edelstahl Bushcraft Camping Messer. Full Tang Scharfe Survival Messer mit Holster (24c,1,amazon.de,Amazon,Siegburg,,53721,MarketplaceFacilitator,23.29,4.42,0,0,0,0,0,0,-4.42,-3.6,-3.04,0,0,16.65,0,0
16.01.2026 17:02:28 UTC,26246931992,Bestellung,302-6722108-3542763,KF012-Fudao,PURPLEBIRD Camping Axt Outdoor Messer Set. Feststehend Jagdmesser Survival Messer und Spaltaxt Sch?rfe Camping Beil mit Geschenkbox,1,amazon.de,Amazon,Middelfart,,5500,MarketplaceFacilitator,29.57,7.39,0,0,0,0,-5.91,-1.48,-5.91,-4.44,-4.75,0,0,14.47,0,0
16.01.2026 17:06:29 UTC,26246931992,Anpassung,304-4578151-6867531,HS02-StripingBlack-Thinning,Versand durch Amazon Erstattung f¨¹r Lagerbestand - Kundenr¨¹cksendung,1,,,,,,,0,0,0,0,0,0,0,0,0,0,0,0,18.13,18.13,0,0
16.01.2026 17:35:06 UTC,26246931992,Bestellung,304-1521946-5957157,HWD02-ZNO,PURPLEBIRD Outdoor Messer. Jagdmesser Feststehende Klinge. 440C Edelstahl Bushcraft Camping Messer. Full Tang Scharfe Survival Messer mit Holster (24c,1,amazon.de,Amazon,Nattheim,,89564,MarketplaceFacilitator,22.18,4.21,3.35,0.64,0,0,0,0,-4.85,-3.43,-6.39,0,0,15.71,0,0
16.01.2026 17:41:07 UTC,26246931992,Bestellung,306-8581223-8123512,HWD02-ZNO,PURPLEBIRD Outdoor Messer. Jagdmesser Feststehende Klinge. 440C Edelstahl Bushcraft Camping Messer. Full Tang Scharfe Survival Messer mit Holster (24c,1,amazon.de,Amazon,Jestetten,,79798,MarketplaceFacilitator,22.18,4.21,3.35,0.64,0,0,0,0,-4.85,-3.43,-6.39,0,0,15.71,0,0
16.01.2026 17:52:53 UTC,26246931992,Bestellung,302-5489529-2378703,CZ003-Wood,PURPLEBIRD Burgerpresse. 10.8cm Aluguss Burger Pattie Presse mit Antihaft. 3 Stufen der Dicke einstellbar. Professioneller Hamburgerpresse mit Holzgri,1,amazon.de,Amazon,Gieboldehausen,,37434,MarketplaceFacilitator,23.52,4.47,0,0,0,0,-9.41,-1.79,-2.68,-2.52,-3.84,0,0,7.75,0,0
16.01.2026 17:58:41 UTC,26246931992,Bestellung,305-5111863-8733116,CZ002-SetA,PURPLEBIRD Burger-Set (3-TLG.) aus Edelstahl inkl. Burgerpresse. 2 Grillspachtels. Burger Spachtel Set mit Gro? Grillwender und Burger Smasher aus Ed,1,amazon.de,Amazon,Bremen,,28201,MarketplaceFacilitator,24.19,4.6,0.38,0.07,0,0,-0.38,-0.07,-4.6,-4.32,-4.75,0,0,15.12,0,0
16.01.2026 18:37:57 UTC,26246931992,Bestellung,302-9646856-6505910,BBQW-ZNO,PURPLEBIRD 31-teiliges Edelstahl Grillzubeh?r Set - Premium BBQ Grillbesteck f¨¹r M?nner & Frauen mit Tragetasche. Grillmatte Garten. Camping & Gebu,1,amazon.de,Amazon,Stadtlohn,,48703,MarketplaceFacilitator,42.01,7.98,0,0,0,0,-15.13,-2.87,-5.11,-4.8,-5.2,0,0,16.88,0,0
16.01.2026 18:39:27 UTC,26246931992,Bestellung,302-5243576-7979539,PB-OK-02,PURPLEBIRD Outdoor Messer. Machete Scharf Echt mit 6MM Klingenr¨¹cken. Full Tang Bowiemesser mit Scheide. f¨¹r Wandern & Bushcraft. Geschenke f¨¹r M?,1,amazon.de,Amazon,Bad W¨¹nnenberg,,33181,MarketplaceFacilitator,32.85,6.24,3.35,0.64,0,0,-3.35,-0.64,-6.24,-5.08,-5.27,0,0,22.5,0,0
16.01.2026 19:02:50 UTC,26246931992,Bestellung,302-2416040-9800328,CZ002-SetA,PURPLEBIRD Burger-Set (3-TLG.) aus Edelstahl inkl. Burgerpresse. 2 Grillspachtels. Burger Spachtel Set mit Gro? Grillwender und Burger Smasher aus Ed,1,amazon.de,Amazon,K?ln,,50859,MarketplaceFacilitator,24.19,4.6,0,0,0,0,0,0,-4.6,-4.32,-4.75,0,0,15.12,0,0
16.01.2026 19:12:41 UTC,26246931992,Bestellung,028-0331669-1027573,CZ003-Wood,PURPLEBIRD Burgerpresse. 10.8cm Aluguss Burger Pattie Presse mit Antihaft. 3 Stufen der Dicke einstellbar. Professioneller Hamburgerpresse mit Holzgri,1,amazon.de,Amazon,Biburg,,93354,MarketplaceFacilitator,23.52,4.47,0,0,0,0,-9.41,-1.79,-2.68,-2.52,-3.84,0,0,7.75,0,0
16.01.2026 20:11:41 UTC,26246931992,Bestellung,303-8530628-1566742,KF015-Fish6,PURPLEBIRD Filetiermesser f¨¹r Fisch 15 CM mit Scheide. 440C Edelstahl Fischmesser zum Schneiden von Fleisch mit Holzgriff. Filetiermesser Fisch K¨¹ch,1,amazon.de,Amazon,Zagreb,Grad Zagreb,,MarketplaceFacilitator,22.13,5.53,1.83,0.46,0,0,-1.83,-0.46,-5.53,-3.95,-3.04,0,0,15.14,0,0
16.01.2026 20:27:49 UTC,26246931992,Bestellung,028-1807111-0749960,HWD02-ZNO,PURPLEBIRD Outdoor Messer. Jagdmesser Feststehende Klinge. 440C Edelstahl Bushcraft Camping Messer. Full Tang Scharfe Survival Messer mit Holster (24c,4,amazon.de,Amazon,D¨¹sseldorf,NRW,40470,MarketplaceFacilitator,93.16,17.68,0,0,0,0,0,0,-17.68,-14.4,-12.16,0,0,66.6,0,0
16.01.2026 20:33:10 UTC,26246931992,Bestellung,302-3122906-5015507,HWD02-ZNO,PURPLEBIRD Outdoor Messer. Jagdmesser Feststehende Klinge. 440C Edelstahl Bushcraft Camping Messer. Full Tang Scharfe Survival Messer mit Holster (24c,1,amazon.de,Amazon,Arnstadt,Th¨¹ringen,99310,,23.29,4.42,0,0,0,0,0,0,0,-3.6,-3.04,0,0,21.07,0,0
16.01.2026 20:35:14 UTC,26246931992,Bestellung,303-1778158-1260350,CZ002-XXL,PURPLEBIRD Grillspachtel Set aus Edelstahl. Plancha Spachtels Set mit Gro? Grillwender f¨¹r Smash Burger. Grill Geschenke f¨¹r M?nner,1,amazon.de,Amazon,Rheine,,48432,MarketplaceFacilitator,17.24,3.27,0,0,0,0,0,0,-3.27,-3.08,-4.08,0,0,10.08,0,0
16.01.2026 20:43:51 UTC,26246931992,Bestellung,028-7917225-9701105,CZ002-XXL,PURPLEBIRD Grillspachtel Set aus Edelstahl. Plancha Spachtels Set mit Gro? Grillwender f¨¹r Smash Burger. Grill Geschenke f¨¹r M?nner,1,amazon.de,Amazon,Rostock,,18057,MarketplaceFacilitator,17.24,3.27,0,0,0,0,0,0,-3.27,-3.08,-4.08,0,0,10.08,0,0
16.01.2026 21:13:44 UTC,26246931992,Bestellung,305-3994129-0890737,HS-RoseGold-Set,PURPLEBIRD Friseurscheren Profi. Haarschere Friseurschere Set aus Edelstahl Haarschneideschere und Effilierschere f¨¹r Barbier/Friseur/Anf?nger 10 St,1,amazon.de,Amazon,Geisenhausen,,84144,MarketplaceFacilitator,21.42,4.07,0,0,0,0,0,0,-4.07,-3.82,-3.04,0,0,14.56,0,0
16.01.2026 21:29:24 UTC,26246931992,Bestellung,303-3335352-3707524,KP40-P,PURPLEBIRD Klappmesser aus rostfreiem Qualit?tsstahl mit Carbonfaser-Griff.Sicherheitsverriegelung.Rutschfester Griff.Flach & kompakt f¨¹r Camping &,1,amazon.de,Amazon,M¨¹nster (hessen),,64839,MarketplaceFacilitator,14.11,2.68,1.68,0.32,0,0,-1.68,-0.32,-2.68,-2.18,-2.65,0,0,9.28,0,0
16.01.2026 21:30:15 UTC,26246931992,Bestellung,302-8431354-4420366,CZ002-XXL,PURPLEBIRD Grillspachtel Set aus Edelstahl. Plancha Spachtels Set mit Gro? Grillwender f¨¹r Smash Burger. Grill Geschenke f¨¹r M?nner,1,amazon.de,Amazon,Korb,Baden-W¨¹rttemberg,71404,MarketplaceFacilitator,17.24,3.27,0,0,0,0,0,0,-3.27,-3.08,-4.08,0,0,10.08,0,0
16.01.2026 21:31:40 UTC,26246931992,Bestellung,306-0938013-8825961,HWD02-ZNO,PURPLEBIRD Outdoor Messer. Jagdmesser Feststehende Klinge. 440C Edelstahl Bushcraft Camping Messer. Full Tang Scharfe Survival Messer mit Holster (24c,1,amazon.de,Amazon,wunstorf,Niedersachsen,31515,MarketplaceFacilitator,23.29,4.42,0,0,0,0,0,0,-4.42,-3.6,-3.04,0,0,16.65,0,0
16.01.2026 21:54:10 UTC,26246931992,Bestellung,304-1775025-6819514,CZ005-Grillset,PURPLEBIRD Grillbesteckset 5-TLG. Profi Edelstahl Gril Zubeh?r Werkzeug Set. Tragetasche mit Sch¨¹rzenfunktion. Top Grillbesteck-Set mit Holzgriff. I,1,amazon.de,Amazon,Silkeborg,Midtjylland,8600,MarketplaceFacilitator,21.03,5.26,2.42,0.6,0,0,-2.42,-0.6,-5.26,-3.75,-4.75,0,0,12.53,0,0
16.01.2026 21:56:02 UTC,26246931992,Bestellung,302-0876129-7488317,CZ002-SetA,PURPLEBIRD Burger-Set (3-TLG.) aus Edelstahl inkl. Burgerpresse. 2 Grillspachtels. Burger Spachtel Set mit Gro? Grillwender und Burger Smasher aus Ed,1,amazon.de,Amazon,Gamlitz,,8462,MarketplaceFacilitator,22.98,4.6,0,0,0,0,0,0,-4.6,-4.1,-4.75,0,0,14.13,0,0
16.01.2026 21:56:11 UTC,26246931992,Bestellung,302-6272896-0149946,PS-7.0''DownCurvedThinning,PURPLEBIRD Fellschere 7 Inch Gebogene Hundeschere. Katzenschere. Effilierschere Hundescheren zur Fellpflege f¨¹r alle Hunde Katze. Schneiden und Groom,1,amazon.de,Amazon,Mainz,,55124,MarketplaceFacilitator,40.71,7.73,0,0,0,0,0,0,-7.73,-7.27,-2.57,0,0,30.87,0,0
16.01.2026 21:57:35 UTC,26246931992,Bestellung,304-9866507-6959556,GK02,PURPLE BIRD GK02 Gefl¨¹gelschere K¨¹chenschere Profi. 4mm Edelstahl Knochenschere mit Sicherheitsschloss & Federbelastung. 103¡ã Schneidwinkel f¨¹r Fl,1,amazon.de,Amazon,Berlin,,13409,MarketplaceFacilitator,22.68,4.31,0,0,0,0,0,0,-4.31,-4.05,-3.04,0,0,15.59,0,0
16.01.2026 23:07:55 UTC,26246931992,Erstattung,302-6272896-0149946,PS-7.0''DownCurvedThinning,PURPLEBIRD Fellschere 7 Inch Gebogene Hundeschere. Katzenschere. Effilierschere Hundescheren zur Fellpflege f¨¹r alle Hunde Katze. Schneiden und Groom,1,amazon.de,Amazon,Mainz,,55124,MarketplaceFacilitator,-40.71,-7.73,0,0,0,0,0,0,7.73,5.82,0,0,0,-34.89,0,0
16.01.2026 23:40:23 UTC,26246931992,Bestellung,028-5900876-8264317,CZ002-XXL,PURPLEBIRD Grillspachtel Set aus Edelstahl. Plancha Spachtels Set mit Gro? Grillwender f¨¹r Smash Burger. Grill Geschenke f¨¹r M?nner,1,amazon.de,Amazon,Duisburg,,47138,MarketplaceFacilitator,17.24,3.27,0,0,0,0,0,0,-3.27,-3.08,-4.08,0,0,10.08,0,0
17.01.2026 00:00:43 UTC,26246931992,Bestellung,305-8153394-6271555,HWD02-ZNO,PURPLEBIRD Outdoor Messer-Jagdmesser Feststehende klinge.Bushcraft Camping Messer.Scharfe Survival Messer mit Holster Full Tang G¨¹rtelmesser (24cm Kl,1,amazon.de,Amazon,Neuruppin,,16816,MarketplaceFacilitator,22.18,4.21,0,0,0,0,0,0,-4.21,-3.43,-3.04,0,0,15.71,0,0
17.01.2026 00:26:05 UTC,26246931992,Bestellung,302-1708014-6086754,PB-OK-02,PURPLEBIRD Outdoor Messer. Machete Scharf Echt mit 6MM Klingenr¨¹cken. Full Tang Bowiemesser mit Scheide. f¨¹r Wandern & Bushcraft. Geschenke f¨¹r M?,1,amazon.de,Amazon,Tannenberg,,09468,MarketplaceFacilitator,32.85,6.24,3.35,0.64,0,0,-3.35,-0.64,-6.24,-5.08,-5.27,0,0,22.5,0,0
17.01.2026 02:48:14 UTC,26246931992,Geb¨¹hren von Amazon,2fdb4520-6944-4237-80f5-dee4036757df,,Leistungsbasierte Angebotsgeb¨¹hr,,Amazon.de,,,,,,0,0,0,0,0,0,0,0,0,-10.12,0,0,0,-10.12,0,0
17.01.2026 02:50:50 UTC,26246931992,Geb¨¹hren von Amazon,126f13c9-19a0-45ab-85ad-c1ba84c61721,,Teilnahmegeb¨¹hr f¨¹r das Angebot,,Amazon.de,,,,,,0,0,0,0,0,0,0,0,0,-56,0,0,0,-56,0,0
17.01.2026 02:52:35 UTC,26246931992,Geb¨¹hren von Amazon,3d9eb3ce-ffda-4088-a94f-41160b8fb152,,Leistungsbasierte Angebotsgeb¨¹hr,,Amazon.de,,,,,,0,0,0,0,0,0,0,0,0,-0.42,0,0,0,-0.42,0,0
17.01.2026 02:52:38 UTC,26246931992,Geb¨¹hren von Amazon,126f13c9-19a0-45ab-85ad-c1ba84c61721,,Leistungsbasierte Angebotsgeb¨¹hr,,Amazon.de,,,,,,0,0,0,0,0,0,0,0,0,-1.14,0,0,0,-1.14,0,0
17.01.2026 02:55:51 UTC,26246931992,Geb¨¹hren von Amazon,2fdb4520-6944-4237-80f5-dee4036757df,,Teilnahmegeb¨¹hr f¨¹r das Angebot,,Amazon.de,,,,,,0,0,0,0,0,0,0,0,0,-56,0,0,0,-56,0,0
17.01.2026 02:56:30 UTC,26246931992,Geb¨¹hren von Amazon,3d9eb3ce-ffda-4088-a94f-41160b8fb152,,Teilnahmegeb¨¹hr f¨¹r das Angebot,,Amazon.de,,,,,,0,0,0,0,0,0,0,0,0,-4,0,0,0,-4,0,0
17.01.2026 03:23:39 UTC,26246931992,Bestellung,302-3797878-6043527,HS03-Silver-Straight,PURPLEBIRD Haarschere Friseurschere 6 Inch Effilierschere Scharfe Haarschneideschere Japanischer Edelstahl 440C f¨¹r Damen und Herren Haarschere,1,amazon.de,Amazon,Duisburg,,47167,MarketplaceFacilitator,21,3.99,0,0,0,0,0,0,-3.99,-3.75,-2.57,0,0,14.68,0,0
17.01.2026 12:11:59 UTC,26246931992,Bestellung,302-4005712-2343522,GK02,PURPLE BIRD GK02 Gefl¨¹gelschere K¨¹chenschere Profi. 4mm Edelstahl Knochenschere mit Sicherheitsschloss & Federbelastung. 103¡ã Schneidwinkel f¨¹r Fl,1,amazon.de,Amazon,Unterhaching,,82008,MarketplaceFacilitator,22.68,4.31,1.12,0.21,0,0,-1.12,-0.21,-4.31,-4.05,-3.04,0,0,15.59,0,0
17.01.2026 13:10:18 UTC,26246931992,Bestellung,028-1650741-6508340,KF001-Wing,PURPLEBIRD Geschmiedetes Messer Scharfes Ausbeinmesser mit Holzgriff. Kochmesser mit Lederh¨¹lle Outdoor Messer,1,amazon.de,Amazon,Minden,,32427,MarketplaceFacilitator,32.76,6.23,0,0,0,0,0,0,-6.23,-5.85,-3.82,0,0,23.09,0,0
17.01.2026 13:17:10 UTC,26246931992,Bestellung,S02-8568238-4070361,GK02,PURPLE BIRD GK02 Gefl¨¹gelschere K¨¹chenschere Profi. 4mm Edelstahl fleischschere mit Sicherheitsschloss & Federbelastung. 103¡ã Schneidwinkel f¨¹r Fleisch. Gem¨¹se und Knochen. Rutschfester Griff,1,si-prod-marketplace-de.stores.amazon.de,Amazon,TRESNURAGHES,ORISTANO,09079,,0,0,0,0,0,0,0,0,0,0,-7.44,0,0,-7.44,0,0
17.01.2026 14:26:01 UTC,26246931992,Servicegeb¨¹hr,,,Werbekosten,,,,,,,,0,0,0,0,0,0,0,0,0,0,0,-518.37,0,-518.37,0,0
17.01.2026 14:28:31 UTC,26246931992,Bestellung,302-1856428-1685917,GK02,PURPLE BIRD GK02 Gefl¨¹gelschere K¨¹chenschere Profi. 4mm Edelstahl Knochenschere mit Sicherheitsschloss & Federbelastung. 103¡ã Schneidwinkel f¨¹r Fl,1,amazon.de,Amazon,SCHWANDORF,BAYERN,92421,MarketplaceFacilitator,22.68,4.31,0,0,0,0,0,0,-4.31,-4.05,-3.04,0,0,15.59,0,0
17.01.2026 14:31:07 UTC,26246931992,Bestellung,305-4101697-4005966,GK02,PURPLE BIRD GK02 Gefl¨¹gelschere K¨¹chenschere Profi. 4mm Edelstahl Knochenschere mit Sicherheitsschloss & Federbelastung. 103¡ã Schneidwinkel f¨¹r Fl,1,amazon.de,Amazon,Sch?nebeck (Elbe),Sachsen-Anhalt,39218,MarketplaceFacilitator,22.68,4.31,0,0,0,0,0,0,-4.31,-4.05,-3.04,0,0,15.59,0,0
17.01.2026 18:25:44 UTC,26246931992,Bestellung,303-0482631-5237115,KF015-Chudao,PURPLEBIRD Geschmiedetes Kochmesser. Profi-K¨¹chenmesser. Fleischermesser mit Holzgriff. Scharfes K¨¹chenmesser. Full Tang Grillmesser f¨¹r K¨¹che Cam,1,amazon.de,Amazon,Henfenfeld,Bayern,91239,MarketplaceFacilitator,30.25,5.75,1.67,0.32,0,0,-1.67,-0.32,-5.75,-5.4,-4.08,0,0,20.77,0,0
17.01.2026 18:31:10 UTC,26246931992,Bestellung,306-4119374-7632301,HWD02-ZNO,PURPLEBIRD Outdoor Messer. Jagdmesser Feststehende Klinge. 440C Edelstahl Bushcraft Camping Messer. Full Tang Scharfe Survival Messer mit Holster (24c,1,amazon.de,Amazon,Hinterzarten,,79856,MarketplaceFacilitator,23.29,4.42,1.12,0.21,0,0,-1.12,-0.21,-4.42,-3.6,-3.04,0,0,16.65,0,0
17.01.2026 19:33:05 UTC,26246931992,Bestellung,304-0686720-1986761,CZ003-Wood,PURPLEBIRD Burgerpresse. 10.8cm Aluguss Burger Pattie Presse mit Antihaft. 3 Stufen der Dicke einstellbar. Professioneller Hamburgerpresse mit Holzgri,1,amazon.de,Amazon,Bonn,,53115,MarketplaceFacilitator,23.52,4.47,0,0,0,0,-9.41,-1.79,-2.68,-2.52,-3.84,0,0,7.75,0,0
17.01.2026 20:23:09 UTC,26246931992,Bestellung,028-8787318-4541905,HS-KidRedStraight,PURPLEBIRD Haarschere Friseurschere 6-Zoll Edelstahl Sichere Runde Tipps Haarschneideschere Extra Professionelle Haarschnitt Schere f¨¹r Kinder. Perfe,1,amazon.de,Amazon,Mannheim,,68167,MarketplaceFacilitator,18.48,3.51,0,0,0,0,0,0,-3.51,-3.3,-3.69,0,0,11.49,0,0
17.01.2026 20:31:42 UTC,26246931992,Bestellung,303-5103039-4807525,CZ002-XXL,PURPLEBIRD Grillspachtel Set aus Edelstahl. Plancha Spachtels Set mit Gro? Grillwender f¨¹r Smash Burger. Grill Geschenke f¨¹r M?nner,1,amazon.de,Amazon,Wolfratshausen,,82515,MarketplaceFacilitator,17.24,3.27,0,0,0,0,0,0,-3.27,-3.08,-4.08,0,0,10.08,0,0
17.01.2026 20:35:49 UTC,26246931992,Bestellung,303-7855995-0408332,CZ002-SetA,PURPLEBIRD Burger-Set (3-TLG.) aus Edelstahl inkl. Burgerpresse. 2 Grillspachtels. Burger Spachtel Set mit Gro? Grillwender und Burger Smasher aus Ed,1,amazon.de,Amazon,Edewecht,,26188,MarketplaceFacilitator,24.19,4.6,0,0,0,0,0,0,-4.6,-4.32,-4.75,0,0,15.12,0,0
17.01.2026 20:45:45 UTC,26246931992,Bestellung,304-9888182-2724326,GK02,PURPLE BIRD GK02 Gefl¨¹gelschere K¨¹chenschere Profi. 4mm Edelstahl Knochenschere mit Sicherheitsschloss & Federbelastung. 103¡ã Schneidwinkel f¨¹r Fl,1,amazon.de,Amazon,Gaildorf,,74405,MarketplaceFacilitator,22.68,4.31,0,0,0,0,0,0,-4.31,-4.05,-3.04,0,0,15.59,0,0
17.01.2026 22:03:30 UTC,26246931992,Bestellung,304-0950839-7273910,GK02,PURPLE BIRD GK02 Gefl¨¹gelschere K¨¹chenschere Profi. 4mm Edelstahl Knochenschere mit Sicherheitsschloss & Federbelastung. 103¡ã Schneidwinkel f¨¹r Fl,1,amazon.de,Amazon,Wolfersdorf,,85395,MarketplaceFacilitator,19.73,3.75,0,0,0,0,0,0,-3.75,-3.52,-3.04,0,0,13.17,0,0
17.01.2026 22:08:44 UTC,26246931992,Bestellung,306-6914145-0153919,GK02,PURPLE BIRD GK02 Gefl¨¹gelschere K¨¹chenschere Profi. 4mm Edelstahl Knochenschere mit Sicherheitsschloss & Federbelastung. 103¡ã Schneidwinkel f¨¹r Fl,1,amazon.de,Amazon,Triptis,,07819,MarketplaceFacilitator,22.68,4.31,0,0,0,0,0,0,-4.31,-4.05,-3.04,0,0,15.59,0,0
17.01.2026 22:20:03 UTC,26246931992,Bestellung,306-8017068-2380301,HWD02-ZNO,PURPLEBIRD Outdoor Messer. Jagdmesser Feststehende Klinge. 440C Edelstahl Bushcraft Camping Messer. Full Tang Scharfe Survival Messer mit Holster (24c,1,amazon.de,Amazon,N¨¹rnberg,,90469,MarketplaceFacilitator,23.29,4.42,0,0,0,0,0,0,-4.42,-3.6,-3.04,0,0,16.65,0,0
17.01.2026 23:07:05 UTC,26246931992,Bestellung,305-0995685-6483558,CZ008-Brush,PURPLEBIRD BBQ-Grillb¨¹rste 3 in 1 f¨¹r Gussrost. Edelstahl. lange Holzgriff. Ersatzb¨¹rste,1,amazon.de,Amazon,Wandlitz,,16348,MarketplaceFacilitator,14.31,2.72,0,0,0,0,0,0,-2.72,-2.21,-4.08,0,0,8.02,0,0
17.01.2026 23:19:57 UTC,26246931992,Bestellung,302-7879894-7397967,KF014-OutdoorA,PURPLEBIRD Jagdmesser Feststehende Klinge Scharfes. Messer Outdoor Survival mit Lederscheide. D2 Stahl G¨¹rtelmesser & Camping Messer Outdoor Geschenk,1,amazon.de,Amazon,M¨¹nchen,,80995,MarketplaceFacilitator,24.28,4.61,0,0,0,0,0,0,-4.61,-3.76,-3.04,0,0,17.48,0,0
17.01.2026 23:26:34 UTC,26246931992,Bestellung,303-1032694-4145960,HS-Purple-Set,PURPLEBIRD Friseurscheren Profi. Haarschere Friseurschere Set aus Edelstahl Haarschneideschere und Effilierschere f¨¹r Barbier/Friseur/Anf?nger 10 St,1,amazon.de,Amazon,Hilchenbach,Nordrhein-Westfalen,57271,MarketplaceFacilitator,24.37,4.63,0,0,0,0,0,0,-4.63,-4.35,-2.78,0,0,17.24,0,0
17.01.2026 23:39:33 UTC,26246931992,Bestellung,303-2710164-4811563,GK02,PURPLE BIRD GK02 Gefl¨¹gelschere K¨¹chenschere Profi. 4mm Edelstahl Knochenschere mit Sicherheitsschloss & Federbelastung. 103¡ã Schneidwinkel f¨¹r Fl,1,amazon.de,Amazon,Aislingen,,89344,MarketplaceFacilitator,22.68,4.31,0.56,0.11,0,0,-0.56,-0.11,-4.31,-4.05,-3.04,0,0,15.59,0,0
17.01.2026 23:47:18 UTC,26246931992,Bestellung,306-9660203-3465117,GK02,PURPLE BIRD GK02 Gefl¨¹gelschere K¨¹chenschere Profi. 4mm Edelstahl Knochenschere mit Sicherheitsschloss & Federbelastung. 103¡ã Schneidwinkel f¨¹r Fl,1,amazon.de,Amazon,Immenstaad am Bodensee,Baden-W¨¹rttemberg,88090,MarketplaceFacilitator,22.68,4.31,0,0,0,0,0,0,-4.31,-4.05,-3.04,0,0,15.59,0,0
17.01.2026 23:54:24 UTC,26246931992,Bestellung,304-1293361-4441950,CZ007-BurgerA,PURPLEBIRD Burgerglocke & Burger Smasher Set. Edelstahl Burgerglocke (? 20cm) mit Schwerlast Gusseisen Burgerpresse (? 17.7cm) Griddle Zubeh?r Set,1,amazon.de,Amazon,Wien,,1080,MarketplaceFacilitator,22.34,4.47,1.67,0.33,0,0,-1.67,-0.33,-4.47,-3.99,-5.05,0,0,13.3,0,0
18.01.2026 00:09:19 UTC,26246931992,Bestellung,303-7749040-3457124,KF012-Fudao,PURPLEBIRD Camping Axt Outdoor Messer Set. Feststehend Jagdmesser Survival Messer und Spaltaxt Sch?rfe Camping Beil mit Geschenkbox,1,amazon.de,Amazon,Rum,,6063,MarketplaceFacilitator,29.57,5.91,3.32,0.67,0,0,0,0,-6.58,-5.28,-8.1,0,0,19.51,0,0
18.01.2026 00:14:43 UTC,26246931992,Bestellung,028-2303333-7333938,GK02,PURPLE BIRD GK02 Gefl¨¹gelschere K¨¹chenschere Profi. 4mm Edelstahl Knochenschere mit Sicherheitsschloss & Federbelastung. 103¡ã Schneidwinkel f¨¹r Fl,1,amazon.de,Amazon,Wiesbaden,,65193,MarketplaceFacilitator,22.68,4.31,0,0,0,0,0,0,-4.31,-4.05,-3.04,0,0,15.59,0,0
18.01.2026 00:29:13 UTC,26246931992,Bestellung,028-2341208-7891555,KF001-Wing,PURPLEBIRD Geschmiedetes Messer Scharfes Ausbeinmesser mit Holzgriff. Kochmesser mit Lederh¨¹lle Outdoor Messer,1,amazon.de,Amazon,Neum¨¹nster,,24534,MarketplaceFacilitator,32.76,6.23,0,0,0,0,0,0,-6.23,-5.85,-3.82,0,0,23.09,0,0
18.01.2026 00:31:19 UTC,26246931992,Bestellung,303-7308547-1637964,BBQW-ZNO,PURPLEBIRD 31-teiliges Edelstahl Grillzubeh?r Set - Premium BBQ Grillbesteck f¨¹r M?nner & Frauen mit Tragetasche. Grillmatte Garten. Camping & Gebu,1,amazon.de,Amazon,Kirschau,,02681,MarketplaceFacilitator,42.01,7.98,0,0,0,0,-21.01,-3.99,-3.99,-3.75,-5.2,0,0,12.05,0,0
18.01.2026 01:05:11 UTC,26246931992,Bestellung,303-7568323-7368316,GK02,PURPLE BIRD GK02 Gefl¨¹gelschere K¨¹chenschere Profi. 4mm Edelstahl Knochenschere mit Sicherheitsschloss & Federbelastung. 103¡ã Schneidwinkel f¨¹r Fl,1,amazon.de,Amazon,Velten,,16727,MarketplaceFacilitator,19.73,3.75,0,0,0,0,0,0,-3.75,-3.52,-3.04,0,0,13.17,0,0
18.01.2026 01:22:48 UTC,26246931992,Bestellung,303-9982383-6288316,KF015-Chudao,PURPLEBIRD Geschmiedetes Kochmesser. Profi-K¨¹chenmesser. Fleischermesser mit Holzgriff. Scharfes K¨¹chenmesser. Full Tang Grillmesser f¨¹r K¨¹che Cam,1,amazon.de,Amazon,H?chst?dt an der Donau,,89420,MarketplaceFacilitator,37.82,7.18,0,0,0,0,0,0,-7.18,-6.75,-4.08,0,0,26.99,0,0
18.01.2026 02:46:17 UTC,26246931992,Bestellung,304-2438160-4950741,CZ002-XXL,PURPLEBIRD Grillspachtel Set aus Edelstahl. Plancha Spachtels Set mit Gro? Grillwender f¨¹r Smash Burger. Grill Geschenke f¨¹r M?nner,1,amazon.de,Amazon,Barsinghausen,,30890,MarketplaceFacilitator,17.24,3.27,0,0,0,0,0,0,-3.27,-3.08,-4.08,0,0,10.08,0,0
18.01.2026 02:53:19 UTC,26246931992,Geb¨¹hren von Amazon,3a6b9895-4734-40d8-bb12-75e98950b435,,Leistungsbasierte Coupon-Geb¨¹hr,,Amazon.de,,,,,,0,0,0,0,0,0,0,0,0,-0.48,0,0,0,-0.48,0,0
18.01.2026 03:01:44 UTC,26246931992,Bestellung,028-2458074-9529127,GK02,PURPLE BIRD GK02 Gefl¨¹gelschere K¨¹chenschere Profi. 4mm Edelstahl Knochenschere mit Sicherheitsschloss & Federbelastung. 103¡ã Schneidwinkel f¨¹r Fl,1,amazon.de,Amazon,Breitenbrunn/erzgeb.,,08359,MarketplaceFacilitator,17.85,3.39,0,0,0,0,0,0,-3.39,-3.19,-3.04,0,0,11.62,0,0
18.01.2026 03:23:42 UTC,26246931992,Bestellung,303-0425416-7644323,KF015-Chudao,PURPLEBIRD Geschmiedetes Kochmesser. Profi-K¨¹chenmesser. Fleischermesser mit Holzgriff. Scharfes K¨¹chenmesser. Full Tang Grillmesser f¨¹r K¨¹che Cam,1,amazon.de,Amazon,M¨¹glitztal,,01809,MarketplaceFacilitator,37.82,7.18,0,0,0,0,0,0,-7.18,-6.75,-4.08,0,0,26.99,0,0
18.01.2026 03:24:33 UTC,26246931992,Geb¨¹hren von Amazon,3a6b9895-4734-40d8-bb12-75e98950b435,,Coupon-Teilnahmegeb¨¹hr,,Amazon.de,,,,,,0,0,0,0,0,0,0,0,0,-4,0,0,0,-4,0,0
18.01.2026 07:39:53 UTC,26246931992,Bestellung,304-5629562-4199520,CZ003-Wood,PURPLEBIRD Burgerpresse. 10.8cm Aluguss Burger Pattie Presse mit Antihaft. 3 Stufen der Dicke einstellbar. Professioneller Hamburgerpresse mit Holzgri,1,amazon.de,Amazon,Dresden,,01219,MarketplaceFacilitator,19.99,3.8,1.67,0.32,0,0,-8.23,-1.56,-2.56,-2.1,-5.51,0,0,5.82,0,0
18.01.2026 07:49:06 UTC,26246931992,Bestellung,305-8271385-8181150,GK02,PURPLE BIRD GK02 Gefl¨¹gelschere K¨¹chenschere Profi. 4mm Edelstahl Knochenschere mit Sicherheitsschloss & Federbelastung. 103¡ã Schneidwinkel f¨¹r Fl,1,amazon.de,Amazon,Bremen,,28197,MarketplaceFacilitator,19.73,3.75,4.19,0.8,0,0,-4.19,-0.8,-3.75,-3.52,-3.04,0,0,13.17,0,0
18.01.2026 09:59:43 UTC,26246931992,Bestellung,304-7556043-0300339,GK02,PURPLE BIRD GK02 Gefl¨¹gelschere K¨¹chenschere Profi. 4mm Edelstahl Knochenschere mit Sicherheitsschloss & Federbelastung. 103¡ã Schneidwinkel f¨¹r Fl,1,amazon.de,Amazon,Leipzig,,04157,MarketplaceFacilitator,19.73,3.75,0,0,0,0,0,0,-3.75,-3.52,-3.04,0,0,13.17,0,0
18.01.2026 10:36:28 UTC,26246931992,Bestellung,305-1689610-1713146,KM30-G,PURPLEBIRD Klappmesser Taschenmesser. Survival Outdoor Messer mit Coolem Aussehen.Tolle Sammlung Geschenke f¨¹r M?nner (Gr¨¹n),1,amazon.de,Amazon,Korschenbroich,,41352,MarketplaceFacilitator,14.11,2.68,0,0,0,0,0,0,-2.68,-2.18,-3.04,0,0,8.89,0,0
18.01.2026 10:44:54 UTC,26246931992,Bestellung,302-6584457-7466769,HWD02-ZNO,PURPLEBIRD Outdoor Messer. Jagdmesser Feststehende Klinge. 440C Edelstahl Bushcraft Camping Messer. Full Tang Scharfe Survival Messer mit Holster (24c,1,amazon.de,Amazon,wiesau,,95676,MarketplaceFacilitator,22.18,4.21,0,0,0,0,0,0,-4.21,-3.43,-3.04,0,0,15.71,0,0
18.01.2026 12:05:34 UTC,26330616062,Erstattung,305-0868199-0812326,CZ008-Brush,PURPLEBIRD Grillb¨¹rste f¨¹r Gussrost. 3 IN 1 BBQ Grill B¨¹rste. Grill Reinigungsb¨¹rste Edelstahl mit 1 Ersatz-Grillb¨¹rste. Drahtb¨¹rste Grill mit L,1,amazon.de,Amazon,Herdecke,,58313,MarketplaceFacilitator,-16.8,-3.19,0,0,0,0,0,0,3.19,2.08,0,0,0,-14.72,0,0
18.01.2026 13:28:38 UTC,26330616062,Bestellung,306-4317794-4865937,KF001-Wing,PURPLEBIRD Geschmiedetes Messer Scharfes Ausbeinmesser mit Holzgriff. Kochmesser mit Lederh¨¹lle Outdoor Messer,1,amazon.de,Amazon,Frankenberg,,35066,MarketplaceFacilitator,32.76,6.23,0.66,0.13,0,0,-0.66,-0.13,-6.23,-5.85,-3.82,0,0,23.09,0,0
18.01.2026 13:53:36 UTC,26330616062,Bestellung,304-1646760-7764368,MT001-Silberner,PURPLEBIRD Multitool Werkzeug. 28 in 1 Multifunktionale Zange Geschenke f¨¹r M?nner. Faltbares Multifunktionswerkzeug mit 11 Bits und Gurtcliptasche.,1,amazon.de,Amazon,Gro?heide,Deutschland,26532,MarketplaceFacilitator,33.61,6.38,0,0,0,0,-3.36,-0.64,-5.74,-4.68,-3.42,0,0,22.15,0,0
18.01.2026 15:25:05 UTC,26330616062,Bestellung,305-0523599-9393123,CZ002-SetA,PURPLEBIRD Burger-Set (3-TLG.) aus Edelstahl inkl. Burgerpresse. 2 Grillspachtels. Burger Spachtel Set mit Gro? Grillwender und Burger Smasher aus Ed,1,amazon.de,Amazon,Wien,,1030,MarketplaceFacilitator,24.19,4.84,3.32,0.67,0,0,0,0,-5.51,-4.32,-8.1,0,0,15.09,0,0
18.01.2026 22:48:07 UTC,26330616062,Bestellung,303-7129773-3109926,GK02,PURPLE BIRD GK02 Gefl¨¹gelschere K¨¹chenschere Profi. 4mm Edelstahl Knochenschere mit Sicherheitsschloss & Federbelastung. 103¡ã Schneidwinkel f¨¹r Fl,1,amazon.de,Amazon,Erlenbach,Bayern,63906,MarketplaceFacilitator,22.68,4.31,1.67,0.32,0,0,0,0,-4.63,-4.05,-4.71,0,0,15.59,0,0
19.01.2026 00:14:30 UTC,26330616062,Anpassung,,7M-84SC-GPB7,Versand durch Amazon Erstattung f¨¹r Lagerbestand - Im Lager besch?digt,1,,,,,,,0,0,0,0,0,0,0,0,0,0,0,0,4.25,4.25,0,0
19.01.2026 02:06:07 UTC,26330616062,Bestellung,305-8096069-8607520,PS-7.0''DownCurvedThinning,PURPLEBIRD Fellschere 7 Inch Gebogene Hundeschere. Katzenschere. Effilierschere Hundescheren zur Fellpflege f¨¹r alle Hunde Katze. Schneiden und Groom,1,amazon.de,Amazon,Winzendorf-Muthmannsdorf,,2723,MarketplaceFacilitator,40.71,8.14,0,0,0,0,0,0,-8.14,-7.27,-2.57,0,0,30.87,0,0
19.01.2026 02:45:34 UTC,26330616062,Geb¨¹hren von Amazon,8edec87f-1097-4003-a066-203a87923b7b,,Coupon-Teilnahmegeb¨¹hr,,Amazon.de,,,,,,0,0,0,0,0,0,0,0,0,-4,0,0,0,-4,0,0
19.01.2026 02:51:52 UTC,26330616062,Geb¨¹hren von Amazon,cc4292bf-c819-48d4-89a2-6d49615b28b1,,Leistungsbasierte Coupon-Geb¨¹hr,,Amazon.de,,,,,,0,0,0,0,0,0,0,0,0,-0.24,0,0,0,-0.24,0,0
19.01.2026 03:03:31 UTC,26330616062,Bestellung,306-1096274-0290737,CZ002-XXL,PURPLEBIRD Grillspachtel Set aus Edelstahl. Plancha Spachtels Set mit Gro? Grillwender f¨¹r Smash Burger. Grill Geschenke f¨¹r M?nner,1,amazon.de,Amazon,Lichtenberg,,4040,MarketplaceFacilitator,17.24,3.45,0,0,0,0,0,0,-3.45,-3.08,-4.08,0,0,10.08,0,0
19.01.2026 03:24:10 UTC,26330616062,Geb¨¹hren von Amazon,cc4292bf-c819-48d4-89a2-6d49615b28b1,,Coupon-Teilnahmegeb¨¹hr,,Amazon.de,,,,,,0,0,0,0,0,0,0,0,0,-4,0,0,0,-4,0,0
19.01.2026 05:58:12 UTC,26330616062,Bestellung,S02-7654016-1209568,KF015-Fish6,PURPLEBIRD Filetiermesser f¨¹r Fisch 15 CM mit Scheide. 440C Edelstahl Fischmesser zum Schneiden von Fleisch mit Holzgriff. Filetiermesser Fisch K¨¹che & Outdoor zum Fischen. Grillen f¨¹r M?nner,1,si-prod-marketplace-de.stores.amazon.de,Amazon,MIRANO,VENEZIA,30035,,0,0,0,0,0,0,0,0,0,0,-7.44,0,0,-7.44,0,0
19.01.2026 09:49:40 UTC,26330616062,Bestellung,S02-6347603-3863944,GSGD-ZNO,PURPLEBIRD Grill Schaber f¨¹r Flachgrills mit 6-Zoll-Edelstahlklinge & Ergonomischem Aluminiumgriff Grillschaber f¨¹r Gastronomie. Haushalt und Gewerbe.Geschenke f¨¹r M?nner und Frauen,1,si-prod-marketplace-de.stores.amazon.de,Amazon,CISLAGO,VARESE,21040,,0,0,0,0,0,0,0,0,0,0,-11.14,0,0,-11.14,0,0
19.01.2026 12:02:29 UTC,26330616062,¨¹bertrag,,,F¨¹r Konten mit folgenden Endziffern: 623,,,,,,,,0,0,0,0,0,0,0,0,0,0,0,0,-2.701.29,-2.701.29,0,0
19.01.2026 12:12:52 UTC,26330616062,Erstattung,302-6059554-1620364,CZ005-Grillset,PURPLEBIRD Grillbesteckset 5-TLG. Profi Edelstahl Gril Zubeh?r Werkzeug Set. Tragetasche mit Sch¨¹rzenfunktion. Top Grillbesteck-Set mit Holzgriff. I,1,amazon.de,Amazon,Hornussen,Aargau,50,MarketplaceFacilitator,-25.13,-2.04,-6.47,-0.52,0,0,0,0,2.56,3.59,5.87,0,0,-22.14,0,0
19.01.2026 12:40:53 UTC,26330616062,Bestellung,S02-4486015-4903946,KF015-Fish6,PURPLEBIRD Filetiermesser f¨¹r Fisch 15 CM mit Scheide. 440C Edelstahl Fischmesser zum Schneiden von Fleisch mit Holzgriff. Filetiermesser Fisch K¨¹che & Outdoor zum Fischen. Grillen f¨¹r M?nner,1,si-prod-marketplace-de.stores.amazon.de,Amazon,G?hlen,Mecklenburg-Vorpommern,19288,,0,0,0,0,0,0,0,0,0,0,-5.55,0,0,-5.55,0,0
19.01.2026 12:56:59 UTC,26330616062,Bestellung,304-3199534-2573103,KF015-Chudao,PURPLEBIRD K¨¹chenmesser Schmieden. Kochmesser Profi Messer. Fleischermesser mit Ergonomischem Griff. K¨¹chenmesser Scharf aus Hochwertigem Carbon Ede,1,amazon.de,Amazon,Selters (taunus),Hessen,65618,MarketplaceFacilitator,30.25,5.75,1.12,0.21,0,0,-1.12,-0.21,-5.75,-5.4,-4.08,0,0,20.77,0,0
19.01.2026 16:10:03 UTC,26330616062,Bestellung,303-7063187-4673940,KF015-Fish6,PURPLEBIRD Filetiermesser f¨¹r Fisch 15 CM mit Scheide. 440C Edelstahl Fischmesser zum Schneiden von Fleisch mit Holzgriff. Filetiermesser Fisch K¨¹ch,2,amazon.de,Amazon,G?ttingen,,37075,MarketplaceFacilitator,44.26,8.42,0,0,0,0,0,0,-8.42,-7.9,-6.08,0,0,30.28,0,0
19.01.2026 16:30:20 UTC,26330616062,Bestellung,306-6102337-5004310,HS-KidRedStraight,PURPLEBIRD Haarschere Friseurschere 6-Zoll Edelstahl Sichere Runde Tipps Haarschneideschere Extra Professionelle Haarschnitt Schere f¨¹r Kinder. Perfe,1,amazon.de,Amazon,Trbovlje,,,MarketplaceFacilitator,18.48,4.07,2.07,0.46,0,0,-2.07,-0.46,-4.07,-3.3,-3.69,0,0,11.49,0,0
19.01.2026 16:38:03 UTC,26330616062,Bestellung,304-3010974-7800308,KF015-Chudao,PURPLEBIRD K¨¹chenmesser Schmieden. Kochmesser Profi Messer. Fleischermesser mit Ergonomischem Griff. K¨¹chenmesser Scharf aus Hochwertigem Carbon Ede,1,amazon.de,Amazon,Stendal,Sachsen-Anhalt,39576,MarketplaceFacilitator,30.25,5.75,0,0,0,0,0,0,-5.75,-5.4,-4.08,0,0,20.77,0,0
19.01.2026 16:49:26 UTC,26330616062,Bestellung,302-6931119-9710734,OMFK-B01,PURPLEBIRD Schwarzes Camping Messer aus Kohlenstoffstahl. Hohe H?rte und Sch?rfe. Outdoor Messer mit Messerscheide aus Ebenholz f¨¹r die Jagd. Wande,1,amazon.de,Amazon,Bonn,,53111,MarketplaceFacilitator,26.98,5.13,2.09,0.4,0,0,-2.09,-0.4,-5.13,-4.17,-3.04,0,0,19.77,0,0
19.01.2026 17:12:39 UTC,26330616062,Bestellung,306-0176027-5332356,PB-OK-02,PURPLEBIRD Outdoor Messer. Machete Scharf Echt mit 6MM Klingenr¨¹cken. Full Tang Bowiemesser mit Scheide. f¨¹r Wandern & Bushcraft. Geschenke f¨¹r M?,1,amazon.de,Amazon,Karlsruhe,,76137,MarketplaceFacilitator,32.85,6.24,0,0,0,0,0,0,-6.24,-5.08,-5.27,0,0,22.5,0,0
19.01.2026 17:14:27 UTC,26330616062,Bestellung,303-0391285-3938725,CZ002-XXL,PURPLEBIRD Grillspachtel Set aus Edelstahl. Plancha Spachtels Set mit Gro? Grillwender f¨¹r Smash Burger. Grill Geschenke f¨¹r M?nner,1,amazon.de,Amazon,Gunzenhausen,,91710,MarketplaceFacilitator,16.33,3.1,0,0,0,0,0,0,-3.1,-2.91,-4.08,0,0,9.34,0,0
19.01.2026 17:36:05 UTC,26330616062,Bestellung,028-8914935-9393948,XS04-Fang,PURPLEBIRD Jagdmesser Feststehende Klinge. Outdoor Messer mit 4.5mm Klingenr¨¹cken. Full Tang Bushcraft Messer mit G10 Griff. Kydex Holster. Tanto Mes,1,amazon.de,Amazon,Wellendingen,,78669,MarketplaceFacilitator,28.23,5.36,0,0,0,0,0,0,-5.36,-4.37,-3.04,0,0,20.82,0,0
19.01.2026 17:45:41 UTC,26330616062,Bestellung,306-7240385-1726706,OMFK-B01,PURPLEBIRD Schwarzes Camping Messer aus Kohlenstoffstahl. Hohe H?rte und Sch?rfe. Outdoor Messer mit Messerscheide aus Ebenholz f¨¹r die Jagd. Wande,1,amazon.de,Amazon,K?nnern,,06420,MarketplaceFacilitator,26.98,5.13,0,0,0,0,0,0,-5.13,-4.17,-3.04,0,0,19.77,0,0
19.01.2026 17:50:37 UTC,26330616062,Bestellung,304-1676217-2225169,PS-7.0''DownCurvedThinning,PURPLEBIRD Fellschere 7 Inch Gebogene Hundeschere. Katzenschere. Effilierschere Hundescheren zur Fellpflege f¨¹r alle Hunde Katze. Schneiden und Groom,1,amazon.de,Amazon,Hanau,,63456,MarketplaceFacilitator,40.71,7.73,0,0,0,0,0,0,-7.73,-7.27,-2.57,0,0,30.87,0,0
19.01.2026 18:18:21 UTC,26330616062,Bestellung,304-2297655-2418721,MT001-Silberner,PURPLEBIRD Multitool Werkzeug. 28 in 1 Multifunktionale Zange Geschenke f¨¹r M?nner. Faltbares Multifunktionswerkzeug mit 11 Bits und Gurtcliptasche.,1,amazon.de,Amazon,Vilnius,,,MarketplaceFacilitator,33.61,7.06,2.74,0.57,0,0,-6.1,-1.28,-6.35,-4.76,-3.42,0,0,22.07,0,0
19.01.2026 18:59:13 UTC,26330616062,Bestellung,S02-6313693-9291123,KF015-Chudao,PURPLEBIRD K¨¹chenmesser Schmieden. Kochmesser Profi Messer. Fleischermesser mit Ergonomischem Griff. K¨¹chenmesser Scharf aus Hochwertigem Carbon Edelstahl f¨¹r K¨¹chen. Camping und Grill,1,si-prod-marketplace-de.stores.amazon.de,Amazon,Oparzno,Zachodniopomorskie,78-30,,0,0,0,0,0,0,0,0,0,0,-11.7,0,0,-11.7,0,0
19.01.2026 19:17:19 UTC,26330616062,Erstattung,302-5242379-5717917,GK02,PURPLE BIRD GK02 Gefl¨¹gelschere K¨¹chenschere Profi. 4mm Edelstahl Knochenschere mit Sicherheitsschloss & Federbelastung. 103¡ã Schneidwinkel f¨¹r Fl,1,amazon.de,Amazon,Wien,,1210,MarketplaceFacilitator,-22.68,-4.54,0,0,0,0,0,0,4.54,3.24,0,0,0,-19.44,0,0
19.01.2026 20:09:48 UTC,26330616062,Bestellung,304-6947385-4949132,CZ008-Brush,PURPLEBIRD BBQ-Grillb¨¹rste 3 in 1 f¨¹r Gussrost. Edelstahl. lange Holzgriff. Ersatzb¨¹rste,1,amazon.de,Amazon,Metzenhausen,Rheinland-Pfalz,55481,MarketplaceFacilitator,14.31,2.72,0,0,0,0,0,0,-2.72,-2.21,-4.08,0,0,8.02,0,0
19.01.2026 20:21:27 UTC,26330616062,Bestellung,303-4811426-1329959,HWD02-ZNO,PURPLEBIRD Outdoor Messer. Jagdmesser Feststehende Klinge. 440C Edelstahl Bushcraft Camping Messer. Full Tang Scharfe Survival Messer mit Holster (24c,1,amazon.de,Amazon,Backnang,Baden-W¨¹rttemberg,71522,MarketplaceFacilitator,23.29,4.42,0,0,0,0,0,0,-4.42,-3.6,-3.04,0,0,16.65,0,0
19.01.2026 20:25:44 UTC,26330616062,Bestellung,306-2323483-5058759,HS-KidRedStraight,PURPLEBIRD Haarschere Friseurschere 6-Zoll Edelstahl Sichere Runde Tipps Haarschneideschere Extra Professionelle Haarschnitt Schere f¨¹r Kinder. Perfe,1,amazon.de,Amazon,Meikirch,,30,MarketplaceFacilitator,18.48,1.5,1.62,0.13,0,0,-1.62,-0.13,-1.5,-3.3,-3.69,0,0,11.49,0,0
19.01.2026 20:27:04 UTC,26330616062,Bestellung,028-8332274-7284321,BBQW-ZNO,PURPLEBIRD 31-teiliges Edelstahl Grillzubeh?r Set - Premium BBQ Grillbesteck f¨¹r M?nner & Frauen mit Tragetasche. Grillmatte Garten. Camping & Gebu,1,amazon.de,Amazon,Oberzissen,Rheinland-Pfalz,56651,MarketplaceFacilitator,26.88,5.11,0,0,0,0,0,0,-5.11,-4.8,-5.2,0,0,16.88,0,0
19.01.2026 20:43:03 UTC,26330616062,Bestellung,028-0567942-3599500,CZ002-SetA,PURPLEBIRD Burger-Set (3-TLG.) aus Edelstahl inkl. Burgerpresse. 2 Grillspachtels. Burger Spachtel Set mit Gro? Grillwender und Burger Smasher aus Ed,1,amazon.de,Amazon,Schwieberdingen,,71701,MarketplaceFacilitator,30.24,5.75,0,0,0,0,0,0,-5.75,-5.4,-4.75,0,0,20.09,0,0
19.01.2026 21:08:30 UTC,26330616062,Bestellung,304-9689914-3927535,KF015-Chudao,PURPLEBIRD K¨¹chenmesser Schmieden. Kochmesser Profi Messer. Fleischermesser mit Ergonomischem Griff. K¨¹chenmesser Scharf aus Hochwertigem Carbon Ede,1,amazon.de,Amazon,Breisach,BW,79206,MarketplaceFacilitator,37.82,7.18,0,0,0,0,0,0,-7.18,-6.75,-4.08,0,0,26.99,0,0
19.01.2026 21:25:42 UTC,26330616062,Erstattung,303-0391285-3938725,CZ002-XXL,PURPLEBIRD Grillspachtel Set aus Edelstahl. Plancha Spachtels Set mit Gro? Grillwender f¨¹r Smash Burger. Grill Geschenke f¨¹r M?nner,1,amazon.de,Amazon,Gunzenhausen,,91710,MarketplaceFacilitator,-16.33,-3.1,0,0,0,0,0,0,3.1,2.33,0,0,0,-14,0,0
19.01.2026 21:26:46 UTC,26330616062,Bestellung,303-7502987-9927565,CZ002-XXL,PURPLEBIRD Grillspachtel Set aus Edelstahl. Plancha Spachtels Set mit Gro? Grillwender f¨¹r Smash Burger. Grill Geschenke f¨¹r M?nner,1,amazon.de,Amazon,Golmbach,Niedersachsen,37640,MarketplaceFacilitator,16.33,3.1,0,0,0,0,0,0,-3.1,-2.91,-4.08,0,0,9.34,0,0
19.01.2026 21:56:47 UTC,26330616062,Bestellung,302-2169363-8733100,KF012-Fudao,PURPLEBIRD Camping Axt Outdoor Messer Set. Feststehend Jagdmesser Survival Messer und Spaltaxt Sch?rfe Camping Beil mit Geschenkbox,1,amazon.de,Amazon,Witzenhausen,,37213,MarketplaceFacilitator,29.57,5.62,0.19,0.04,0,0,-5.92,-1.12,-4.54,-4.22,-4.94,0,0,14.68,0,0
19.01.2026 22:53:40 UTC,26330616062,Bestellung,302-8421195-5349945,HWD02-ZNO,PURPLEBIRD Outdoor Messer. Jagdmesser Feststehende Klinge. 440C Edelstahl Bushcraft Camping Messer. Full Tang Scharfe Survival Messer mit Holster (24c,1,amazon.de,Amazon,Griesheim,,64347,MarketplaceFacilitator,27.72,5.27,0,0,0,0,-6.93,-1.32,-3.95,-3.22,-3.04,0,0,14.53,0,0
19.01.2026 23:38:46 UTC,26330616062,Bestellung,304-5374367-2477112,GK02,PURPLE BIRD GK02 Gefl¨¹gelschere K¨¹chenschere Profi. 4mm Edelstahl Knochenschere mit Sicherheitsschloss & Federbelastung. 103¡ã Schneidwinkel f¨¹r Fl,1,amazon.de,Amazon,Osterode am Harz,Niedersachsen,37520,MarketplaceFacilitator,22.68,4.31,0,0,0,0,0,0,-4.31,-4.05,-3.04,0,0,15.59,0,0
19.01.2026 23:58:09 UTC,26330616062,Bestellung,303-4213435-4621901,PB-OK-02,PURPLEBIRD Outdoor Messer. Machete Scharf Echt mit 6MM Klingenr¨¹cken. Full Tang Bowiemesser mit Scheide. f¨¹r Wandern & Bushcraft. Geschenke f¨¹r M?,1,amazon.de,Amazon,Reutlingen,,72766,MarketplaceFacilitator,32.85,6.24,0,0,0,0,0,0,-6.24,-5.08,-5.27,0,0,22.5,0,0
20.01.2026 00:02:45 UTC,26330616062,Bestellung,028-1957119-4405125,BBQW-ZNO,PURPLEBIRD 31-teiliges Edelstahl Grillzubeh?r Set - Premium BBQ Grillbesteck f¨¹r M?nner & Frauen mit Tragetasche. Grillmatte Garten. Camping & Gebu,1,amazon.de,Amazon,Dillingen,,66763,MarketplaceFacilitator,42.01,7.98,0,0,0,0,-16.81,-3.19,-4.79,-4.5,-5.2,0,0,15.5,0,0
20.01.2026 00:13:58 UTC,26330616062,Bestellung,305-8437590-6029136,CZ-Axt2,PURPLEBIRD Axt Beil mit Scheide 37.8cm Spaltaxt f¨¹r Holz Handgeschmiedet Handbeil mit Ergonomischer Holzgriff Survival Axt Camping Axt Outdoor Bushcr,1,amazon.de,Amazon,Neuhausen/Spree,,03058,MarketplaceFacilitator,17.64,3.35,0,0,0,0,0,0,-3.35,-3.15,-4.62,0,0,9.87,0,0
20.01.2026 02:46:10 UTC,26330616062,Geb¨¹hren von Amazon,b2e39f55-b584-4878-9b73-1687d226a3f8,,Coupon-Teilnahmegeb¨¹hr,,Amazon.de,,,,,,0,0,0,0,0,0,0,0,0,-4,0,0,0,-4,0,0
20.01.2026 02:52:08 UTC,26330616062,Geb¨¹hren von Amazon,802fbcf1-e388-405f-b9cf-98f43d494387,,Leistungsbasierte Angebotsgeb¨¹hr,,Amazon.de,,,,,,0,0,0,0,0,0,0,0,0,-0.46,0,0,0,-0.46,0,0
20.01.2026 02:55:43 UTC,26330616062,Geb¨¹hren von Amazon,802fbcf1-e388-405f-b9cf-98f43d494387,,Teilnahmegeb¨¹hr f¨¹r das Angebot,,Amazon.de,,,,,,0,0,0,0,0,0,0,0,0,-4,0,0,0,-4,0,0
20.01.2026 06:07:35 UTC,26330616062,Liquidationen,90717974556552,X0026TDDK5,PURPLEBIRD BBQ-Grillb¨¹rste 3 in 1 f¨¹r Gussrost. Edelstahl. lange Holzgriff. Ersatzb¨¹rste,1,,,,,,,0.29,0,0,0,0,0,0,0,0,0,0,-0.74,0,-0.45,0,0
20.01.2026 06:14:01 UTC,26330616062,Liquidationen,89282954627552,X001W8N1O9,PURPLEBIRD Burger-Set (3-TLG.) aus Edelstahl inkl. Burgerpresse. 2 Grillspachtels. Burger Spachtel Set mit Gro? Grillwender und Burger Smasher aus Edelstahl f¨¹r Smash Burger. Gasgrill. Teppanyaki. BBQ,1,,,,,,,0.74,0,0,0,0,0,0,0,0,0,0,-1.28,0,-0.54,0,0
20.01.2026 11:53:08 UTC,26330616062,Anpassung,,7M-84SC-GPB7,Versand durch Amazon Erstattung f¨¹r Lagerbestand -  Allgemeine Anpassung,1,,,,,,,0,0,0,0,0,0,0,0,0,0,0,0,-4.25,-4.25,0,0
20.01.2026 15:52:28 UTC,26330616062,Bestellung,305-4851993-8463547,KF015-Chudao,PURPLEBIRD K¨¹chenmesser Schmieden. Kochmesser Profi Messer. Fleischermesser mit Ergonomischem Griff. K¨¹chenmesser Scharf aus Hochwertigem Carbon Ede,1,amazon.de,Amazon,Vacha,,36404,MarketplaceFacilitator,37.82,7.18,0,0,0,0,0,0,-7.18,-6.75,-4.08,0,0,26.99,0,0
20.01.2026 16:01:13 UTC,26330616062,Bestellung,304-2582839-1510767,CZ007-Burgerpresse,PURPLEBIRD Schwerlast Burger Smasher Gusseisen (?17.7cm) | 1kg Profi-Grillgewicht f¨¹r gleichm??ige Br?unung | Smash Burger Presse f¨¹r Gasgrill.,1,amazon.de,Amazon,Hamburg,Hamburg,22143,MarketplaceFacilitator,12.77,2.43,0,0,0,0,0,0,-2.43,-2.28,-4.49,0,0,6,0,0
20.01.2026 16:42:29 UTC,26330616062,Bestellung,306-1187730-5687553,HS02-StripingBlack-Straight,Profi Haarschere Friseurschere Haarschneideschere aus Rostfreiem Stahl im Japanischen Stil Geeignet f¨¹r Kinder. Frauen und M?nner Extra Scharfe Haar,1,amazon.de,Amazon,Frankfurt,,15236,MarketplaceFacilitator,21.42,4.07,0.83,0.16,0,0,0,0,-4.23,-3.82,-3.4,0,0,15.03,0,0
20.01.2026 17:05:26 UTC,26330616062,Bestellung,303-0063246-5924373,HWD02-ZNO,PURPLEBIRD Outdoor Messer. Jagdmesser Feststehende Klinge. 440C Edelstahl Bushcraft Camping Messer. Full Tang Scharfe Survival Messer mit Holster (24c,1,amazon.de,Amazon,Rendsburg,Schleswig-Holstein,24768,MarketplaceFacilitator,27.72,5.27,0,0,0,0,-6.93,-1.32,-3.95,-3.22,-3.04,0,0,14.53,0,0
20.01.2026 18:33:57 UTC,26330616062,Bestellung,304-7056173-0252332,KF015-Chanzi,PURPLEBIRD 12-in-1 Klappspaten mit 180¡ã Camping-Axt | ¨¹berlebens-Set inkl. Multitool. Camping Axe & Tragebag f¨¹r Outdoor/Camping (rostfrei & faltba,1,amazon.de,Amazon,Bischofswiesen,,83483,MarketplaceFacilitator,27.55,5.24,1.68,0.32,0,0,-1.68,-0.32,-5.24,-4.26,-5.83,0,0,17.46,0,0
20.01.2026 18:44:04 UTC,26330616062,Erstattung,306-2323483-5058759,HS-KidRedStraight,PURPLEBIRD Haarschere Friseurschere 6-Zoll Edelstahl Sichere Runde Tipps Haarschneideschere Extra Professionelle Haarschnitt Schere f¨¹r Kinder. Perfe,1,amazon.de,Amazon,Meikirch,,30,MarketplaceFacilitator,-18.48,-1.5,-1.62,-0.13,0,0,1.62,0.13,1.5,2.64,0,0,0,-15.84,0,0
20.01.2026 20:25:44 UTC,26330616062,Bestellung,303-2256893-5018745,CZ002-XXL,PURPLEBIRD Grillspachtel Set aus Edelstahl. Plancha Spachtels Set mit Gro? Grillwender f¨¹r Smash Burger. Grill Geschenke f¨¹r M?nner,1,amazon.de,Amazon,Gillenfeld,,54558,MarketplaceFacilitator,16.33,3.1,0,0,0,0,0,0,-3.1,-2.91,-4.08,0,0,9.34,0,0
20.01.2026 20:32:25 UTC,26330616062,Bestellung,302-5058136-1889159,KF014-OutdoorA,PURPLEBIRD Jagdmesser Feststehende Klinge Scharfes. Messer Outdoor Survival mit Lederscheide. D2 Stahl G¨¹rtelmesser & Camping Messer Outdoor Geschenk,1,amazon.de,Amazon,Fuldatal,Hessen,34233,MarketplaceFacilitator,24.28,4.61,0,0,0,0,0,0,-4.61,-3.76,-3.04,0,0,17.48,0,0
20.01.2026 20:33:12 UTC,26330616062,Bestellung,303-0573601-0528319,CZ003-Wood,PURPLEBIRD Burgerpresse. 10.8cm Aluguss Burger Pattie Presse mit Antihaft. 3 Stufen der Dicke einstellbar. Professioneller Hamburgerpresse mit Holzgri,1,amazon.de,Amazon,Bad Wurzach,,88410,MarketplaceFacilitator,23.52,4.47,0,0,0,0,-9.41,-1.79,-2.68,-2.52,-3.84,0,0,7.75,0,0
20.01.2026 20:38:22 UTC,26330616062,Servicegeb¨¹hr,,,Werbekosten,,,,,,,,0,0,0,0,0,0,0,0,0,0,0,-506.41,0,-506.41,0,0
20.01.2026 21:23:17 UTC,26330616062,Bestellung,302-5181948-1937933,HWD02-ZNO,PURPLEBIRD Outdoor Messer. Jagdmesser Feststehende Klinge. 440C Edelstahl Bushcraft Camping Messer. Full Tang Scharfe Survival Messer mit Holster (24c,1,amazon.de,Amazon,Rastatt,,76437,MarketplaceFacilitator,27.72,5.27,0,0,0,0,0,0,-5.27,-4.29,-3.04,0,0,20.39,0,0
20.01.2026 21:24:02 UTC,26330616062,Bestellung,302-5602957-6652315,HWD02-ZNO,PURPLEBIRD Outdoor Messer. Jagdmesser Feststehende Klinge. 440C Edelstahl Bushcraft Camping Messer. Full Tang Scharfe Survival Messer mit Holster (24c,1,amazon.de,Amazon,Schwerin,,19061,MarketplaceFacilitator,27.72,5.27,0,0,0,0,-6.93,-1.32,-3.95,-3.22,-3.04,0,0,14.53,0,0
20.01.2026 21:25:36 UTC,26330616062,Bestellung,303-2479793-1682720,OMFK-B01,PURPLEBIRD Schwarzes Camping Messer aus Kohlenstoffstahl. Hohe H?rte und Sch?rfe. Outdoor Messer mit Messerscheide aus Ebenholz f¨¹r die Jagd. Wande,1,amazon.de,Amazon,Bad Homburg,Deutschland,61352,MarketplaceFacilitator,26.98,5.13,3.35,0.64,0,0,0,0,-5.77,-4.17,-6.39,0,0,19.77,0,0
20.01.2026 21:26:11 UTC,26330616062,Bestellung,028-1655230-6312305,BBQW-ZNO,PURPLEBIRD 31-teiliges Edelstahl Grillzubeh?r Set - Premium BBQ Grillbesteck f¨¹r M?nner & Frauen mit Tragetasche. Grillmatte Garten. Camping & Gebu,1,amazon.de,Amazon,Lienen,,49536,MarketplaceFacilitator,42.01,7.98,0,0,0,0,-10.08,-1.92,-6.06,-5.7,-5.2,0,0,21.03,0,0
20.01.2026 21:30:12 UTC,26330616062,Erstattung,303-6141494-4579534,HWD02-ZNO,PURPLEBIRD Outdoor Messer. Messer 12 cm Klinge Feststehende. 440C Edelstahl Bushcraft Camping Messer. Full Tang Scharfe Survival Messer mit Holster f?,1,amazon.de,Amazon,Uetersen,,25436,MarketplaceFacilitator,0,0,-3.35,-0.64,0,0,0,0,0.64,0,3.35,0,0,0,0,0
20.01.2026 22:02:15 UTC,26330616062,Bestellung,302-9818301-8731562,MT001-Silberner,PURPLEBIRD Multitool Werkzeug. 28 in 1 Multifunktionale Zange Geschenke f¨¹r M?nner. Faltbares Multifunktionswerkzeug mit 11 Bits und Gurtcliptasche.,1,amazon.de,Amazon,D¨¹sseldorf,Nordrhein-Westfalen,40229,MarketplaceFacilitator,28.56,5.43,0,0,0,0,-2.86,-0.54,-4.89,-3.98,-3.42,0,0,18.3,0,0
20.01.2026 22:28:28 UTC,26330616062,Bestellung,S02-3535199-3123162,KF015-Chudao,PURPLEBIRD K¨¹chenmesser Schmieden. Kochmesser Profi Messer. Fleischermesser mit Ergonomischem Griff. K¨¹chenmesser Scharf aus Hochwertigem Carbon Edelstahl f¨¹r K¨¹chen. Camping und Grill,1,si-prod-marketplace-de.stores.amazon.de,Amazon,Budenheim,Rheinland-Pfalz,55257,,0,0,0,0,0,0,0,0,0,0,-8.01,0,0,-8.01,0,0
20.01.2026 22:51:34 UTC,26330616062,Bestellung,302-1075729-1503513,PB-OK-02,PURPLEBIRD Outdoor Messer. Machete Scharf Echt mit 6MM Klingenr¨¹cken. Full Tang Bowiemesser mit Scheide. f¨¹r Wandern & Bushcraft. Geschenke f¨¹r M?,1,amazon.de,Amazon,lauffen am neckar,Baden W¨¹rttemberg,74348,MarketplaceFacilitator,32.85,6.24,0,0,0,0,0,0,-6.24,-5.08,-5.27,0,0,22.5,0,0
20.01.2026 23:02:03 UTC,26330616062,Bestellung,305-6765296-2429145,GK02,PURPLE BIRD GK02 Gefl¨¹gelschere K¨¹chenschere Profi. 4mm Edelstahl Knochenschere mit Sicherheitsschloss & Federbelastung. 103¡ã Schneidwinkel f¨¹r Fl,1,amazon.de,Amazon,Witten,,58455,MarketplaceFacilitator,22.68,4.31,0,0,0,0,0,0,-4.31,-4.05,-3.04,0,0,15.59,0,0
20.01.2026 23:16:59 UTC,26330616062,Bestellung,306-7323126-2741952,PB-OK-02,PURPLEBIRD Outdoor Messer. Machete Scharf Echt mit 6MM Klingenr¨¹cken. Full Tang Bowiemesser mit Scheide. f¨¹r Wandern & Bushcraft. Geschenke f¨¹r M?,1,amazon.de,Amazon,Erkenbrechtsweiler,,73268,MarketplaceFacilitator,32.85,6.24,0,0,0,0,0,0,-6.24,-5.08,-5.27,0,0,22.5,0,0
20.01.2026 23:55:30 UTC,26330616062,Bestellung,303-6649288-5334762,HS-KidRedStraight,PURPLEBIRD Haarschere Friseurschere 6-Zoll Edelstahl Sichere Runde Tipps Haarschneideschere Extra Professionelle Haarschnitt Schere f¨¹r Kinder. Perfe,1,amazon.de,Amazon,Grenzach-Wyhlen,,79639,MarketplaceFacilitator,18.48,3.51,0,0,0,0,0,0,-3.51,-3.3,-3.69,0,0,11.49,0,0
21.01.2026 00:08:39 UTC,26330616062,Bestellung,303-9101542-2438740,HWD02-ZNO,PURPLEBIRD Outdoor Messer. Jagdmesser Feststehende Klinge. 440C Edelstahl Bushcraft Camping Messer. Full Tang Scharfe Survival Messer mit Holster (24c,1,amazon.de,Amazon,Krumpa,,06242,MarketplaceFacilitator,27.72,5.27,0,0,0,0,0,0,-5.27,-4.29,-3.04,0,0,20.39,0,0
21.01.2026 00:12:50 UTC,26330616062,Bestellung,302-0215994-0454705,HWD02-ZNO,PURPLEBIRD Outdoor Messer. Jagdmesser Feststehende Klinge. 440C Edelstahl Bushcraft Camping Messer. Full Tang Scharfe Survival Messer mit Holster (24c,1,amazon.de,Amazon,Zwenkau,,04442,MarketplaceFacilitator,27.72,5.27,0,0,0,0,0,0,-5.27,-4.29,-3.04,0,0,20.39,0,0
21.01.2026 02:51:24 UTC,26330616062,Geb¨¹hren von Amazon,347da68d-0087-443e-bd61-b02ddffee1fc,,Leistungsbasierte Coupon-Geb¨¹hr,,Amazon.de,,,,,,0,0,0,0,0,0,0,0,0,-0.5,0,0,0,-0.5,0,0
21.01.2026 02:59:54 UTC,26330616062,Geb¨¹hren von Amazon,55bb9107-e154-425b-8780-2852e9aee1de,,Coupon-Teilnahmegeb¨¹hr,,Amazon.de,,,,,,0,0,0,0,0,0,0,0,0,-4,0,0,0,-4,0,0
21.01.2026 03:10:16 UTC,26330616062,Geb¨¹hren von Amazon,55bb9107-e154-425b-8780-2852e9aee1de,,Leistungsbasierte Coupon-Geb¨¹hr,,Amazon.de,,,,,,0,0,0,0,0,0,0,0,0,-0.86,0,0,0,-0.86,0,0
21.01.2026 03:20:47 UTC,26330616062,Geb¨¹hren von Amazon,347da68d-0087-443e-bd61-b02ddffee1fc,,Coupon-Teilnahmegeb¨¹hr,,Amazon.de,,,,,,0,0,0,0,0,0,0,0,0,-4,0,0,0,-4,0,0
21.01.2026 05:20:01 UTC,26330616062,Liquidationen,89581335376552,X002CLBJET,Profi Haarschere Friseurschere Haarschneideschere aus Rostfreiem Stahl im Japanischen Stil Geeignet f¨¹r Kinder. Frauen und M?nner Extra Scharfe Haarschererz,1,,,,,,,2.54,0,0,0,0,0,0,0,0,0,0,-0.72,0,1.82,0,0
21.01.2026 06:56:49 UTC,26330616062,Bestellung,028-6979477-9805928,CZ003-Wood,PURPLEBIRD Burgerpresse. 10.8cm Aluguss Burger Pattie Presse mit Antihaft. 3 Stufen der Dicke einstellbar. Professioneller Hamburgerpresse mit Holzgri,1,amazon.de,Amazon,N¨¹rnberg,Bayern,90461,MarketplaceFacilitator,23.52,4.47,2.1,0.4,0,0,-13.86,-2.63,-2.24,-2.1,-3.84,0,0,5.82,0,0
21.01.2026 07:05:46 UTC,26330616062,Bestellung,028-3648160-9877116,OMFK-B01,PURPLEBIRD Schwarzes Camping Messer aus Kohlenstoffstahl. Hohe H?rte und Sch?rfe. Outdoor Messer mit Messerscheide aus Ebenholz f¨¹r die Jagd. Wande,1,amazon.de,Amazon,Wissen,Rheinland-Pfalz,57537,MarketplaceFacilitator,26.98,5.13,1.39,0.27,0,0,-1.39,-0.27,-5.13,-4.17,-3.04,0,0,19.77,0,0
21.01.2026 07:31:33 UTC,26330616062,Bestellung,S02-3096800-1892757,KF015-Fish6,PURPLEBIRD Filetiermesser f¨¹r Fisch 15 CM mit Scheide. 440C Edelstahl Fischmesser zum Schneiden von Fleisch mit Holzgriff. Filetiermesser Fisch K¨¹che & Outdoor zum Fischen. Grillen f¨¹r M?nner,1,si-prod-marketplace-de.stores.amazon.de,Amazon,Blovice,Plze¨¾-jih,,,0,0,0,0,0,0,0,0,0,0,-8.87,0,0,-8.87,0,0
21.01.2026 12:04:33 UTC,26330616062,Bestellung,S02-9060005-5558353,GK02,PURPLE BIRD GK02 Gefl¨¹gelschere K¨¹chenschere Profi. 4mm Edelstahl fleischschere mit Sicherheitsschloss & Federbelastung. 103¡ã Schneidwinkel f¨¹r Fleisch. Gem¨¹se und Knochen. Rutschfester Griff,1,si-prod-marketplace-de.stores.amazon.de,Amazon,Potsdam,Brandenburg,14478,,0,0,0,0,0,0,0,0,0,0,-5.55,0,0,-5.55,0,0
21.01.2026 13:25:19 UTC,26330616062,Bestellung,302-5305448-0128347,CZ007-BurgerB,PURPLEBIRD Burgerglocke & Burger Smasher Set. Edelstahl Burgerglocke XL (? 24cm) mit Schwerlast Gusseisen Burgerpresse (? 17.7cm) Griddle Zubeh?r S,1,amazon.de,Amazon,Kranzberg,Bayern,85402,MarketplaceFacilitator,27.3,5.19,3.35,0.64,0,0,0,0,-5.83,-4.87,-8.05,0,0,17.73,0,0
21.01.2026 15:47:04 UTC,26330616062,Bestellung,305-0297332-2662768,PB-OK-02,PURPLEBIRD Outdoor Messer. Machete Scharf Echt mit 6MM Klingenr¨¹cken. Full Tang Bowiemesser mit Scheide. f¨¹r Wandern & Bushcraft. Geschenke f¨¹r M?,1,amazon.de,Amazon,Gommern,Sachsen-Anhalt,39245,MarketplaceFacilitator,32.85,6.24,0,0,0,0,0,0,-6.24,-5.08,-5.27,0,0,22.5,0,0
21.01.2026 15:48:08 UTC,26330616062,Bestellung,S02-2781576-0606348,CZ005-Grillset,PURPLEBIRD Grillbesteckset 5-TLG. Profi Edelstahl Gril Zubeh?r Werkzeug Set. Tragetasche mit Sch¨¹rzenfunktion. Top Grillbesteck-Set mit Holzgriff. Ideal f¨¹r BBQ Teppanyaki Grill Geschenke f¨¹r M?nner,1,si-prod-marketplace-de.stores.amazon.de,Amazon,L??nitz,Sachsen,08294,,0,0,0,0,0,0,0,0,0,0,-8.88,0,0,-8.88,0,0
21.01.2026 15:50:51 UTC,26330616062,Bestellung,304-4388611-0952340,KM30-G,PURPLEBIRD Klappmesser. Hohe H?rte und Sch?rfe. Taschenmesser EDC Messer mit Taschenclip. Sicherheitsschloss & Rutschfester Griff f¨¹r Outdoor. Surv,1,amazon.de,Amazon,Bad Laer,Niedersachsen,49196,MarketplaceFacilitator,14.99,2.85,0,0,0,0,0,0,-2.85,-2.32,-2.65,0,0,10.02,0,0
21.01.2026 15:54:56 UTC,26330616062,Bestellung,303-1778576-5827550,CZ003-Wood,PURPLEBIRD Burgerpresse. 10.8cm Aluguss Burger Pattie Presse mit Antihaft. 3 Stufen der Dicke einstellbar. Professioneller Hamburgerpresse mit Holzgri,1,amazon.de,Amazon,Wunstorf,Niedersachsen,31515,MarketplaceFacilitator,23.52,4.47,0,0,0,0,-11.76,-2.23,-2.24,-2.1,-3.84,0,0,5.82,0,0
21.01.2026 15:55:49 UTC,26330616062,Erstattung,302-5461202-3894736,CZ002-XXL,PURPLEBIRD Grillspachtel Set aus Edelstahl. Plancha Spachtels Set mit Gro? Grillwender f¨¹r Smash Burger. Grill Geschenke f¨¹r M?nner,1,amazon.de,Amazon,Belm,,49191,MarketplaceFacilitator,-17.24,-3.27,0,0,0,0,0,0,3.27,2.46,0,0,0,-14.78,0,0
21.01.2026 16:22:48 UTC,26330616062,Bestellung,303-4723378-4689966,HWD02-ZNO,PURPLEBIRD Outdoor Messer. Jagdmesser Feststehende Klinge. 440C Edelstahl Bushcraft Camping Messer. Full Tang Scharfe Survival Messer mit Holster (24c,1,amazon.de,Amazon,Northeim,Deutschland,37154,MarketplaceFacilitator,27.72,5.27,0,0,0,0,-6.93,-1.32,-3.95,-3.22,-3.04,0,0,14.53,0,0
21.01.2026 16:58:34 UTC,26330616062,Bestellung,306-1546357-8325964,HS-KidRedStraight,PURPLEBIRD Haarschere Friseurschere 6-Zoll Edelstahl Sichere Runde Tipps Haarschneideschere Extra Professionelle Haarschnitt Schere f¨¹r Kinder. Perfe,1,amazon.de,Amazon,M¨¹nchen,,81543,MarketplaceFacilitator,18.48,3.51,0,0,0,0,0,0,-3.51,-3.3,-3.69,0,0,11.49,0,0
21.01.2026 17:07:36 UTC,26330616062,Bestellung,303-6718309-4501935,Camp-S,PURPLEBIRD Camping-Besteck Set Silberner - 10-teiliges Geschirr Set f¨¹r 2 Personen bei Picknick & Reisen Tragbares Edelstahl Geschirr Set Mit Etui de,1,amazon.de,Amazon,Ober-fl?rsheim,,55234,MarketplaceFacilitator,37.82,7.18,0,0,0,0,0,0,-7.18,-6.75,-4.08,0,0,26.99,0,0
21.01.2026 17:16:39 UTC,26330616062,Bestellung,304-3973947-0809959,GK02,PURPLE BIRD GK02 Gefl¨¹gelschere K¨¹chenschere Profi. 4mm Edelstahl Knochenschere mit Sicherheitsschloss & Federbelastung. 103¡ã Schneidwinkel f¨¹r Fl,1,amazon.de,Amazon,Stuttgart,,70186,MarketplaceFacilitator,22.68,4.31,1.12,0.21,0,0,-1.12,-0.21,-4.31,-4.05,-3.04,0,0,15.59,0,0
21.01.2026 17:41:47 UTC,26330616062,Bestellung,302-0403260-3585147,KF015-Chanzi,PURPLEBIRD 12-in-1 Klappspaten mit 180¡ã Camping-Axt | ¨¹berlebens-Set inkl. Multitool. Camping Axe & Tragebag f¨¹r Outdoor/Camping (rostfrei & faltba,1,amazon.de,Amazon,Jever,Niedersachsen,26441,MarketplaceFacilitator,27.55,5.24,0,0,0,0,0,0,-5.24,-4.26,-5.83,0,0,17.46,0,0
21.01.2026 17:54:18 UTC,26330616062,Bestellung,304-4793181-0778760,CZ002-XXL,PURPLEBIRD Grillspachtel Set aus Edelstahl. Plancha Spachtels Set mit Gro? Grillwender f¨¹r Smash Burger. Grill Geschenke f¨¹r M?nner,1,amazon.de,Amazon,Rheinbreitbach,Rheinland-Pfalz,53619,MarketplaceFacilitator,16.33,3.1,0,0,0,0,0,0,-3.1,-2.91,-4.08,0,0,9.34,0,0
21.01.2026 17:57:42 UTC,26330616062,Bestellung,302-8603972-8427517,CZ003-Wood,PURPLEBIRD Burgerpresse. 10.8cm Aluguss Burger Pattie Presse mit Antihaft. 3 Stufen der Dicke einstellbar. Professioneller Hamburgerpresse mit Holzgri,1,amazon.de,Amazon,Panketal,,16341,MarketplaceFacilitator,23.52,4.47,0,0,0,0,-11.76,-2.23,-2.24,-2.1,-3.84,0,0,5.82,0,0
21.01.2026 19:03:44 UTC,26330616062,Bestellung,305-2536793-9441169,HWD02-ZNO,PURPLEBIRD Outdoor Messer. Jagdmesser Feststehende Klinge. 440C Edelstahl Bushcraft Camping Messer. Full Tang Scharfe Survival Messer mit Holster (24c,1,amazon.de,Amazon,Rheinfelden,,79618,MarketplaceFacilitator,27.72,5.27,0,0,0,0,0,0,-5.27,-4.29,-3.04,0,0,20.39,0,0
21.01.2026 19:08:02 UTC,26330616062,Bestellung,304-4097156-7825934,HS-KidRedStraight,PURPLEBIRD Haarschere Friseurschere 6-Zoll Edelstahl Sichere Runde Tipps Haarschneideschere Extra Professionelle Haarschnitt Schere f¨¹r Kinder. Perfe,1,amazon.de,Amazon,Wien,,1050,MarketplaceFacilitator,18.48,3.7,1.11,0.22,0,0,-1.11,-0.22,-3.7,-3.3,-3.69,0,0,11.49,0,0
21.01.2026 19:24:31 UTC,26330616062,Bestellung,028-9973241-7452332,GK02,PURPLE BIRD GK02 Gefl¨¹gelschere K¨¹chenschere Profi. 4mm Edelstahl Knochenschere mit Sicherheitsschloss & Federbelastung. 103¡ã Schneidwinkel f¨¹r Fl,1,amazon.de,Amazon,Zeuthen,Brandenburg,15738,MarketplaceFacilitator,22.68,4.31,0,0,0,0,0,0,-4.31,-4.05,-3.04,0,0,15.59,0,0
21.01.2026 19:27:45 UTC,26330616062,Bestellung,S02-2936055-5078356,GK02,PURPLE BIRD GK02 Gefl¨¹gelschere K¨¹chenschere Profi. 4mm Edelstahl fleischschere mit Sicherheitsschloss & Federbelastung. 103¡ã Schneidwinkel f¨¹r Fleisch. Gem¨¹se und Knochen. Rutschfester Griff,1,si-prod-marketplace-de.stores.amazon.de,Amazon,NIGR¨¢N,PONTEVEDRA,36350,,0,0,0,0,0,0,0,0,0,0,-8.48,0,0,-8.48,0,0
21.01.2026 19:38:29 UTC,26330616062,Versand durch Amazon Lagergeb¨¹hr,,,Versand durch Amazon Langzeitlagergeb¨¹hr,,Amazon.de,,,,,,0,0,0,0,0,0,0,0,0,0,0,0,-1.037.89,-1.037.89,0,0
21.01.2026 20:16:12 UTC,26330616062,Bestellung,302-2520534-0505941,MT001-Silberner,PURPLEBIRD Multitool Werkzeug. 28 in 1 Multifunktionale Zange Geschenke f¨¹r M?nner. Faltbares Multifunktionswerkzeug mit 11 Bits und Gurtcliptasche.,1,amazon.de,Amazon,M¨¹nster,,48159,MarketplaceFacilitator,28.56,5.43,0,0,0,0,0,0,-5.43,-4.42,-3.42,0,0,20.72,0,0
21.01.2026 20:20:01 UTC,26330616062,Bestellung,304-6483656-2493127,KF012-Fudao,PURPLEBIRD Camping Axt Outdoor Messer Set. Feststehend Jagdmesser Survival Messer und Spaltaxt Sch?rfe Camping Beil mit Geschenkbox,1,amazon.de,Amazon,Dissau,,23617,MarketplaceFacilitator,29.57,5.62,1.67,0.32,0,0,-1.67,-0.32,-5.62,-5.28,-4.75,0,0,19.54,0,0
21.01.2026 20:28:42 UTC,26330616062,Bestellung,302-7919955-1563550,HS-KidRedStraight,PURPLEBIRD Haarschere Friseurschere 6-Zoll Edelstahl Sichere Runde Tipps Haarschneideschere Extra Professionelle Haarschnitt Schere f¨¹r Kinder. Perfe,1,amazon.de,Amazon,m¨¹nchen,Deutschland,81825,MarketplaceFacilitator,18.48,3.51,3.35,0.64,0,0,0,0,-4.15,-3.3,-7.01,0,0,11.52,0,0
21.01.2026 20:47:17 UTC,26330616062,Bestellung,028-8288135-0081921,PS-7.0''DownCurvedThinning,PURPLEBIRD Fellschere 7 Inch Gebogene Hundeschere. Katzenschere. Effilierschere Hundescheren zur Fellpflege f¨¹r alle Hunde Katze. Schneiden und Groom,1,amazon.de,Amazon,Leipzig,,04319,MarketplaceFacilitator,40.71,7.73,0,0,0,0,0,0,-7.73,-7.27,-2.57,0,0,30.87,0,0
21.01.2026 21:09:31 UTC,26330616062,Bestellung,303-3247851-5848317,GK02,PURPLE BIRD GK02 Gefl¨¹gelschere K¨¹chenschere Profi. 4mm Edelstahl Knochenschere mit Sicherheitsschloss & Federbelastung. 103¡ã Schneidwinkel f¨¹r Fl,1,amazon.de,Amazon,Hilchenbach,Nordrhein-Westfalen,57271,MarketplaceFacilitator,22.68,4.31,1.68,0.32,0,0,-1.68,-0.32,-4.31,-4.05,-3.04,0,0,15.59,0,0
21.01.2026 21:13:32 UTC,26330616062,Bestellung,303-8758953-3953908,CZ002-SetA,PURPLEBIRD Burger-Set (3-TLG.) aus Edelstahl inkl. Burgerpresse. 2 Grillspachtels. Burger Spachtel Set mit Gro? Grillwender und Burger Smasher aus Ed,1,amazon.de,Amazon,Eschenburg,,35713,MarketplaceFacilitator,30.24,5.75,0,0,0,0,0,0,-5.75,-5.4,-4.75,0,0,20.09,0,0
21.01.2026 21:28:02 UTC,26330616062,Erstattung,303-4723378-4689966,HWD02-ZNO,PURPLEBIRD Outdoor Messer. Jagdmesser Feststehende Klinge. 440C Edelstahl Bushcraft Camping Messer. Full Tang Scharfe Survival Messer mit Holster (24c,1,amazon.de,Amazon,Northeim,Deutschland,37154,MarketplaceFacilitator,-27.72,-5.27,0,0,0,0,6.93,1.32,3.95,2.58,0,0,0,-18.21,0,0
21.01.2026 21:55:28 UTC,26330616062,Bestellung,302-4577730-9761928,KF015-Chanzi,PURPLEBIRD 12-in-1 Klappspaten mit 180¡ã Camping-Axt | ¨¹berlebens-Set inkl. Multitool. Camping Axe & Tragebag f¨¹r Outdoor/Camping (rostfrei & faltba,1,amazon.de,Amazon,Flensburg,,24941,,27.55,5.24,3.35,0.64,0,0,0,0,0,-4.26,-9.18,0,0,23.34,0,0
21.01.2026 22:02:47 UTC,26330616062,Bestellung,305-5067779-4904350,PB-OK-02,PURPLEBIRD Outdoor Messer. Machete Scharf Echt mit 6MM Klingenr¨¹cken. Full Tang Bowiemesser mit Scheide. f¨¹r Wandern & Bushcraft. Geschenke f¨¹r M?,1,amazon.de,Amazon,Otzweiler,Rheinland-Pfalz,55606,MarketplaceFacilitator,32.85,6.24,0,0,0,0,0,0,-6.24,-5.08,-5.27,0,0,22.5,0,0
21.01.2026 22:27:43 UTC,26330616062,Bestellung,303-8639221-8853931,CZ002-XXL,PURPLEBIRD Grillspachtel Set aus Edelstahl. Plancha Spachtels Set mit Gro? Grillwender f¨¹r Smash Burger. Grill Geschenke f¨¹r M?nner,1,amazon.de,Amazon,Winterberg,,59955,MarketplaceFacilitator,16.33,3.1,0,0,0,0,0,0,-3.1,-2.91,-4.08,0,0,9.34,0,0
21.01.2026 22:28:37 UTC,26330616062,Erstattung,028-8354335-3267506,KF012-Fudao,PURPLEBIRD Camping Axt Outdoor Messer Set. Feststehend Jagdmesser Survival Messer und Spaltaxt Sch?rfe Camping Beil mit Geschenkbox,1,amazon.de,Amazon,Syke,,28857,MarketplaceFacilitator,-29.57,-5.62,0,0,0,0,0,0,5.62,4.22,0,0,0,-25.35,0,0
21.01.2026 22:44:44 UTC,26330616062,Bestellung,303-1235256-6668368,HS02-StripingBlack-Straight,Profi Haarschere Friseurschere Haarschneideschere aus Rostfreiem Stahl im Japanischen Stil Geeignet f¨¹r Kinder. Frauen und M?nner Extra Scharfe Haar,1,amazon.de,Amazon,St¨¹tzengr¨¹n,,08328,MarketplaceFacilitator,21.42,4.07,0,0,0,0,0,0,-4.07,-3.82,-2.57,0,0,15.03,0,0
21.01.2026 22:49:01 UTC,26330616062,Bestellung,303-6653673-2024304,PB-OK-02,PURPLEBIRD Outdoor Messer. Machete Scharf Echt mit 6MM Klingenr¨¹cken. Full Tang Bowiemesser mit Scheide. f¨¹r Wandern & Bushcraft. Geschenke f¨¹r M?,1,amazon.de,Amazon,Offenbach Am Main,,63075,MarketplaceFacilitator,32.85,6.24,0,0,0,0,0,0,-6.24,-5.08,-5.27,0,0,22.5,0,0
21.01.2026 23:10:20 UTC,26330616062,Bestellung,028-8354335-3267506,KF012-Fudao,PURPLEBIRD Camping Axt Outdoor Messer Set. Feststehend Jagdmesser Survival Messer und Spaltaxt Sch?rfe Camping Beil mit Geschenkbox,1,amazon.de,Amazon,Syke,,28857,MarketplaceFacilitator,29.57,5.62,0,0,0,0,0,0,-5.62,-5.28,-4.75,0,0,19.54,0,0
21.01.2026 23:37:29 UTC,26330616062,Bestellung,302-2804387-6370747,BBQW-ZNO,PURPLEBIRD 31-teiliges Edelstahl Grillzubeh?r Set - Premium BBQ Grillbesteck f¨¹r M?nner & Frauen mit Tragetasche. Grillmatte Garten. Camping & Gebu,1,amazon.de,Amazon,Leimen,Baden-W¨¹rttemberg,69181,MarketplaceFacilitator,33.61,6.38,0,0,0,0,-5.04,-0.96,-5.42,-5.1,-5.2,0,0,18.27,0,0
21.01.2026 23:55:52 UTC,26330616062,Erstattung,305-5858416-5893917,CZ003-Wood,PURPLEBIRD Burgerpresse. 10.8cm Aluguss Burger Pattie Presse mit Antihaft. 3 Stufen der Dicke einstellbar. Professioneller Hamburgerpresse mit Holzgri,1,amazon.de,Amazon,Haus,Steiermark,8967,MarketplaceFacilitator,-23.52,-4.7,0,0,0,0,9.41,1.88,2.82,2.03,0,0,0,-12.08,0,0
21.01.2026 23:57:55 UTC,26330616062,Erstattung,028-8288135-0081921,PS-7.0''DownCurvedThinning,PURPLEBIRD Fellschere 7 Inch Gebogene Hundeschere. Katzenschere. Effilierschere Hundescheren zur Fellpflege f¨¹r alle Hunde Katze. Schneiden und Groom,1,amazon.de,Amazon,Leipzig,,04319,MarketplaceFacilitator,-40.71,-7.73,0,0,0,0,0,0,7.73,5.82,0,0,0,-34.89,0,0
21.01.2026 23:59:02 UTC,26330616062,Bestellung,305-5858416-5893917,CZ003-Wood,PURPLEBIRD Burgerpresse. 10.8cm Aluguss Burger Pattie Presse mit Antihaft. 3 Stufen der Dicke einstellbar. Professioneller Hamburgerpresse mit Holzgri,1,amazon.de,Amazon,Haus,Steiermark,8967,MarketplaceFacilitator,23.52,4.7,0,0,0,0,-9.41,-1.88,-2.82,-2.54,-3.84,0,0,7.73,0,0
22.01.2026 00:16:00 UTC,26330616062,Bestellung,305-0929463-7039537,CZ002-XXL,PURPLEBIRD Grillspachtel Set aus Edelstahl. Plancha Spachtels Set mit Gro? Grillwender f¨¹r Smash Burger. Grill Geschenke f¨¹r M?nner,1,amazon.de,Amazon,Lassee,Nieder?sterreich,2291,MarketplaceFacilitator,16.33,3.27,0,0,0,0,0,0,-3.27,-2.91,-4.08,0,0,9.34,0,0
22.01.2026 03:13:38 UTC,26330616062,Geb¨¹hren von Amazon,9ad2aa1c-fc7c-4aa6-bbc3-d1d0a43d20a5,,Leistungsbasierte Coupon-Geb¨¹hr,,Amazon.de,,,,,,0,0,0,0,0,0,0,0,0,-0.63,0,0,0,-0.63,0,0
22.01.2026 03:25:20 UTC,26330616062,Geb¨¹hren von Amazon,9ad2aa1c-fc7c-4aa6-bbc3-d1d0a43d20a5,,Coupon-Teilnahmegeb¨¹hr,,Amazon.de,,,,,,0,0,0,0,0,0,0,0,0,-4,0,0,0,-4,0,0
22.01.2026 03:34:50 UTC,26330616062,Geb¨¹hren von Amazon,e7705ff6-9213-4424-92b7-f66cc95f9114,,Leistungsbasierte Coupon-Geb¨¹hr,,Amazon.de,,,,,,0,0,0,0,0,0,0,0,0,-0.22,0,0,0,-0.22,0,0
22.01.2026 03:38:06 UTC,26330616062,Geb¨¹hren von Amazon,e7705ff6-9213-4424-92b7-f66cc95f9114,,Coupon-Teilnahmegeb¨¹hr,,Amazon.de,,,,,,0,0,0,0,0,0,0,0,0,-4,0,0,0,-4,0,0
22.01.2026 06:07:34 UTC,26330616062,Erstattung,303-0467562-6693103,CZ002-SetA,PURPLEBIRD Burger-Set (3-TLG.) aus Edelstahl inkl. Burgerpresse. 2 Grillspachtels. Burger Spachtel Set mit Gro? Grillwender und Burger Smasher aus Ed,1,amazon.de,Amazon,M¨¹nchen,,81543,MarketplaceFacilitator,-30.24,-5.75,0,0,0,0,0,0,5.75,4.32,0,0,0,-25.92,0,0
22.01.2026 06:11:44 UTC,26330616062,Bestellung,303-0467562-6693103,CZ002-SetA,PURPLEBIRD Burger-Set (3-TLG.) aus Edelstahl inkl. Burgerpresse. 2 Grillspachtels. Burger Spachtel Set mit Gro? Grillwender und Burger Smasher aus Ed,1,amazon.de,Amazon,M¨¹nchen,,81543,MarketplaceFacilitator,30.24,5.75,0.71,0.13,0,0,-0.71,-0.13,-5.75,-5.4,-3.93,0,0,20.91,0,0
22.01.2026 14:46:14 UTC,26330616062,Bestellung,303-4951423-9022720,CZ005-Grillset,PURPLEBIRD Grillbesteckset 5-TLG. Profi Edelstahl Gril Zubeh?r Werkzeug Set. Tragetasche mit Sch¨¹rzenfunktion. Top Grillbesteck-Set mit Holzgriff. I,1,amazon.de,Amazon,Enkenbach-Alsenborn,,67677,MarketplaceFacilitator,22.18,4.21,1.67,0.32,0,0,-1.67,-0.32,-4.21,-3.96,-4.75,0,0,13.47,0,0
22.01.2026 16:55:16 UTC,26330616062,Bestellung,306-3737168-7774734,GK02,PURPLE BIRD GK02 Gefl¨¹gelschere K¨¹chenschere Profi. 4mm Edelstahl Knochenschere mit Sicherheitsschloss & Federbelastung. 103¡ã Schneidwinkel f¨¹r Fl,1,amazon.de,Amazon,Berlin,,10781,MarketplaceFacilitator,22.68,4.31,0,0,0,0,0,0,-4.31,-4.05,-3.04,0,0,15.59,0,0
22.01.2026 17:38:38 UTC,26330616062,Bestellung,306-8257121-0656352,HS-KidRedStraight,PURPLEBIRD Haarschere Friseurschere 6-Zoll Edelstahl Sichere Runde Tipps Haarschneideschere Extra Professionelle Haarschnitt Schere f¨¹r Kinder. Perfe,1,amazon.de,Amazon,Dallgow-d?beritz,,14624,MarketplaceFacilitator,15.71,2.98,0,0,0,0,0,0,-2.98,-2.8,-3.69,0,0,9.22,0,0
22.01.2026 17:57:43 UTC,26330616062,Bestellung,302-8741729-7116347,BBQW-ZNO,PURPLEBIRD 31-teiliges Edelstahl Grillzubeh?r Set - Premium BBQ Grillbesteck f¨¹r M?nner & Frauen mit Tragetasche. Grillmatte Garten. Camping & Gebu,1,amazon.de,Amazon,Berlin,Berlin,13355,MarketplaceFacilitator,33.61,6.38,0,0,0,0,-5.04,-0.96,-5.42,-5.1,-5.2,0,0,18.27,0,0
22.01.2026 18:08:20 UTC,26330616062,Bestellung,303-4031355-4973950,CZ007-Burgerpresse,PURPLEBIRD Schwerlast Burger Smasher Gusseisen (?17.7cm) | 1kg Profi-Grillgewicht f¨¹r gleichm??ige Br?unung | Smash Burger Presse f¨¹r Gasgrill.,1,amazon.de,Amazon,Nortmoor,,26845,MarketplaceFacilitator,15.97,3.03,1.68,0.32,0,0,-1.68,-0.32,-3.03,-2.85,-4.49,0,0,8.63,0,0
22.01.2026 18:15:01 UTC,26330616062,Bestellung,303-5020696-0699567,KF012-Fudao,PURPLEBIRD Camping Axt Outdoor Messer Set. Feststehend Jagdmesser Survival Messer und Spaltaxt Sch?rfe Camping Beil mit Geschenkbox,1,amazon.de,Amazon,Berlin,,12105,MarketplaceFacilitator,29.57,5.62,0,0,0,0,0,0,-5.62,-5.28,-4.75,0,0,19.54,0,0
22.01.2026 18:28:11 UTC,26330616062,Bestellung,028-1740332-3904347,CZ007-Burgerpresse,PURPLEBIRD Schwerlast Burger Smasher Gusseisen (?17.7cm) | 1kg Profi-Grillgewicht f¨¹r gleichm??ige Br?unung | Smash Burger Presse f¨¹r Gasgrill.,1,amazon.de,Amazon,Viersen,,41751,MarketplaceFacilitator,12.13,2.31,0,0,0,0,0,0,-2.31,-2.17,-3.41,0,0,6.55,0,0
22.01.2026 19:55:15 UTC,26330616062,Bestellung,304-5871583-4051513,GK02,PURPLE BIRD GK02 Gefl¨¹gelschere K¨¹chenschere Profi. 4mm Edelstahl Knochenschere mit Sicherheitsschloss & Federbelastung. 103¡ã Schneidwinkel f¨¹r Fl,1,amazon.de,Amazon,Berlin,Berlin,14129,MarketplaceFacilitator,22.68,4.31,0,0,0,0,0,0,-4.31,-4.05,-3.04,0,0,15.59,0,0
22.01.2026 20:20:05 UTC,26330616062,Bestellung,303-9878454-9578744,KF014-OutdoorA,PURPLEBIRD Jagdmesser Feststehende Klinge Scharfes. Messer Outdoor Survival mit Lederscheide. D2 Stahl G¨¹rtelmesser & Camping Messer Outdoor Geschenk,1,amazon.de,Amazon,Birkenfeld,,97834,MarketplaceFacilitator,24.28,4.61,0,0,0,0,0,0,-4.61,-3.76,-3.04,0,0,17.48,0,0
22.01.2026 20:24:48 UTC,26330616062,Bestellung,302-4145634-8013147,CZ003-Wood,PURPLEBIRD Burgerpresse. 10.8cm Aluguss Burger Pattie Presse mit Antihaft. 3 Stufen der Dicke einstellbar. Professioneller Hamburgerpresse mit Holzgri,1,amazon.de,Amazon,Meinerzhagen,Nordrhein-Westfalen,58540,MarketplaceFacilitator,23.52,4.47,0,0,0,0,-11.76,-2.23,-2.24,-2.1,-3.84,0,0,5.82,0,0
22.01.2026 20:37:23 UTC,26330616062,Bestellung,306-6034455-1652347,KF014-OutdoorA,PURPLEBIRD Jagdmesser Feststehende Klinge Scharfes. Messer Outdoor Survival mit Lederscheide. D2 Stahl G¨¹rtelmesser & Camping Messer Outdoor Geschenk,1,amazon.de,Amazon,Worms,Rheinland-Pfalz,67549,MarketplaceFacilitator,24.28,4.61,1.12,0.21,0,0,-1.12,-0.21,-4.61,-3.76,-3.04,0,0,17.48,0,0
22.01.2026 20:45:56 UTC,26330616062,Bestellung,028-6367973-9448316,HS-KidRedStraight,PURPLEBIRD Haarschere Friseurschere 6-Zoll Edelstahl Sichere Runde Tipps Haarschneideschere Extra Professionelle Haarschnitt Schere f¨¹r Kinder. Perfe,1,amazon.de,Amazon,Wohnste,,27419,MarketplaceFacilitator,15.71,2.98,0,0,0,0,0,0,-2.98,-2.8,-3.69,0,0,9.22,0,0
22.01.2026 21:11:43 UTC,26330616062,Bestellung,306-6703682-1711518,CZ002-XXL,PURPLEBIRD Grillspachtel Set aus Edelstahl. Plancha Spachtels Set mit Gro? Grillwender f¨¹r Smash Burger. Grill Geschenke f¨¹r M?nner,1,amazon.de,Amazon,Waldneukirchen,O?,4595,MarketplaceFacilitator,16.33,3.27,0,0,0,0,0,0,-3.27,-2.91,-4.08,0,0,9.34,0,0
22.01.2026 21:54:38 UTC,26330616062,Bestellung,028-4674738-7652358,MT001-Silberner,PURPLEBIRD Multitool Werkzeug. 28 in 1 Multifunktionale Zange Geschenke f¨¹r M?nner. Faltbares Multifunktionswerkzeug mit 11 Bits und Gurtcliptasche.,1,amazon.de,Amazon,Wachtberg,,53343,MarketplaceFacilitator,28.56,5.43,0,0,0,0,0,0,-5.43,-4.42,-3.42,0,0,20.72,0,0
22.01.2026 22:05:32 UTC,26330616062,Bestellung,306-7098064-4096329,KF015-Chanzi,PURPLEBIRD 12-in-1 Klappspaten mit 180¡ã Camping-Axt | ¨¹berlebens-Set inkl. Multitool. Camping Axe & Tragebag f¨¹r Outdoor/Camping (rostfrei & faltba,1,amazon.de,Amazon,K?nigslutter Am Elm,,38154,MarketplaceFacilitator,27.55,5.24,3.35,0.64,0,0,0,0,-5.88,-4.26,-9.18,0,0,17.46,0,0
22.01.2026 22:09:05 UTC,26330616062,Bestellung,302-5935272-2626726,HWD02-ZNO,PURPLEBIRD Outdoor Messer. Jagdmesser Feststehende Klinge. 440C Edelstahl Bushcraft Camping Messer. Full Tang Scharfe Survival Messer mit Holster (12c,1,amazon.de,Amazon,leipzig,,04328,MarketplaceFacilitator,18.85,3.58,0,0,0,0,0,0,-3.58,-2.92,-3.04,0,0,12.89,0,0
22.01.2026 22:33:27 UTC,26330616062,Bestellung,305-7896865-2920344,HS-Rainbow-Set,PURPLEBIRD Friseurscheren Profi. Haarschere Friseurschere Set aus Edelstahl Haarschneideschere und Effilierschere f¨¹r Barbier/Friseur/Anf?nger 10 St,1,amazon.de,Amazon,Minden,,32425,MarketplaceFacilitator,19.15,3.64,0,0,0,0,0,0,-3.64,-3.42,-3.04,0,0,12.69,0,0
22.01.2026 22:51:08 UTC,26330616062,Erstattung,303-9878454-9578744,KF014-OutdoorA,PURPLEBIRD Jagdmesser Feststehende Klinge Scharfes. Messer Outdoor Survival mit Lederscheide. D2 Stahl G¨¹rtelmesser & Camping Messer Outdoor Geschenk,1,amazon.de,Amazon,Birkenfeld,,97834,MarketplaceFacilitator,-24.28,-4.61,0,0,0,0,0,0,4.61,3.01,0,0,0,-21.27,0,0
22.01.2026 22:58:51 UTC,26330616062,Bestellung,028-9784698-4732329,HS-KidRedStraight,PURPLEBIRD Haarschere Friseurschere 6-Zoll Edelstahl Sichere Runde Tipps Haarschneideschere Extra Professionelle Haarschnitt Schere f¨¹r Kinder. Perfe,1,amazon.de,Amazon,Kettershausen,,86498,MarketplaceFacilitator,15.71,2.98,0,0,0,0,0,0,-2.98,-2.8,-3.69,0,0,9.22,0,0
22.01.2026 23:10:53 UTC,26330616062,Bestellung,305-5383902-7377906,PS-7.0''DownCurvedThinning,PURPLEBIRD Fellschere 7 Inch Gebogene Hundeschere. Katzenschere. Effilierschere Hundescheren zur Fellpflege f¨¹r alle Hunde Katze. Schneiden und Groom,1,amazon.de,Amazon,Hohenaspe,,25582,MarketplaceFacilitator,40.71,7.73,0,0,0,0,0,0,-7.73,-7.27,-2.57,0,0,30.87,0,0
22.01.2026 23:14:57 UTC,26330616062,Bestellung,302-7442325-8741929,CZ008-Brush,PURPLEBIRD BBQ-Grillb¨¹rste 3 in 1 f¨¹r Gussrost. Edelstahl. lange Holzgriff. Ersatzb¨¹rste,1,amazon.de,Amazon,Karlsruhe,,76187,MarketplaceFacilitator,20.16,3.83,0,0,0,0,0,0,-3.83,-3.12,-3.44,0,0,13.6,0,0
22.01.2026 23:51:37 UTC,26330616062,Bestellung,303-6192821-8120314,KF012-Fudao,PURPLEBIRD Camping Axt Outdoor Messer Set. Feststehend Jagdmesser Survival Messer und Spaltaxt Sch?rfe Camping Beil mit Geschenkbox,1,amazon.de,Amazon,Utarp,,26556,MarketplaceFacilitator,29.57,5.62,0.42,0.08,0,0,-0.42,-0.08,-5.62,-5.28,-4.75,0,0,19.54,0,0
23.01.2026 00:06:30 UTC,26330616062,Bestellung,305-1878681-1065105,CZ002-SetA,PURPLEBIRD Burger-Set (3-TLG.) aus Edelstahl inkl. Burgerpresse. 2 Grillspachtels. Burger Spachtel Set mit Gro? Grillwender und Burger Smasher aus Ed,1,amazon.de,Amazon,Aarhus N,,8200,MarketplaceFacilitator,30.24,7.56,1.7,0.42,0,0,-1.7,-0.42,-7.56,-5.4,-4.75,0,0,20.09,0,0
23.01.2026 07:44:29 UTC,26330616062,Geb¨¹hren von Amazon,c2f90ecd-4e1c-4e25-ad56-e35b7e24adcb,,Leistungsbasierte Coupon-Geb¨¹hr,,Amazon.de,,,,,,0,0,0,0,0,0,0,0,0,-0.19,0,0,0,-0.19,0,0
23.01.2026 07:48:16 UTC,26330616062,Geb¨¹hren von Amazon,c2f90ecd-4e1c-4e25-ad56-e35b7e24adcb,,Coupon-Teilnahmegeb¨¹hr,,Amazon.de,,,,,,0,0,0,0,0,0,0,0,0,-4,0,0,0,-4,0,0
23.01.2026 07:52:59 UTC,26330616062,Geb¨¹hren von Amazon,2d2cc748-0fd9-4123-8a06-ff375d438180,,Coupon-Teilnahmegeb¨¹hr,,Amazon.de,,,,,,0,0,0,0,0,0,0,0,0,-4,0,0,0,-4,0,0
23.01.2026 07:57:03 UTC,26330616062,Geb¨¹hren von Amazon,00b00304-fe72-4f73-b153-2998e5bcd487,,Coupon-Teilnahmegeb¨¹hr,,Amazon.de,,,,,,0,0,0,0,0,0,0,0,0,-4,0,0,0,-4,0,0
23.01.2026 12:03:35 UTC,26330616062,Bestellung,S02-1423949-2933551,GSGD-ZNO,PURPLEBIRD Grill Schaber f¨¹r Flachgrills mit 6-Zoll-Edelstahlklinge & Ergonomischem Aluminiumgriff Grillschaber f¨¹r Gastronomie. Haushalt und Gewerbe.Geschenke f¨¹r M?nner und Frauen,1,si-prod-marketplace-de.stores.amazon.de,Amazon,PARATICO,BRESCIA,25030,,0,0,0,0,0,0,0,0,0,0,-11.14,0,0,-11.14,0,0
23.01.2026 13:56:55 UTC,26330616062,Bestellung,304-3889222-5209152,BBQW-ZNO,PURPLEBIRD 31-teiliges Edelstahl Grillzubeh?r Set - Premium BBQ Grillbesteck f¨¹r M?nner & Frauen mit Tragetasche. Grillmatte Garten. Camping & Gebu,1,amazon.de,Amazon,OSTERMIETHING,Ober?sterreich,5121,,33.61,0,0,0,0,0,0,0,0,-6,-5.2,0,0,22.41,0,0
23.01.2026 14:12:32 UTC,26330616062,Erstattung,305-2469595-8320325,PB-OK-02,PURPLEBIRD Outdoor Messer. Machete Scharf Echt mit 6MM Klingenr¨¹cken. Full Tang Bowiemesser mit Scheide. f¨¹r Wandern & Bushcraft. Geschenke f¨¹r M?,1,amazon.de,Amazon,Nidda 28,Hessen,63667,MarketplaceFacilitator,-32.85,-6.24,0,0,0,0,0,0,6.24,4.06,0,0,0,-28.79,0,0
23.01.2026 16:12:29 UTC,26330616062,Bestellung,028-6709141-4996341,CZ003-Wood,PURPLEBIRD Burgerpresse. 10.8cm Aluguss Burger Pattie Presse mit Antihaft. 3 Stufen der Dicke einstellbar. Professioneller Hamburgerpresse mit Holzgri,1,amazon.de,Amazon,Mannheim,,68199,MarketplaceFacilitator,23.52,4.47,0,0,0,0,-11.76,-2.23,-2.24,-2.1,-3.4,0,0,6.26,0,0
23.01.2026 16:43:23 UTC,26330616062,Bestellung,304-5030055-1018719,CZ002-XXL,PURPLEBIRD Grillspachtel Set aus Edelstahl. Plancha Spachtels Set mit Gro? Grillwender f¨¹r Smash Burger. Grill Geschenke f¨¹r M?nner,1,amazon.de,Amazon,Landkern,,56814,MarketplaceFacilitator,16.33,3.1,0,0,0,0,0,0,-3.1,-2.91,-3.44,0,0,9.98,0,0
23.01.2026 16:46:40 UTC,26330616062,Versand durch Amazon Lagergeb¨¹hr,97Y/phAnNA,,Versand durch Amazon Geb¨¹hr f¨¹r Entsorgung,,Amazon.de,,,,,,0,0,0,0,0,0,0,0,0,0,0,0,-1.19,-1.19,0,0
23.01.2026 18:00:42 UTC,26330616062,Bestellung,304-3287608-2609101,HWD02-ZNO,PURPLEBIRD Outdoor Messer. Jagdmesser Feststehende Klinge. 440C Edelstahl Bushcraft Camping Messer. Full Tang Scharfe Survival Messer mit Holster (24c,1,amazon.de,Amazon,NEURUPPIN,,16816,MarketplaceFacilitator,27.72,5.27,0.67,0.13,0,0,-7.6,-1.45,-3.95,-3.22,-3.04,0,0,14.53,0,0
23.01.2026 18:51:04 UTC,26330616062,Bestellung,028-2082791-2580323,HS03-SilverStraight2,PURPLEBIRD Haarschere Friseurschere 6 Inch Effilierschere Scharfe Haarschneideschere Japanischer Edelstahl 440C f¨¹r Damen und Herren Haarschere,1,amazon.de,Amazon,Schleswig,,24837,MarketplaceFacilitator,21,3.99,0,0,0,0,0,0,-3.99,-3.75,-2.57,0,0,14.68,0,0
23.01.2026 20:22:07 UTC,26330616062,Bestellung,303-0989056-7906705,CZ003-Wood,PURPLEBIRD Burgerpresse. 10.8cm Aluguss Burger Pattie Presse mit Antihaft. 3 Stufen der Dicke einstellbar. Professioneller Hamburgerpresse mit Holzgri,1,amazon.de,Amazon,M?nchengladbach,Nordrhein-Westfalen,41068,MarketplaceFacilitator,16.46,3.13,0,0,0,0,0,0,-3.13,-2.94,-3.25,0,0,10.27,0,0
23.01.2026 20:26:45 UTC,26330616062,Bestellung,028-7972396-5212310,HWD02-ZNO,PURPLEBIRD Outdoor Messer. Jagdmesser Feststehende Klinge. 440C Edelstahl Bushcraft Camping Messer. Full Tang Scharfe Survival Messer mit Holster (12c,1,amazon.de,Amazon,Teltow,Brandenburg,14513,MarketplaceFacilitator,18.85,3.58,1.67,0.32,0,0,0,0,-3.9,-2.92,-4.71,0,0,12.89,0,0
23.01.2026 20:41:08 UTC,26330616062,Bestellung,028-8319352-4941124,CZ007-Burgerpresse,PURPLEBIRD Schwerlast Burger Smasher Gusseisen (?17.7cm) | 1kg Profi-Grillgewicht f¨¹r gleichm??ige Br?unung | Smash Burger Presse f¨¹r Gasgrill.,1,amazon.de,Amazon,Ransbach-Baumbach,,56235,MarketplaceFacilitator,12.13,2.31,2.1,0.4,0,0,0,0,-2.71,-2.17,-5.51,0,0,6.55,0,0
23.01.2026 20:48:20 UTC,26330616062,Bestellung,305-1956582-5336309,HS-Rainbow-Set,PURPLEBIRD Friseurscheren Profi. Haarschere Friseurschere Set aus Edelstahl Haarschneideschere und Effilierschere f¨¹r Barbier/Friseur/Anf?nger 10 St,1,amazon.de,Amazon,M¨¹lheim An Der Ruhr,,45472,MarketplaceFacilitator,19.15,3.64,0,0,0,0,0,0,-3.64,-3.42,-3.04,0,0,12.69,0,0
23.01.2026 20:50:22 UTC,26330616062,Bestellung,302-2726711-3564346,BBQW-ZNO,PURPLEBIRD 31-teiliges Edelstahl Grillzubeh?r Set - Premium BBQ Grillbesteck f¨¹r M?nner & Frauen mit Tragetasche. Grillmatte Garten. Camping & Gebu,1,amazon.de,Amazon,Kleinheubach,Bayern,63924,MarketplaceFacilitator,33.61,6.38,0,0,0,0,-8.4,-1.6,-4.78,-4.5,-3.95,0,0,16.76,0,0
23.01.2026 21:02:19 UTC,26330616062,Bestellung,305-2469595-8320325,PB-OK-02,PURPLEBIRD Outdoor Messer. Machete Scharf Echt mit 6MM Klingenr¨¹cken. Full Tang Bowiemesser mit Scheide. f¨¹r Wandern & Bushcraft. Geschenke f¨¹r M?,1,amazon.de,Amazon,Nidda 28,Hessen,63667,MarketplaceFacilitator,32.85,6.24,0,0,0,0,0,0,-6.24,-5.08,-5.27,0,0,22.5,0,0
23.01.2026 21:04:22 UTC,26330616062,Bestellung,304-4980408-8868357,HWD02-ZNO,PURPLEBIRD Outdoor Messer. Jagdmesser Feststehende Klinge. 440C Edelstahl Bushcraft Camping Messer. Full Tang Scharfe Survival Messer mit Holster (12c,1,amazon.de,Amazon,Bamberg,,96052,MarketplaceFacilitator,18.85,3.58,0,0,0,0,0,0,-3.58,-2.92,-3.04,0,0,12.89,0,0
23.01.2026 21:07:13 UTC,26330616062,Bestellung,302-9466373-8175564,HWD02-ZNO,PURPLEBIRD Outdoor Messer. Jagdmesser Feststehende Klinge. 440C Edelstahl Bushcraft Camping Messer. Full Tang Scharfe Survival Messer mit Holster (12c,1,amazon.de,Amazon,Mayen,,56727,MarketplaceFacilitator,18.85,3.58,0,0,0,0,0,0,-3.58,-2.92,-3.04,0,0,12.89,0,0
23.01.2026 21:26:46 UTC,26330616062,Bestellung,305-7882657-7137138,PB-OK-02,PURPLEBIRD Outdoor Messer. Machete Scharf Echt mit 6MM Klingenr¨¹cken. Full Tang Bowiemesser mit Scheide. f¨¹r Wandern & Bushcraft. Geschenke f¨¹r M?,1,amazon.de,Amazon,Gro?efehn,,26629,MarketplaceFacilitator,32.85,6.24,0,0,0,0,0,0,-6.24,-5.08,-5.27,0,0,22.5,0,0
23.01.2026 21:27:48 UTC,26330616062,Bestellung,302-3172705-7834706,HWD02-ZNO,PURPLEBIRD Outdoor Messer. Jagdmesser Feststehende Klinge. 440C Edelstahl Bushcraft Camping Messer. Full Tang Scharfe Survival Messer mit Holster (12c,1,amazon.de,Amazon,Maulburg,Baden-W¨¹rttemberg,79689,MarketplaceFacilitator,18.85,3.58,0,0,0,0,0,0,-3.58,-2.92,-3.04,0,0,12.89,0,0
23.01.2026 21:31:30 UTC,26330616062,Bestellung,304-9576535-4292314,GK02,PURPLE BIRD GK02 Gefl¨¹gelschere K¨¹chenschere Profi. 4mm Edelstahl fleischschere mit Sicherheitsschloss & Federbelastung. 103¡ã Schneidwinkel f¨¹r Fl,1,amazon.de,Amazon,Bocholt,Nordrhein-Westfalen,46397,MarketplaceFacilitator,19.73,3.75,0,0,0,0,0,0,-3.75,-3.52,-3.04,0,0,13.17,0,0
23.01.2026 21:32:50 UTC,26330616062,Bestellung,304-7433566-1546748,CZ003-Wood,PURPLEBIRD Burgerpresse. 10.8cm Aluguss Burger Pattie Presse mit Antihaft. 3 Stufen der Dicke einstellbar. Professioneller Hamburgerpresse mit Holzgri,1,amazon.de,Amazon,Potsdam,,14476,MarketplaceFacilitator,16.46,3.13,0,0,0,0,0,0,-3.13,-2.94,-3.25,0,0,10.27,0,0
23.01.2026 21:40:09 UTC,26330616062,Bestellung,S02-0048537-6240768,GK02,PURPLE BIRD GK02 Gefl¨¹gelschere K¨¹chenschere Profi. 4mm Edelstahl fleischschere mit Sicherheitsschloss & Federbelastung. 103¡ã Schneidwinkel f¨¹r Fleisch. Gem¨¹se und Knochen. Rutschfester Griff,1,si-prod-marketplace-de.stores.amazon.de,Amazon,Malm?,Sk?ne l?n,,,0,0,0,0,0,0,0,0,0,0,-10.87,0,0,-10.87,0,0
23.01.2026 21:45:21 UTC,26330616062,Bestellung,302-4605154-9918761,CZ005-Grillset,PURPLEBIRD Grillbesteckset 5-TLG. Profi Edelstahl Gril Zubeh?r Werkzeug Set. Tragetasche mit Sch¨¹rzenfunktion. Top Grillbesteck-Set mit Holzgriff. I,1,amazon.de,Amazon,Halle (westf.),,33790,MarketplaceFacilitator,22.18,4.21,0,0,0,0,0,0,-4.21,-3.96,-3.93,0,0,14.29,0,0
23.01.2026 22:13:59 UTC,26330616062,Bestellung,303-4394501-1591520,GK02,PURPLE BIRD GK02 Gefl¨¹gelschere K¨¹chenschere Profi. 4mm Edelstahl fleischschere mit Sicherheitsschloss & Federbelastung. 103¡ã Schneidwinkel f¨¹r Fl,1,amazon.de,Amazon,Wien,,1030,MarketplaceFacilitator,22.68,4.54,3.32,0.67,0,0,0,0,-5.21,-4.05,-6.39,0,0,15.56,0,0
23.01.2026 22:14:48 UTC,26330616062,Bestellung,302-7153206-2669128,HWD02-ZNO,PURPLEBIRD Outdoor Messer. Jagdmesser Feststehende Klinge. 440C Edelstahl Bushcraft Camping Messer. Full Tang Scharfe Survival Messer mit Holster (12c,1,amazon.de,Amazon,Neumagen-dhron,,54347,MarketplaceFacilitator,18.85,3.58,0,0,0,0,0,0,-3.58,-2.92,-3.04,0,0,12.89,0,0
23.01.2026 22:22:14 UTC,26330616062,Bestellung,028-3369993-6139527,HS03-SilverStraight2,PURPLEBIRD Haarschere Friseurschere 6 Inch Effilierschere Scharfe Haarschneideschere Japanischer Edelstahl 440C f¨¹r Damen und Herren Haarschere,1,amazon.de,Amazon,Oberstaufenbach,,66879,MarketplaceFacilitator,16.8,3.19,0,0,0,0,0,0,-3.19,-3,-2.57,0,0,11.23,0,0
23.01.2026 22:31:16 UTC,26330616062,Bestellung,304-5004783-4055503,KF015-Fish6,PURPLEBIRD Filetiermesser f¨¹r Fisch 15 CM mit Scheide. 440C Edelstahl Fischmesser zum Schneiden von Fleisch mit Holzgriff. Filetiermesser Fisch K¨¹ch,1,amazon.de,Amazon,M¨¹cka,,02906,MarketplaceFacilitator,22.13,4.21,0,0,0,0,0,0,-4.21,-3.95,-3.04,0,0,15.14,0,0
23.01.2026 22:55:09 UTC,26330616062,Bestellung,028-5109962-6554751,HWD02-ZNO,PURPLEBIRD Outdoor Messer. Jagdmesser Feststehende Klinge. 440C Edelstahl Bushcraft Camping Messer. Full Tang Scharfe Survival Messer mit Holster (12c,1,amazon.de,Amazon,Darmstadt,,64295,MarketplaceFacilitator,18.85,3.58,0,0,0,0,0,0,-3.58,-2.92,-3.04,0,0,12.89,0,0
23.01.2026 23:05:17 UTC,26330616062,Bestellung,304-4195674-3779569,HWD02-ZNO,PURPLEBIRD Outdoor Messer. Jagdmesser Feststehende Klinge. 440C Edelstahl Bushcraft Camping Messer. Full Tang Scharfe Survival Messer mit Holster (12c,1,amazon.de,Amazon,Friedberg (hessen),,61169,MarketplaceFacilitator,18.85,3.58,0,0,0,0,0,0,-3.58,-2.92,-3.04,0,0,12.89,0,0
23.01.2026 23:05:54 UTC,26330616062,Bestellung,302-4828494-3406768,BBQW-ZNO,PURPLEBIRD 31-teiliges Edelstahl Grillzubeh?r Set - Premium BBQ Grillbesteck f¨¹r M?nner & Frauen mit Tragetasche. Grillmatte Garten. Camping & Gebu,1,amazon.de,Amazon,Lehrte,,31275,MarketplaceFacilitator,33.61,6.38,0,0,0,0,0,0,-6.38,-6,-3.95,0,0,23.66,0,0
23.01.2026 23:10:47 UTC,26330616062,Bestellung,304-7511652-9813156,HWD02-ZNO,PURPLEBIRD Outdoor Messer. Jagdmesser Feststehende Klinge. 440C Edelstahl Bushcraft Camping Messer. Full Tang Scharfe Survival Messer mit Holster (12c,1,amazon.de,Amazon,Hannover,,30539,MarketplaceFacilitator,18.85,3.58,0,0,0,0,0,0,-3.58,-2.92,-3.04,0,0,12.89,0,0
23.01.2026 23:42:39 UTC,26330616062,Bestellung,305-6261591-2503504,GK02,PURPLE BIRD GK02 Gefl¨¹gelschere K¨¹chenschere Profi. 4mm Edelstahl fleischschere mit Sicherheitsschloss & Federbelastung. 103¡ã Schneidwinkel f¨¹r Fl,1,amazon.de,Amazon,Dresden,,01159,,22.68,4.31,0,0,0,0,0,0,0,-4.05,-3.04,0,0,19.9,0,0
23.01.2026 23:43:20 UTC,26330616062,Bestellung,028-5365549-3145938,CZ002-XXL,PURPLEBIRD Grillspachtel Set aus Edelstahl. Plancha Spachtels Set mit Gro? Grillwender f¨¹r Smash Burger. Grill Geschenke f¨¹r M?nner,1,amazon.de,Amazon,Freudenberg,,57258,MarketplaceFacilitator,16.33,3.1,1.39,0.27,0,0,-1.39,-0.27,-3.1,-2.91,-3.44,0,0,9.98,0,0
23.01.2026 23:48:43 UTC,26330616062,Bestellung,305-9215277-0817149,CZ008-Brush,PURPLEBIRD BBQ-Grillb¨¹rste 3 in 1 f¨¹r Gussrost. Edelstahl. lange Holzgriff. Ersatzb¨¹rste,1,amazon.de,Amazon,L¨¹dinghausen,Nordrhein-Westfalen,59348,MarketplaceFacilitator,13.5,2.57,0,0,0,0,0,0,-2.57,-2.09,-3.44,0,0,7.97,0,0
24.01.2026 00:05:26 UTC,26330616062,Bestellung,304-4621380-7528340,GK02,PURPLE BIRD GK02 Gefl¨¹gelschere K¨¹chenschere Profi. 4mm Edelstahl Knochenschere mit Sicherheitsschloss & Federbelastung. 103¡ã Schneidwinkel f¨¹r Fl,1,amazon.de,Amazon,konstanz,,78467,MarketplaceFacilitator,22.68,4.31,0.83,0.16,0,0,-0.83,-0.16,-4.31,-4.05,-3.04,0,0,15.59,0,0
24.01.2026 00:12:00 UTC,26330616062,Bestellung,306-8479196-2820319,PB-OK-02,PURPLEBIRD Outdoor Messer. Machete Scharf Echt mit 6MM Klingenr¨¹cken. Full Tang Bowiemesser mit Scheide. f¨¹r Wandern & Bushcraft. Geschenke f¨¹r M?,1,amazon.de,Amazon,Ingelfingen,,74653,MarketplaceFacilitator,32.85,6.24,0,0,0,0,0,0,-6.24,-5.08,-5.27,0,0,22.5,0,0
24.01.2026 02:32:19 UTC,26330616062,Liquidationen,92738446686552,X0027JRZBH,Haarschere Set 6 Inch Friseurschere Effilierschere Kit Professionelle Ausd¨¹nnen Texturierende Schere Scharfe Friseurschere Set f¨¹r M?nner Frauen und Kinder,1,,,,,,,2.53,0,0,0,0,0,0,0,0,0,0,-0.72,0,1.81,0,0
24.01.2026 06:42:29 UTC,26330616062,Anpassung,S02-1512348-8140209,amzn.gr.KP40-P-XM6W1UV5gvCIqiataB9Uzw-PO,Versand durch Amazon Erstattung f¨¹r Lagerbestand - Verloren bei Auslieferung,1,,,,,,,0,0,0,0,0,0,0,0,0,0,0,0,1.31,1.31,0,0
24.01.2026 07:18:34 UTC,26330616062,Geb¨¹hren von Amazon,ae3fca23-ca34-47a0-af70-442d81a12953,,Teilnahmegeb¨¹hr f¨¹r das Angebot,,Amazon.de,,,,,,0,0,0,0,0,0,0,0,0,-4,0,0,0,-4,0,0
24.01.2026 07:19:08 UTC,26330616062,Geb¨¹hren von Amazon,ae3fca23-ca34-47a0-af70-442d81a12953,,Leistungsbasierte Angebotsgeb¨¹hr,,Amazon.de,,,,,,0,0,0,0,0,0,0,0,0,-0.63,0,0,0,-0.63,0,0
24.01.2026 07:22:33 UTC,26330616062,Geb¨¹hren von Amazon,b6d5d1af-54cf-48a2-8fec-9b0188f2f96e,,Leistungsbasierte Coupon-Geb¨¹hr,,Amazon.de,,,,,,0,0,0,0,0,0,0,0,0,-0.93,0,0,0,-0.93,0,0
24.01.2026 07:29:27 UTC,26330616062,Geb¨¹hren von Amazon,b6d5d1af-54cf-48a2-8fec-9b0188f2f96e,,Coupon-Teilnahmegeb¨¹hr,,Amazon.de,,,,,,0,0,0,0,0,0,0,0,0,-4,0,0,0,-4,0,0
24.01.2026 13:42:33 UTC,26330616062,Erstattung,304-4793181-0778760,CZ002-XXL,PURPLEBIRD Grillspachtel Set aus Edelstahl. Plancha Spachtels Set mit Gro? Grillwender f¨¹r Smash Burger. Grill Geschenke f¨¹r M?nner,1,amazon.de,Amazon,Rheinbreitbach,Rheinland-Pfalz,53619,MarketplaceFacilitator,-16.33,-3.1,0,0,0,0,0,0,3.1,2.33,0,0,0,-14,0,0
24.01.2026 14:31:35 UTC,26330616062,Bestellung,305-2964765-9909125,CZ002-XXL,PURPLEBIRD Grillspachtel Set aus Edelstahl. Plancha Spachtels Set mit Gro? Grillwender f¨¹r Smash Burger. Grill Geschenke f¨¹r M?nner,1,amazon.de,Amazon,Meiningen,Vorarlberg,6812,MarketplaceFacilitator,16.33,3.27,0,0,0,0,0,0,-3.27,-2.91,-3.44,0,0,9.98,0,0
24.01.2026 15:25:23 UTC,26330616062,Bestellung,028-6475206-2845117,KF015-Chudao,PURPLEBIRD K¨¹chenmesser Schmieden. Kochmesser Profi Messer. Fleischermesser mit Ergonomischem Griff. K¨¹chenmesser Scharf aus Hochwertigem Carbon Ede,1,amazon.de,Amazon,Berlin,,10405,MarketplaceFacilitator,32.14,6.11,3.35,0.64,0,0,0,0,-6.75,-5.74,-6.79,0,0,22.96,0,0
24.01.2026 18:06:31 UTC,26330616062,Bestellung,304-6565323-2249937,Camp-G,PURPLEBIRD Camping-Besteck Set Golden. 10-teiliges Geschirr Set f¨¹r 2 Personen bei Picknick & Reisen Tragbares Edelstahl Geschirr Set Mit Etui Deal f,1,amazon.de,Amazon,Niedereschach,Baden-W¨¹rttemberg,78078,MarketplaceFacilitator,26.47,5.03,0,0,0,0,0,0,-5.03,-4.73,-3.44,0,0,18.3,0,0
24.01.2026 18:49:40 UTC,26330616062,Bestellung,028-1910532-5604303,CZ005-Grillset,PURPLEBIRD Grillbesteckset 5-TLG. Profi Edelstahl Gril Zubeh?r Werkzeug Set. Tragetasche mit Sch¨¹rzenfunktion. Top Grillbesteck-Set mit Holzgriff. I,1,amazon.de,Amazon,Mannheim,,68307,MarketplaceFacilitator,22.18,4.21,0,0,0,0,0,0,-4.21,-3.96,-3.93,0,0,14.29,0,0
24.01.2026 20:05:50 UTC,26330616062,Bestellung,305-3964764-0066750,KM30-G,PURPLEBIRD Klappmesser. Hohe H?rte und Sch?rfe. Taschenmesser EDC Messer mit Taschenclip. Sicherheitsschloss & Rutschfester Griff f¨¹r Outdoor. Surv,1,amazon.de,Amazon,Sch?nborn,,03253,MarketplaceFacilitator,14.99,2.85,0,0,0,0,0,0,-2.85,-2.32,-2.65,0,0,10.02,0,0
24.01.2026 20:13:53 UTC,26330616062,Bestellung,305-0535021-3786717,HWD02-ZNO,PURPLEBIRD Outdoor Messer. Messer 12 cm Klinge Feststehende. 440C Edelstahl Bushcraft Camping Messer. Full Tang Scharfe Survival Messer mit Holster f?,1,amazon.de,Amazon,Markranst?dt - R?pitz,,04420,MarketplaceFacilitator,18.85,3.58,0,0,0,0,0,0,-3.58,-2.92,-3.04,0,0,12.89,0,0
24.01.2026 20:29:47 UTC,26330616062,Bestellung,304-4366579-6007538,CZ008-Brush,PURPLEBIRD BBQ-Grillb¨¹rste 3 in 1 f¨¹r Gussrost. Edelstahl. lange Holzgriff. Ersatzb¨¹rste,1,amazon.de,Amazon,Eppelheim,,69214,MarketplaceFacilitator,13.5,2.57,0,0,0,0,0,0,-2.57,-2.09,-3.44,0,0,7.97,0,0
24.01.2026 20:33:27 UTC,26330616062,Bestellung,304-6576549-4881155,PS04-GreenScrewSetChunker,PURPLEBIRD Fellschere Hundeschere 7 Inch professionelles Tierpflege Set aus 440C japanischer Edelstahl gerade Gebogene ausd¨¹nnen Chunker Schere Set,1,amazon.de,Amazon,Wampersdorf,Nieder?sterreich,2485,MarketplaceFacilitator,21.5,4.3,0,0,0,0,0,0,-4.3,-3.84,-3.04,0,0,14.62,0,0
24.01.2026 20:34:34 UTC,26330616062,Bestellung,302-0577658-7418724,CZ002-XXL,PURPLEBIRD Grillspachtel Set aus Edelstahl. Plancha Spachtels Set mit Gro? Grillwender f¨¹r Smash Burger. Grill Geschenke f¨¹r M?nner,1,amazon.de,Amazon,Stuhr,Deutschland,28816,MarketplaceFacilitator,16.33,3.1,0,0,0,0,0,0,-3.1,-2.91,-3.44,0,0,9.98,0,0
24.01.2026 20:39:12 UTC,26330616062,Bestellung,303-0066209-2202717,KM30-G,PURPLEBIRD Klappmesser. Hohe H?rte und Sch?rfe. Taschenmesser EDC Messer mit Taschenclip. Sicherheitsschloss & Rutschfester Griff f¨¹r Outdoor. Surv,1,amazon.de,Amazon,Leipzig,,04347,MarketplaceFacilitator,14.99,2.85,0,0,0,0,0,0,-2.85,-2.32,-2.65,0,0,10.02,0,0
24.01.2026 20:39:55 UTC,26330616062,Bestellung,305-4609842-1137949,PB-OK-02,PURPLEBIRD Outdoor Messer. Machete Scharf Echt mit 6MM Klingenr¨¹cken. Full Tang Bowiemesser mit Scheide. f¨¹r Wandern & Bushcraft. Geschenke f¨¹r M?,1,amazon.de,Amazon,Dresden,Sachsen,01139,MarketplaceFacilitator,32.85,6.24,0,0,0,0,0,0,-6.24,-5.08,-5.27,0,0,22.5,0,0
24.01.2026 20:57:31 UTC,26330616062,Bestellung,303-6078661-5949108,KP40-P,PURPLEBIRD Klappmesser. Rettungsmesser mit Gurtschneider & Glasbrecher. EDC Messer mit Taschenclip. Sicherheitsschloss & Rutschfester Griff f¨¹r Outdo,1,amazon.de,Amazon,Werneck,,97440,MarketplaceFacilitator,14.11,2.68,0,0,0,0,0,0,-2.68,-2.18,-2.65,0,0,9.28,0,0
24.01.2026 20:59:58 UTC,26330616062,Bestellung,304-0538144-9641116,GK02,PURPLE BIRD GK02 Gefl¨¹gelschere K¨¹chenschere Profi. 4mm Edelstahl Knochenschere mit Sicherheitsschloss & Federbelastung. 103¡ã Schneidwinkel f¨¹r Fl,1,amazon.de,Amazon,Rathenow,,14712,MarketplaceFacilitator,22.68,4.31,0,0,0,0,0,0,-4.31,-4.05,-3.04,0,0,15.59,0,0
24.01.2026 21:09:28 UTC,26330616062,Servicegeb¨¹hr,,,Werbekosten,,,,,,,,0,0,0,0,0,0,0,0,0,0,0,-509.38,0,-509.38,0,0
24.01.2026 21:09:45 UTC,26330616062,Bestellung,305-3591032-6471537,HS-Rainbow-Set,PURPLEBIRD Friseurscheren Profi. Haarschere Friseurschere Set aus Edelstahl Haarschneideschere und Effilierschere f¨¹r Barbier/Friseur/Anf?nger 10 St,1,amazon.de,Amazon,Tartu,Tartumaa,,MarketplaceFacilitator,19.15,4.6,3.02,0.73,0,0,-3.02,-0.73,-4.6,-3.42,-3.04,0,0,12.69,0,0
24.01.2026 21:19:41 UTC,26330616062,Erstattung,304-3520415-3170706,CZ002-XXL,PURPLEBIRD Grillspachtel Set aus Edelstahl. Plancha Spachtels Set mit Gro? Grillwender f¨¹r Smash Burger. Grill Geschenke f¨¹r M?nner,1,amazon.de,Amazon,Gelsenkirchen,,45891,MarketplaceFacilitator,-16.33,-3.1,0,0,0,0,0,0,3.1,2.33,0,0,0,-14,0,0
24.01.2026 21:27:11 UTC,26330616062,Bestellung,304-3520415-3170706,CZ002-XXL,PURPLEBIRD Grillspachtel Set aus Edelstahl. Plancha Spachtels Set mit Gro? Grillwender f¨¹r Smash Burger. Grill Geschenke f¨¹r M?nner,1,amazon.de,Amazon,Gelsenkirchen,,45891,MarketplaceFacilitator,16.33,3.1,0,0,0,0,0,0,-3.1,-2.91,-3.44,0,0,9.98,0,0
24.01.2026 21:31:18 UTC,26330616062,Bestellung,028-2480614-1015534,CZ002-XXL,PURPLEBIRD Grillspachtel Set aus Edelstahl. Plancha Spachtels Set mit Gro? Grillwender f¨¹r Smash Burger. Grill Geschenke f¨¹r M?nner,1,amazon.de,Amazon,M¨¹nchen,,81543,MarketplaceFacilitator,16.33,3.1,0,0,0,0,0,0,-3.1,-2.91,-3.44,0,0,9.98,0,0
24.01.2026 21:32:05 UTC,26330616062,Bestellung,302-0244724-9975544,PB-OK-02,PURPLEBIRD Outdoor Messer. Machete Scharf Echt mit 6MM Klingenr¨¹cken. Full Tang Bowiemesser mit Scheide. f¨¹r Wandern & Bushcraft. Geschenke f¨¹r M?,1,amazon.de,Amazon,Essen,,45356,MarketplaceFacilitator,32.85,6.24,2.09,0.4,0,0,-2.09,-0.4,-6.24,-5.08,-5.27,0,0,22.5,0,0
24.01.2026 21:39:27 UTC,26330616062,Bestellung,305-0684314-4696331,CZ002-XXL,PURPLEBIRD Grillspachtel Set aus Edelstahl. Plancha Spachtels Set mit Gro? Grillwender f¨¹r Smash Burger. Grill Geschenke f¨¹r M?nner,1,amazon.de,Amazon,Gr¨¹nwald,Bayern,82031,MarketplaceFacilitator,16.33,3.1,0,0,0,0,0,0,-3.1,-2.91,-3.44,0,0,9.98,0,0
24.01.2026 21:52:37 UTC,26330616062,Erstattung,028-6489823-2817116,CZ003-Wood,PURPLEBIRD Burgerpresse. 10.8cm Aluguss Burger Pattie Presse mit Antihaft. 3 Stufen der Dicke einstellbar. Professioneller Hamburgerpresse mit Holzgri,1,amazon.de,Amazon,Braunschweig,,38104,MarketplaceFacilitator,-23.52,-4.47,0,0,0,0,11.76,2.23,2.24,1.68,0,0,0,-10.08,0,0
24.01.2026 21:55:07 UTC,26330616062,Bestellung,306-9646921-2352316,HS-KidRedStraight,PURPLEBIRD Haarschere Friseurschere 6-Zoll Edelstahl Sichere Runde Tipps Haarschneideschere Extra Professionelle Haarschnitt Schere f¨¹r Kinder. Perfe,1,amazon.de,Amazon,Butzbach,,35510,MarketplaceFacilitator,15.71,2.98,0,0,0,0,0,0,-2.98,-2.8,-3.16,0,0,9.75,0,0
24.01.2026 21:57:52 UTC,26330616062,Bestellung,303-3349370-9865128,HWD02-ZNO,PURPLEBIRD Outdoor Messer. Jagdmesser Feststehende Klinge. 440C Edelstahl Bushcraft Camping Messer. Full Tang Scharfe Survival Messer mit Holster (12c,1,amazon.de,Amazon,Backnang,Baden-W¨¹rttemberg,71522,MarketplaceFacilitator,18.85,3.58,0,0,0,0,0,0,-3.58,-2.92,-3.04,0,0,12.89,0,0
24.01.2026 22:10:22 UTC,26330616062,Bestellung,305-5019450-3427526,HWD02-ZNO,PURPLEBIRD Outdoor Messer. Jagdmesser Feststehende Klinge. 440C Edelstahl Bushcraft Camping Messer. Full Tang Scharfe Survival Messer mit Holster (12c,1,amazon.de,Amazon,Rheinfelden (baden),,79618,MarketplaceFacilitator,18.85,3.58,0,0,0,0,0,0,-3.58,-2.92,-3.04,0,0,12.89,0,0
24.01.2026 22:16:29 UTC,26330616062,Bestellung,028-6548935-1541909,PB-OK-02,PURPLEBIRD Outdoor Messer. Machete Scharf Echt mit 6MM Klingenr¨¹cken. Full Tang Bowiemesser mit Scheide. f¨¹r Wandern & Bushcraft. Geschenke f¨¹r M?,1,amazon.de,Amazon,Bergisch Gladbach,,51429,MarketplaceFacilitator,32.85,6.24,4.19,0.8,0,0,-4.19,-0.8,-6.24,-5.08,-5.27,0,0,22.5,0,0
24.01.2026 23:42:09 UTC,26330616062,Bestellung,304-5066182-7277932,GSGD-ZNO,PURPLEBIRD Grill Schaber f¨¹r Flachgrills mit 6-Zoll-Edelstahlklinge & Ergonomischem Aluminiumgriff Grillschaber f¨¹r Gastronomie. Haushalt und Gewerb,1,amazon.de,Amazon,Braunschweig,,38100,MarketplaceFacilitator,20.16,3.83,2.1,0.4,0,0,-2.1,-0.4,-3.83,-3.12,-3.95,0,0,13.09,0,0
24.01.2026 23:43:49 UTC,26330616062,Bestellung,028-6489823-2817116,CZ003-Wood,PURPLEBIRD Burgerpresse. 10.8cm Aluguss Burger Pattie Presse mit Antihaft. 3 Stufen der Dicke einstellbar. Professioneller Hamburgerpresse mit Holzgri,1,amazon.de,Amazon,Braunschweig,,38104,MarketplaceFacilitator,23.52,4.47,0,0,0,0,-11.76,-2.23,-2.24,-2.1,-3.4,0,0,6.26,0,0
24.01.2026 23:49:24 UTC,26330616062,Bestellung,028-5461687-5303538,CZ008-Brush,PURPLEBIRD BBQ-Grillb¨¹rste 3 in 1 f¨¹r Gussrost. Edelstahl. lange Holzgriff. Ersatzb¨¹rste,1,amazon.de,Amazon,Trebur,,65468,MarketplaceFacilitator,13.5,2.57,0,0,0,0,0,0,-2.57,-2.09,-3.44,0,0,7.97,0,0
24.01.2026 23:49:56 UTC,26330616062,Bestellung,304-5610701-8083539,CZ007-Burgerpresse,PURPLEBIRD Schwerlast Burger Smasher Gusseisen (?17.7cm) | 1kg Profi-Grillgewicht f¨¹r gleichm??ige Br?unung | Smash Burger Presse f¨¹r Gasgrill.,2,amazon.de,Amazon,M?nchengladbach,Nordrhein-Westfalen,41189,MarketplaceFacilitator,24.26,4.62,0,0,0,0,0,0,-4.62,-4.34,-6.82,0,0,13.1,0,0
25.01.2026 00:01:19 UTC,26330616062,Bestellung,302-0716325-5214749,PB-OK-02,PURPLEBIRD Outdoor Messer. Machete Scharf Echt mit 6MM Klingenr¨¹cken. Full Tang Bowiemesser mit Scheide. f¨¹r Wandern & Bushcraft. Geschenke f¨¹r M?,1,amazon.de,Amazon,Koblenz,,56077,MarketplaceFacilitator,32.85,6.24,0.84,0.16,0,0,-0.84,-0.16,-6.24,-5.08,-5.27,0,0,22.5,0,0
25.01.2026 00:13:56 UTC,26330616062,Bestellung,305-2017934-6341928,CZ-Axt2,PURPLEBIRD Axt Beil mit Scheide 37.8cm Spaltaxt f¨¹r Holz Handgeschmiedet Handbeil mit Ergonomischer Holzgriff Survival Axt Camping Axt Outdoor Bushcr,1,amazon.de,Amazon,Sielenbach,Bayern,86577,MarketplaceFacilitator,17.64,3.35,0,0,0,0,0,0,-3.35,-3.15,-3.8,0,0,10.69,0,0
25.01.2026 00:18:54 UTC,26330616062,Bestellung,304-6546153-5155517,CZ002-XXL,PURPLEBIRD Grillspachtel Set aus Edelstahl. Plancha Spachtels Set mit Gro? Grillwender f¨¹r Smash Burger. Grill Geschenke f¨¹r M?nner,1,amazon.de,Amazon,Silkeborg,Midtjylland,8600,MarketplaceFacilitator,16.33,4.08,1.17,0.29,0,0,-1.17,-0.29,-4.08,-3.06,-3.44,0,0,9.83,0,0
25.01.2026 06:59:36 UTC,26330616062,Geb¨¹hren von Amazon,e5f57d92-5908-46b9-a209-1db6c4bdc869,,Leistungsbasierte Coupon-Geb¨¹hr,,Amazon.de,,,,,,0,0,0,0,0,0,0,0,0,-0.51,0,0,0,-0.51,0,0
25.01.2026 07:16:44 UTC,26330616062,Geb¨¹hren von Amazon,e5f57d92-5908-46b9-a209-1db6c4bdc869,,Coupon-Teilnahmegeb¨¹hr,,Amazon.de,,,,,,0,0,0,0,0,0,0,0,0,-4,0,0,0,-4,0,0
26.01.2026 02:44:02 UTC,26330616062,Bestellung,S02-6835562-4368735,GSGD-ZNO,PURPLEBIRD Grill Schaber f¨¹r Flachgrills mit 6-Zoll-Edelstahlklinge & Ergonomischem Aluminiumgriff Grillschaber f¨¹r Gastronomie. Haushalt und Gewerbe.Geschenke f¨¹r M?nner und Frauen,1,si-prod-marketplace-de.stores.amazon.de,Amazon,VERONA,VERONA,37139,,0,0,0,0,0,0,0,0,0,0,-12.97,0,0,-12.97,0,0
26.01.2026 07:12:56 UTC,26330616062,Bestellung,S02-7903113-4232755,KF015-Fish6,PURPLEBIRD Filetiermesser f¨¹r Fisch 15 CM mit Scheide. 440C Edelstahl Fischmesser zum Schneiden von Fleisch mit Holzgriff. Filetiermesser Fisch K¨¹che & Outdoor zum Fischen. Grillen f¨¹r M?nner,1,si-prod-marketplace-de.stores.amazon.de,Amazon,Maxh¨¹tte-Haidhof,Bayern,93142,,0,0,0,0,0,0,0,0,0,0,-5.55,0,0,-5.55,0,0
26.01.2026 08:26:29 UTC,26330616062,Erstattung,028-8319352-4941124,CZ007-Burgerpresse,PURPLEBIRD Schwerlast Burger Smasher Gusseisen (?17.7cm) | 1kg Profi-Grillgewicht f¨¹r gleichm??ige Br?unung | Smash Burger Presse f¨¹r Gasgrill.,1,amazon.de,Amazon,Ransbach-Baumbach,,56235,MarketplaceFacilitator,-12.13,-2.31,-2.1,-0.4,0,0,0,0,2.71,1.74,2.1,0,0,-10.39,0,0
26.01.2026 11:07:37 UTC,26330616062,Bestellung,028-3226813-2597941,KF015-Fish6,PURPLEBIRD Filetiermesser f¨¹r Fisch 15 CM mit Scheide. 440C Edelstahl Fischmesser zum Schneiden von Fleisch mit Holzgriff. Filetiermesser Fisch K¨¹ch,1,amazon.de,Amazon,Leipzig,,04109,MarketplaceFacilitator,22.13,4.21,3.35,0.64,0,0,0,0,-4.85,-3.95,-6.39,0,0,15.14,0,0
26.01.2026 15:29:42 UTC,26330616062,Bestellung,302-4059895-7762706,KF014-OutdoorA,PURPLEBIRD Jagdmesser Feststehende Klinge Scharfes. Messer Outdoor Survival mit Lederscheide. D2 Stahl G¨¹rtelmesser & Camping Messer Outdoor Geschenk,1,amazon.de,Amazon,Kulmbach,Bayern,95326,MarketplaceFacilitator,24.28,4.61,0,0,0,0,0,0,-4.61,-3.76,-3.04,0,0,17.48,0,0
26.01.2026 16:52:15 UTC,26330616062,Bestellung,304-9964682-2089105,CZ002-XXL,PURPLEBIRD Grillspachtel Set aus Edelstahl. Plancha Spachtels Set mit Gro? Grillwender f¨¹r Smash Burger. Grill Geschenke f¨¹r M?nner,1,amazon.de,Amazon,Landskron,K?rnten,9523,MarketplaceFacilitator,16.33,3.27,0,0,0,0,0,0,-3.27,-2.91,-3.44,0,0,9.98,0,0
26.01.2026 17:45:19 UTC,26330616062,Bestellung,306-1180495-1631563,CZ002-XXL,PURPLEBIRD Grillspachtel Set aus Edelstahl. Plancha Spachtels Set mit Gro? Grillwender f¨¹r Smash Burger. Grill Geschenke f¨¹r M?nner,1,amazon.de,Amazon,Stammham,Bayern,85134,MarketplaceFacilitator,16.33,3.1,0,0,0,0,0,0,-3.1,-2.91,-3.44,0,0,9.98,0,0
26.01.2026 17:49:32 UTC,26330616062,Bestellung,304-9955452-7199554,HS-KidBlackStraight,Friseurschere f¨¹r Kinder. Sicherheitsschere. runde Spitzen. Haarschneideschere. 15.2 cm. Haarschneideschere. professionelle Friseurschere f¨¹r Babys.,1,amazon.de,Amazon,M¨¹nchen,,81549,MarketplaceFacilitator,16.8,3.19,0,0,0,0,0,0,-3.19,-3,-2.57,0,0,11.23,0,0
26.01.2026 18:06:43 UTC,26330616062,Bestellung,304-8849865-3353114,GK02,PURPLE BIRD GK02 Gefl¨¹gelschere K¨¹chenschere Profi. 4mm Edelstahl fleischschere mit Sicherheitsschloss & Federbelastung. 103¡ã Schneidwinkel f¨¹r Fl,1,amazon.de,Amazon,L¨¹denscheid,,58515,MarketplaceFacilitator,19.73,3.75,0,0,0,0,0,0,-3.75,-3.52,-3.04,0,0,13.17,0,0
26.01.2026 18:41:47 UTC,26330616062,Bestellung,306-7031420-3016335,KF014-OutdoorA,PURPLEBIRD Jagdmesser Feststehende Klinge Scharfes. Messer Outdoor Survival mit Lederscheide. D2 Stahl G¨¹rtelmesser & Camping Messer Outdoor Geschenk,1,amazon.de,Amazon,SCHOENENBERG-KUEBELBERG,Rheinlandpfalz,66901,MarketplaceFacilitator,24.28,4.61,0,0,0,0,0,0,-4.61,-3.76,-3.04,0,0,17.48,0,0
26.01.2026 18:45:39 UTC,26330616062,Bestellung,028-8507745-3894740,PS04-GreenScrewSetChunker,PURPLEBIRD Fellschere Hundeschere 7 Inch professionelles Tierpflege Set aus 440C japanischer Edelstahl gerade Gebogene ausd¨¹nnen Chunker Schere Set,1,amazon.de,Amazon,Barchfeld-immelborn,,36456,MarketplaceFacilitator,21.5,4.09,0,0,0,0,0,0,-4.09,-3.84,-3.04,0,0,14.62,0,0
26.01.2026 19:13:53 UTC,26330616062,Bestellung,028-5926376-7386728,CZ003-Wood,PURPLEBIRD Burgerpresse. 10.8cm Aluguss Burger Pattie Presse mit Antihaft. 3 Stufen der Dicke einstellbar. Professioneller Hamburgerpresse mit Holzgri,1,amazon.de,Amazon,Neunkirchen A. Brand,,91077,MarketplaceFacilitator,16.46,3.13,0,0,0,0,0,0,-3.13,-2.94,-3.25,0,0,10.27,0,0
26.01.2026 20:05:35 UTC,26330616062,Bestellung,303-3274761-3288344,PB-OK-02,PURPLEBIRD Outdoor Messer. Machete Scharf Echt mit 6MM Klingenr¨¹cken. Full Tang Bowiemesser mit Scheide. f¨¹r Wandern & Bushcraft. Geschenke f¨¹r M?,1,amazon.de,Amazon,Reutlingen,,72770,MarketplaceFacilitator,32.85,6.24,0,0,0,0,0,0,-6.24,-5.08,-5.27,0,0,22.5,0,0
26.01.2026 20:06:03 UTC,26330616062,Bestellung,306-1673627-6269161,BBQW-ZNO,PURPLEBIRD 31-teiliges Edelstahl Grillzubeh?r Set - Premium BBQ Grillbesteck f¨¹r M?nner & Frauen mit Tragetasche. Grillmatte Garten. Camping & Gebu,1,amazon.de,Amazon,Gaspoltshofen,,4673,MarketplaceFacilitator,33.61,6.72,0,0,0,0,0,0,-6.72,-6,-3.95,0,0,23.66,0,0
26.01.2026 20:20:37 UTC,26330616062,Bestellung,302-3054914-5757925,HWD02-ZNO,PURPLEBIRD Outdoor Messer. Jagdmesser Feststehende Klinge. 440C Edelstahl Bushcraft Camping Messer. Full Tang Scharfe Survival Messer mit Holster (12c,1,amazon.de,Amazon,Bobenheim-roxheim,,67240,MarketplaceFacilitator,18.85,3.58,3.35,0.64,0,0,0,0,-4.22,-2.92,-6.39,0,0,12.89,0,0
26.01.2026 20:54:32 UTC,26330616062,Bestellung,028-7723135-5857131,KM30-F,PURPLEBIRD Klappmesser. Rettungsmesser mit Gurtschneider & Glasbrecher. EDC Messer mit Taschenclip. Sicherheitsschloss & Rutschfester Griff f¨¹r Outdo,1,amazon.de,Amazon,Wien,,1220,MarketplaceFacilitator,13.4,2.68,3.32,0.67,0,0,0,0,-3.35,-2.07,-6,0,0,8.65,0,0
26.01.2026 21:04:13 UTC,26330616062,Bestellung,304-1444612-3613158,HS-RoseGold-Set,PURPLEBIRD Friseurscheren Profi. Haarschere Friseurschere Set aus Edelstahl Haarschneideschere und Effilierschere f¨¹r Barbier/Friseur/Anf?nger 10 St,1,amazon.de,Amazon,Berlin,,13583,MarketplaceFacilitator,21.42,4.07,0,0,0,0,0,0,-4.07,-3.82,-3.04,0,0,14.56,0,0
26.01.2026 21:14:12 UTC,26330616062,Bestellung,306-3460826-6057132,HS-KidRedStraight,PURPLEBIRD Haarschere Friseurschere 6-Zoll Edelstahl Sichere Runde Tipps Haarschneideschere Extra Professionelle Haarschnitt Schere f¨¹r Kinder. Perfe,1,amazon.de,Amazon,Berlin,,12437,MarketplaceFacilitator,15.71,2.98,0,0,0,0,0,0,-2.98,-2.8,-3.16,0,0,9.75,0,0
26.01.2026 21:25:54 UTC,26330616062,Bestellung,304-8791948-2538760,HWD02-ZNO,PURPLEBIRD Outdoor Messer. Messer 12 cm Klinge Feststehende. 440C Edelstahl Bushcraft Camping Messer. Full Tang Scharfe Survival Messer mit Holster f?,1,amazon.de,Amazon,TODTNAU,,79674,MarketplaceFacilitator,18.85,3.58,0,0,0,0,0,0,-3.58,-2.92,-3.04,0,0,12.89,0,0
26.01.2026 21:57:25 UTC,26330616062,Bestellung,306-1789406-6325923,BBQW-ZNO,PURPLEBIRD 31-teiliges Edelstahl Grillzubeh?r Set - Premium BBQ Grillbesteck f¨¹r M?nner & Frauen mit Tragetasche. Grillmatte Garten. Camping & Gebu,1,amazon.de,Amazon,Leverkusen,,51371,MarketplaceFacilitator,33.61,6.38,0,0,0,0,-8.4,-1.6,-4.78,-4.5,-3.95,0,0,16.76,0,0
26.01.2026 21:59:14 UTC,26330616062,Bestellung,304-6850667-6105945,HWD02-ZNO,PURPLEBIRD Outdoor Messer. Messer 12 cm Klinge Feststehende. 440C Edelstahl Bushcraft Camping Messer. Full Tang Scharfe Survival Messer mit Holster f?,1,amazon.de,Amazon,parthenstein,Sachsen,04668,MarketplaceFacilitator,18.85,3.58,0,0,0,0,0,0,-3.58,-2.92,-3.04,0,0,12.89,0,0
26.01.2026 21:59:26 UTC,26330616062,Bestellung,304-2700408-1597935,GSDP-ZNO,PURPLEBIRD 6" Edelstahl Grill Kratzer-Klingen 6er-Pack. Rasierklingenscharfe Grillreinigungs-Klingen. Ersatzklingen f¨¹r Griddle & BBQ-Grillkratzer,1,amazon.de,Amazon,Braunschweig,,38100,MarketplaceFacilitator,10.34,1.96,0,0,0,0,0,0,-1.96,-1.85,-2.68,0,0,5.81,0,0
26.01.2026 21:59:26 UTC,26330616062,Bestellung,304-2700408-1597935,CZ002-XXL,PURPLEBIRD Grillspachtel Set aus Edelstahl. Plancha Spachtels Set mit Gro? Grillwender f¨¹r Smash Burger. Grill Geschenke f¨¹r M?nner,1,amazon.de,Amazon,Braunschweig,,38100,MarketplaceFacilitator,16.33,3.1,0,0,0,0,0,0,-3.1,-2.91,-3.44,0,0,9.98,0,0
26.01.2026 22:19:40 UTC,26330616062,Bestellung,305-4560475-2237130,HWD02-ZNO,PURPLEBIRD Outdoor Messer. Jagdmesser Feststehende Klinge. 440C Edelstahl Bushcraft Camping Messer. Full Tang Scharfe Survival Messer mit Holster (12c,1,amazon.de,Amazon,Germersheim,,76726,MarketplaceFacilitator,18.85,3.58,3.35,0.64,0,0,0,0,-4.22,-2.92,-6.39,0,0,12.89,0,0
26.01.2026 22:25:30 UTC,26330616062,Bestellung,305-8285958-2309954,OMFK-B01,PURPLEBIRD Schwarzes Camping Messer aus Kohlenstoffstahl. Hohe H?rte und Sch?rfe. Outdoor Messer mit Messerscheide aus Ebenholz f¨¹r die Jagd. Wande,1,amazon.de,Amazon,V?lklingen,,66333,MarketplaceFacilitator,26.98,5.13,0,0,0,0,0,0,-5.13,-4.17,-3.04,0,0,19.77,0,0
26.01.2026 22:43:17 UTC,26330616062,Bestellung,028-8402938-6039529,GSDP-ZNO,PURPLEBIRD 6" Edelstahl Grill Kratzer-Klingen 6er-Pack. Rasierklingenscharfe Grillreinigungs-Klingen. Ersatzklingen f¨¹r Griddle & BBQ-Grillkratzer,1,amazon.de,Amazon,M¨¹nchen,,80796,MarketplaceFacilitator,10.34,1.96,0,0,0,0,0,0,-1.96,-1.85,-2.68,0,0,5.81,0,0
26.01.2026 22:52:51 UTC,26330616062,Bestellung,028-1053337-1681132,GSDP-ZNO,PURPLEBIRD 6" Edelstahl Grill Kratzer-Klingen 6er-Pack. Rasierklingenscharfe Grillreinigungs-Klingen. Ersatzklingen f¨¹r Griddle & BBQ-Grillkratzer,3,amazon.de,Amazon,Stuttgart,,70437,MarketplaceFacilitator,31.02,5.88,0,0,0,0,0,0,-5.88,-5.55,-8.04,0,0,17.43,0,0
26.01.2026 22:52:51 UTC,26330616062,Bestellung,028-1053337-1681132,GSGD-ZNO,PURPLEBIRD Grill Schaber f¨¹r Flachgrills mit 6-Zoll-Edelstahlklinge & Ergonomischem Aluminiumgriff Grillschaber f¨¹r Gastronomie. Haushalt und Gewerb,2,amazon.de,Amazon,Stuttgart,,70437,MarketplaceFacilitator,40.32,7.66,0,0,0,0,0,0,-7.66,-6.24,-7.9,0,0,26.18,0,0
26.01.2026 23:16:39 UTC,26330616062,Bestellung,303-5774776-5481959,CZ008-Brush,PURPLEBIRD BBQ-Grillb¨¹rste 3 in 1 f¨¹r Gussrost. Edelstahl. lange Holzgriff. Ersatzb¨¹rste,1,amazon.de,Amazon,Wuppertal,,42279,,13.5,2.57,1.39,0.27,0,0,-1.39,-0.27,0,-2.09,-3.44,0,0,10.54,0,0
26.01.2026 23:18:45 UTC,26330616062,Bestellung,304-1289797-8746763,CZ002-XXL,PURPLEBIRD Grillspachtel Set aus Edelstahl. Plancha Spachtels Set mit Gro? Grillwender f¨¹r Smash Burger. Grill Geschenke f¨¹r M?nner,1,amazon.de,Amazon,Selters (Taunus),Hessen,65618,MarketplaceFacilitator,16.33,3.1,0,0,0,0,0,0,-3.1,-2.91,-3.44,0,0,9.98,0,0
26.01.2026 23:25:58 UTC,26330616062,Bestellung,302-6712652-6123563,KF014-OutdoorA,PURPLEBIRD Jagdmesser Feststehende Klinge Scharfes. Messer Outdoor Survival mit Lederscheide. D2 Stahl G¨¹rtelmesser & Camping Messer Outdoor Geschenk,1,amazon.de,Amazon,Daaden,,57567,MarketplaceFacilitator,24.28,4.61,3.35,0.64,0,0,0,0,-5.25,-3.76,-6.39,0,0,17.48,0,0
26.01.2026 23:28:56 UTC,26330616062,Bestellung,302-3119136-6746708,Camp-S,PURPLEBIRD Camping-Besteck Set Silberner-10-teiliges Geschirr Set f¨¹r 2 Personen bei Picknick & Reisen Tragbares Edelstahl Geschirr Set Mit Etui deal,1,amazon.de,Amazon,Landshut,Bayern,84079,MarketplaceFacilitator,17.77,3.38,0,0,0,0,0,0,-3.38,-3.17,-3.44,0,0,11.16,0,0
26.01.2026 23:30:34 UTC,26330616062,Bestellung,303-1730930-5680324,CZ002-XXL,PURPLEBIRD Grillspachtel Set aus Edelstahl. Plancha Spachtels Set mit Gro? Grillwender f¨¹r Smash Burger. Grill Geschenke f¨¹r M?nner,1,amazon.de,Amazon,Weidenberg,Bayern,95466,MarketplaceFacilitator,16.33,3.1,0,0,0,0,0,0,-3.1,-2.91,-3.44,0,0,9.98,0,0
26.01.2026 23:43:49 UTC,26330616062,Bestellung,304-9499342-9303500,OMFK-B01,PURPLEBIRD Schwarzes Camping Messer aus Kohlenstoffstahl. Hohe H?rte und Sch?rfe. Outdoor Messer mit Messerscheide aus Ebenholz f¨¹r die Jagd. Wande,1,amazon.de,Amazon,Minden,,32423,MarketplaceFacilitator,26.98,5.13,0,0,0,0,0,0,-5.13,-4.17,-3.04,0,0,19.77,0,0
26.01.2026 23:43:49 UTC,26330616062,Bestellung,304-9499342-9303500,HWD02-ZNO,PURPLEBIRD Outdoor Messer. Messer 12 cm Klinge Feststehende. 440C Edelstahl Bushcraft Camping Messer. Full Tang Scharfe Survival Messer mit Holster f?,1,amazon.de,Amazon,Minden,,32423,MarketplaceFacilitator,18.85,3.58,0,0,0,0,0,0,-3.58,-2.92,-3.04,0,0,12.89,0,0
26.01.2026 23:47:04 UTC,26330616062,Bestellung,303-0961015-5310761,GK02,PURPLE BIRD GK02 Gefl¨¹gelschere K¨¹chenschere Profi. 4mm Edelstahl fleischschere mit Sicherheitsschloss & Federbelastung. 103¡ã Schneidwinkel f¨¹r Fl,1,amazon.de,Amazon,Hagen,,58095,MarketplaceFacilitator,19.73,3.75,0,0,0,0,0,0,-3.75,-3.52,-3.04,0,0,13.17,0,0
26.01.2026 23:54:00 UTC,26330616062,Bestellung,304-8471455-3875562,GSGD-ZNO,PURPLEBIRD Grill Schaber f¨¹r Flachgrills mit 6-Zoll-Edelstahlklinge & Ergonomischem Aluminiumgriff Grillschaber f¨¹r Gastronomie. Haushalt und Gewerb,1,amazon.de,Amazon,Schemmerhofen,,88433,MarketplaceFacilitator,20.16,3.83,0,0,0,0,0,0,-3.83,-3.12,-3.95,0,0,13.09,0,0
27.01.2026 00:00:32 UTC,26330616062,Bestellung,302-5841787-4523562,HWD02-ZNO,PURPLEBIRD Outdoor Messer. Messer 12 cm Klinge Feststehende. 440C Edelstahl Bushcraft Camping Messer. Full Tang Scharfe Survival Messer mit Holster f?,1,amazon.de,Amazon,Wien,,1160,MarketplaceFacilitator,18.85,3.77,0,0,0,0,0,0,-3.77,-2.92,-3.04,0,0,12.89,0,0
27.01.2026 00:04:40 UTC,26330616062,Bestellung,302-8705158-7252365,HWD02-ZNO,PURPLEBIRD Outdoor Messer. Messer 12 cm Klinge Feststehende. 440C Edelstahl Bushcraft Camping Messer. Full Tang Scharfe Survival Messer mit Holster f?,1,amazon.de,Amazon,Wittenberge,,19322,MarketplaceFacilitator,18.85,3.58,0,0,0,0,0,0,-3.58,-2.92,-3.04,0,0,12.89,0,0
27.01.2026 03:22:58 UTC,26330616062,Liquidationen,97118001304552,X001V8VEAD,PURPLEBIRD Burgerglocke & Burger Smasher Set. Edelstahl Burgerglocke (? 20cm) mit Schwerlast Gusseisen Burgerpresse (? 17.7cm) Griddle Zubeh?r Set f¨¹r Gasgrills. Teppanyaki. Feuerplatte,1,,,,,,,1.19,0,0,0,0,0,0,0,0,0,0,-1.35,0,-0.16,0,0
27.01.2026 08:25:59 UTC,26330616062,Bestellung,028-9711390-8069153,PS-7.0''DownCurvedThinning,PURPLEBIRD Fellschere 7 Inch Hundeschere Gebogen. Fellschere Katze. Effilierschere Hund zur Fellpflege f¨¹r alle Hunde Katze. Schneiden und Grooming.,1,amazon.de,Amazon,Harsum,,31177,,40.71,7.73,0,0,0,0,0,0,0,-7.27,-2.57,0,0,38.6,0,0
27.01.2026 11:29:29 UTC,26330616062,Bestellung,S02-4970433-2204715,KF015-Chudao,PURPLEBIRD K¨¹chenmesser Schmieden. Kochmesser Profi Messer. Fleischermesser mit Ergonomischem Griff. K¨¹chenmesser Scharf aus Hochwertigem Carbon Edelstahl f¨¹r K¨¹chen. Camping und Grill,1,si-prod-marketplace-de.stores.amazon.de,Amazon,Sp?nga,Stockholms l?n,,,0,0,0,0,0,0,0,0,0,0,-14.2,0,0,-14.2,0,0
27.01.2026 13:55:43 UTC,26330616062,Bestellung,028-1508328-4702714,KF012-Fudao,PURPLEBIRD Camping Axt Outdoor Messer Set. Feststehend Jagdmesser Survival Messer und Spaltaxt Sch?rfe Camping Beil mit Geschenkbox,1,amazon.de,Amazon,Kastel Stafilic,Splitsko Dalmatinska,,MarketplaceFacilitator,29.57,7.39,5.17,1.29,0,0,-5.17,-1.29,-7.39,-5.28,-3.93,0,0,20.36,0,0
27.01.2026 14:27:33 UTC,26330616062,Bestellung,S02-1926545-5638302,KF015-Chudao,PURPLEBIRD K¨¹chenmesser Schmieden. Kochmesser Profi Messer. Fleischermesser mit Ergonomischem Griff. K¨¹chenmesser Scharf aus Hochwertigem Carbon Edelstahl f¨¹r K¨¹chen. Camping und Grill,1,si-prod-marketplace-de.stores.amazon.de,Amazon,M?rlenbach,Hessen,69509,,0,0,0,0,0,0,0,0,0,0,-8.01,0,0,-8.01,0,0
27.01.2026 14:47:07 UTC,26330616062,Bestellung,302-2618848-5073939,BBQW-ZNO,PURPLEBIRD 31-teiliges Edelstahl Grillzubeh?r Set - Premium BBQ Grillbesteck f¨¹r M?nner & Frauen mit Tragetasche. Grillmatte Garten. Camping & Gebu,1,amazon.de,Amazon,Kierspe,,58566,MarketplaceFacilitator,33.61,6.38,0,0,0,0,-8.4,-1.6,-4.78,-4.5,-3.95,0,0,16.76,0,0
27.01.2026 15:06:04 UTC,26330616062,Bestellung,305-7922026-6545108,XS04-Fang,PURPLEBIRD Jagdmesser Feststehende Klinge. Outdoor Messer mit 4.5mm Klingenr¨¹cken. Full Tang Bushcraft Messer mit G10 Griff. Kydex Holster. Tanto Mes,1,amazon.de,Amazon,Essen,,45145,MarketplaceFacilitator,26.82,5.09,0,0,0,0,0,0,-5.09,-4.15,-3.04,0,0,19.63,0,0
27.01.2026 15:18:11 UTC,26330616062,Bestellung,305-9380804-8350743,HWD02-ZNO,PURPLEBIRD Outdoor Messer. Messer 12 cm Klinge Feststehende. 440C Edelstahl Bushcraft Camping Messer. Full Tang Scharfe Survival Messer mit Holster f?,1,amazon.de,Amazon,Chemnitz,Sachsen,09111,MarketplaceFacilitator,18.85,3.58,0,0,0,0,0,0,-3.58,-2.92,-3.04,0,0,12.89,0,0
27.01.2026 15:32:26 UTC,26330616062,Bestellung,305-1221493-1819503,CZ003-Wood,PURPLEBIRD Burgerpresse. 10.8cm Aluguss Burger Pattie Presse mit Antihaft. 3 Stufen der Dicke einstellbar. Professioneller Hamburgerpresse mit Holzgri,1,amazon.de,Amazon,Hoyerswerda,,02977,MarketplaceFacilitator,16.46,3.13,0,0,0,0,0,0,-3.13,-2.94,-3.25,0,0,10.27,0,0
27.01.2026 16:09:52 UTC,26330616062,Bestellung,028-3696768-6297922,HS-KidBlackStraight,Friseurschere f¨¹r Kinder. Sicherheitsschere. runde Spitzen. Haarschneideschere. 15.2 cm. Haarschneideschere. professionelle Friseurschere f¨¹r Babys.,1,amazon.de,Amazon,M¨¹nchen,,81247,MarketplaceFacilitator,16.8,3.19,0,0,0,0,0,0,-3.19,-3,-2.57,0,0,11.23,0,0
27.01.2026 16:41:36 UTC,26330616062,Bestellung,305-5879521-1899523,CZ002-XXL,PURPLEBIRD Grillspachtel Set aus Edelstahl. Plancha Spachtels Set mit Gro? Grillwender f¨¹r Smash Burger. Grill Geschenke f¨¹r M?nner,1,amazon.de,Amazon,Ilsenburg (harz),,38871,MarketplaceFacilitator,16.33,3.1,0,0,0,0,0,0,-3.1,-2.91,-3.44,0,0,9.98,0,0
27.01.2026 16:41:36 UTC,26330616062,Bestellung,305-5879521-1899523,CZ003-Wood,PURPLEBIRD Burgerpresse. 10.8cm Aluguss Burger Pattie Presse mit Antihaft. 3 Stufen der Dicke einstellbar. Professioneller Hamburgerpresse mit Holzgri,1,amazon.de,Amazon,Ilsenburg (harz),,38871,MarketplaceFacilitator,16.46,3.13,0,0,0,0,0,0,-3.13,-2.94,-3.25,0,0,10.27,0,0
27.01.2026 16:53:23 UTC,26330616062,Bestellung,028-0071068-9538731,GK02,PURPLE BIRD GK02 Gefl¨¹gelschere K¨¹chenschere Profi. 4mm Edelstahl fleischschere mit Sicherheitsschloss & Federbelastung. 103¡ã Schneidwinkel f¨¹r Fl,1,amazon.de,Amazon,Barleben,Sachsen-Anhalt,39179,MarketplaceFacilitator,19.73,3.75,0,0,0,0,0,0,-3.75,-3.52,-3.04,0,0,13.17,0,0
27.01.2026 17:22:15 UTC,26330616062,Bestellung,305-0071597-2121144,KM30-F,PURPLEBIRD Klappmesser. Rettungsmesser mit Gurtschneider & Glasbrecher. EDC Messer mit Taschenclip. Sicherheitsschloss & Rutschfester Griff f¨¹r Outdo,1,amazon.de,Amazon,Dra?burg,,7021,MarketplaceFacilitator,13.4,2.68,0,0,0,0,0,0,-2.68,-2.07,-2.65,0,0,8.68,0,0
27.01.2026 17:24:41 UTC,26330616062,Bestellung,302-4741597-2045920,KF015-Fish6,PURPLEBIRD Filetiermesser f¨¹r Fisch 15 CM mit Scheide. 440C Edelstahl Fischmesser zum Schneiden von Fleisch mit Holzgriff. Filetiermesser Fisch K¨¹ch,1,amazon.de,Amazon,SENDEN,,89250,MarketplaceFacilitator,22.13,4.21,1.68,0.32,0,0,-1.68,-0.32,-4.21,-3.95,-3.04,0,0,15.14,0,0
27.01.2026 17:28:27 UTC,26330616062,Bestellung,305-0477274-4691514,CZ003-Wood,PURPLEBIRD Burgerpresse. 10.8cm Aluguss Burger Pattie Presse mit Antihaft. 3 Stufen der Dicke einstellbar. Professioneller Hamburgerpresse mit Holzgri,1,amazon.de,Amazon,Feldkirchen,,8073,,16.46,0,0,0,0,0,0,0,0,-2.94,-3.25,0,0,10.27,0,0
27.01.2026 17:41:54 UTC,26330616062,Bestellung,304-1157530-3550743,HS-KidBlackStraight,Friseurschere f¨¹r Kinder. Sicherheitsschere. runde Spitzen. Haarschneideschere. 15.2 cm. Haarschneideschere. professionelle Friseurschere f¨¹r Babys.,1,amazon.de,Amazon,Mannheim,,68309,MarketplaceFacilitator,16.8,3.19,0,0,0,0,0,0,-3.19,-3,-2.57,0,0,11.23,0,0
27.01.2026 17:59:55 UTC,26330616062,Bestellung,302-6938809-3593914,GK02,PURPLE BIRD GK02 Gefl¨¹gelschere K¨¹chenschere Profi. 4mm Edelstahl fleischschere mit Sicherheitsschloss & Federbelastung. 103¡ã Schneidwinkel f¨¹r Fl,1,amazon.de,Amazon,Berlin,,13086,MarketplaceFacilitator,19.73,3.75,0,0,0,0,0,0,-3.75,-3.52,-3.04,0,0,13.17,0,0
27.01.2026 18:01:06 UTC,26330616062,Bestellung,028-2780412-9962758,PB-OK-02,PURPLEBIRD Outdoor Messer. Machete Scharf Echt mit 6MM Klingenr¨¹cken. Full Tang Bowiemesser mit Scheide. f¨¹r Wandern & Bushcraft. Geschenke f¨¹r M?,1,amazon.de,Amazon,Ennigerloh,,59320,MarketplaceFacilitator,32.85,6.24,0,0,0,0,0,0,-6.24,-5.08,-5.27,0,0,22.5,0,0
27.01.2026 19:19:16 UTC,26330616062,Bestellung,302-7180646-0849919,HWD02-ZNO,PURPLEBIRD Outdoor Messer. Messer 12 cm Klinge Feststehende. 440C Edelstahl Bushcraft Camping Messer. Full Tang Scharfe Survival Messer mit Holster f?,1,amazon.de,Amazon,Langenhagen,NDS,30853,MarketplaceFacilitator,18.85,3.58,0,0,0,0,0,0,-3.58,-2.92,-3.04,0,0,12.89,0,0
27.01.2026 19:25:55 UTC,26330616062,Bestellung,303-3451412-5633120,CZ002-XXL,PURPLEBIRD Grillspachtel Set aus Edelstahl. Plancha Spachtels Set mit Gro? Grillwender f¨¹r Smash Burger. Grill Geschenke f¨¹r M?nner,1,amazon.de,Amazon,Hammoor,,22941,MarketplaceFacilitator,16.33,3.1,0,0,0,0,0,0,-3.1,-2.91,-3.44,0,0,9.98,0,0
27.01.2026 19:40:31 UTC,26330616062,Bestellung,303-5628705-7177903,HS-KidBlackStraight,Friseurschere f¨¹r Kinder. Sicherheitsschere. runde Spitzen. Haarschneideschere. 15.2 cm. Haarschneideschere. professionelle Friseurschere f¨¹r Babys.,1,amazon.de,Amazon,W¨¹rzburg,,97082,MarketplaceFacilitator,16.8,3.19,0,0,0,0,0,0,-3.19,-3,-2.57,0,0,11.23,0,0
27.01.2026 19:44:56 UTC,26330616062,Bestellung,303-1021606-2813103,CZ002-XXL,PURPLEBIRD Grillspachtel Set aus Edelstahl. Plancha Spachtels Set mit Gro? Grillwender f¨¹r Smash Burger. Grill Geschenke f¨¹r M?nner,1,amazon.de,Amazon,Achim,,28832,MarketplaceFacilitator,16.33,3.1,0,0,0,0,0,0,-3.1,-2.91,-3.44,0,0,9.98,0,0
27.01.2026 20:12:36 UTC,26330616062,Bestellung,304-1820107-7122711,CZ002-SetA,PURPLEBIRD Burger-Set (3-TLG.) aus Edelstahl inkl. Burgerpresse. 2 Grillspachtels. Burger Spachtel Set mit Gro? Grillwender und Burger Smasher aus Ed,1,amazon.de,Amazon,Duisburg,Nordrhein-Westfalen,47179,MarketplaceFacilitator,30.24,5.75,0,0,0,0,0,0,-5.75,-5.4,-3.93,0,0,20.91,0,0
27.01.2026 20:44:53 UTC,26330616062,Bestellung,302-2973502-1576317,CZ003-Wood,PURPLEBIRD Burgerpresse. 10.8cm Aluguss Burger Pattie Presse mit Antihaft. 3 Stufen der Dicke einstellbar. Professioneller Hamburgerpresse mit Holzgri,1,amazon.de,Amazon,Geisenhausen,,84144,MarketplaceFacilitator,16.46,3.13,0,0,0,0,0,0,-3.13,-2.94,-3.25,0,0,10.27,0,0
27.01.2026 21:01:01 UTC,26330616062,Bestellung,304-1156574-1809104,CZ002-XXL,PURPLEBIRD Grillspachtel Set aus Edelstahl. Plancha Spachtels Set mit Gro? Grillwender f¨¹r Smash Burger. Grill Geschenke f¨¹r M?nner,1,amazon.de,Amazon,Gr?benzell,Bayern,82194,MarketplaceFacilitator,16.33,3.1,0,0,0,0,0,0,-3.1,-2.91,-3.44,0,0,9.98,0,0
27.01.2026 21:17:03 UTC,26330616062,Bestellung,306-5287712-3580319,PS04-GreenScrewSetChunker,PURPLEBIRD Fellschere Hundeschere 7 Inch professionelles Tierpflege Set aus 440C japanischer Edelstahl gerade Gebogene ausd¨¹nnen Chunker Schere Set,1,amazon.de,Amazon,Wolfsheim,Rheinland-Pfalz,55578,MarketplaceFacilitator,21.5,4.09,0,0,0,0,0,0,-4.09,-3.84,-3.04,0,0,14.62,0,0
27.01.2026 21:24:06 UTC,26330616062,Bestellung,306-8466824-8482750,HWD02-ZNO,PURPLEBIRD Outdoor Messer. Messer 12 cm Klinge Feststehende. 440C Edelstahl Bushcraft Camping Messer. Full Tang Scharfe Survival Messer mit Holster f?,1,amazon.de,Amazon,Wien,Wien,1020,MarketplaceFacilitator,18.85,3.77,0,0,0,0,0,0,-3.77,-2.92,-3.04,0,0,12.89,0,0
27.01.2026 21:40:43 UTC,26330616062,Bestellung,303-4514623-3973115,CZ003-Wood,PURPLEBIRD Burgerpresse. 10.8cm Aluguss Burger Pattie Presse mit Antihaft. 3 Stufen der Dicke einstellbar. Professioneller Hamburgerpresse mit Holzgri,1,amazon.de,Amazon,Ammerthal,,92260,MarketplaceFacilitator,16.46,3.13,0,0,0,0,0,0,-3.13,-2.94,-3.25,0,0,10.27,0,0
27.01.2026 21:53:19 UTC,26330616062,Bestellung,304-7084178-7951564,CZ002-XXL,PURPLEBIRD Grillspachtel Set aus Edelstahl. Plancha Spachtels Set mit Gro? Grillwender f¨¹r Smash Burger. Grill Geschenke f¨¹r M?nner,1,amazon.de,Amazon,Siegburg,,53721,MarketplaceFacilitator,16.33,3.1,0,0,0,0,0,0,-3.1,-2.91,-3.44,0,0,9.98,0,0
27.01.2026 22:24:13 UTC,26330616062,Bestellung,304-7336058-3725112,GK02,PURPLE BIRD GK02 Gefl¨¹gelschere K¨¹chenschere Profi. 4mm Edelstahl fleischschere mit Sicherheitsschloss & Federbelastung. 103¡ã Schneidwinkel f¨¹r Fl,1,amazon.de,Amazon,DUDELANGE,LUXEMBOURG,3432,MarketplaceFacilitator,19.73,3.35,0,0,0,0,0,0,-3.35,-3.52,-3.04,0,0,13.17,0,0
27.01.2026 22:50:28 UTC,26330616062,Erstattung,306-5287712-3580319,PS04-GreenScrewSetChunker,PURPLEBIRD Fellschere Hundeschere 7 Inch professionelles Tierpflege Set aus 440C japanischer Edelstahl gerade Gebogene ausd¨¹nnen Chunker Schere Set,1,amazon.de,Amazon,Wolfsheim,Rheinland-Pfalz,55578,MarketplaceFacilitator,-21.5,-4.09,0,0,0,0,0,0,4.09,3.07,0,0,0,-18.43,0,0
27.01.2026 22:55:17 UTC,26330616062,Bestellung,304-4903563-1609924,CZ002-XXL,PURPLEBIRD Grillspachtel Set aus Edelstahl. Plancha Spachtels Set mit Gro? Grillwender f¨¹r Smash Burger. Grill Geschenke f¨¹r M?nner,1,amazon.de,Amazon,Marktredwitz,,95615,MarketplaceFacilitator,16.33,3.1,0,0,0,0,0,0,-3.1,-2.91,-3.44,0,0,9.98,0,0
27.01.2026 23:07:53 UTC,26330616062,Bestellung,303-4507875-8975511,CZ007-Burgerpresse,PURPLEBIRD Schwerlast Burger Smasher Gusseisen (?17.7cm) | 1kg Profi-Grillgewicht f¨¹r gleichm??ige Br?unung | Smash Burger Presse f¨¹r Gasgrill.,1,amazon.de,Amazon,Husum,,25813,MarketplaceFacilitator,12.13,2.31,0,0,0,0,0,0,-2.31,-2.17,-3.41,0,0,6.55,0,0
27.01.2026 23:10:53 UTC,26330616062,Bestellung,028-1092522-6017908,HS02-StripingBlack-Straight,Profi Haarschere Friseurschere Haarschneideschere aus Rostfreiem Stahl im Japanischen Stil Geeignet f¨¹r Kinder. Frauen und M?nner Extra Scharfe Haar,1,amazon.de,Amazon,Strasshof an der Nordbahn,,2231,MarketplaceFacilitator,21.42,4.28,0,0,0,0,0,0,-4.28,-3.82,-2.57,0,0,15.03,0,0
27.01.2026 23:10:53 UTC,26330616062,Bestellung,028-1092522-6017908,HS02-StripingBlack-Thinning,PURPLEBIRD Haarschere Friseurschere 6 Inch Effilierschere Scharfe Haarschneideschere Japanischer Edelstahl 440C f¨¹r Damen und Herren Haarschneidesche,1,amazon.de,Amazon,Strasshof an der Nordbahn,,2231,MarketplaceFacilitator,25.2,5.04,0,0,0,0,0,0,-5.04,-4.5,-2.57,0,0,18.13,0,0
27.01.2026 23:16:17 UTC,26330616062,Bestellung,303-9021346-1728367,HWD02-ZNO,PURPLEBIRD Outdoor Messer. Messer 12 cm Klinge Feststehende. 440C Edelstahl Bushcraft Camping Messer. Full Tang Scharfe Survival Messer mit Holster f?,1,amazon.de,Amazon,Hirrlingen,Baden-W¨¹rttemberg,72145,MarketplaceFacilitator,18.85,3.58,0,0,0,0,0,0,-3.58,-2.92,-3.04,0,0,12.89,0,0
27.01.2026 23:19:33 UTC,26330616062,Bestellung,302-5989775-0135543,CZ008-Brush,PURPLEBIRD BBQ-Grillb¨¹rste 3 in 1 f¨¹r Gussrost. Edelstahl. lange Holzgriff. Ersatzb¨¹rste,1,amazon.de,Amazon,Limburg,Hessen,65549,MarketplaceFacilitator,16.13,3.06,0,0,0,0,0,0,-3.06,-2.49,-3.44,0,0,10.2,0,0
27.01.2026 23:29:49 UTC,26330616062,Bestellung,302-4182054-7133145,XS02-Longgu,PURPLEBIRD Klappmesser Taschenmesser. Survival Outdoor Messer mit Coolem Aussehen. Geschenke f¨¹r M?nner,1,amazon.de,Amazon,Gomaringen,,72810,MarketplaceFacilitator,14.11,2.68,0,0,0,0,0,0,-2.68,-2.18,-2.65,0,0,9.28,0,0
27.01.2026 23:33:38 UTC,26330616062,Bestellung,306-3724454-8723538,CZ003-Wood,PURPLEBIRD Burgerpresse. 10.8cm Aluguss Burger Pattie Presse mit Antihaft. 3 Stufen der Dicke einstellbar. Professioneller Hamburgerpresse mit Holzgri,1,amazon.de,Amazon,Berlin,Berlin,13187,MarketplaceFacilitator,16.46,3.13,0.67,0.13,0,0,0,0,-3.26,-2.94,-3.92,0,0,10.27,0,0
27.01.2026 23:36:56 UTC,26330616062,Bestellung,304-0980563-0913930,amzn.gr.HSK-RoseGold-8iMvgUIrjzbRtL2W-VG,Haarschere Set 6 Inch Friseurschere Effilierschere Kit Professionelle Ausd¨¹nnen Texturierende Schere Scharfe Friseurschere Set f¨¹r M?nner Frauen un,1,amazon.de,Amazon,Gerhardsbrunn,,66894,MarketplaceFacilitator,22.38,4.25,1.05,0.2,0,0,0,0,-4.45,-3.99,-4.09,0,0,15.35,0,0
27.01.2026 23:53:38 UTC,26330616062,Bestellung,302-0878297-0729131,HS-KidBlackStraight,Friseurschere f¨¹r Kinder. Sicherheitsschere. runde Spitzen. Haarschneideschere. 15.2 cm. Haarschneideschere. professionelle Friseurschere f¨¹r Babys.,1,amazon.de,Amazon,M¨¹nchen,,80999,MarketplaceFacilitator,16.8,3.19,0.67,0.13,0,0,-0.67,-0.13,-3.19,-3,-2.57,0,0,11.23,0,0
27.01.2026 23:56:05 UTC,26330616062,Bestellung,306-9185786-2633108,OMFK-B01,PURPLEBIRD Schwarzes Camping Messer aus Kohlenstoffstahl. Hohe H?rte und Sch?rfe. Outdoor Messer mit Messerscheide aus Ebenholz f¨¹r die Jagd. Wande,1,amazon.de,Amazon,Raahe,Finland,92,MarketplaceFacilitator,28.56,7.28,0,0,0,0,0,0,-7.28,-4.42,-3.04,0,0,21.1,0,0
27.01.2026 23:57:37 UTC,26330616062,Bestellung,302-1192215-9993903,KM30-G,PURPLEBIRD Klappmesser Taschenmesser. Survival Outdoor Messer mit Coolem Aussehen.Tolle Sammlung Geschenke f¨¹r M?nner (Gr¨¹n),1,amazon.de,Amazon,Neustrelitz,,17235,MarketplaceFacilitator,14.99,2.85,1.12,0.21,0,0,-1.12,-0.21,-2.85,-2.32,-2.65,0,0,10.02,0,0
27.01.2026 23:58:51 UTC,26330616062,Bestellung,305-7493977-8573162,XS04-Fang,PURPLEBIRD Jagdmesser Feststehende Klinge. Outdoor Messer mit 4.5mm Klingenr¨¹cken. Full Tang Bushcraft Messer mit G10 Griff. Kydex Holster. Tanto Mes,1,amazon.de,Amazon,Dachwig,,99100,MarketplaceFacilitator,26.82,5.09,0,0,0,0,0,0,-5.09,-4.15,-3.04,0,0,19.63,0,0
27.01.2026 23:59:11 UTC,26330616062,Bestellung,306-3851351-9099566,MT001-Silberner,PURPLEBIRD Multitool Werkzeug. 28 in 1 Multifunktionale Zange Geschenke f¨¹r M?nner. Faltbares Multifunktionswerkzeug mit 11 Bits und Gurtcliptasche.,1,amazon.de,Amazon,Hattingen,,45525,MarketplaceFacilitator,28.56,5.43,0,0,0,0,0,0,-5.43,-4.42,-3.42,0,0,20.72,0,0
28.01.2026 00:02:17 UTC,26330616062,Bestellung,305-8148387-9792324,KF015-Chudao,PURPLEBIRD K¨¹chenmesser Schmieden. Kochmesser Profi Messer. Fleischermesser mit Ergonomischem Griff. K¨¹chenmesser Scharf aus Hochwertigem Carbon Ede,1,amazon.de,Amazon,Wismar,,23966,MarketplaceFacilitator,32.14,6.11,0,0,0,0,0,0,-6.11,-5.74,-3.44,0,0,22.96,0,0
28.01.2026 00:03:26 UTC,26330616062,Bestellung,302-6885686-9460324,HS02-StripingBlack-Thinning,PURPLEBIRD Haarschere Friseurschere 6 Inch Effilierschere Scharfe Haarschneideschere Japanischer Edelstahl 440C f¨¹r Damen und Herren Haarschneidesche,1,amazon.de,Amazon,Bad Hersfeld,,36251,MarketplaceFacilitator,25.2,4.79,0,0,0,0,0,0,-4.79,-4.5,-2.57,0,0,18.13,0,0
28.01.2026 11:49:59 UTC,26330616062,Bestellung,302-5191342-3096325,XS04-Fang,PURPLEBIRD Jagdmesser Feststehende Klinge. Outdoor Messer mit 4.5mm Klingenr¨¹cken. Full Tang Bushcraft Messer mit G10 Griff. Kydex Holster. Tanto Mes,1,amazon.de,Amazon,Deggingen,Baden-W¨¹rttemberg,73326,MarketplaceFacilitator,26.82,5.09,1.68,0.32,0,0,-1.68,-0.32,-5.09,-4.15,-3.04,0,0,19.63,0,0
28.01.2026 11:49:59 UTC,26330616062,Bestellung,302-5191342-3096325,HWD02-ZNO,PURPLEBIRD Outdoor Messer. Messer 12 cm Klinge Feststehende. 440C Edelstahl Bushcraft Camping Messer. Full Tang Scharfe Survival Messer mit Holster f?,1,amazon.de,Amazon,Deggingen,Baden-W¨¹rttemberg,73326,MarketplaceFacilitator,18.85,3.58,1.67,0.32,0,0,-1.67,-0.32,-3.58,-2.92,-3.04,0,0,12.89,0,0
28.01.2026 13:53:33 UTC,26330616062,Erstattung,304-9955452-7199554,HS-KidBlackStraight,Friseurschere f¨¹r Kinder. Sicherheitsschere. runde Spitzen. Haarschneideschere. 15.2 cm. Haarschneideschere. professionelle Friseurschere f¨¹r Babys.,1,amazon.de,Amazon,M¨¹nchen,,81549,MarketplaceFacilitator,-16.8,-3.19,0,0,0,0,0,0,3.19,2.4,0,0,0,-14.4,0,0
28.01.2026 15:58:21 UTC,26330616062,Bestellung,305-2209203-5008367,HS-KidRedStraight,PURPLEBIRD Haarschere Friseurschere 6-Zoll Edelstahl Sichere Runde Tipps Haarschneideschere Extra Professionelle Haarschnitt Schere f¨¹r Kinder. Perfe,1,amazon.de,Amazon,Kahl am Main,,63796,MarketplaceFacilitator,15.71,2.98,0,0,0,0,0,0,-2.98,-2.8,-3.16,0,0,9.75,0,0
28.01.2026 16:19:31 UTC,26330616062,Bestellung,028-2601193-9765942,HS-KidBlackStraight,Friseurschere f¨¹r Kinder. Sicherheitsschere. runde Spitzen. Haarschneideschere. 15.2 cm. Haarschneideschere. professionelle Friseurschere f¨¹r Babys.,1,amazon.de,Amazon,Berlin,,12683,MarketplaceFacilitator,16.8,3.19,0,0,0,0,0,0,-3.19,-3,-2.57,0,0,11.23,0,0
28.01.2026 16:36:35 UTC,26330616062,Bestellung,303-6141494-4579534,HWD02-ZNO,PURPLEBIRD Outdoor Messer. Messer 12 cm Klinge Feststehende. 440C Edelstahl Bushcraft Camping Messer. Full Tang Scharfe Survival Messer mit Holster f?,1,amazon.de,Amazon,Uetersen,,25436,MarketplaceFacilitator,18.85,3.58,3.35,0.64,0,0,0,0,-4.22,-2.92,-6.39,0,0,12.89,0,0
28.01.2026 16:40:01 UTC,26330616062,Bestellung,302-2957634-8217110,MT001-Silberner,PURPLEBIRD Multitool Werkzeug. 28 in 1 Multifunktionale Zange Geschenke f¨¹r M?nner. Faltbares Multifunktionswerkzeug mit 11 Bits und Gurtcliptasche.,1,amazon.de,Amazon,Kollmar,,25377,MarketplaceFacilitator,28.56,5.43,1.68,0.32,0,0,-1.68,-0.32,-5.43,-4.42,-3.42,0,0,20.72,0,0
28.01.2026 16:45:48 UTC,26330616062,Bestellung,306-0574826-2227501,CZ002-XXL,PURPLEBIRD Grillspachtel Set aus Edelstahl. Plancha Spachtels Set mit Gro? Grillwender f¨¹r Smash Burger. Grill Geschenke f¨¹r M?nner,2,amazon.de,Amazon,Stuttgart,,70327,MarketplaceFacilitator,32.66,6.2,1.33,0.26,0,0,-1.33,-0.26,-6.2,-5.82,-6.88,0,0,19.96,0,0
28.01.2026 17:30:57 UTC,26330616062,Bestellung,304-6297479-6555501,XS04-Fang,PURPLEBIRD Jagdmesser Feststehende Klinge. Outdoor Messer mit 4.5mm Klingenr¨¹cken. Full Tang Bushcraft Messer mit G10 Griff. Kydex Holster. Tanto Mes,1,amazon.de,Amazon,sonthofen,bayern,87527,MarketplaceFacilitator,26.82,5.09,0,0,0,0,0,0,-5.09,-4.15,-3.04,0,0,19.63,0,0
28.01.2026 18:03:23 UTC,26330616062,Bestellung,303-2676555-3306703,KM30-F,PURPLEBIRD Klappmesser. Rettungsmesser mit Gurtschneider & Glasbrecher. EDC Messer mit Taschenclip. Sicherheitsschloss & Rutschfester Griff f¨¹r Outdo,1,amazon.de,Amazon,Berlin,Deutsch,13053,MarketplaceFacilitator,13.4,2.55,0,0,0,0,0,0,-2.55,-2.07,-2.65,0,0,8.68,0,0
28.01.2026 18:03:23 UTC,26330616062,Bestellung,303-2676555-3306703,KM30-G,PURPLEBIRD Klappmesser. Hohe H?rte und Sch?rfe. Taschenmesser EDC Messer mit Taschenclip. Sicherheitsschloss & Rutschfester Griff f¨¹r Outdoor. Surv,1,amazon.de,Amazon,Berlin,Deutsch,13053,MarketplaceFacilitator,14.99,2.85,0,0,0,0,0,0,-2.85,-2.32,-2.65,0,0,10.02,0,0
28.01.2026 18:28:53 UTC,26330616062,Bestellung,304-3770346-7039520,HWD02-ZNO,PURPLEBIRD Outdoor Messer. Messer 12 cm Klinge Feststehende. 440C Edelstahl Bushcraft Camping Messer. Full Tang Scharfe Survival Messer mit Holster f?,1,amazon.de,Amazon,Rimbach,Bayern,93485,MarketplaceFacilitator,18.85,3.58,0.83,0.16,0,0,-0.83,-0.16,-3.58,-2.92,-3.04,0,0,12.89,0,0
28.01.2026 18:31:10 UTC,26330616062,Bestellung,306-2708774-0432366,PB-OK-02,PURPLEBIRD Outdoor Messer. Machete Scharf Echt mit 6MM Klingenr¨¹cken. Full Tang Bowiemesser mit Scheide. f¨¹r Wandern & Bushcraft. Geschenke f¨¹r M?,1,amazon.de,Amazon,Gutenborn,,06712,MarketplaceFacilitator,32.85,6.24,0,0,0,0,0,0,-6.24,-5.08,-5.27,0,0,22.5,0,0
28.01.2026 18:37:52 UTC,26330616062,Bestellung,306-2127934-5684312,XS04-Fang,PURPLEBIRD Jagdmesser Feststehende Klinge. Outdoor Messer mit 4.5mm Klingenr¨¹cken. Full Tang Bushcraft Messer mit G10 Griff. Kydex Holster. Tanto Mes,1,amazon.de,Amazon,F¨¹rth,,90765,MarketplaceFacilitator,26.82,5.09,0,0,0,0,0,0,-5.09,-4.15,-3.04,0,0,19.63,0,0
28.01.2026 18:44:13 UTC,26330616062,Bestellung,302-0111735-3527516,HS-KidRedStraight,PURPLEBIRD Haarschere Friseurschere 6-Zoll Edelstahl Sichere Runde Tipps Haarschneideschere Extra Professionelle Haarschnitt Schere f¨¹r Kinder. Perfe,1,amazon.de,Amazon,Ampflwang im Hausruckwald,,4843,MarketplaceFacilitator,15.71,3.14,0,0,0,0,0,0,-3.14,-2.8,-3.16,0,0,9.75,0,0
28.01.2026 20:01:24 UTC,26330616062,Bestellung,306-3559241-9413105,KF015-Chanzi,PURPLEBIRD 12-in-1 Klappspaten mit 180¡ã Camping-Axt | ¨¹berlebens-Set inkl. Multitool. Camping Axe & Tragebag f¨¹r Outdoor/Camping (rostfrei & faltba,1,amazon.de,Amazon,Sch?nbrunn i. Steigerwald,Bayern,96185,MarketplaceFacilitator,34.45,6.54,3.35,0.64,0,0,-3.35,-0.64,-6.54,-5.33,-4.54,0,0,24.58,0,0
28.01.2026 20:31:49 UTC,26330616062,Bestellung,305-3150021-2493146,CZ002-XXL,PURPLEBIRD Grillspachtel Set aus Edelstahl. Plancha Spachtels Set mit Gro? Grillwender f¨¹r Smash Burger. Grill Geschenke f¨¹r M?nner,1,amazon.de,Amazon,Kelheim,,93309,MarketplaceFacilitator,16.33,3.1,0,0,0,0,0,0,-3.1,-2.91,-3.44,0,0,9.98,0,0
28.01.2026 20:44:23 UTC,26330616062,Bestellung,303-7922453-0873104,KM30-G,PURPLEBIRD Klappmesser. Hohe H?rte und Sch?rfe. Taschenmesser EDC Messer mit Taschenclip. Sicherheitsschloss & Rutschfester Griff f¨¹r Outdoor. Surv,1,amazon.de,Amazon,Ilmenau,Th¨¹ringen,98693,MarketplaceFacilitator,14.99,2.85,0.83,0.16,0,0,-0.83,-0.16,-2.85,-2.32,-2.65,0,0,10.02,0,0
28.01.2026 20:57:43 UTC,26330616062,Bestellung,302-5877804-5965100,MT001-Silberner,PURPLEBIRD Multitool Werkzeug. 28 in 1 Multifunktionale Zange Geschenke f¨¹r M?nner. Faltbares Multifunktionswerkzeug mit 11 Bits und Gurtcliptasche.,1,amazon.de,Amazon,Aschheim,,85609,MarketplaceFacilitator,28.56,5.43,0,0,0,0,0,0,-5.43,-4.42,-3.42,0,0,20.72,0,0
28.01.2026 21:01:05 UTC,26330616062,Bestellung,305-2814225-1643558,KM30-F,PURPLEBIRD Klappmesser. Rettungsmesser mit Gurtschneider & Glasbrecher. EDC Messer mit Taschenclip. Sicherheitsschloss & Rutschfester Griff f¨¹r Outdo,1,amazon.de,Amazon,Enns,,4470,MarketplaceFacilitator,13.4,2.68,0,0,0,0,0,0,-2.68,-2.07,-2.65,0,0,8.68,0,0
28.01.2026 21:21:41 UTC,26330616062,Bestellung,304-8042107-6056357,GK02,PURPLE BIRD GK02 Gefl¨¹gelschere K¨¹chenschere Profi. 4mm Edelstahl fleischschere mit Sicherheitsschloss & Federbelastung. 103¡ã Schneidwinkel f¨¹r Fl,1,amazon.de,Amazon,Hanau,,63454,MarketplaceFacilitator,19.73,3.75,0,0,0,0,0,0,-3.75,-3.52,-3.04,0,0,13.17,0,0
28.01.2026 21:38:19 UTC,26330616062,Bestellung,305-2525414-4100326,CZ007-Burgerpresse,PURPLEBIRD Schwerlast Burger Smasher Gusseisen (?17.7cm) | 1kg Profi-Grillgewicht f¨¹r gleichm??ige Br?unung | Smash Burger Presse f¨¹r Gasgrill.,1,amazon.de,Amazon,Aderklaa,Nieder?sterreich,2232,MarketplaceFacilitator,12.13,2.43,0,0,0,0,0,0,-2.43,-2.17,-3.41,0,0,6.55,0,0
28.01.2026 21:53:10 UTC,26330616062,Bestellung,304-5953132-5391525,PS04-GreenScrewSetChunker,PURPLEBIRD Fellschere Hundeschere 7 Inch professionelles Tierpflege Set aus 440C japanischer Edelstahl gerade Gebogene ausd¨¹nnen Chunker Schere Set,1,amazon.de,Amazon,K?flach,?sterreich,8580,MarketplaceFacilitator,21.5,4.3,0,0,0,0,0,0,-4.3,-3.84,-3.04,0,0,14.62,0,0
28.01.2026 21:53:57 UTC,26330616062,Bestellung,305-0462580-9401902,HS-Purple-Set,PURPLEBIRD Friseurscheren Profi. Haarschere Friseurschere Set aus Edelstahl Haarschneideschere und Effilierschere f¨¹r Barbier/Friseur/Anf?nger 10 St,1,amazon.de,Amazon,Mainz,Germany,55130,MarketplaceFacilitator,24.37,4.63,0,0,0,0,0,0,-4.63,-4.35,-3.04,0,0,16.98,0,0
28.01.2026 22:37:06 UTC,26330616062,Bestellung,302-7450150-5023519,KM30-F,PURPLEBIRD Klappmesser. Rettungsmesser mit Gurtschneider & Glasbrecher. EDC Messer mit Taschenclip. Sicherheitsschloss & Rutschfester Griff f¨¹r Outdo,1,amazon.de,Amazon,Rednitzhembach,Bayern,91126,MarketplaceFacilitator,13.4,2.55,0,0,0,0,0,0,-2.55,-2.07,-2.65,0,0,8.68,0,0
28.01.2026 23:03:23 UTC,26330616062,Bestellung,303-1487792-0137157,CZ003-Wood,PURPLEBIRD Burgerpresse. 10.8cm Aluguss Burger Pattie Presse mit Antihaft. 3 Stufen der Dicke einstellbar. Professioneller Hamburgerpresse mit Holzgri,1,amazon.de,Amazon,Alfter,,53347,MarketplaceFacilitator,16.46,3.13,0,0,0,0,0,0,-3.13,-2.94,-3.25,0,0,10.27,0,0
28.01.2026 23:19:45 UTC,26330616062,Bestellung,028-0804110-0839525,CZ007-BurgerB,PURPLEBIRD Burgerglocke & Burger Smasher Set. Edelstahl Burgerglocke XL (? 24cm) mit Schwerlast Gusseisen Burgerpresse (? 17.7cm) Griddle Zubeh?r S,1,amazon.de,Amazon,Walld¨¹rn,Germany,74731,MarketplaceFacilitator,27.3,5.19,0,0,0,0,0,0,-5.19,-4.87,-3.43,0,0,19,0,0
28.01.2026 23:37:06 UTC,26330616062,Bestellung,028-0989615-6645148,GK02,PURPLE BIRD GK02 Gefl¨¹gelschere K¨¹chenschere Profi. 4mm Edelstahl fleischschere mit Sicherheitsschloss & Federbelastung. 103¡ã Schneidwinkel f¨¹r Fl,1,amazon.de,Amazon,WITTEN,NRW,58454,MarketplaceFacilitator,19.73,3.75,0,0,0,0,0,0,-3.75,-3.52,-3.04,0,0,13.17,0,0
28.01.2026 23:41:30 UTC,26330616062,Erstattung,028-0989615-6645148,GK02,PURPLE BIRD GK02 Gefl¨¹gelschere K¨¹chenschere Profi. 4mm Edelstahl fleischschere mit Sicherheitsschloss & Federbelastung. 103¡ã Schneidwinkel f¨¹r Fl,1,amazon.de,Amazon,WITTEN,NRW,58454,MarketplaceFacilitator,-19.73,-3.75,0,0,0,0,0,0,3.75,2.82,0,0,0,-16.91,0,0
28.01.2026 23:45:43 UTC,26330616062,Bestellung,304-4105338-1159522,KP40-P,PURPLEBIRD Klappmesser. Rettungsmesser mit Gurtschneider & Glasbrecher. EDC Messer mit Taschenclip. Sicherheitsschloss & Rutschfester Griff f¨¹r Outdo,1,amazon.de,Amazon,Ahaus,,48683,MarketplaceFacilitator,14.11,2.68,0,0,0,0,0,0,-2.68,-2.18,-2.65,0,0,9.28,0,0
28.01.2026 23:51:13 UTC,26330616062,Bestellung,028-1928903-7685952,CZ005-Grillset,PURPLEBIRD Grillbesteckset 5-TLG. Profi Edelstahl Gril Zubeh?r Werkzeug Set. Tragetasche mit Sch¨¹rzenfunktion. Top Grillbesteck-Set mit Holzgriff. I,1,amazon.de,Amazon,Salzburg,,5020,MarketplaceFacilitator,22.18,4.44,0,0,0,0,0,0,-4.44,-3.96,-3.93,0,0,14.29,0,0
29.01.2026 00:04:58 UTC,26330616062,Bestellung,305-0763609-9722752,PB-OK-02,PURPLEBIRD Outdoor Messer. Machete Scharf Echt mit 6MM Klingenr¨¹cken. Full Tang Bowiemesser mit Scheide. f¨¹r Wandern & Bushcraft. Geschenke f¨¹r M?,1,amazon.de,Amazon,Blaustein,,89134,MarketplaceFacilitator,32.85,6.24,0,0,0,0,0,0,-6.24,-5.08,-5.27,0,0,22.5,0,0
29.01.2026 15:40:47 UTC,26330616062,Erstattung,306-3046531-1117954,CZ007-BurgerA,PURPLEBIRD Burgerglocke & Burger Smasher Set. Edelstahl Burgerglocke (? 20cm) mit Schwerlast Gusseisen Burgerpresse (? 17.7cm) Griddle Zubeh?r Set,1,amazon.de,Amazon,Burgdorf,Niedersachsen,38272,MarketplaceFacilitator,-21.14,-4.02,0,0,0,0,0,0,4.02,3.02,0,0,0,-18.12,0,0
29.01.2026 16:01:59 UTC,26330616062,Bestellung,304-2483862-8920303,Camp-S,PURPLEBIRD Camping-Besteck Set Silberner-10-teiliges Geschirr Set f¨¹r 2 Personen bei Picknick & Reisen Tragbares Edelstahl Geschirr Set Mit Etui deal,1,amazon.de,Amazon,Ro?haupten,,87672,MarketplaceFacilitator,17.77,3.38,0,0,0,0,0,0,-3.38,-3.17,-3.44,0,0,11.16,0,0
29.01.2026 16:21:21 UTC,26330616062,Bestellung,305-3665077-6161140,KF015-Fish6,PURPLEBIRD Filetiermesser f¨¹r Fisch 15 CM mit Scheide. 440C Edelstahl Fischmesser zum Schneiden von Fleisch mit Holzgriff. Filetiermesser Fisch K¨¹ch,1,amazon.de,Amazon,Cottbus,,03054,MarketplaceFacilitator,22.13,4.21,0,0,0,0,0,0,-4.21,-3.95,-3.04,0,0,15.14,0,0
29.01.2026 17:05:30 UTC,26330616062,Bestellung,306-7220323-3280359,PS04-GreenScrewSetChunker,PURPLEBIRD Fellschere Hundeschere 7 Inch professionelles Tierpflege Set aus 440C japanischer Edelstahl gerade Gebogene ausd¨¹nnen Chunker Schere Set,1,amazon.de,Amazon,Br¨¹ggen,Nordrhein-Westfalen,41379,MarketplaceFacilitator,21.5,4.09,0,0,0,0,0,0,-4.09,-3.84,-3.04,0,0,14.62,0,0
29.01.2026 17:11:17 UTC,26330616062,Bestellung,304-6002977-8213938,HS-KidRedStraight,PURPLEBIRD Haarschere Friseurschere 6-Zoll Edelstahl Sichere Runde Tipps Haarschneideschere Extra Professionelle Haarschnitt Schere f¨¹r Kinder. Perfe,1,amazon.de,Amazon,Perg,Ober?sterreich,4320,MarketplaceFacilitator,15.71,3.14,0,0,0,0,0,0,-3.14,-2.8,-3.16,0,0,9.75,0,0
29.01.2026 17:18:02 UTC,26330616062,Bestellung,306-9215988-5937115,HS02-StripingBlack-Straight,Profi Haarschere Friseurschere Haarschneideschere aus Rostfreiem Stahl im Japanischen Stil Geeignet f¨¹r Kinder. Frauen und M?nner Extra Scharfe Haar,1,amazon.de,Amazon,B?nen,,59199,MarketplaceFacilitator,21.42,4.07,0,0,0,0,0,0,-4.07,-3.82,-2.31,0,0,15.29,0,0
29.01.2026 17:24:06 UTC,26330616062,Bestellung,306-2105345-7789929,PB-OK-02,PURPLEBIRD Outdoor Messer. Machete Scharf Echt mit 6MM Klingenr¨¹cken. Full Tang Bowiemesser mit Scheide. f¨¹r Wandern & Bushcraft. Geschenke f¨¹r M?,1,amazon.de,Amazon,Bremerhaven,,27570,MarketplaceFacilitator,32.85,6.24,0,0,0,0,0,0,-6.24,-5.08,-5.27,0,0,22.5,0,0
29.01.2026 17:36:28 UTC,26330616062,Erstattung,303-6078661-5949108,KP40-P,PURPLEBIRD Klappmesser. Rettungsmesser mit Gurtschneider & Glasbrecher. EDC Messer mit Taschenclip. Sicherheitsschloss & Rutschfester Griff f¨¹r Outdo,1,amazon.de,Amazon,Werneck,,97440,MarketplaceFacilitator,-14.11,-2.68,0,0,0,0,0,0,2.68,1.74,0,0,0,-12.37,0,0
29.01.2026 17:40:25 UTC,26330616062,Bestellung,304-1873319-7360325,CZ-Axt2,PURPLEBIRD Axt Beil mit Scheide 37.8cm Spaltaxt f¨¹r Holz Handgeschmiedet Handbeil mit Ergonomischer Holzgriff Survival Axt Camping Axt Outdoor Bushcr,1,amazon.de,Amazon,Eschenburg,,35713,MarketplaceFacilitator,15.96,3.03,0,0,0,0,0,0,-3.03,-2.85,-3.8,0,0,9.31,0,0
29.01.2026 17:46:29 UTC,26330616062,Bestellung,304-6519421-5582737,HS-Black-Set,PURPLEBIRD Friseurscheren Profi. Haarschere Friseurschere Set aus Edelstahl Haarschneideschere und Effilierschere f¨¹r Barbier/Friseur/Anf?nger 10 St,1,amazon.de,Amazon,Wettenberg,Hessen,35435,MarketplaceFacilitator,21.42,4.07,0,0,0,0,0,0,-4.07,-3.82,-3.04,0,0,14.56,0,0
29.01.2026 17:51:29 UTC,26330616062,Bestellung,306-2738295-6974704,HWD02-ZNO,PURPLEBIRD Outdoor Messer. Messer 12 cm Klinge Feststehende. 440C Edelstahl Bushcraft Camping Messer. Full Tang Scharfe Survival Messer mit Holster f?,1,amazon.de,Amazon,Muenchen,Bayern,80805,MarketplaceFacilitator,18.85,3.58,0,0,0,0,0,0,-3.58,-2.92,-3.04,0,0,12.89,0,0
29.01.2026 17:57:48 UTC,26330616062,Bestellung,304-8964222-2021943,CZ003-Wood,PURPLEBIRD Burgerpresse. 10.8cm Aluguss Burger Pattie Presse mit Antihaft. 3 Stufen der Dicke einstellbar. Professioneller Hamburgerpresse mit Holzgri,1,amazon.de,Amazon,Elsdorf,,50189,MarketplaceFacilitator,16.46,3.13,0,0,0,0,-4.7,-0.89,-2.24,-2.1,-3.25,0,0,6.41,0,0
29.01.2026 17:58:21 UTC,26330616062,Bestellung,028-1537192-7220305,MT001-Silberner,PURPLEBIRD Multitool Werkzeug. 28 in 1 Multifunktionale Zange Geschenke f¨¹r M?nner. Faltbares Multifunktionswerkzeug mit 11 Bits und Gurtcliptasche.,1,amazon.de,Amazon,Rheinbach,,53359,MarketplaceFacilitator,28.56,5.43,0,0,0,0,0,0,-5.43,-4.42,-3.42,0,0,20.72,0,0
29.01.2026 18:22:15 UTC,26330616062,Bestellung,306-3301423-6101964,HWD02-ZNO,PURPLEBIRD Outdoor Messer. Messer 12 cm Klinge Feststehende. 440C Edelstahl Bushcraft Camping Messer. Full Tang Scharfe Survival Messer mit Holster f?,1,amazon.de,Amazon,B?blingen,,71034,MarketplaceFacilitator,18.85,3.58,0,0,0,0,0,0,-3.58,-2.92,-3.04,0,0,12.89,0,0
29.01.2026 18:43:12 UTC,26330616062,Bestellung,306-0766466-5590757,HWD02-ZNO,PURPLEBIRD Outdoor Messer. Messer 12 cm Klinge Feststehende. 440C Edelstahl Bushcraft Camping Messer. Full Tang Scharfe Survival Messer mit Holster f?,1,amazon.de,Amazon,Handewitt,,24983,MarketplaceFacilitator,18.85,3.58,1.67,0.32,0,0,-1.67,-0.32,-3.58,-2.92,-3.04,0,0,12.89,0,0
29.01.2026 19:31:12 UTC,26330616062,Bestellung,305-9302444-6256316,HWD02-ZNO,PURPLEBIRD Outdoor Messer. Messer 12 cm Klinge Feststehende. 440C Edelstahl Bushcraft Camping Messer. Full Tang Scharfe Survival Messer mit Holster f?,1,amazon.de,Amazon,Wuppertal,Nordrhein-Westfalen,42111,MarketplaceFacilitator,18.85,3.58,0.83,0.16,0,0,-0.83,-0.16,-3.58,-2.92,-3.04,0,0,12.89,0,0
29.01.2026 19:45:42 UTC,26330616062,Bestellung,305-1352083-4916315,KF014-OutdoorA,PURPLEBIRD Jagdmesser Feststehende Klinge Scharfes. Messer Outdoor Survival mit Lederscheide. D2 Stahl G¨¹rtelmesser & Camping Messer Outdoor Geschenk,1,amazon.de,Amazon,Emlichheim,,49824,MarketplaceFacilitator,24.28,4.61,0,0,0,0,0,0,-4.61,-3.76,-3.04,0,0,17.48,0,0
29.01.2026 20:00:12 UTC,26330616062,Bestellung,303-8326600-7405134,HWD02-ZNO,PURPLEBIRD Outdoor Messer. Messer 12 cm Klinge Feststehende. 440C Edelstahl Bushcraft Camping Messer. Full Tang Scharfe Survival Messer mit Holster f?,1,amazon.de,Amazon,W?rth A.d.isar,,84109,MarketplaceFacilitator,18.85,3.58,0,0,0,0,0,0,-3.58,-2.92,-3.04,0,0,12.89,0,0
29.01.2026 20:08:33 UTC,26330616062,Bestellung,028-1635594-8494710,CZ007-BurgerB,PURPLEBIRD Burgerglocke & Burger Smasher Set. Edelstahl Burgerglocke XL (? 24cm) mit Schwerlast Gusseisen Burgerpresse (? 17.7cm) Griddle Zubeh?r S,1,amazon.de,Amazon,Haverlah,Niedersachsen,38275,MarketplaceFacilitator,27.3,5.19,0,0,0,0,0,0,-5.19,-4.87,-3.43,0,0,19,0,0
29.01.2026 20:34:00 UTC,26330616062,Bestellung,303-2917505-2288358,HS-KidRedStraight,PURPLEBIRD Haarschere Friseurschere 6-Zoll Edelstahl Sichere Runde Tipps Haarschneideschere Extra Professionelle Haarschnitt Schere f¨¹r Kinder. Perfe,1,amazon.de,Amazon,Stuttgart,,70597,MarketplaceFacilitator,15.71,2.98,0,0,0,0,0,0,-2.98,-2.8,-3.42,0,0,9.49,0,0
29.01.2026 20:45:43 UTC,26330616062,Bestellung,303-2630004-5521115,CZ007-BurgerB,PURPLEBIRD Burgerglocke & Burger Smasher Set. Edelstahl Burgerglocke XL (? 24cm) mit Schwerlast Gusseisen Burgerpresse (? 17.7cm) Griddle Zubeh?r S,1,amazon.de,Amazon,M¨¹nchen,,81541,MarketplaceFacilitator,27.3,5.19,0,0,0,0,0,0,-5.19,-4.87,-3.43,0,0,19,0,0
29.01.2026 21:01:54 UTC,26330616062,Bestellung,304-2786967-6550758,HS-RoseGold-Set,PURPLEBIRD Friseurscheren Profi. Haarschere Friseurschere Set aus Edelstahl Haarschneideschere und Effilierschere f¨¹r Barbier/Friseur/Anf?nger 10 St,1,amazon.de,Amazon,Spital am Semmering,Steiermark,8684,MarketplaceFacilitator,21.42,4.28,0,0,0,0,0,0,-4.28,-3.82,-3.04,0,0,14.56,0,0
29.01.2026 21:11:34 UTC,26330616062,Bestellung,302-0220003-6861963,HS02-StripingBlack-Straight,Profi Haarschere Friseurschere Haarschneideschere aus Rostfreiem Stahl im Japanischen Stil Geeignet f¨¹r Kinder. Frauen und M?nner Extra Scharfe Haar,1,amazon.de,Amazon,Trebbin,Brandenburg,14959,MarketplaceFacilitator,21.42,4.07,0,0,0,0,0,0,-4.07,-3.82,-2.57,0,0,15.03,0,0
29.01.2026 21:24:52 UTC,26330616062,Bestellung,304-0532211-8363511,MT001-Silberner,PURPLEBIRD Multitool Werkzeug. 28 in 1 Multifunktionale Zange Geschenke f¨¹r M?nner. Faltbares Multifunktionswerkzeug mit 11 Bits und Gurtcliptasche.,1,amazon.de,Amazon,Navodari. Constanta,Mamaia-Sat. City Navodari. Constanta. 905701,,MarketplaceFacilitator,28.56,6,3.36,0.71,0,0,-3.36,-0.71,-6,-4.42,-3.42,0,0,20.72,0,0
29.01.2026 21:34:45 UTC,26330616062,Bestellung,306-6904310-4753130,HS-KidBlackStraight,Friseurschere f¨¹r Kinder. Sicherheitsschere. runde Spitzen. Haarschneideschere. 15.2 cm. Haarschneideschere. professionelle Friseurschere f¨¹r Babys.,1,amazon.de,Amazon,G?llheim,,67307,MarketplaceFacilitator,16.8,3.19,1.67,0.32,0,0,-1.67,-0.32,-3.19,-3,-2.57,0,0,11.23,0,0
29.01.2026 21:35:28 UTC,26330616062,Bestellung,302-3390896-6641125,HS-Rainbow-Set,PURPLEBIRD Friseurscheren Profi. Haarschere Friseurschere Set aus Edelstahl Haarschneideschere und Effilierschere f¨¹r Barbier/Friseur/Anf?nger 10 St,1,amazon.de,Amazon,Karsdorf,Sachsen-Anhalt,06638,MarketplaceFacilitator,19.15,3.64,0.84,0.16,0,0,-0.84,-0.16,-3.64,-3.42,-3.04,0,0,12.69,0,0
29.01.2026 21:42:45 UTC,26330616062,Erstattung,028-2572556-3121136,CZ003-Wood,PURPLEBIRD Burgerpresse. 10.8cm Aluguss Burger Pattie Presse mit Antihaft. 3 Stufen der Dicke einstellbar. Professioneller Hamburgerpresse mit Holzgri,1,amazon.de,Amazon,?stringen,,76684,MarketplaceFacilitator,-16.46,-3.13,0,0,0,0,4.7,0.89,2.24,1.68,0,0,0,-10.08,0,0
29.01.2026 21:45:41 UTC,26330616062,Bestellung,028-7868969-4234769,HS-RoseGold-Set,PURPLEBIRD Friseurscheren Profi. Haarschere Friseurschere Set aus Edelstahl Haarschneideschere und Effilierschere f¨¹r Barbier/Friseur/Anf?nger 10 St,1,amazon.de,Amazon,Ludwigsburg,,71638,MarketplaceFacilitator,21.42,4.07,0.48,0.09,0,0,-0.48,-0.09,-4.07,-3.82,-3.04,0,0,14.56,0,0
29.01.2026 22:01:17 UTC,26330616062,Bestellung,306-3046531-1117954,CZ007-BurgerA,PURPLEBIRD Burgerglocke & Burger Smasher Set. Edelstahl Burgerglocke (? 20cm) mit Schwerlast Gusseisen Burgerpresse (? 17.7cm) Griddle Zubeh?r Set,1,amazon.de,Amazon,Burgdorf,Niedersachsen,38272,MarketplaceFacilitator,21.14,4.02,0,0,0,0,0,0,-4.02,-3.77,-3.8,0,0,13.57,0,0
29.01.2026 22:30:31 UTC,26330616062,Bestellung,306-0894191-1157921,MT001-Silberner,PURPLEBIRD Multitool Werkzeug. 28 in 1 Multifunktionale Zange Geschenke f¨¹r M?nner. Faltbares Multifunktionswerkzeug mit 11 Bits und Gurtcliptasche.,1,amazon.de,Amazon,Berlin,,12621,MarketplaceFacilitator,28.56,5.43,0,0,0,0,0,0,-5.43,-4.42,-3.42,0,0,20.72,0,0
29.01.2026 22:31:21 UTC,26330616062,Bestellung,306-1852836-4828316,HWD02-ZNO,PURPLEBIRD Outdoor Messer. Messer 12 cm Klinge Feststehende. 440C Edelstahl Bushcraft Camping Messer. Full Tang Scharfe Survival Messer mit Holster f?,1,amazon.de,Amazon,Weyregg am Attersee,,4852,MarketplaceFacilitator,18.85,3.77,0,0,0,0,0,0,-3.77,-2.92,-3.04,0,0,12.89,0,0
29.01.2026 22:37:27 UTC,26330616062,Bestellung,304-6839597-4517129,CZ007-BurgerB,PURPLEBIRD Burgerglocke & Burger Smasher Set. Edelstahl Burgerglocke XL (? 24cm) mit Schwerlast Gusseisen Burgerpresse (? 17.7cm) Griddle Zubeh?r S,1,amazon.de,Amazon,Berlin,,10405,,27.3,5.19,0,0,0,0,0,0,0,-4.87,-3.43,0,0,24.19,0,0
29.01.2026 23:03:41 UTC,26330616062,Bestellung,305-2493995-1182766,HS-Black-Set,PURPLEBIRD Friseurscheren Profi. Haarschere Friseurschere Set aus Edelstahl Haarschneideschere und Effilierschere f¨¹r Barbier/Friseur/Anf?nger 10 St,1,amazon.de,Amazon,Torgau,,04861,MarketplaceFacilitator,21.42,4.07,3.35,0.64,0,0,0,0,-4.71,-3.82,-6.39,0,0,14.56,0,0
29.01.2026 23:10:30 UTC,26330616062,Bestellung,305-3464835-5532358,CZ002-XXL,PURPLEBIRD Grillspachtel Set aus Edelstahl. Plancha Spachtels Set mit Gro? Grillwender f¨¹r Smash Burger. Grill Geschenke f¨¹r M?nner,1,amazon.de,Amazon,Bassum,,27211,MarketplaceFacilitator,16.33,3.1,0,0,0,0,0,0,-3.1,-2.91,-3.44,0,0,9.98,0,0
29.01.2026 23:14:35 UTC,26330616062,Bestellung,303-5578059-7837906,HS-KidRedStraight,PURPLEBIRD Haarschere Friseurschere 6-Zoll Edelstahl Sichere Runde Tipps Haarschneideschere Extra Professionelle Haarschnitt Schere f¨¹r Kinder. Perfe,1,amazon.de,Amazon,Aachen,,52072,MarketplaceFacilitator,15.71,2.98,0,0,0,0,0,0,-2.98,-2.8,-3.16,0,0,9.75,0,0
29.01.2026 23:55:39 UTC,26330616062,Bestellung,028-9633345-2533902,CZ002-XXL,PURPLEBIRD Grillspachtel Set aus Edelstahl. Plancha Spachtels Set mit Gro? Grillwender f¨¹r Smash Burger. Grill Geschenke f¨¹r M?nner,1,amazon.de,Amazon,Herzogsdorf,Ober?sterreich,4175,MarketplaceFacilitator,22.68,4.54,0,0,0,0,0,0,-4.54,-4.05,-3.44,0,0,15.19,0,0
30.01.2026 00:02:52 UTC,26330616062,Bestellung,028-2572556-3121136,CZ003-Wood,PURPLEBIRD Burgerpresse. 10.8cm Aluguss Burger Pattie Presse mit Antihaft. 3 Stufen der Dicke einstellbar. Professioneller Hamburgerpresse mit Holzgri,1,amazon.de,Amazon,?stringen,,76684,MarketplaceFacilitator,16.46,3.13,0,0,0,0,-4.7,-0.89,-2.24,-2.1,-3.25,0,0,6.41,0,0
30.01.2026 02:33:58 UTC,26330616062,Liquidationen,97426755262552,X002GHUZPX,PURPLEBIRD Fellschere 7.0 Inch Hundeschere Katzenschere Hunde Effilierschere Hundescheren zur Fellpflege f¨¹r alle Hunde Katze Schneiden und Grooming Japanischer Edelstahl 440C Handarbeit,1,,,,,,,5.61,0,0,0,0,0,0,0,0,0,0,-1.18,0,4.43,0,0
30.01.2026 07:33:48 UTC,26330616062,Liquidationsanpassungen,48573972202552,X002E0OXNR,PURPLEBIRD Klappmesser aus rostfreiem Qualit?tsstahl mit Carbonfaser-Griff.Sicherheitsverriegelung.Rutschfester Griff.Flach & kompakt f¨¹r Camping & Alltag.Praktisches Geschenk f¨¹r M?nner (Pr¨¹fung),1,,,,,,,-1.31,0,0,0,0,0,0,0,0,0,0,0.58,0,-0.73,0,0
30.01.2026 15:40:47 UTC,26330616062,Servicegeb¨¹hr,,,Werbekosten,,,,,,,,0,0,0,0,0,0,0,0,0,0,0,-505.75,0,-505.75,0,0
30.01.2026 16:42:20 UTC,26330616062,Bestellung,028-2744677-4435537,XS04-Fang,PURPLEBIRD Jagdmesser Feststehende Klinge. Outdoor Messer mit 4.5mm Klingenr¨¹cken. Full Tang Bushcraft Messer mit G10 Griff. Kydex Holster. Tanto Mes,1,amazon.de,Amazon,Wilsecker,,54655,MarketplaceFacilitator,26.82,5.09,0,0,0,0,0,0,-5.09,-4.15,-3.04,0,0,19.63,0,0
30.01.2026 17:19:11 UTC,26330616062,Bestellung,305-0456318-4735509,BBQW-ZNO,PURPLEBIRD 31-teiliges Edelstahl Grillzubeh?r Set - Premium BBQ Grillbesteck f¨¹r M?nner & Frauen mit Tragetasche. Grillmatte Garten. Camping & Gebu,1,amazon.de,Amazon,Himberg,?sterreich,2325,,33.61,0,0,0,0,0,-8.4,0,0,-3.78,-3.95,0,0,17.48,0,0
30.01.2026 17:23:51 UTC,26330616062,Bestellung,305-6312968-6074724,BBQW-ZNO,PURPLEBIRD 31-teiliges Edelstahl Grillzubeh?r Set - Premium BBQ Grillbesteck f¨¹r M?nner & Frauen mit Tragetasche. Grillmatte Garten. Camping & Gebu,1,amazon.de,Amazon,Hattstedt,Schleswig-Holstein,25856,MarketplaceFacilitator,33.61,6.38,0,0,0,0,-8.4,-1.6,-4.78,-4.5,-3.95,0,0,16.76,0,0
30.01.2026 17:23:53 UTC,26330616062,Bestellung,305-3243159-8316336,HS-RoseGold-Set,PURPLEBIRD Friseurscheren Profi. Haarschere Friseurschere Set aus Edelstahl Haarschneideschere und Effilierschere f¨¹r Barbier/Friseur/Anf?nger 10 St,1,amazon.de,Amazon,CROSTWITZ,,01920,MarketplaceFacilitator,21.42,4.07,0,0,0,0,0,0,-4.07,-3.82,-3.04,0,0,14.56,0,0
30.01.2026 18:35:08 UTC,26330616062,Bestellung,028-6647984-4715567,PS-7.0''DownCurvedThinning,PURPLEBIRD Fellschere 7 Inch Hundeschere Gebogen. Fellschere Katze. Effilierschere Hund zur Fellpflege f¨¹r alle Hunde Katze. Schneiden und Grooming.,1,amazon.de,Amazon,Split,Splitsko-dalmatinska,,MarketplaceFacilitator,40.71,10.18,8.39,2.1,0,0,-8.39,-2.1,-10.18,-7.27,-2.57,0,0,30.87,0,0
30.01.2026 18:44:17 UTC,26330616062,Bestellung,304-4240433-8165957,CZ002-XXL,PURPLEBIRD Grillspachtel Set aus Edelstahl. Plancha Spachtels Set mit Gro? Grillwender f¨¹r Smash Burger. Grill Geschenke f¨¹r M?nner,1,amazon.de,Amazon,Unterdietfurt,,84339,MarketplaceFacilitator,16.33,3.1,0,0,0,0,0,0,-3.1,-2.91,-3.44,0,0,9.98,0,0
30.01.2026 19:35:47 UTC,26330616062,Bestellung,306-4948689-8117901,PB-OK-02,PURPLEBIRD Outdoor Messer. Machete Scharf Echt mit 6MM Klingenr¨¹cken. Full Tang Bowiemesser mit Scheide. f¨¹r Wandern & Bushcraft. Geschenke f¨¹r M?,1,amazon.de,Amazon,Nieheim,,33039,MarketplaceFacilitator,32.85,6.24,0,0,0,0,0,0,-6.24,-5.08,-5.27,0,0,22.5,0,0
30.01.2026 19:54:48 UTC,26330616062,Bestellung,303-0076615-5498702,CZ003-Wood,PURPLEBIRD Burgerpresse. 10.8cm Aluguss Burger Pattie Presse mit Antihaft. 3 Stufen der Dicke einstellbar. Professioneller Hamburgerpresse mit Holzgri,1,amazon.de,Amazon,Lingenfeld,,67360,MarketplaceFacilitator,16.46,3.13,0,0,0,0,-4.7,-0.89,-2.24,-2.1,-3.25,0,0,6.41,0,0
30.01.2026 20:19:10 UTC,26330616062,Bestellung,302-8481639-4513112,PB-OK-02,PURPLEBIRD Outdoor Messer. Machete Scharf Echt mit 6MM Klingenr¨¹cken. Full Tang Bowiemesser mit Scheide. f¨¹r Wandern & Bushcraft. Geschenke f¨¹r M?,1,amazon.de,Amazon,D¨¹sseldorf,,40476,MarketplaceFacilitator,32.85,6.24,0,0,0,0,0,0,-6.24,-5.08,-5.27,0,0,22.5,0,0
30.01.2026 20:55:08 UTC,26330616062,Bestellung,305-0983890-7102766,CZ007-BurgerA,PURPLEBIRD Burgerglocke & Burger Smasher Set. Edelstahl Burgerglocke (? 20cm) mit Schwerlast Gusseisen Burgerpresse (? 17.7cm) Griddle Zubeh?r Set,1,amazon.de,Amazon,Wimmis,,37,MarketplaceFacilitator,21.14,1.71,1.3,0.1,0,0,-1.3,-0.1,-1.71,-3.77,-3.8,0,0,13.57,0,0
30.01.2026 21:33:58 UTC,26330616062,Bestellung,028-9935171-8113154,GK02,PURPLE BIRD GK02 Gefl¨¹gelschere K¨¹chenschere Profi. 4mm Edelstahl fleischschere mit Sicherheitsschloss & Federbelastung. 103¡ã Schneidwinkel f¨¹r Fl,1,amazon.de,Amazon,Mulda,,09619,MarketplaceFacilitator,19.73,3.75,3.35,0.64,0,0,0,0,-4.39,-3.52,-6.39,0,0,13.17,0,0
30.01.2026 21:46:41 UTC,26330616062,Bestellung,303-7979506-5679514,KF015-Chudao,PURPLEBIRD K¨¹chenmesser Schmieden. Kochmesser Profi Messer. Fleischermesser mit Ergonomischem Griff. K¨¹chenmesser Scharf aus Hochwertigem Carbon Ede,1,amazon.de,Amazon,Willich,,47877,MarketplaceFacilitator,32.14,6.11,0,0,0,0,0,0,-6.11,-5.74,-3.44,0,0,22.96,0,0
30.01.2026 22:13:28 UTC,26330616062,Bestellung,028-6954830-1529951,HWD02-ZNO,PURPLEBIRD Outdoor Messer-Jagdmesser Feststehende klinge.Bushcraft Camping Messer.Scharfe Survival Messer mit Holster Full Tang G¨¹rtelmesser (24cm Kl,1,amazon.de,Amazon,Frankenberg (Eder),Hessen,35066,MarketplaceFacilitator,22.18,4.21,3.35,0.64,0,0,0,0,-4.85,-3.43,-6.39,0,0,15.71,0,0
30.01.2026 22:22:23 UTC,26330616062,Erstattung,304-9692364-4817142,HWD02-ZNO,PURPLEBIRD Outdoor Messer. Messer 12 cm Klinge Feststehende. 440C Edelstahl Bushcraft Camping Messer. Full Tang Scharfe Survival Messer mit Holster f?,1,amazon.de,Amazon,Wien,,1130,MarketplaceFacilitator,-18.85,-3.77,0,0,0,0,0,0,3.77,2.34,0,0,0,-16.51,0,0
30.01.2026 22:27:17 UTC,26330616062,Bestellung,028-0950944-4876341,HS02-StripingBlack-Straight,Profi Haarschere Friseurschere Haarschneideschere aus Rostfreiem Stahl im Japanischen Stil Geeignet f¨¹r Kinder. Frauen und M?nner Extra Scharfe Haar,1,amazon.de,Amazon,Landscheid,,54526,MarketplaceFacilitator,21.42,4.07,4.19,0.8,0,0,0,0,-4.87,-3.82,-6.76,0,0,15.03,0,0
30.01.2026 22:29:19 UTC,26330616062,Bestellung,302-2398397-2469129,GK02,PURPLE BIRD GK02 Gefl¨¹gelschere K¨¹chenschere Profi. 4mm Edelstahl fleischschere mit Sicherheitsschloss & Federbelastung. 103¡ã Schneidwinkel f¨¹r Fl,1,amazon.de,Amazon,Steinbach-Hallenberg,,98587,MarketplaceFacilitator,19.73,3.75,3.35,0.64,0,0,0,0,-4.39,-3.52,-6.39,0,0,13.17,0,0
30.01.2026 22:31:37 UTC,26330616062,Bestellung,305-4633642-2014702,HS-RoseGold-Set,PURPLEBIRD Friseurscheren Profi. Haarschere Friseurschere Set aus Edelstahl Haarschneideschere und Effilierschere f¨¹r Barbier/Friseur/Anf?nger 10 St,1,amazon.de,Amazon,Seewalchen am Attersee,,4863,MarketplaceFacilitator,21.42,4.28,0,0,0,0,0,0,-4.28,-3.82,-3.04,0,0,14.56,0,0
30.01.2026 22:37:22 UTC,26330616062,Bestellung,304-6611124-1873102,KF014-OutdoorA,PURPLEBIRD Jagdmesser Feststehende Klinge Scharfes. Messer Outdoor Survival mit Lederscheide. D2 Stahl G¨¹rtelmesser & Camping Messer Outdoor Geschenk,1,amazon.de,Amazon,Hartenfels,,56244,MarketplaceFacilitator,24.28,4.61,0.44,0.08,0,0,-0.44,-0.08,-4.61,-3.76,-3.04,0,0,17.48,0,0
30.01.2026 23:05:15 UTC,26330616062,Bestellung,304-3765782-4380310,KM30-F,PURPLEBIRD Klappmesser. Rettungsmesser mit Gurtschneider & Glasbrecher. EDC Messer mit Taschenclip. Sicherheitsschloss & Rutschfester Griff f¨¹r Outdo,1,amazon.de,Amazon,Wien,,1140,MarketplaceFacilitator,17.64,3.53,0,0,0,0,0,0,-3.53,-2.73,-3.04,0,0,11.87,0,0
30.01.2026 23:21:06 UTC,26330616062,Bestellung,306-0779753-5641955,BBQW-ZNO,PURPLEBIRD 31-teiliges Edelstahl Grillzubeh?r Set - Premium BBQ Grillbesteck f¨¹r M?nner & Frauen mit Tragetasche. Grillmatte Garten. Camping & Gebu,1,amazon.de,Amazon,Wettringen,,48493,MarketplaceFacilitator,33.61,6.38,0,0,0,0,0,0,-6.38,-6,-3.95,0,0,23.66,0,0
30.01.2026 23:36:55 UTC,26330616062,Bestellung,304-9692364-4817142,HWD02-ZNO,PURPLEBIRD Outdoor Messer. Messer 12 cm Klinge Feststehende. 440C Edelstahl Bushcraft Camping Messer. Full Tang Scharfe Survival Messer mit Holster f?,1,amazon.de,Amazon,Wien,,1130,MarketplaceFacilitator,18.85,3.77,0,0,0,0,0,0,-3.77,-2.92,-3.04,0,0,12.89,0,0
30.01.2026 23:44:12 UTC,26330616062,Erstattung,305-0456318-4735509,BBQW-ZNO,PURPLEBIRD 31-teiliges Edelstahl Grillzubeh?r Set - Premium BBQ Grillbesteck f¨¹r M?nner & Frauen mit Tragetasche. Grillmatte Garten. Camping & Gebu,1,amazon.de,Amazon,Himberg,?sterreich,2325,,-33.61,0,0,0,0,0,8.4,0,0,3.02,0,0,0,-22.19,0,0
30.01.2026 23:54:08 UTC,26330616062,Bestellung,304-9256494-5914716,HWD02-ZNO,PURPLEBIRD Outdoor Messer. Messer 12 cm Klinge Feststehende. 440C Edelstahl Bushcraft Camping Messer. Full Tang Scharfe Survival Messer mit Holster f?,1,amazon.de,Amazon,Oberhausen,,46117,MarketplaceFacilitator,18.85,3.58,0.48,0.09,0,0,-0.48,-0.09,-3.58,-2.92,-3.04,0,0,12.89,0,0
31.01.2026 00:01:53 UTC,26330616062,Bestellung,302-9224458-0061956,HS-KidRedStraight,PURPLEBIRD Haarschere Friseurschere 6-Zoll Edelstahl Sichere Runde Tipps Haarschneideschere Extra Professionelle Haarschnitt Schere f¨¹r Kinder. Perfe,1,amazon.de,Amazon,Bibertal,,89346,MarketplaceFacilitator,15.71,2.98,0,0,0,0,0,0,-2.98,-2.8,-3.16,0,0,9.75,0,0
31.01.2026 00:16:25 UTC,26330616062,Bestellung,305-5151295-9301911,HS-KidRedStraight,PURPLEBIRD Haarschere Friseurschere 6-Zoll Edelstahl Sichere Runde Tipps Haarschneideschere Extra Professionelle Haarschnitt Schere f¨¹r Kinder. Perfe,1,amazon.de,Amazon,Egesheim,,78592,MarketplaceFacilitator,15.71,2.98,0.48,0.09,0,0,-0.48,-0.09,-2.98,-2.8,-3.16,0,0,9.75,0,0
31.01.2026 00:20:28 UTC,26330616062,Bestellung,302-0409123-9297967,KF015-Chudao,PURPLEBIRD K¨¹chenmesser Schmieden. Kochmesser Profi Messer. Fleischermesser mit Ergonomischem Griff. K¨¹chenmesser Scharf aus Hochwertigem Carbon Ede,1,amazon.de,Amazon,Poysdorf,,2170,MarketplaceFacilitator,32.14,6.43,1.04,0.21,0,0,0,0,-6.64,-5.74,-4.49,0,0,22.95,0,0
31.01.2026 04:10:41 UTC,26330616062,Versand durch Amazon Lagergeb¨¹hr,028-2572556-3121136,,Versand durch Amazon Geb¨¹hr f¨¹r Entsorgung,,Amazon.de,,,,,,0,0,0,0,0,0,0,0,0,0,0,0,-1.19,-1.19,0,0
31.01.2026 13:46:28 UTC,26330616062,Bestellung,306-3856431-5166728,HS-Black-Set,PURPLEBIRD Friseurscheren Profi. Haarschere Friseurschere Set aus Edelstahl Haarschneideschere und Effilierschere f¨¹r Barbier/Friseur/Anf?nger 10 St,1,amazon.de,Amazon,Berlin,,12681,MarketplaceFacilitator,21.42,4.07,2.09,0.4,0,0,0,0,-4.47,-3.82,-5.13,0,0,14.56,0,0
31.01.2026 14:35:49 UTC,26330616062,Erstattung,305-6246242-1327536,KM30-G,PURPLEBIRD Klappmesser Taschenmesser. Survival Outdoor Messer mit Coolem Aussehen.Tolle Sammlung Geschenke f¨¹r M?nner (Gr¨¹n),1,amazon.de,Amazon,Freihung,,92271,MarketplaceFacilitator,-14.11,-2.68,0,0,0,0,0,0,2.68,1.74,0,0,0,-12.37,0,0
31.01.2026 16:08:11 UTC,26330616062,Bestellung,S02-5137937-3763947,GK02,PURPLE BIRD GK02 Gefl¨¹gelschere K¨¹chenschere Profi. 4mm Edelstahl fleischschere mit Sicherheitsschloss & Federbelastung. 103¡ã Schneidwinkel f¨¹r Fleisch. Gem¨¹se und Knochen. Rutschfester Griff,1,si-prod-marketplace-de.stores.amazon.de,Amazon,St¨¹hlingen,Baden-W¨¹rttemberg,79780,,0,0,0,0,0,0,0,0,0,0,-5.55,0,0,-5.55,0,0
31.01.2026 16:28:18 UTC,26330616062,Bestellung,302-1778997-2619532,HS-KidBlackStraight,Friseurschere f¨¹r Kinder. Sicherheitsschere. runde Spitzen. Haarschneideschere. 15.2 cm. Haarschneideschere. professionelle Friseurschere f¨¹r Babys.,1,amazon.de,Amazon,Neuss,,41468,MarketplaceFacilitator,16.8,3.19,0,0,0,0,0,0,-3.19,-3,-2.57,0,0,11.23,0,0
31.01.2026 18:16:54 UTC,26330616062,Bestellung,302-5821985-8688336,amzn.gr.KF001-Wing-f17RPwiqEgXNqRhfl7-VG,PURPLEBIRD Geschmiedetes Messer Scharfes Ausbeinmesser mit Holzgriff. Kochmesser mit Lederh¨¹lle Outdoor Messer,1,amazon.de,Amazon,Eresing,Bayern,86922,MarketplaceFacilitator,29.49,5.6,0,0,0,0,0,0,-5.6,-5.26,-3.44,0,0,20.79,0,0
31.01.2026 18:41:42 UTC,26330616062,Erstattung,028-3484453-5253152,HSK-RoseGold,Haarschere Set 6 Inch Friseurschere Effilierschere Kit Professionelle Ausd¨¹nnen Texturierende Schere Scharfe Friseurschere Set f¨¹r M?nner Frauen un,1,amazon.de,Amazon,Kevelaer,,47623,MarketplaceFacilitator,-24.87,-4.72,0,0,0,0,0,0,4.72,3.55,0,0,0,-21.32,0,0
31.01.2026 20:19:26 UTC,26330616062,Bestellung,028-1876815-1937103,BBQW-ZNO,PURPLEBIRD 31-teiliges Edelstahl Grillzubeh?r Set - Premium BBQ Grillbesteck f¨¹r M?nner & Frauen mit Tragetasche. Grillmatte Garten. Camping & Gebu,1,amazon.de,Amazon,Meisenheim,,55590,MarketplaceFacilitator,33.61,6.38,0,0,0,0,-8.4,-1.6,-4.78,-4.5,-3.95,0,0,16.76,0,0
31.01.2026 20:20:37 UTC,26330616062,Bestellung,028-3353918-6813108,HS-KidRedStraight,PURPLEBIRD Haarschere Friseurschere 6-Zoll Edelstahl Sichere Runde Tipps Haarschneideschere Extra Professionelle Haarschnitt Schere f¨¹r Kinder. Perfe,1,amazon.de,Amazon,Balingen,,72336,MarketplaceFacilitator,15.71,2.98,0,0,0,0,0,0,-2.98,-2.8,-3.42,0,0,9.49,0,0
31.01.2026 20:47:32 UTC,26330616062,Anpassung,306-8771999-4138742,CZ007-BurgerA,Versand durch Amazon Erstattung f¨¹r Lagerbestand - Kundenr¨¹cksendung,1,,,,,,,0,0,0,0,0,0,0,0,0,0,0,0,15.77,15.77,0,0
31.01.2026 20:57:28 UTC,26330616062,Bestellung,303-8083141-3597943,KF015-Chanzi,PURPLEBIRD 12-in-1 Klappspaten mit 180¡ã Camping-Axt | ¨¹berlebens-Set inkl. Multitool. Camping Axe & Tragebag f¨¹r Outdoor/Camping (rostfrei & faltba,1,amazon.de,Amazon,Giesen,,31180,MarketplaceFacilitator,27.55,5.24,0,0,0,0,0,0,-5.24,-4.26,-4.54,0,0,18.75,0,0
31.01.2026 21:20:22 UTC,26330616062,Bestellung,303-8430788-2927538,KF012-Fudao,PURPLEBIRD Camping Axt Outdoor Messer Set. Axt Set 2 Teilig mit Scheide. Feststehend Jagdmesser Survival Messer und Spaltaxt Sch?rfe. Camping Beil mi,1,amazon.de,Amazon,Freiburg im Breisgau,,79110,MarketplaceFacilitator,36.97,7.02,0.83,0.16,0,0,-0.83,-0.16,-7.02,-6.6,-3.93,0,0,26.44,0,0
31.01.2026 21:42:20 UTC,26330616062,Bestellung,028-1622045-6180310,BBQW-ZNO,PURPLEBIRD 31-teiliges Edelstahl Grillzubeh?r Set - Premium BBQ Grillbesteck f¨¹r M?nner & Frauen mit Tragetasche. Grillmatte Garten. Camping & Gebu,1,amazon.de,Amazon,Bochum,,44869,MarketplaceFacilitator,33.61,6.38,0,0,0,0,-8.4,-1.6,-4.78,-4.5,-3.95,0,0,16.76,0,0
31.01.2026 22:25:58 UTC,26330616062,Bestellung,305-6188338-7853169,PB-OK-02,PURPLEBIRD Outdoor Messer. Machete Scharf Echt mit 6MM Klingenr¨¹cken. Full Tang Bowiemesser mit Scheide. f¨¹r Wandern & Bushcraft. Geschenke f¨¹r M?,1,amazon.de,Amazon,Klein B¨¹nzow,,17390,MarketplaceFacilitator,32.85,6.24,0,0,0,0,0,0,-6.24,-5.08,-5.27,0,0,22.5,0,0
31.01.2026 22:31:49 UTC,26330616062,Bestellung,302-6501722-9484359,CZ003-Wood,PURPLEBIRD Burgerpresse. 10.8cm Aluguss Burger Pattie Presse mit Antihaft. 3 Stufen der Dicke einstellbar. Professioneller Hamburgerpresse mit Holzgri,1,amazon.de,Amazon,B¨¹nde,,32257,MarketplaceFacilitator,18.82,3.57,0,0,0,0,0,0,-3.57,-3.36,-3.4,0,0,12.06,0,0
31.01.2026 22:41:32 UTC,26330616062,Bestellung,304-9712444-9521926,XS04-Fang,PURPLEBIRD Jagdmesser Feststehende Klinge. Outdoor Messer mit 4.5mm Klingenr¨¹cken. Full Tang Bushcraft Messer mit G10 Griff. Kydex Holster. Tanto Mes,1,amazon.de,Amazon,Gevelsberg,,58285,MarketplaceFacilitator,26.82,5.09,0,0,0,0,0,0,-5.09,-4.15,-3.04,0,0,19.63,0,0
31.01.2026 22:59:39 UTC,26330616062,Bestellung,302-2003756-1129900,PS04-GreenScrewSetChunker,PURPLEBIRD Fellschere Hundeschere 7 Inch professionelles Tierpflege Set aus 440C japanischer Edelstahl gerade Gebogene ausd¨¹nnen Chunker Schere Set,1,amazon.de,Amazon,Bad Reichenhall,,83435,MarketplaceFacilitator,21.5,4.09,0,0,0,0,0,0,-4.09,-3.84,-3.04,0,0,14.62,0,0
