date/time,settlement id,type,order id,sku,description,quantity,marketplace,fulfillment,order city,order state,order postal,tax collection model,product sales,product sales tax,shipping credits,shipping credits tax,gift wrap credits,gift wrap credits tax,Regulatory fee,Tax on regulatory fee,promotional rebates,promotional rebates tax,marketplace withheld tax,selling fees,fba fees,other transaction fees,other,total
31.01.2026 23:05:17 UTC,26330616062,Bestellung,302-6166920-7003558,CZ002-XXL,PURPLEBIRD Grillspachtel Set aus Edelstahl. Plancha Spachtels Set mit Gro? Grillwender f¨¹r Smash Burger. Grill Geschenke f¨¹r M?nner,1,amazon.de,Amazon,St . Valentin,N?,4300,MarketplaceFacilitator,22.68,4.54,0,0,0,0,0,0,-4.54,-4.05,-3.44,0,0,15.19,0,0
31.01.2026 23:16:47 UTC,26330616062,Bestellung,302-0228928-8985175,KF014-OutdoorA,PURPLEBIRD Jagdmesser Feststehende Klinge Scharfes. Messer Outdoor Survival mit Lederscheide. D2 Stahl G¨¹rtelmesser & Camping Messer Outdoor Geschenk,1,amazon.de,Amazon,Gusborn,Niedersachsen,29476,MarketplaceFacilitator,24.28,4.61,0,0,0,0,0,0,-4.61,-3.76,-3.04,0,0,17.48,0,0
31.01.2026 23:26:29 UTC,26330616062,Bestellung,302-9794156-7976313,HS-RoseGold-Set,PURPLEBIRD Friseurscheren Profi. Haarschere Friseurschere Set aus Edelstahl Haarschneideschere und Effilierschere f¨¹r Barbier/Friseur/Anf?nger 10 St,1,amazon.de,Amazon,Wien,,1220,MarketplaceFacilitator,21.42,4.28,0,0,0,0,0,0,-4.28,-3.82,-3.04,0,0,14.56,0,0
31.01.2026 23:35:03 UTC,26330616062,Bestellung,302-6179841-9729964,HWD02-ZNO,PURPLEBIRD Outdoor Messer. Messer 12 cm Klinge Feststehende. 440C Edelstahl Bushcraft Camping Messer. Full Tang Scharfe Survival Messer mit Holster f?,1,amazon.de,Amazon,Bremen,,28205,MarketplaceFacilitator,18.85,3.58,0,0,0,0,0,0,-3.58,-2.92,-3.04,0,0,12.89,0,0
31.01.2026 23:41:20 UTC,26330616062,Bestellung,303-1159942-5769963,PB-OK-02,PURPLEBIRD Outdoor Messer. Machete Scharf Echt mit 6MM Klingenr¨¹cken. D2 Stahl Full Tang Bowiemesser mit Scheide. f¨¹r Wandern & Bushcraft. Geschenke,1,amazon.de,Amazon,Kalletal,,32689,MarketplaceFacilitator,32.85,6.24,0,0,0,0,0,0,-6.24,-5.08,-5.27,0,0,22.5,0,0
31.01.2026 23:43:35 UTC,26330616062,Bestellung,028-3484453-5253152,HSK-RoseGold,Haarschere Set 6 Inch Friseurschere Effilierschere Kit Professionelle Ausd¨¹nnen Texturierende Schere Scharfe Friseurschere Set f¨¹r M?nner Frauen un,1,amazon.de,Amazon,Kevelaer,,47623,MarketplaceFacilitator,24.87,4.72,0,0,0,0,0,0,-4.72,-4.44,-3.04,0,0,17.39,0,0
01.02.2026 06:33:35 UTC,26330616062,Geb¨¹hren von Amazon,8ad25e73-c856-46a2-8caf-55eb46caf418,,Teilnahmegeb¨¹hr f¨¹r das Angebot,,Amazon.de,,,,,,0,0,0,0,0,0,0,0,0,-4,0,0,0,-4,0,0
01.02.2026 06:57:21 UTC,26330616062,Geb¨¹hren von Amazon,8ad25e73-c856-46a2-8caf-55eb46caf418,,Leistungsbasierte Angebotsgeb¨¹hr,,Amazon.de,,,,,,0,0,0,0,0,0,0,0,0,-0.32,0,0,0,-0.32,0,0
01.02.2026 23:27:44 UTC,26414969182,Erstattung,305-8096069-8607520,PS-7.0''DownCurvedThinning,PURPLEBIRD Fellschere 7 Inch Gebogene Hundeschere. Katzenschere. Effilierschere Hundescheren zur Fellpflege f¨¹r alle Hunde Katze. Schneiden und Groom,1,amazon.de,Amazon,Winzendorf-Muthmannsdorf,,2723,MarketplaceFacilitator,-40.71,-8.14,0,0,0,0,0,0,8.14,5.82,0,0,0,-34.89,0,0
02.02.2026 04:17:52 UTC,26414969182,Servicegeb¨¹hr,,,Werbekosten,,,,,,,,0,0,0,0,0,0,0,0,0,0,0,-198.84,0,-198.84,0,0
02.02.2026 06:03:29 UTC,26414969182,¨¹bertrag,,,F¨¹r Konten mit folgenden Endziffern: 623,,,,,,,,0,0,0,0,0,0,0,0,0,0,0,0,-2.038.02,-2.038.02,0,0
02.02.2026 06:34:11 UTC,26414969182,Bestellung,S02-9799862-0415909,KF015-Chudao,PURPLEBIRD K¨¹chenmesser Schmieden. Kochmesser Profi Messer. Fleischermesser mit Ergonomischem Griff. K¨¹chenmesser Scharf aus Hochwertigem Carbon Edelstahl f¨¹r K¨¹chen. Camping und Grill,1,si-prod-marketplace-de.stores.amazon.de,Amazon,Meschede,Nordrhein-Westfalen,59872,,0,0,0,0,0,0,0,0,0,0,-8.01,0,0,-8.01,0,0
02.02.2026 08:51:20 UTC,26414969182,Bestellung,S02-0956760-2490341,KF015-Fish6,PURPLEBIRD Filetiermesser f¨¹r Fisch 15 CM mit Scheide. 440C Edelstahl Fischmesser zum Schneiden von Fleisch mit Holzgriff. Filitiermesser Scharf Fisch. K¨¹che & Outdoor zum Fischen. Grillen f¨¹r M?nner,1,si-prod-marketplace-de.stores.amazon.de,Amazon,Neratovice,M¨§ln¨ªk,,,0,0,0,0,0,0,0,0,0,0,-8.87,0,0,-8.87,0,0
02.02.2026 10:20:45 UTC,26414969182,Bestellung,S02-8403404-0684728,KF015-Fish6,PURPLEBIRD Filetiermesser f¨¹r Fisch 15 CM mit Scheide. 440C Edelstahl Fischmesser zum Schneiden von Fleisch mit Holzgriff. Filitiermesser Scharf Fisch. K¨¹che & Outdoor zum Fischen. Grillen f¨¹r M?nner,1,si-prod-marketplace-de.stores.amazon.de,Amazon,Serrig,Rheinland-Pfalz,54455,,0,0,0,0,0,0,0,0,0,0,-5.55,0,0,-5.55,0,0
02.02.2026 13:36:18 UTC,26414969182,Bestellung,S02-8666123-7086301,GK02,PURPLE BIRD GK02 Gefl¨¹gelschere K¨¹chenschere Profi. 4mm Edelstahl fleischschere mit Sicherheitsschloss & Federbelastung. 103¡ã Schneidwinkel f¨¹r Fleisch. Gem¨¹se und Knochen. Rutschfester Griff,1,si-prod-marketplace-de.stores.amazon.de,Amazon,Reinfeld (Holstein),Schleswig-Holstein,23858,,0,0,0,0,0,0,0,0,0,0,-5.55,0,0,-5.55,0,0
02.02.2026 13:44:51 UTC,26414969182,Bestellung,305-7931104-8937116,KF013-Vader,PURPLEBIRD Jagdmesser Feststehende Klinge 19 cm. Gro?es Bushcraft Camping Messer. Survival Messer Outdoor G¨¹rtelmesser mit Holster,1,amazon.de,Amazon,Lage,,32791,MarketplaceFacilitator,32.26,6.13,0,0,0,0,0,0,-6.13,-4.99,-3.44,0,0,23.83,0,0
02.02.2026 13:50:46 UTC,26414969182,Bestellung,305-1762444-5901121,HWD02-ZNO,PURPLEBIRD Outdoor Messer. Messer 12 cm Klinge Feststehende. 440C Edelstahl Bushcraft Camping Messer. Full Tang Scharfe Survival Messer mit Holster f?,1,amazon.de,Amazon,Straubing,Bayern,94315,MarketplaceFacilitator,18.85,3.58,0,0,0,0,0,0,-3.58,-2.92,-3.04,0,0,12.89,0,0
02.02.2026 17:44:26 UTC,26414969182,Bestellung,304-2488645-0138741,HWD02-ZNO,PURPLEBIRD Outdoor Messer. Messer 12 cm Klinge Feststehende. 440C Edelstahl Bushcraft Camping Messer. Full Tang Scharfe Survival Messer mit Holster f?,2,amazon.de,Amazon,Wallersdorf,,94522,MarketplaceFacilitator,37.7,7.16,0,0,0,0,0,0,-7.16,-5.84,-6.08,0,0,25.78,0,0
02.02.2026 20:11:30 UTC,26414969182,Bestellung,304-6771500-9792324,HWD02-ZNO,PURPLEBIRD Outdoor Messer. Messer 12 cm Klinge Feststehende. 440C Edelstahl Bushcraft Camping Messer. Full Tang Scharfe Survival Messer mit Holster f?,1,amazon.de,Amazon,Nidderau,Hessen,61130,MarketplaceFacilitator,18.85,3.58,0,0,0,0,0,0,-3.58,-2.92,-3.04,0,0,12.89,0,0
02.02.2026 20:52:51 UTC,26414969182,Bestellung,302-5994848-9055547,PS04-GreenScrewSetChunker,PURPLEBIRD Fellschere Hundeschere 7 Inch professionelles Tierpflege Set aus 440C japanischer Edelstahl gerade Gebogene ausd¨¹nnen Chunker Schere Set,1,amazon.de,Amazon,Limassol,Cyprus,,MarketplaceFacilitator,21.5,4.09,3.48,0.66,0,0,0,0,-4.75,-3.84,-6.52,0,0,14.62,0,0
02.02.2026 21:18:10 UTC,26414969182,Bestellung,303-8049618-2729903,HS-KidBlackStraight,Friseurschere f¨¹r Kinder. Sicherheitsschere. runde Spitzen. Haarschneideschere. 15.2 cm. Haarschneideschere. professionelle Friseurschere f¨¹r Babys.,1,amazon.de,Amazon,Essen,,45359,MarketplaceFacilitator,16.8,3.19,0,0,0,0,0,0,-3.19,-3,-2.57,0,0,11.23,0,0
02.02.2026 21:18:29 UTC,26414969182,Bestellung,303-0603126-3327548,HWD02-ZNO,PURPLEBIRD Outdoor Messer. Messer 12 cm Klinge Feststehende. 440C Edelstahl Bushcraft Camping Messer. Full Tang Scharfe Survival Messer mit Holster f?,1,amazon.de,Amazon,Beckum,,59269,MarketplaceFacilitator,18.85,3.58,0,0,0,0,0,0,-3.58,-2.92,-3.04,0,0,12.89,0,0
02.02.2026 21:29:21 UTC,26414969182,Bestellung,305-3206911-8805967,CZ002-XXL,PURPLEBIRD Grillspachtel Set aus Edelstahl. Plancha Spachtels Set mit Gro? Grillwender f¨¹r Smash Burger. Grill Geschenke f¨¹r M?nner,1,amazon.de,Amazon,Hamb¨¹hren,,29313,MarketplaceFacilitator,22.68,4.31,0,0,0,0,0,0,-4.31,-4.05,-3.44,0,0,15.19,0,0
02.02.2026 21:31:46 UTC,26414969182,Bestellung,303-6874882-5767507,XS04-Fang,PURPLEBIRD Jagdmesser Feststehende Klinge. Outdoor Messer mit 4.5mm Klingenr¨¹cken. Full Tang Bushcraft Messer mit G10 Griff. Kydex Holster. Tanto Mes,1,amazon.de,Amazon,Griesheim,,64347,MarketplaceFacilitator,26.82,5.09,0,0,0,0,0,0,-5.09,-4.15,-3.04,0,0,19.63,0,0
02.02.2026 21:40:00 UTC,26414969182,Bestellung,303-6173439-3278769,HWD02-ZNO,PURPLEBIRD Outdoor Messer. Messer 12 cm Klinge Feststehende. 440C Edelstahl Bushcraft Camping Messer. Full Tang Scharfe Survival Messer mit Holster f?,1,amazon.de,Amazon,Essen,,45139,MarketplaceFacilitator,18.85,3.58,0.84,0.16,0,0,-0.84,-0.16,-3.58,-2.92,-3.04,0,0,12.89,0,0
02.02.2026 21:42:10 UTC,26414969182,Bestellung,028-9661394-2596363,BBQW-ZNO,PURPLEBIRD 31-teiliges Edelstahl Grillzubeh?r Set - Premium BBQ Grillbesteck f¨¹r M?nner & Frauen mit Tragetasche. Grillmatte Garten. Camping & Gebu,1,amazon.de,Amazon,N¨¹rnberg,,90451,MarketplaceFacilitator,31.92,6.07,0,0,0,0,-7.98,-1.52,-4.55,-4.27,-3.95,0,0,15.72,0,0
02.02.2026 22:11:26 UTC,26414969182,Bestellung,305-3065142-9085928,KF015-Chudao,PURPLEBIRD K¨¹chenmesser Schmieden. Kochmesser Profi Messer. Fleischermesser mit Ergonomischem Griff. K¨¹chenmesser Scharf aus Hochwertigem Carbon Ede,1,amazon.de,Amazon,Wurster Nordseek¨¹ste,,27639,MarketplaceFacilitator,32.14,6.11,1.12,0.21,0,0,-1.12,-0.21,-6.11,-5.74,-3.44,0,0,22.96,0,0
02.02.2026 22:30:30 UTC,26414969182,Erstattung,305-8271385-8181150,GK02,PURPLE BIRD GK02 Gefl¨¹gelschere K¨¹chenschere Profi. 4mm Edelstahl Knochenschere mit Sicherheitsschloss & Federbelastung. 103¡ã Schneidwinkel f¨¹r Fl,1,amazon.de,Amazon,Bremen,,28197,MarketplaceFacilitator,-19.73,-3.75,-4.19,-0.8,0,0,4.19,0.8,3.75,2.82,0,0,0,-16.91,0,0
02.02.2026 23:43:33 UTC,26414969182,Bestellung,028-1662799-7544304,HWD02-ZNO,PURPLEBIRD Outdoor Messer. Messer 12 cm Klinge Feststehende. 440C Edelstahl Bushcraft Camping Messer. Full Tang Scharfe Survival Messer mit Holster f?,1,amazon.de,Amazon,Wien,,1210,MarketplaceFacilitator,18.85,3.77,0,0,0,0,0,0,-3.77,-2.92,-3.04,0,0,12.89,0,0
02.02.2026 23:55:37 UTC,26414969182,Bestellung,304-7489523-3246701,GK02,PURPLE BIRD GK02 Gefl¨¹gelschere K¨¹chenschere Profi. 4mm Edelstahl fleischschere mit Sicherheitsschloss & Federbelastung. 103¡ã Schneidwinkel f¨¹r Fl,1,amazon.de,Amazon,Muri b. Bern,Bern,30,MarketplaceFacilitator,19.73,1.6,6.47,0.52,0,0,0,0,-2.12,-3.52,-8.91,0,0,13.77,0,0
03.02.2026 00:22:14 UTC,26414969182,Bestellung,303-1028074-1487569,HS-KidBlackStraight,Friseurschere f¨¹r Kinder. Sicherheitsschere. runde Spitzen. Haarschneideschere. 15.2 cm. Haarschneideschere. professionelle Friseurschere f¨¹r Babys.,1,amazon.de,Amazon,Wolfratshausen,,82515,MarketplaceFacilitator,16.8,3.19,0,0,0,0,0,0,-3.19,-3,-2.57,0,0,11.23,0,0
03.02.2026 03:28:37 UTC,26414969182,Liquidationen,105892178765552,X0017R5HQ5,PURPLEBIRD Fellschere 7 Inch Gebogene Hundeschere. Katzenschere. Effilierschere Hundescheren zur Fellpflege f¨¹r alle Hunde Katze. Schneiden und Grooming. Japanischer Edelstahl 440C Handarbeit,1,,,,,,,8.42,0,0,0,0,0,0,0,0,0,0,-1.6,0,6.82,0,0
03.02.2026 04:35:41 UTC,26414969182,Liquidationen,96516243941552,X0017R6ALV,PURPLEBIRD Haarschere Friseurschere 6 Inch Effilierschere Scharfe Haarschneideschere Japanischer Edelstahl 440C f¨¹r Damen und Herren Haarschere mit kugelgelagertem Spannsystem,1,,,,,,,0.62,0,0,0,0,0,0,0,0,0,0,-0.43,0,0.19,0,0
03.02.2026 07:00:32 UTC,26414969182,Erstattung,305-6261591-2503504,GK02,PURPLE BIRD GK02 Gefl¨¹gelschere K¨¹chenschere Profi. 4mm Edelstahl fleischschere mit Sicherheitsschloss & Federbelastung. 103¡ã Schneidwinkel f¨¹r Fl,1,amazon.de,Amazon,Dresden,,01159,,-22.68,-4.31,0,0,0,0,0,0,0,3.24,0,0,0,-23.75,0,0
03.02.2026 07:07:58 UTC,26414969182,Bestellung,S02-8499099-0156742,KF015-Fish6,PURPLEBIRD Filetiermesser f¨¹r Fisch 15 CM mit Scheide. 440C Edelstahl Fischmesser zum Schneiden von Fleisch mit Holzgriff. Filitiermesser Scharf Fisch. K¨¹che & Outdoor zum Fischen. Grillen f¨¹r M?nner,1,si-prod-marketplace-de.stores.amazon.de,Amazon,ROMA,ROMA,00138,,0,0,0,0,0,0,0,0,0,0,-7.44,0,0,-7.44,0,0
03.02.2026 07:11:16 UTC,26414969182,Versand durch Amazon Lagergeb¨¹hr,iidljAIPVQ,,Versand durch Amazon Geb¨¹hr f¨¹r Entsorgung,,Amazon.de,,,,,,0,0,0,0,0,0,0,0,0,0,0,0,-2.73,-2.73,0,0
03.02.2026 08:10:31 UTC,26414969182,Bestellung,304-4597663-4690768,GK02,PURPLE BIRD GK02 Gefl¨¹gelschere K¨¹chenschere Profi. 4mm Edelstahl fleischschere mit Sicherheitsschloss & Federbelastung. 103¡ã Schneidwinkel f¨¹r Fl,1,amazon.de,Amazon,Ballwil,Schweiz,62,MarketplaceFacilitator,19.73,1.6,6.47,0.52,0,0,0,0,-2.12,-3.52,-8.91,0,0,13.77,0,0
03.02.2026 13:31:52 UTC,26414969182,Erstattung,305-8705057-7844315,HS03-SilverStraight2,PURPLEBIRD Haarschere Friseurschere 6 Inch Effilierschere Scharfe Haarschneideschere Japanischer Edelstahl 440C f¨¹r Damen und Herren Haarschere,1,amazon.de,Amazon,M¨¹nchen,Bayern,81379,MarketplaceFacilitator,-21,-3.99,0,0,0,0,0,0,3.99,3,0,0,0,-18,0,0
03.02.2026 14:57:55 UTC,26414969182,Bestellung,304-2776388-0599509,CZ002-XXL,PURPLEBIRD Grillspachtel Set aus Edelstahl. Plancha Spachtels Set mit Gro? Grillwender f¨¹r Smash Burger. Grill Geschenke f¨¹r M?nner,1,amazon.de,Amazon,Schwabach,Bayern,91126,MarketplaceFacilitator,22.68,4.31,4.19,0.8,0,0,-4.19,-0.8,-4.31,-4.05,-3.44,0,0,15.19,0,0
03.02.2026 15:37:56 UTC,26414969182,Bestellung,305-8705057-7844315,HS03-SilverStraight2,PURPLEBIRD Haarschere Friseurschere 6 Inch Effilierschere Scharfe Haarschneideschere Japanischer Edelstahl 440C f¨¹r Damen und Herren Haarschere,1,amazon.de,Amazon,M¨¹nchen,Bayern,81379,MarketplaceFacilitator,21,3.99,0,0,0,0,0,0,-3.99,-3.75,-2.57,0,0,14.68,0,0
03.02.2026 15:56:52 UTC,26414969182,Bestellung,028-2068009-8589943,GK02,PURPLE BIRD GK02 Gefl¨¹gelschere K¨¹chenschere Profi. 4mm Edelstahl fleischschere mit Sicherheitsschloss & Federbelastung. 103¡ã Schneidwinkel f¨¹r Fl,1,amazon.de,Amazon,Reinheim,,64354,MarketplaceFacilitator,19.73,3.75,0.9,0.17,0,0,-0.9,-0.17,-3.75,-3.52,-3.04,0,0,13.17,0,0
03.02.2026 16:46:41 UTC,26414969182,Bestellung,S02-1453891-9196740,KF015-Fish6,PURPLEBIRD Filetiermesser f¨¹r Fisch 15 CM mit Scheide. 440C Edelstahl Fischmesser zum Schneiden von Fleisch mit Holzgriff. Filitiermesser Scharf Fisch. K¨¹che & Outdoor zum Fischen. Grillen f¨¹r M?nner,1,si-prod-marketplace-de.stores.amazon.de,Amazon,K?nigstein/S?chs. Schw.,Sachsen,01824,,0,0,0,0,0,0,0,0,0,0,-5.55,0,0,-5.55,0,0
03.02.2026 17:13:35 UTC,26414969182,Erstattung,304-9501005-4788361,CZ002-XXL,PURPLEBIRD Grillspachtel Set aus Edelstahl. Plancha Spachtels Set mit Gro? Grillwender f¨¹r Smash Burger. Grill Geschenke f¨¹r M?nner,1,amazon.de,Amazon,Sindelfingen,Baden-W¨¹rttemberg,71065,MarketplaceFacilitator,-22.68,-4.31,0,0,0,0,0,0,4.31,3.24,0,0,0,-19.44,0,0
03.02.2026 17:19:03 UTC,26414969182,Bestellung,302-5587132-1630732,BBQS-ZNO,PURPLEBIRD Premium Grillzubeh?r Set aus Edelstahl - 6-teilig mit 3-in-1 Spatel. Gabel. Zange. B¨¹rste. Saucenpinsel & Tragetasche f¨¹r perfektes BBQ.,1,amazon.de,Amazon,Weil am Rhein,,79576,MarketplaceFacilitator,18.15,3.45,0,0,0,0,0,0,-3.45,-3.24,-5.27,0,0,9.64,0,0
03.02.2026 17:54:56 UTC,26414969182,Bestellung,306-5175203-7097162,KF015-Chudao,PURPLEBIRD K¨¹chenmesser Schmieden. Kochmesser Profi Messer. Fleischermesser mit Ergonomischem Griff. K¨¹chenmesser Scharf aus Hochwertigem Carbon Ede,1,amazon.de,Amazon,Berlin,,12459,MarketplaceFacilitator,32.14,6.11,0,0,0,0,0,0,-6.11,-5.74,-3.44,0,0,22.96,0,0
03.02.2026 17:55:12 UTC,26414969182,Bestellung,028-0573318-5441150,CZ002-XXL,PURPLEBIRD Grillspachtel Set aus Edelstahl. Plancha Spachtels Set mit Gro? Grillwender f¨¹r Smash Burger. Grill Geschenke f¨¹r M?nner,1,amazon.de,Amazon,M¨¹nchehofe,,15748,MarketplaceFacilitator,22.68,4.31,0.67,0.13,0,0,-0.67,-0.13,-4.31,-4.05,-3.44,0,0,15.19,0,0
03.02.2026 17:59:53 UTC,26414969182,Bestellung,303-7444634-5907538,KF015-Chudao,PURPLEBIRD K¨¹chenmesser Schmieden. Kochmesser Profi Messer. Fleischermesser mit Ergonomischem Griff. K¨¹chenmesser Scharf aus Hochwertigem Carbon Ede,1,amazon.de,Amazon,Vellmar,,34246,MarketplaceFacilitator,32.14,6.11,0,0,0,0,0,0,-6.11,-5.74,-3.44,0,0,22.96,0,0
03.02.2026 18:13:46 UTC,26414969182,Bestellung,028-6803891-3807537,HWD02-ZNO,PURPLEBIRD Outdoor Messer. Messer 12 cm Klinge Feststehende. 440C Edelstahl Bushcraft Camping Messer. Full Tang Scharfe Survival Messer mit Holster f?,1,amazon.de,Amazon,Berlin,Berlin,13593,MarketplaceFacilitator,18.85,3.58,0,0,0,0,0,0,-3.58,-2.92,-3.04,0,0,12.89,0,0
03.02.2026 18:20:30 UTC,26414969182,Bestellung,303-0248524-3953947,CZ007-BurgerA,PURPLEBIRD Burgerglocke & Burger Smasher Set. Edelstahl Burgerglocke (? 20cm) mit Schwerlast Gusseisen Burgerpresse (? 17.7cm) Griddle Zubeh?r Set,1,amazon.de,Amazon,Biebertal,Hessen,35444,MarketplaceFacilitator,21.14,4.02,0,0,0,0,0,0,-4.02,-3.77,-3.8,0,0,13.57,0,0
03.02.2026 18:36:27 UTC,26414969182,Bestellung,028-4293423-9009130,KP40-P,PURPLEBIRD Klappmesser. Rettungsmesser mit Gurtschneider & Glasbrecher. EDC Messer mit Taschenclip. Sicherheitsschloss & Rutschfester Griff f¨¹r Outdo,1,amazon.de,Amazon,K?ln,,51065,MarketplaceFacilitator,17.64,3.35,0,0,0,0,0,0,-3.35,-2.73,-3.04,0,0,11.87,0,0
03.02.2026 19:54:45 UTC,26414969182,Bestellung,303-0723932-3790766,GSDP-ZNO,PURPLEBIRD 6" Edelstahl Grill Kratzer-Klingen 6er-Pack. Rasierklingenscharfe Grillreinigungs-Klingen. Ersatzklingen f¨¹r Griddle & BBQ-Grillkratzer,1,amazon.de,Amazon,L?rrach,,79539,MarketplaceFacilitator,10.34,1.96,0,0,0,0,0,0,-1.96,-1.85,-2.68,0,0,5.81,0,0
03.02.2026 19:54:45 UTC,26414969182,Bestellung,303-0723932-3790766,GSGD-ZNO,PURPLEBIRD Grill Schaber f¨¹r Flachgrills mit 6-Zoll-Edelstahlklinge & Ergonomischem Aluminiumgriff Grillschaber f¨¹r Gastronomie. Haushalt und Gewerb,1,amazon.de,Amazon,L?rrach,,79539,MarketplaceFacilitator,20.16,3.83,0,0,0,0,0,0,-3.83,-3.12,-3.95,0,0,13.09,0,0
03.02.2026 20:11:47 UTC,26414969182,Bestellung,305-6143200-2345107,HS-KidRedStraight,PURPLEBIRD Haarschere Friseurschere 6-Zoll Edelstahl Sichere Runde Tipps Haarschneideschere Extra Professionelle Haarschnitt Schere f¨¹r Kinder. Perfe,1,amazon.de,Amazon,Neuenkirchen,NRW,48485,MarketplaceFacilitator,15.71,2.98,0,0,0,0,0,0,-2.98,-2.8,-3.42,0,0,9.49,0,0
03.02.2026 20:29:09 UTC,26414969182,Bestellung,306-2838557-6485958,KF014-OutdoorA,PURPLEBIRD Jagdmesser Feststehende Klinge Scharfes. Messer Outdoor Survival mit Lederscheide. D2 Stahl G¨¹rtelmesser & Camping Messer Outdoor Geschenk,1,amazon.de,Amazon,Spremberg,Brandenburg,03130,MarketplaceFacilitator,24.28,4.61,0,0,0,0,0,0,-4.61,-3.76,-3.04,0,0,17.48,0,0
03.02.2026 20:53:31 UTC,26414969182,Bestellung,306-8406753-9344338,HS03-SilverStraight2,PURPLEBIRD Haarschere Friseurschere 6 Inch Effilierschere Scharfe Haarschneideschere Japanischer Edelstahl 440C f¨¹r Damen und Herren Haarschere,1,amazon.de,Amazon,Dortmund,,44388,MarketplaceFacilitator,16.8,3.19,1.12,0.21,0,0,-1.12,-0.21,-3.19,-3,-2.57,0,0,11.23,0,0
03.02.2026 20:55:37 UTC,26414969182,Bestellung,303-4380008-6726731,CZ007-Burgerpresse,PURPLEBIRD Schwerlast Burger Smasher Gusseisen (?17.7cm) | 1kg Profi-Grillgewicht f¨¹r gleichm??ige Br?unung | Smash Burger Presse f¨¹r Gasgrill.,1,amazon.de,Amazon,Radfeld,,6241,MarketplaceFacilitator,12.13,2.43,0,0,0,0,0,0,-2.43,-2.17,-3.41,0,0,6.55,0,0
03.02.2026 21:01:31 UTC,26414969182,Bestellung,302-9490899-4798734,HS-RoseGold-Set,PURPLEBIRD Friseurscheren Profi. Haarschere Friseurschere Set aus Edelstahl Haarschneideschere und Effilierschere f¨¹r Barbier/Friseur/Anf?nger 10 St,1,amazon.de,Amazon,21614 Buxtehude. Germany,Germany,D-216,MarketplaceFacilitator,21.42,4.07,0.42,0.08,0,0,-0.42,-0.08,-4.07,-3.82,-2.78,0,0,14.82,0,0
03.02.2026 21:04:54 UTC,26414969182,Bestellung,303-8860457-2302701,GK02,PURPLE BIRD GK02 Gefl¨¹gelschere K¨¹chenschere Profi. 4mm Edelstahl fleischschere mit Sicherheitsschloss & Federbelastung. 103¡ã Schneidwinkel f¨¹r Fl,1,amazon.de,Amazon,Echem,Niedersachsen,21379,MarketplaceFacilitator,19.73,3.75,0,0,0,0,0,0,-3.75,-3.52,-2.78,0,0,13.43,0,0
03.02.2026 21:08:03 UTC,26414969182,Bestellung,304-8286990-7916316,CZ007-BurgerA,PURPLEBIRD Burgerglocke & Burger Smasher Set. Edelstahl Burgerglocke (? 20cm) mit Schwerlast Gusseisen Burgerpresse (? 17.7cm) Griddle Zubeh?r Set,1,amazon.de,Amazon,Frankfurt Am Main,,60326,MarketplaceFacilitator,21.14,4.02,0.84,0.16,0,0,-0.84,-0.16,-8.04,-7.54,-3.8,0,0,5.78,0,0
03.02.2026 21:08:03 UTC,26414969182,Bestellung,304-8286990-7916316,CZ007-BurgerA,PURPLEBIRD Burgerglocke & Burger Smasher Set. Edelstahl Burgerglocke (? 20cm) mit Schwerlast Gusseisen Burgerpresse (? 17.7cm) Griddle Zubeh?r Set,1,amazon.de,Amazon,Frankfurt Am Main,,60326,,21.14,4.02,0.84,0.16,0,0,-0.84,-0.16,0,0,-3.8,0,0,21.36,0,0
03.02.2026 21:08:43 UTC,26414969182,Bestellung,306-4488727-4431519,HS-KidBlackStraight,Friseurschere f¨¹r Kinder. Sicherheitsschere. runde Spitzen. Haarschneideschere. 15.2 cm. Haarschneideschere. professionelle Friseurschere f¨¹r Babys.,1,amazon.de,Amazon,Veitsbronn,Bayern,90587,MarketplaceFacilitator,16.8,3.19,0,0,0,0,0,0,-3.19,-3,-2.57,0,0,11.23,0,0
03.02.2026 21:24:19 UTC,26414969182,Bestellung,302-8131101-3405901,GSGD-ZNO,PURPLEBIRD Grill Schaber f¨¹r Flachgrills mit 6-Zoll-Edelstahlklinge & Ergonomischem Aluminiumgriff Grillschaber f¨¹r Gastronomie. Haushalt und Gewerb,1,amazon.de,Amazon,Kall,,53925,MarketplaceFacilitator,20.16,3.83,0,0,0,0,0,0,-3.83,-3.12,-3.95,0,0,13.09,0,0
03.02.2026 21:25:54 UTC,26414969182,Bestellung,302-1670112-6747528,GK02,PURPLE BIRD GK02 Gefl¨¹gelschere K¨¹chenschere Profi. 4mm Edelstahl fleischschere mit Sicherheitsschloss & Federbelastung. 103¡ã Schneidwinkel f¨¹r Fl,1,amazon.de,Amazon,Lenningen,,73252,MarketplaceFacilitator,19.73,3.75,0,0,0,0,0,0,-3.75,-3.52,-3.04,0,0,13.17,0,0
03.02.2026 21:35:55 UTC,26414969182,Bestellung,305-5954246-0127546,CZ007-Burgerpresse,PURPLEBIRD Schwerlast Burger Smasher Gusseisen (?17.7cm) | 1kg Profi-Grillgewicht f¨¹r gleichm??ige Br?unung | Smash Burger Presse f¨¹r Gasgrill.,1,amazon.de,Amazon,Husum,,25813,MarketplaceFacilitator,12.13,2.31,0,0,0,0,0,0,-2.31,-2.17,-3.41,0,0,6.55,0,0
03.02.2026 21:48:54 UTC,26414969182,Bestellung,305-0129285-7410765,PB-OK-02,PURPLEBIRD Outdoor Messer. Machete Scharf Echt mit 6MM Klingenr¨¹cken. D2 Stahl Full Tang Bowiemesser mit Scheide. f¨¹r Wandern & Bushcraft. Geschenke,1,amazon.de,Amazon,Randersacker,,97236,MarketplaceFacilitator,32.85,6.24,0,0,0,0,0,0,-6.24,-5.08,-5.27,0,0,22.5,0,0
03.02.2026 21:57:38 UTC,26414969182,Bestellung,306-1396287-5657121,MT001-Silberner,PURPLEBIRD Multitool Werkzeug. 28 in 1 Multifunktionale Zange Geschenke f¨¹r M?nner. Faltbares Multifunktionswerkzeug mit 11 Bits und Gurtcliptasche.,1,amazon.de,Amazon,Seelze,,30926,MarketplaceFacilitator,28.56,5.43,0,0,0,0,0,0,-5.43,-4.42,-3.42,0,0,20.72,0,0
03.02.2026 22:09:02 UTC,26414969182,Bestellung,028-0367531-3534739,KF010-Nepal2,PURPLEBIRD Jagdmesser Feststehende Klinge Messer Outdoor Bushcraft Survival Messer Full Tang Camping Messer,1,amazon.de,Amazon,Riedering,Bayern,83083,MarketplaceFacilitator,23.94,4.55,0,0,0,0,0,0,-4.55,-3.7,-3.44,0,0,16.8,0,0
03.02.2026 22:22:43 UTC,26414969182,Bestellung,028-8917174-8917149,CZ-Axt2,PURPLEBIRD Axt Beil mit Scheide 37.8cm Spaltaxt f¨¹r Holz Handgeschmiedet Handbeil mit Ergonomischer Holzgriff Survival Axt Camping Axt Outdoor Bushcr,1,amazon.de,Amazon,Kirchentellinsfurt,,72138,MarketplaceFacilitator,15.96,3.03,0,0,0,0,0,0,-3.03,-2.85,-3.8,0,0,9.31,0,0
03.02.2026 22:36:01 UTC,26414969182,Bestellung,303-7211000-5989932,PB-OK-02,PURPLEBIRD Outdoor Messer. Machete Scharf Echt mit 6MM Klingenr¨¹cken. D2 Stahl Full Tang Bowiemesser mit Scheide. f¨¹r Wandern & Bushcraft. Geschenke,1,amazon.de,Amazon,Straubing,,94315,MarketplaceFacilitator,32.85,6.24,0,0,0,0,0,0,-6.24,-5.08,-5.27,0,0,22.5,0,0
03.02.2026 22:41:50 UTC,26414969182,Bestellung,306-9600872-6653928,CZ007-Burgerpresse,PURPLEBIRD Schwerlast Burger Smasher Gusseisen (?17.7cm) | 1kg Profi-Grillgewicht f¨¹r gleichm??ige Br?unung | Smash Burger Presse f¨¹r Gasgrill.,1,amazon.de,Amazon,Felixdorf,,2603,MarketplaceFacilitator,12.13,2.43,0,0,0,0,0,0,-2.43,-2.17,-3.41,0,0,6.55,0,0
03.02.2026 22:42:03 UTC,26414969182,Bestellung,302-4741217-9229906,CZ007-BurgerA,PURPLEBIRD Burgerglocke & Burger Smasher Set. Edelstahl Burgerglocke (? 20cm) mit Schwerlast Gusseisen Burgerpresse (? 17.7cm) Griddle Zubeh?r Set,1,amazon.de,Amazon,Wildberg,,72218,MarketplaceFacilitator,21.14,4.02,0,0,0,0,0,0,-4.02,-3.77,-3.8,0,0,13.57,0,0
03.02.2026 23:16:30 UTC,26414969182,Bestellung,304-9501005-4788361,CZ002-XXL,PURPLEBIRD Grillspachtel Set aus Edelstahl. Plancha Spachtels Set mit Gro? Grillwender f¨¹r Smash Burger. Grill Geschenke f¨¹r M?nner,1,amazon.de,Amazon,Sindelfingen,Baden-W¨¹rttemberg,71065,MarketplaceFacilitator,22.68,4.31,0,0,0,0,0,0,-4.31,-4.05,-3.44,0,0,15.19,0,0
03.02.2026 23:40:19 UTC,26414969182,Bestellung,302-0164828-0732317,HSK-RoseGold,Haarschere Set 6 Inch Friseurschere Effilierschere Kit Professionelle Ausd¨¹nnen Texturierende Schere Scharfe Friseurschere Set f¨¹r M?nner Frauen un,1,amazon.de,Amazon,Borkwalde,,14822,MarketplaceFacilitator,22.38,4.25,0,0,0,0,0,0,-4.25,-3.99,-3.04,0,0,15.35,0,0
04.02.2026 00:03:26 UTC,26414969182,Bestellung,028-3937517-4507563,CZ007-BurgerB,PURPLEBIRD Burgerglocke & Burger Smasher Set. Edelstahl Burgerglocke XL (? 24cm) mit Schwerlast Gusseisen Burgerpresse (? 17.7cm) Griddle Zubeh?r S,1,amazon.de,Amazon,Berlin,Berlin,12169,MarketplaceFacilitator,25.62,4.87,0,0,0,0,0,0,-4.87,-4.57,-3.43,0,0,17.62,0,0
04.02.2026 00:18:31 UTC,26414969182,Bestellung,303-5291762-0452311,KM30-G,PURPLEBIRD Klappmesser. Hohe H?rte und Sch?rfe. Taschenmesser EDC Messer mit Taschenclip. Sicherheitsschloss & Rutschfester Griff f¨¹r Outdoor. Surv,1,amazon.de,Amazon,Garrel,Niedersachsen,49681,MarketplaceFacilitator,14.99,2.85,0,0,0,0,0,0,-2.85,-2.32,-2.65,0,0,10.02,0,0
04.02.2026 05:54:33 UTC,26414969182,Bestellung,303-3453933-4545916,BBQW-ZNO,PURPLEBIRD 31-teiliges Edelstahl Grillzubeh?r Set - Premium BBQ Grillbesteck f¨¹r M?nner & Frauen mit Tragetasche. Grillmatte Garten. Camping & Gebu,1,amazon.de,Amazon,Verl,,33415,MarketplaceFacilitator,33.61,6.38,0,0,0,0,-8.4,-1.6,-4.78,-4.5,-3.95,0,0,16.76,0,0
04.02.2026 06:15:46 UTC,26414969182,Bestellung,306-4824754-4576356,CZ007-BurgerA,PURPLEBIRD Burgerglocke & Burger Smasher Set. Edelstahl Burgerglocke (? 20cm) mit Schwerlast Gusseisen Burgerpresse (? 17.7cm) Griddle Zubeh?r Set,1,amazon.de,Amazon,Dresden,Sachsen,01277,MarketplaceFacilitator,22.34,4.24,0,0,0,0,0,0,-4.24,-3.99,-5.05,0,0,13.3,0,0
04.02.2026 08:30:17 UTC,26414969182,Bestellung,S02-5680648-0907122,GSDP-ZNO,PURPLEBIRD 6" Edelstahl Grill Kratzer-Klingen 6er-Pack. Rasierklingenscharfe Grillreinigungs-Klingen. Ersatzklingen f¨¹r Griddle & BBQ-Grillkratzer,1,si-prod-marketplace-de.stores.amazon.de,Amazon,H?sselby,Stockholms l?n,,,0,0,0,0,0,0,0,0,0,0,-10.77,0,0,-10.77,0,0
04.02.2026 13:48:10 UTC,26414969182,Bestellung,305-9499333-1610719,HS03-Silver-Thinning,PURPLEBIRD Haarschere Friseurschere 6 Inch Effilierschere Scharfe Haarschneideschere Japanischer Edelstahl 440C f¨¹r Damen und Herren Haarschere mit k,1,amazon.de,Amazon,Hildburghausen,Th¨¹ringen,98646,,21,3.99,0,0,0,0,0,0,0,-3.75,-2.57,0,0,18.67,0,0
04.02.2026 13:49:27 UTC,26414969182,Bestellung,304-1315155-3093933,HS-KidBlackStraight,Friseurschere f¨¹r Kinder. Sicherheitsschere. runde Spitzen. Haarschneideschere. 15.2 cm. Haarschneideschere. professionelle Friseurschere f¨¹r Babys.,1,amazon.de,Amazon,Witterswil,SO,41,MarketplaceFacilitator,16.8,1.36,1.62,0.13,0,0,-1.62,-0.13,-1.36,-3,-2.57,0,0,11.23,0,0
04.02.2026 13:53:24 UTC,26414969182,Bestellung,305-6077503-9394764,PS04-GreenScrewSetChunker,PURPLEBIRD Fellschere Hundeschere 7 Inch professionelles Tierpflege Set aus 440C japanischer Edelstahl gerade Gebogene ausd¨¹nnen Chunker Schere Set,1,amazon.de,Amazon,Melle,,49326,MarketplaceFacilitator,21.5,4.09,0,0,0,0,0,0,-4.09,-3.84,-3.04,0,0,14.62,0,0
04.02.2026 13:57:50 UTC,26414969182,Bestellung,302-6049717-7051557,KF012-Fudao,PURPLEBIRD Camping Axt Outdoor Messer Set. Feststehend Jagdmesser Survival Messer und Spaltaxt Sch?rfe Camping Beil mit Geschenkbox,1,amazon.de,Amazon,Dietmanns,Nieder?sterreich,3813,MarketplaceFacilitator,29.57,5.91,0,0,0,0,0,0,-5.91,-5.28,-4.75,0,0,19.54,0,0
04.02.2026 14:52:08 UTC,26414969182,Bestellung,302-8949789-2944342,7M-84SC-GPB7,PURPLEBIRD 8.2 Inch. Camping Messer. Scheide und Verstellbarer G¨¹rtelclip. Outdoor Messer aus 440C Stahl mit G10 Griff f¨¹r Wanderungen im Freien. Ja,1,amazon.de,Amazon,Landau in der Pfalz,,76829,MarketplaceFacilitator,26.46,5.03,0.67,0.13,0,0,-0.67,-0.13,-5.03,-4.09,-0.22,0,0,22.15,0,0
04.02.2026 16:24:29 UTC,26414969182,Bestellung,028-4239359-9148327,HS-KidRedStraight,PURPLEBIRD Haarschere Friseurschere 6-Zoll Edelstahl Sichere Runde Tipps Haarschneideschere Extra Professionelle Haarschnitt Schere f¨¹r Kinder. Perfe,1,amazon.de,Amazon,Leipzig,,04317,MarketplaceFacilitator,15.71,2.98,0,0,0,0,0,0,-2.98,-2.8,-3.16,0,0,9.75,0,0
04.02.2026 16:28:10 UTC,26414969182,Bestellung,302-5518887-9554705,GK02,PURPLE BIRD GK02 Gefl¨¹gelschere K¨¹chenschere Profi. 4mm Edelstahl fleischschere mit Sicherheitsschloss & Federbelastung. 103¡ã Schneidwinkel f¨¹r Fl,1,amazon.de,Amazon,Markt Bibart,,91477,MarketplaceFacilitator,19.73,3.75,0,0,0,0,0,0,-3.75,-3.52,-3.04,0,0,13.17,0,0
04.02.2026 16:50:38 UTC,26414969182,Bestellung,028-9752200-8911544,HWD02-ZNO,PURPLEBIRD Outdoor Messer. Messer 12 cm Klinge Feststehende. 440C Edelstahl Bushcraft Camping Messer. Full Tang Scharfe Survival Messer mit Holster f?,1,amazon.de,Amazon,Bergkirchen,Bayern,85232,MarketplaceFacilitator,18.85,3.58,0,0,0,0,0,0,-3.58,-2.92,-3.04,0,0,12.89,0,0
04.02.2026 17:02:53 UTC,26414969182,Bestellung,305-8697511-0948347,HWD02-ZNO,PURPLEBIRD Outdoor Messer. Messer 12 cm Klinge Feststehende. 440C Edelstahl Bushcraft Camping Messer. Full Tang Scharfe Survival Messer mit Holster f?,1,amazon.de,Amazon,Kierspe,,58566,MarketplaceFacilitator,18.85,3.58,0,0,0,0,0,0,-3.58,-2.92,-3.04,0,0,12.89,0,0
04.02.2026 17:35:37 UTC,26414969182,Bestellung,305-0522700-2124350,BBQW-ZNO,PURPLEBIRD 31-teiliges Edelstahl Grillzubeh?r Set - Premium BBQ Grillbesteck f¨¹r M?nner & Frauen mit Tragetasche. Grillmatte Garten. Camping & Gebu,1,amazon.de,Amazon,Wismar,,23970,MarketplaceFacilitator,21.84,4.15,0,0,0,0,0,0,-4.15,-3.9,-3.95,0,0,13.99,0,0
04.02.2026 19:06:27 UTC,26414969182,Bestellung,302-1685279-8489164,BBQW-ZNO,PURPLEBIRD 31-teiliges Edelstahl Grillzubeh?r Set - Premium BBQ Grillbesteck f¨¹r M?nner & Frauen mit Tragetasche. Grillmatte Garten. Camping & Gebu,1,amazon.de,Amazon,Stollberg/erzgeb.,,09366,MarketplaceFacilitator,21.84,4.15,0,0,0,0,0,0,-4.15,-3.9,-3.95,0,0,13.99,0,0
04.02.2026 19:27:06 UTC,26414969182,Bestellung,302-5925314-6756311,CZ002-XXL,PURPLEBIRD Grillspachtel Set aus Edelstahl. Plancha Spachtels Set mit Gro? Grillwender f¨¹r Smash Burger. Grill Geschenke f¨¹r M?nner,1,amazon.de,Amazon,Wackersdorf,Bayern,92442,,22.68,4.31,0,0,0,0,0,0,0,-4.05,-3.44,0,0,19.5,0,0
04.02.2026 19:46:43 UTC,26414969182,Bestellung,303-3697256-2616310,GK02,PURPLE BIRD GK02 Gefl¨¹gelschere K¨¹chenschere Profi. 4mm Edelstahl fleischschere mit Sicherheitsschloss & Federbelastung. 103¡ã Schneidwinkel f¨¹r Fl,1,amazon.de,Amazon,ratingen,nrw,40885,MarketplaceFacilitator,19.73,3.75,0,0,0,0,0,0,-3.75,-3.52,-3.04,0,0,13.17,0,0
04.02.2026 20:15:47 UTC,26414969182,Bestellung,303-1610873-4294738,BBQW-ZNO,PURPLEBIRD 31-teiliges Edelstahl Grillzubeh?r Set - Premium BBQ Grillbesteck f¨¹r M?nner & Frauen mit Tragetasche. Grillmatte Garten. Camping & Gebu,1,amazon.de,Amazon,Herdorf,,57562,MarketplaceFacilitator,21.84,4.15,4.19,0.8,0,0,-4.19,-0.8,-4.15,-3.9,-3.95,0,0,13.99,0,0
04.02.2026 20:24:01 UTC,26414969182,Bestellung,305-1251134-9949914,KF012-Fudao,PURPLEBIRD Camping Axt Outdoor Messer Set. Axt Set 2 Teilig mit Scheide. Feststehend Jagdmesser Survival Messer und Spaltaxt Sch?rfe. Camping Beil mi,1,amazon.de,Amazon,Eppelsheim,,55234,MarketplaceFacilitator,28.09,5.34,3.35,0.64,0,0,0,0,-5.98,-5.01,-7.28,0,0,19.15,0,0
04.02.2026 20:37:02 UTC,26414969182,Bestellung,306-5143192-5329969,HWD02-ZNO,PURPLEBIRD Outdoor Messer. Messer 12 cm Klinge Feststehende. 440C Edelstahl Bushcraft Camping Messer. Full Tang Scharfe Survival Messer mit Holster f?,1,amazon.de,Amazon,Altentreptow,Mecklenburg-Vorpommern,17087,MarketplaceFacilitator,18.85,3.58,0,0,0,0,0,0,-3.58,-2.92,-3.04,0,0,12.89,0,0
04.02.2026 21:01:14 UTC,26414969182,Bestellung,303-7002234-8573961,HWD02-ZNO,PURPLEBIRD Outdoor Messer. Messer 12 cm Klinge Feststehende. 440C Edelstahl Bushcraft Camping Messer. Full Tang Scharfe Survival Messer mit Holster f?,1,amazon.de,Amazon,Hespe,,31693,MarketplaceFacilitator,18.85,3.58,0,0,0,0,0,0,-3.58,-2.92,-3.04,0,0,12.89,0,0
04.02.2026 21:08:09 UTC,26414969182,Bestellung,302-6934425-9446730,HWD02-ZNO,PURPLEBIRD Outdoor Messer. Messer 12 cm Klinge Feststehende. 440C Edelstahl Bushcraft Camping Messer. Full Tang Scharfe Survival Messer mit Holster f?,1,amazon.de,Amazon,Pritzwalk,,16928,MarketplaceFacilitator,18.85,3.58,1.12,0.21,0,0,-1.12,-0.21,-3.58,-2.92,-3.04,0,0,12.89,0,0
04.02.2026 21:09:08 UTC,26414969182,Bestellung,302-3655024-8621102,HS-KidBlackStraight,Friseurschere f¨¹r Kinder. Sicherheitsschere. runde Spitzen. Haarschneideschere. 15.2 cm. Haarschneideschere. professionelle Friseurschere f¨¹r Babys.,1,amazon.de,Amazon,Luxembourg,,2737,MarketplaceFacilitator,16.8,2.86,0,0,0,0,0,0,-2.86,-3,-2.57,0,0,11.23,0,0
04.02.2026 21:09:30 UTC,26414969182,Bestellung,302-9223072-5542728,PS-7.0''DownCurvedThinning,PURPLEBIRD Fellschere 7 Inch Hundeschere Gebogen. Fellschere Katze. Effilierschere Hund zur Fellpflege f¨¹r alle Hunde Katze. Schneiden und Grooming.,1,amazon.de,Amazon,Wolmirstedt,,39326,MarketplaceFacilitator,40.71,7.73,0,0,0,0,0,0,-7.73,-7.27,-2.57,0,0,30.87,0,0
04.02.2026 21:29:49 UTC,26414969182,Bestellung,304-7164724-0777908,KM30-G,PURPLEBIRD Klappmesser. Hohe H?rte und Sch?rfe. Taschenmesser EDC Messer mit Taschenclip. Sicherheitsschloss & Rutschfester Griff f¨¹r Outdoor. Surv,1,amazon.de,Amazon,Bochum,,44799,MarketplaceFacilitator,14.99,2.85,0,0,0,0,0,0,-2.85,-2.32,-2.65,0,0,10.02,0,0
04.02.2026 21:58:37 UTC,26414969182,Bestellung,028-9030103-9958701,HWD02-ZNO,PURPLEBIRD Outdoor Messer. Messer 12 cm Klinge Feststehende. 440C Edelstahl Bushcraft Camping Messer. Full Tang Scharfe Survival Messer mit Holster f?,1,amazon.de,Amazon,M¨¹nchen,,81925,MarketplaceFacilitator,18.85,3.58,0,0,0,0,0,0,-3.58,-2.92,-3.04,0,0,12.89,0,0
04.02.2026 22:08:42 UTC,26414969182,Bestellung,302-8266435-5581943,HWD02-ZNO,PURPLEBIRD Outdoor Messer. Messer 12 cm Klinge Feststehende. 440C Edelstahl Bushcraft Camping Messer. Full Tang Scharfe Survival Messer mit Holster f?,1,amazon.de,Amazon,W?rgl,,6300,MarketplaceFacilitator,18.85,3.77,0,0,0,0,0,0,-3.77,-2.92,-3.04,0,0,12.89,0,0
04.02.2026 22:13:35 UTC,26414969182,Bestellung,028-4203343-5103534,PS-7.0''DownCurvedThinning,PURPLEBIRD Fellschere 7 Inch Hundeschere Gebogen. Fellschere Katze. Effilierschere Hund zur Fellpflege f¨¹r alle Hunde Katze. Schneiden und Grooming.,1,amazon.de,Amazon,Kulmbach,Bayern,95326,MarketplaceFacilitator,40.71,7.73,0,0,0,0,0,0,-7.73,-7.27,-2.57,0,0,30.87,0,0
04.02.2026 22:56:08 UTC,26414969182,Bestellung,306-2849512-4179516,HS-KidRedStraight,PURPLEBIRD Haarschere Friseurschere 6-Zoll Edelstahl Sichere Runde Tipps Haarschneideschere Extra Professionelle Haarschnitt Schere f¨¹r Kinder. Perfe,1,amazon.de,Amazon,Schifferstadt,,67105,MarketplaceFacilitator,15.71,2.98,0,0,0,0,0,0,-2.98,-2.8,-3.16,0,0,9.75,0,0
04.02.2026 23:11:28 UTC,26414969182,Bestellung,306-6839709-6258755,HWD02-ZNO,PURPLEBIRD Outdoor Messer. Messer 12 cm Klinge Feststehende. 440C Edelstahl Bushcraft Camping Messer. Full Tang Scharfe Survival Messer mit Holster f?,1,amazon.de,Amazon,Pram,,4742,MarketplaceFacilitator,18.85,3.77,0,0,0,0,0,0,-3.77,-2.92,-3.04,0,0,12.89,0,0
04.02.2026 23:26:37 UTC,26414969182,Bestellung,306-1854028-3755545,HS-KidBlackStraight,Friseurschere f¨¹r Kinder. Sicherheitsschere. runde Spitzen. Haarschneideschere. 15.2 cm. Haarschneideschere. professionelle Friseurschere f¨¹r Babys.,1,amazon.de,Amazon,Engelskirchen,,51766,MarketplaceFacilitator,16.8,3.19,0,0,0,0,0,0,-3.19,-3,-2.57,0,0,11.23,0,0
04.02.2026 23:28:57 UTC,26414969182,Bestellung,304-9878800-0998746,CZ002-XXL,PURPLEBIRD Grillspachtel Set aus Edelstahl. Plancha Spachtels Set mit Gro? Grillwender f¨¹r Smash Burger. Grill Geschenke f¨¹r M?nner,1,amazon.de,Amazon,Bitburg,Rheinland-Pfalz,54634,MarketplaceFacilitator,22.68,4.31,0,0,0,0,0,0,-4.31,-4.05,-3.44,0,0,15.19,0,0
04.02.2026 23:38:30 UTC,26414969182,Bestellung,304-2821669-1645166,Camp-S,PURPLEBIRD Camping-Besteck Set Silberner-10-teiliges Geschirr Set f¨¹r 2 Personen bei Picknick & Reisen Tragbares Edelstahl Geschirr Set Mit Etui deal,1,amazon.de,Amazon,Kirchen (sieg),,57548,MarketplaceFacilitator,17.77,3.38,0.48,0.09,0,0,-0.48,-0.09,-3.38,-3.17,-3.44,0,0,11.16,0,0
05.02.2026 00:25:49 UTC,26414969182,Bestellung,305-7119975-9741104,CZ002-SetA,PURPLEBIRD Burger-Set (3-TLG.) aus Edelstahl inkl. Burgerpresse. 2 Grillspachtels. Burger Spachtel Set mit Gro? Grillwender und Burger Smasher aus Ed,1,amazon.de,Amazon,Pretzfeld,,91362,MarketplaceFacilitator,30.24,5.75,0,0,0,0,0,0,-5.75,-5.4,-3.93,0,0,20.91,0,0
05.02.2026 06:05:07 UTC,26414969182,Bestellung,303-7734587-9308329,GK02,PURPLE BIRD GK02 Gefl¨¹gelschere K¨¹chenschere Profi. 4mm Edelstahl Knochenschere mit Sicherheitsschloss & Federbelastung. 103¡ã Schneidwinkel f¨¹r Fl,1,amazon.de,Amazon,Neuenhagen,,15366,MarketplaceFacilitator,22.68,4.31,0,0,0,0,0,0,-4.31,-4.05,-3.04,0,0,15.59,0,0
05.02.2026 06:59:49 UTC,26414969182,Geb¨¹hren von Amazon,0960145d-dd74-48ec-a07b-6d94e8858ef3,,Leistungsbasierte Angebotsgeb¨¹hr,,Amazon.de,,,,,,0,0,0,0,0,0,0,0,0,-0.68,0,0,0,-0.68,0,0
05.02.2026 07:12:44 UTC,26414969182,Bestellung,S02-0043937-1970316,GSGD-ZNO,PURPLEBIRD Grill Schaber f¨¹r Flachgrills mit 6-Zoll-Edelstahlklinge & Ergonomischem Aluminiumgriff Grillschaber f¨¹r Gastronomie. Haushalt und Gewerbe.Geschenke f¨¹r M?nner und Frauen,1,si-prod-marketplace-de.stores.amazon.de,Amazon,Skellefte?,V?sterbottens l?n,,,0,0,0,0,0,0,0,0,0,0,-15.31,0,0,-15.31,0,0
05.02.2026 07:54:02 UTC,26414969182,Bestellung,306-6003571-5728341,HWD02-ZNO,PURPLEBIRD Outdoor Messer. Jagdmesser Feststehende Klinge. 440C Edelstahl Bushcraft Camping Messer. Full Tang Scharfe Survival Messer mit Holster (24c,1,amazon.de,Amazon,Berlin,,12053,MarketplaceFacilitator,23.29,4.42,0,0,0,0,0,0,-4.42,-3.6,-3.04,0,0,16.65,0,0
05.02.2026 07:59:35 UTC,26414969182,Geb¨¹hren von Amazon,0960145d-dd74-48ec-a07b-6d94e8858ef3,,Teilnahmegeb¨¹hr f¨¹r das Angebot,,Amazon.de,,,,,,0,0,0,0,0,0,0,0,0,-16,0,0,0,-16,0,0
05.02.2026 08:45:58 UTC,26414969182,Bestellung,028-8731390-8027520,GK02,PURPLE BIRD GK02 Gefl¨¹gelschere K¨¹chenschere Profi. 4mm Edelstahl Knochenschere mit Sicherheitsschloss & Federbelastung. 103¡ã Schneidwinkel f¨¹r Fl,1,amazon.de,Amazon,Elsdorf,,50189,MarketplaceFacilitator,22.68,4.31,3.35,0.64,0,0,0,0,-4.95,-4.05,-6.39,0,0,15.59,0,0
05.02.2026 09:15:44 UTC,26414969182,Bestellung,S02-3886580-7717560,GK02,PURPLE BIRD GK02 Gefl¨¹gelschere K¨¹chenschere Profi. 4mm Edelstahl fleischschere mit Sicherheitsschloss & Federbelastung. 103¡ã Schneidwinkel f¨¹r Fleisch. Gem¨¹se und Knochen. Rutschfester Griff,1,si-prod-marketplace-de.stores.amazon.de,Amazon,Eisenbach (Hochschwarzwald),Baden-W¨¹rttemberg,79871,,0,0,0,0,0,0,0,0,0,0,-5.55,0,0,-5.55,0,0
05.02.2026 09:29:04 UTC,26414969182,Bestellung,305-0655113-6509133,GK02,PURPLE BIRD GK02 Gefl¨¹gelschere K¨¹chenschere Profi. 4mm Edelstahl Knochenschere mit Sicherheitsschloss & Federbelastung. 103¡ã Schneidwinkel f¨¹r Fl,1,amazon.de,Amazon,Dinslaken,,46539,MarketplaceFacilitator,22.68,4.31,0,0,0,0,0,0,-4.31,-4.05,-3.04,0,0,15.59,0,0
05.02.2026 12:43:23 UTC,26414969182,Bestellung,305-1716528-6369954,HWD02-ZNO,PURPLEBIRD Outdoor Messer. Messer 12 cm Klinge Feststehende. 440C Edelstahl Bushcraft Camping Messer. Full Tang Scharfe Survival Messer mit Holster f?,2,amazon.de,Amazon,GALLIZIEN,,9132,MarketplaceFacilitator,37.7,7.54,0.44,0.09,0,0,-0.44,-0.09,-7.54,-5.84,-6.08,0,0,25.78,0,0
05.02.2026 13:01:30 UTC,26414969182,Anpassung,,GK02,Versand durch Amazon Erstattung f¨¹r Lagerbestand - Im Lager verloren,1,,,,,,,0,0,0,0,0,0,0,0,0,0,0,0,6.24,6.24,0,0
05.02.2026 16:17:11 UTC,26414969182,Bestellung,303-7572450-6637148,OMFK-B01,PURPLEBIRD Schwarzes Camping Messer aus Kohlenstoffstahl. Hohe H?rte und Sch?rfe. Outdoor Messer mit Messerscheide aus Ebenholz f¨¹r die Jagd. Wande,1,amazon.de,Amazon,G?ttingen,,37079,MarketplaceFacilitator,25.54,4.85,0,0,0,0,0,0,-4.85,-3.95,-3.04,0,0,18.55,0,0
05.02.2026 16:24:41 UTC,26414969182,Bestellung,303-5880280-8974711,HWD02-ZNO,PURPLEBIRD Outdoor Messer. Messer 12 cm Klinge Feststehende. 440C Edelstahl Bushcraft Camping Messer. Full Tang Scharfe Survival Messer mit Holster f?,1,amazon.de,Amazon,Beckum,,59269,MarketplaceFacilitator,18.85,3.58,0,0,0,0,0,0,-3.58,-2.92,-3.04,0,0,12.89,0,0
05.02.2026 16:51:17 UTC,26414969182,Bestellung,304-0769419-4027527,HWD02-ZNO,PURPLEBIRD Outdoor Messer. Messer 12 cm Klinge Feststehende. 440C Edelstahl Bushcraft Camping Messer. Full Tang Scharfe Survival Messer mit Holster f?,1,amazon.de,Amazon,Salzkotten,,33154,MarketplaceFacilitator,18.85,3.58,0,0,0,0,0,0,-3.58,-2.92,-3.04,0,0,12.89,0,0
05.02.2026 17:34:53 UTC,26414969182,Bestellung,028-1894488-3371555,BBQW-ZNO,PURPLEBIRD 31-teiliges Edelstahl Grillzubeh?r Set - Premium BBQ Grillbesteck f¨¹r M?nner & Frauen mit Tragetasche. Grillmatte Garten. Camping & Gebu,1,amazon.de,Amazon,Rohr im Kremstal,Ober?sterreich,4532,MarketplaceFacilitator,21.84,4.37,0,0,0,0,0,0,-4.37,-3.9,-3.95,0,0,13.99,0,0
05.02.2026 18:01:41 UTC,26414969182,Bestellung,305-4344221-8149101,CZ002-XXL,PURPLEBIRD Grillspachtel Set aus Edelstahl. Plancha Spachtels Set mit Gro? Grillwender f¨¹r Smash Burger. Grill Geschenke f¨¹r M?nner,1,amazon.de,Amazon,Dessau-ro?lau,,06849,MarketplaceFacilitator,22.68,4.31,1.67,0.32,0,0,-1.67,-0.32,-4.31,-4.05,-3.44,0,0,15.19,0,0
05.02.2026 18:43:31 UTC,26414969182,Bestellung,306-7047382-9329119,PS04-GreenScrewSetChunker,PURPLEBIRD Fellschere Hundeschere 7 Inch professionelles Tierpflege Set aus 440C japanischer Edelstahl gerade Gebogene ausd¨¹nnen Chunker Schere Set,1,amazon.de,Amazon,Br¨¹el,Mecklenburg Vorpommern,19412,MarketplaceFacilitator,21.5,4.09,0,0,0,0,0,0,-4.09,-3.84,-3.04,0,0,14.62,0,0
05.02.2026 19:26:16 UTC,26414969182,Bestellung,028-5506013-1841147,GSGD-ZNO,PURPLEBIRD Grill Schaber f¨¹r Flachgrills mit 6-Zoll-Edelstahlklinge & Ergonomischem Aluminiumgriff Grillschaber f¨¹r Gastronomie. Haushalt und Gewerb,1,amazon.de,Amazon,Eberstalzell,,4653,MarketplaceFacilitator,20.16,4.03,0,0,0,0,0,0,-4.03,-3.12,-3.95,0,0,13.09,0,0
05.02.2026 20:12:20 UTC,26414969182,Bestellung,028-4203803-4719557,BBQW-ZNO,PURPLEBIRD 31-teiliges Edelstahl Grillzubeh?r Set - Premium BBQ Grillbesteck f¨¹r M?nner & Frauen mit Tragetasche. Grillmatte Garten. Camping & Gebu,1,amazon.de,Amazon,Beelitz,,14547,MarketplaceFacilitator,21.84,4.15,0,0,0,0,0,0,-4.15,-3.9,-3.95,0,0,13.99,0,0
05.02.2026 20:18:45 UTC,26414969182,Bestellung,304-1908477-9402714,KM30-G,PURPLEBIRD Klappmesser. Hohe H?rte und Sch?rfe. Taschenmesser EDC Messer mit Taschenclip. Sicherheitsschloss & Rutschfester Griff f¨¹r Outdoor. Surv,1,amazon.de,Amazon,Erftstadt,Nordrhein Westfalen,50374,MarketplaceFacilitator,14.99,2.85,0,0,0,0,0,0,-2.85,-2.32,-2.65,0,0,10.02,0,0
05.02.2026 20:28:13 UTC,26414969182,Bestellung,028-4129549-3617161,HS02-StripingBlack-Straight,Profi Haarschere Friseurschere Haarschneideschere aus Rostfreiem Stahl im Japanischen Stil Geeignet f¨¹r Kinder. Frauen und M?nner Extra Scharfe Haar,1,amazon.de,Amazon,Sankt Agatha,,4084,MarketplaceFacilitator,21.42,4.28,0.82,0.17,0,0,-0.82,-0.17,-4.28,-3.82,-2.57,0,0,15.03,0,0
05.02.2026 20:31:47 UTC,26414969182,Bestellung,302-8793702-8365118,HS-KidRedStraight,PURPLEBIRD Haarschere Friseurschere 6-Zoll Edelstahl Sichere Runde Tipps Haarschneideschere Extra Professionelle Haarschnitt Schere f¨¹r Kinder. Perfe,1,amazon.de,Amazon,St. P?lten,Nieder?sterreich,3100,MarketplaceFacilitator,15.71,3.14,0,0,0,0,0,0,-3.14,-2.8,-3.42,0,0,9.49,0,0
05.02.2026 20:33:55 UTC,26414969182,Bestellung,305-3311179-0108355,KM30-F,PURPLEBIRD Klappmesser. Rettungsmesser mit Gurtschneider & Glasbrecher. EDC Messer mit Taschenclip. Sicherheitsschloss & Rutschfester Griff f¨¹r Outdo,1,amazon.de,Amazon,Klosterneuburg,Nieder?sterreich,3400,MarketplaceFacilitator,12.7,2.54,0,0,0,0,0,0,-2.54,-1.96,-2.65,0,0,8.09,0,0
05.02.2026 20:35:56 UTC,26414969182,Bestellung,304-4665777-2794744,HS-KidBlackStraight,Friseurschere f¨¹r Kinder. Sicherheitsschere. runde Spitzen. Haarschneideschere. 15.2 cm. Haarschneideschere. professionelle Friseurschere f¨¹r Babys.,1,amazon.de,Amazon,Bramsche,,49565,MarketplaceFacilitator,15.62,2.97,0,0,0,0,0,0,-2.97,-2.79,-2.57,0,0,10.26,0,0
05.02.2026 20:51:29 UTC,26414969182,Bestellung,303-6990771-3181111,GK02,PURPLE BIRD GK02 Gefl¨¹gelschere K¨¹chenschere Profi. 4mm Edelstahl fleischschere mit Sicherheitsschloss & Federbelastung. 103¡ã Schneidwinkel f¨¹r Fl,1,amazon.de,Amazon,L¨¹neburg,,21337,MarketplaceFacilitator,19.73,3.75,0,0,0,0,0,0,-3.75,-3.52,-3.04,0,0,13.17,0,0
05.02.2026 20:53:06 UTC,26414969182,Bestellung,303-5252792-8347516,PS-7.0''DownCurvedThinning,PURPLEBIRD Fellschere 7 Inch Hundeschere Gebogen. Fellschere Katze. Effilierschere Hund zur Fellpflege f¨¹r alle Hunde Katze. Schneiden und Grooming.,1,amazon.de,Amazon,Bremen,Deutschland,28205,MarketplaceFacilitator,40.71,7.73,1.12,0.21,0,0,-1.12,-0.21,-7.73,-7.27,-2.57,0,0,30.87,0,0
05.02.2026 21:01:00 UTC,26414969182,Bestellung,028-1098332-4212305,MT001-Silberner,PURPLEBIRD Multitool Werkzeug. 28 in 1 Multifunktionale Zange Geschenke f¨¹r M?nner. Faltbares Multifunktionswerkzeug mit 11 Bits und Gurtcliptasche.,1,amazon.de,Amazon,Berlin,,10629,MarketplaceFacilitator,28.56,5.43,0,0,0,0,0,0,-5.43,-4.42,-3.42,0,0,20.72,0,0
05.02.2026 21:06:42 UTC,26414969182,Bestellung,303-7589341-3362768,Camp-S,PURPLEBIRD Camping Geschirr Set 2 Personen. Silber 10-teiliges Camping Geschirr Set mit Edelstahl Gabeln. Tafelmesser und L?ffel. 10 St¨¹ck Tragbars,1,amazon.de,Amazon,Remscheid,,42855,MarketplaceFacilitator,17.77,3.38,0,0,0,0,0,0,-3.38,-3.17,-3.44,0,0,11.16,0,0
05.02.2026 21:35:00 UTC,26414969182,Bestellung,303-0564924-2899547,KP40-P,PURPLEBIRD Klappmesser. Rettungsmesser mit Gurtschneider & Glasbrecher. EDC Messer mit Taschenclip. Sicherheitsschloss & Rutschfester Griff f¨¹r Outdo,1,amazon.de,Amazon,Jena,,07745,MarketplaceFacilitator,14.11,2.68,0,0,0,0,0,0,-2.68,-2.18,-2.65,0,0,9.28,0,0
05.02.2026 21:35:54 UTC,26414969182,Bestellung,303-4553402-3703533,HS-KidRedStraight,PURPLEBIRD Haarschere Friseurschere 6-Zoll Edelstahl Sichere Runde Tipps Haarschneideschere Extra Professionelle Haarschnitt Schere f¨¹r Kinder. Perfe,1,amazon.de,Amazon,Gumpoldskirchen,,2352,MarketplaceFacilitator,15.71,3.14,0,0,0,0,0,0,-3.14,-2.8,-3.42,0,0,9.49,0,0
05.02.2026 22:27:20 UTC,26414969182,Bestellung,305-3330186-1975568,BBQW-ZNO,PURPLEBIRD 31-teiliges Edelstahl Grillzubeh?r Set - Premium BBQ Grillbesteck f¨¹r M?nner & Frauen mit Tragetasche. Grillmatte Garten. Camping & Gebu,1,amazon.de,Amazon,Weimerskirch,Luxembourg,2135,MarketplaceFacilitator,21.84,3.71,0,0,0,0,0,0,-3.71,-3.9,-3.95,0,0,13.99,0,0
05.02.2026 22:45:51 UTC,26414969182,Bestellung,305-0348716-3540360,KF015-Chanzi,PURPLEBIRD 12-in-1 Klappspaten mit 180¡ã Camping-Axt | ¨¹berlebens-Set inkl. Multitool. Camping Axe & Tragebag f¨¹r Outdoor/Camping (rostfrei & faltba,1,amazon.de,Amazon,Eckernf?rde,,24340,MarketplaceFacilitator,27.55,5.24,0,0,0,0,0,0,-5.24,-4.26,-4.54,0,0,18.75,0,0
05.02.2026 23:10:39 UTC,26414969182,Bestellung,303-6089291-5448352,BBQS-ZNO,PURPLEBIRD Premium Grillzubeh?r Set aus Edelstahl - 6-teilig mit 3-in-1 Spatel. Gabel. Zange. B¨¹rste. Saucenpinsel & Tragetasche f¨¹r perfektes BBQ.,1,amazon.de,Amazon,m¨¹nster,NRW,48143,MarketplaceFacilitator,18.15,3.45,0,0,0,0,0,0,-3.45,-3.24,-5.27,0,0,9.64,0,0
05.02.2026 23:26:07 UTC,26414969182,Bestellung,304-7590798-3296355,CZ002-XXL,PURPLEBIRD Grillspachtel Set aus Edelstahl. Plancha Spachtels Set mit Gro? Grillwender f¨¹r Smash Burger. Grill Geschenke f¨¹r M?nner,1,amazon.de,Amazon,Garbsen,,30827,MarketplaceFacilitator,22.68,4.31,0,0,0,0,0,0,-4.31,-4.05,-3.44,0,0,15.19,0,0
05.02.2026 23:27:51 UTC,26414969182,Bestellung,302-2431165-7787548,HS02-StripingBlack-Straight,Profi Haarschere Friseurschere Haarschneideschere aus Rostfreiem Stahl im Japanischen Stil Geeignet f¨¹r Kinder. Frauen und M?nner Extra Scharfe Haar,1,amazon.de,Amazon,Landau In Der Pfalz,,76829,MarketplaceFacilitator,21.42,4.07,0,0,0,0,0,0,-4.07,-3.82,-2.57,0,0,15.03,0,0
05.02.2026 23:29:52 UTC,26414969182,Bestellung,304-9202936-1067523,HS-KidBlackStraight,Friseurschere f¨¹r Kinder. Sicherheitsschere. runde Spitzen. Haarschneideschere. 15.2 cm. Haarschneideschere. professionelle Friseurschere f¨¹r Babys.,1,amazon.de,Amazon,Hamburg,,22399,MarketplaceFacilitator,15.62,2.97,0,0,0,0,0,0,-2.97,-2.79,-2.57,0,0,10.26,0,0
06.02.2026 00:34:50 UTC,26414969182,Anpassung,,HS-KidRedStraight,Versand durch Amazon Erstattung f¨¹r Lagerbestand - Im Lager verloren,1,,,,,,,0,0,0,0,0,0,0,0,0,0,0,0,5.55,5.55,0,0
06.02.2026 00:52:10 UTC,26414969182,Bestellung,303-4433606-1804315,BBQW-ZNO,PURPLEBIRD 31-teiliges Edelstahl Grillzubeh?r Set - Premium BBQ Grillbesteck f¨¹r M?nner & Frauen mit Tragetasche. Grillmatte Garten. Camping & Gebu,1,amazon.de,Amazon,K?ttmannsdorf,K?rnten,9071,MarketplaceFacilitator,33.61,6.72,1.66,0.33,0,0,-1.66,-0.33,-6.72,-6,-5.2,0,0,22.41,0,0
06.02.2026 03:38:44 UTC,26414969182,Bestellung,304-1167636-1713161,OMFK-B01,PURPLEBIRD Schwarzes Camping Messer aus Kohlenstoffstahl. Hohe H?rte und Sch?rfe. Outdoor Messer mit Messerscheide aus Ebenholz f¨¹r die Jagd. Wande,1,amazon.de,Amazon,Oppenweiler-Zell,,71570,MarketplaceFacilitator,26.98,5.13,0,0,0,0,0,0,-5.13,-4.17,-3.04,0,0,19.77,0,0
06.02.2026 04:07:30 UTC,26414969182,Bestellung,305-1017762-1441949,XS04-Fang,PURPLEBIRD Jagdmesser Feststehende Klinge. Outdoor Messer mit 4.5mm Klingenr¨¹cken. Full Tang Bushcraft Messer mit G10 Griff. Kydex Holster. Tanto Mes,1,amazon.de,Amazon,Porta Westfalica,Nordrhein-Westfalen,32457,MarketplaceFacilitator,28.23,5.36,0,0,0,0,0,0,-5.36,-4.37,-3.04,0,0,20.82,0,0
06.02.2026 04:53:00 UTC,26414969182,Bestellung,305-7026914-8862708,GK02,PURPLE BIRD GK02 Gefl¨¹gelschere K¨¹chenschere Profi. 4mm Edelstahl Knochenschere mit Sicherheitsschloss & Federbelastung. 103¡ã Schneidwinkel f¨¹r Fl,1,amazon.de,Amazon,Wipperf¨¹rth,Nordrhein-Westfalen,51688,MarketplaceFacilitator,22.68,4.31,0,0,0,0,0,0,-4.31,-4.05,-3.04,0,0,15.59,0,0
06.02.2026 06:29:49 UTC,26414969182,Bestellung,028-3666350-8832344,KF014-OutdoorA,PURPLEBIRD Jagdmesser Feststehende Klinge Scharfes. Messer Outdoor Survival mit Lederscheide. D2 Stahl G¨¹rtelmesser & Camping Messer Outdoor Geschenk,1,amazon.de,Amazon,Ramerberg,,83561,MarketplaceFacilitator,24.28,4.61,0,0,0,0,0,0,-4.61,-3.76,-3.04,0,0,17.48,0,0
06.02.2026 07:14:58 UTC,26414969182,Bestellung,302-1925362-6234734,CZ-Axt2,PURPLEBIRD Axt Beil mit Scheide 37.8cm Spaltaxt f¨¹r Holz Handgeschmiedet Handbeil mit Ergonomischer Holzgriff Survival Axt Camping Axt Outdoor Bushcr,1,amazon.de,Amazon,Gr?fenhainichen,,06773,MarketplaceFacilitator,21,3.99,0.24,0.05,0,0,-0.24,-0.05,-3.99,-3.75,-3.8,0,0,13.45,0,0
06.02.2026 07:28:16 UTC,26414969182,Geb¨¹hren von Amazon,18a8a743-897f-4e09-9234-3c189615e3cf,,Leistungsbasierte Coupon-Geb¨¹hr,,Amazon.de,,,,,,0,0,0,0,0,0,0,0,0,-2.19,0,0,0,-2.19,0,0
06.02.2026 08:01:50 UTC,26414969182,Geb¨¹hren von Amazon,18a8a743-897f-4e09-9234-3c189615e3cf,,Coupon-Teilnahmegeb¨¹hr,,Amazon.de,,,,,,0,0,0,0,0,0,0,0,0,-4,0,0,0,-4,0,0
06.02.2026 09:05:56 UTC,26414969182,Bestellung,028-8178740-7584313,HWD02-ZNO,PURPLEBIRD Outdoor Messer. Jagdmesser Feststehende Klinge. 440C Edelstahl Bushcraft Camping Messer. Full Tang Scharfe Survival Messer mit Holster (24c,1,amazon.de,Amazon,Lohmar,,53797,MarketplaceFacilitator,22.18,4.21,0,0,0,0,0,0,-4.21,-3.43,-3.04,0,0,15.71,0,0
06.02.2026 09:08:54 UTC,26414969182,Bestellung,S02-5787383-4421530,KF015-Chudao,PURPLEBIRD K¨¹chenmesser Schmieden. Kochmesser Profi Messer. Fleischermesser mit Ergonomischem Griff. K¨¹chenmesser Scharf aus Hochwertigem Carbon Edelstahl f¨¹r K¨¹chen. Camping und Grill,1,si-prod-marketplace-de.stores.amazon.de,Amazon,ROMA,ROMA,00177,,0,0,0,0,0,0,0,0,0,0,-10.42,0,0,-10.42,0,0
06.02.2026 10:08:40 UTC,26414969182,Erstattung,028-8178740-7584313,HWD02-ZNO,PURPLEBIRD Outdoor Messer. Jagdmesser Feststehende Klinge. 440C Edelstahl Bushcraft Camping Messer. Full Tang Scharfe Survival Messer mit Holster (24c,1,amazon.de,Amazon,Lohmar,,53797,MarketplaceFacilitator,-22.18,-4.21,0,0,0,0,0,0,4.21,2.74,0,0,0,-19.44,0,0
06.02.2026 14:15:41 UTC,26414969182,Bestellung,306-0002929-5507555,CZ-Axt2,PURPLEBIRD Axt Beil mit Scheide 37.8cm Spaltaxt f¨¹r Holz Handgeschmiedet Handbeil mit Ergonomischer Holzgriff Survival Axt Camping Axt Outdoor Bushcr,1,amazon.de,Amazon,Althengstett,,75382,MarketplaceFacilitator,15.96,3.03,0,0,0,0,0,0,-3.03,-2.85,-3.8,0,0,9.31,0,0
06.02.2026 15:17:06 UTC,26414969182,Bestellung,304-9429185-9537938,KF012-Fudao,PURPLEBIRD Camping Axt Outdoor Messer Set. Feststehend Jagdmesser Survival Messer und Spaltaxt Sch?rfe Camping Beil mit Geschenkbox,1,amazon.de,Amazon,Hamburg,,22047,MarketplaceFacilitator,29.57,5.62,0,0,0,0,-5.92,-1.12,-4.5,-4.22,-4.75,0,0,14.68,0,0
06.02.2026 15:31:21 UTC,26414969182,Bestellung,304-3663659-8705121,HS-KidBlackStraight,Friseurschere f¨¹r Kinder. Sicherheitsschere. runde Spitzen. Haarschneideschere. 15.2 cm. Haarschneideschere. professionelle Friseurschere f¨¹r Babys.,1,amazon.de,Amazon,Norderstedt,,22846,MarketplaceFacilitator,15.62,2.97,0,0,0,0,0,0,-2.97,-2.79,-2.57,0,0,10.26,0,0
06.02.2026 15:38:04 UTC,26414969182,Bestellung,306-8192189-8669960,CZ003-Wood,PURPLEBIRD Burgerpresse. 10.8cm Aluguss Burger Pattie Presse mit Antihaft. 3 Stufen der Dicke einstellbar. Professioneller Hamburgerpresse mit Holzgri,1,amazon.de,Amazon,Weener,,26826,MarketplaceFacilitator,16.46,3.13,0,0,0,0,0,0,-3.13,-2.94,-3.25,0,0,10.27,0,0
06.02.2026 16:36:56 UTC,26414969182,Erstattung,028-0873797-7417941,PS-7.0''DownCurvedThinning,PURPLEBIRD Fellschere 7 Inch Hundeschere Gebogen. Fellschere Katze. Effilierschere Hund zur Fellpflege f¨¹r alle Hunde Katze. Schneiden und Grooming.,1,amazon.de,Amazon,M¨¹hlhausen,,92360,MarketplaceFacilitator,-38.79,-7.37,0,0,0,0,0,0,7.37,5.54,0,0,0,-33.25,0,0
06.02.2026 16:41:52 UTC,26414969182,Bestellung,305-7954258-7205943,PB-OK-02,PURPLEBIRD Outdoor Messer. Machete Scharf Echt mit 6MM Klingenr¨¹cken. D2 Stahl Full Tang Bowiemesser mit Scheide. f¨¹r Wandern & Bushcraft. Geschenke,1,amazon.de,Amazon,Dinkelscherben,,86424,MarketplaceFacilitator,32.85,6.24,0,0,0,0,0,0,-6.24,-5.08,-5.27,0,0,22.5,0,0
06.02.2026 16:50:18 UTC,26414969182,Bestellung,304-6924717-7031546,KM30-G,PURPLEBIRD Klappmesser. Hohe H?rte und Sch?rfe. Taschenmesser EDC Messer mit Taschenclip. Sicherheitsschloss & Rutschfester Griff f¨¹r Outdoor. Surv,1,amazon.de,Amazon,Winnenden,,71364,MarketplaceFacilitator,14.99,2.85,0,0,0,0,0,0,-2.85,-2.32,-2.65,0,0,10.02,0,0
06.02.2026 17:10:30 UTC,26414969182,Bestellung,305-0650500-4697964,HS-KidBlackStraight,Friseurschere f¨¹r Kinder. Sicherheitsschere. runde Spitzen. Haarschneideschere. 15.2 cm. Haarschneideschere. professionelle Friseurschere f¨¹r Babys.,1,amazon.de,Amazon,st.gilgen,,5340,MarketplaceFacilitator,15.62,3.12,0,0,0,0,0,0,-3.12,-2.79,-2.57,0,0,10.26,0,0
06.02.2026 17:14:15 UTC,26414969182,Bestellung,302-2310895-0925124,HS-KidBlackStraight,Friseurschere f¨¹r Kinder. Sicherheitsschere. runde Spitzen. Haarschneideschere. 15.2 cm. Haarschneideschere. professionelle Friseurschere f¨¹r Babys.,1,amazon.de,Amazon,Berlin,,10557,MarketplaceFacilitator,15.62,2.97,0,0,0,0,0,0,-2.97,-2.79,-2.57,0,0,10.26,0,0
06.02.2026 18:35:09 UTC,26414969182,Bestellung,028-9621079-1933167,BBQW-ZNO,PURPLEBIRD 31-teiliges Edelstahl Grillzubeh?r Set - Premium BBQ Grillbesteck f¨¹r M?nner & Frauen mit Tragetasche. Grillmatte Garten. Camping & Gebu,1,amazon.de,Amazon,Villingen-Schwenningen,Baden-W¨¹rttemberg,78054,MarketplaceFacilitator,21.84,4.15,0,0,0,0,0,0,-4.15,-3.9,-3.95,0,0,13.99,0,0
06.02.2026 20:30:10 UTC,26414969182,Bestellung,028-0273478-7911578,KF015-Chudao,PURPLEBIRD K¨¹chenmesser Schmieden. Kochmesser Profi Messer. Fleischermesser mit Ergonomischem Griff. K¨¹chenmesser Scharf aus Hochwertigem Carbon Ede,1,amazon.de,Amazon,Split,Splitsko-Dalmatinska,,MarketplaceFacilitator,32.14,8.04,4.95,1.24,0,0,-4.95,-1.24,-8.04,-5.74,-3.44,0,0,22.96,0,0
06.02.2026 20:31:22 UTC,26414969182,Bestellung,302-7468243-7353940,PS04-GreenScrewSetChunker,PURPLEBIRD Fellschere Hunde. 7 Inch Hundeschere Set Profi aus 440C Japanischer Edelstahl Gerade Gebogene aus D¨¹nnen Chunker Schere Set,1,amazon.de,Amazon,Leuna OT K?tzschau,Sachsen Anhalt,06237,MarketplaceFacilitator,21.84,4.15,0,0,0,0,0,0,-4.15,-3.9,-3.04,0,0,14.9,0,0
06.02.2026 20:36:09 UTC,26414969182,Bestellung,306-9077520-8673961,CZ002-XXL,PURPLEBIRD Grillspachtel Set aus Edelstahl. Plancha Spachtels Set mit Gro? Grillwender f¨¹r Smash Burger. Grill Geschenke f¨¹r M?nner,1,amazon.de,Amazon,Schkeuditz,,04435,MarketplaceFacilitator,22.68,4.31,2.09,0.4,0,0,-2.09,-0.4,-4.31,-4.05,-3.44,0,0,15.19,0,0
06.02.2026 21:16:09 UTC,26414969182,Bestellung,302-2714971-9555523,HWD02-ZNO,PURPLEBIRD Outdoor Messer. Messer 12 cm Klinge Feststehende. 440C Edelstahl Bushcraft Camping Messer. Full Tang Scharfe Survival Messer mit Holster f?,1,amazon.de,Amazon,Gladenbach,,35075,MarketplaceFacilitator,18.85,3.58,0,0,0,0,0,0,-3.58,-2.92,-3.04,0,0,12.89,0,0
06.02.2026 21:24:21 UTC,26414969182,Bestellung,028-5756110-3781910,HS-KidBlackStraight,Friseurschere f¨¹r Kinder. Sicherheitsschere. runde Spitzen. Haarschneideschere. 15.2 cm. Haarschneideschere. professionelle Friseurschere f¨¹r Babys.,1,amazon.de,Amazon,Wien,,1010,MarketplaceFacilitator,15.62,3.12,0,0,0,0,0,0,-3.12,-2.79,-2.57,0,0,10.26,0,0
06.02.2026 21:59:04 UTC,26414969182,Bestellung,303-2372596-1487535,CZ002-XXL,PURPLEBIRD Grillspachtel Set aus Edelstahl. Plancha Spachtels Set mit Gro? Grillwender f¨¹r Smash Burger. Grill Geschenke f¨¹r M?nner,2,amazon.de,Amazon,Dobel,Baden-W¨¹rttemberg,75335,,45.36,8.62,0,0,0,0,0,0,0,-8.1,-6.88,0,0,39,0,0
06.02.2026 22:05:35 UTC,26414969182,Bestellung,303-0853475-9785938,GK02,PURPLE BIRD GK02 Gefl¨¹gelschere K¨¹chenschere Profi. 4mm Edelstahl fleischschere mit Sicherheitsschloss & Federbelastung. 103¡ã Schneidwinkel f¨¹r Fl,1,amazon.de,Amazon,Leonberg,,71229,MarketplaceFacilitator,19.73,3.75,1.68,0.32,0,0,-1.68,-0.32,-3.75,-3.52,-3.04,0,0,13.17,0,0
06.02.2026 22:11:33 UTC,26414969182,Erstattung,304-5572476-8747551,CZ008-Brush,PURPLEBIRD BBQ-Grillb¨¹rste 3 in 1 f¨¹r Gussrost. Edelstahl. lange Holzgriff. Ersatzb¨¹rste,1,amazon.de,Amazon,ARNSBERG,NRW,59823,MarketplaceFacilitator,-16.13,-3.06,0,0,0,0,0,0,3.06,1.99,0,0,0,-14.14,0,0
06.02.2026 22:14:49 UTC,26414969182,Bestellung,304-5572476-8747551,CZ008-Brush,PURPLEBIRD BBQ-Grillb¨¹rste 3 in 1 f¨¹r Gussrost. Edelstahl. lange Holzgriff. Ersatzb¨¹rste,1,amazon.de,Amazon,ARNSBERG,NRW,59823,MarketplaceFacilitator,16.13,3.06,0,0,0,0,0,0,-3.06,-2.49,-3.44,0,0,10.2,0,0
06.02.2026 22:15:46 UTC,26414969182,Bestellung,306-7575557-4946727,XS04-Fang,PURPLEBIRD Jagdmesser Feststehende Klinge. Outdoor Messer mit 4.5mm Klingenr¨¹cken. Full Tang Bushcraft Messer mit G10 Griff. Kydex Holster. Tanto Mes,1,amazon.de,Amazon,F¨¹rstenfeldbruck/Puch,,82256,MarketplaceFacilitator,28.56,5.43,0,0,0,0,0,0,-5.43,-4.42,-3.04,0,0,21.1,0,0
06.02.2026 22:25:05 UTC,26414969182,Bestellung,306-7556318-1748303,KM30-G,PURPLEBIRD Klappmesser. Hohe H?rte und Sch?rfe. Taschenmesser EDC Messer mit Taschenclip. Sicherheitsschloss & Rutschfester Griff f¨¹r Outdoor. Surv,1,amazon.de,Amazon,Weinb?hla,,01689,MarketplaceFacilitator,14.99,2.85,0.83,0.16,0,0,0,0,-3.01,-2.32,-3.48,0,0,10.02,0,0
06.02.2026 22:37:56 UTC,26414969182,Bestellung,306-1876306-6278710,CZ002-XXL,PURPLEBIRD Grillspachtel Set aus Edelstahl. Plancha Spachtels Set mit Gro? Grillwender f¨¹r Smash Burger. Grill Geschenke f¨¹r M?nner,1,amazon.de,Amazon,Hechthausen,Niedersachsen,21755,MarketplaceFacilitator,22.68,4.31,0,0,0,0,0,0,-4.31,-4.05,-3.44,0,0,15.19,0,0
06.02.2026 22:55:24 UTC,26414969182,Bestellung,028-0873797-7417941,PS-7.0''DownCurvedThinning,PURPLEBIRD Fellschere 7 Inch Hundeschere Gebogen. Fellschere Katze. Effilierschere Hund zur Fellpflege f¨¹r alle Hunde Katze. Schneiden und Grooming.,1,amazon.de,Amazon,M¨¹hlhausen,,92360,MarketplaceFacilitator,38.79,7.37,0,0,0,0,0,0,-7.37,-6.92,-2.57,0,0,29.3,0,0
06.02.2026 22:59:09 UTC,26414969182,Bestellung,304-7392887-7199510,BBQW-ZNO,PURPLEBIRD 31-teiliges Edelstahl Grillzubeh?r Set - Premium BBQ Grillbesteck f¨¹r M?nner & Frauen mit Tragetasche. Grillmatte Garten. Camping & Gebu,1,amazon.de,Amazon,D¨¹rnstein,,3601,MarketplaceFacilitator,31.92,6.38,0,0,0,0,-7.98,-1.6,-4.78,-4.31,-3.95,0,0,15.68,0,0
06.02.2026 23:09:59 UTC,26414969182,Bestellung,303-0807718-9496324,HWD02-ZNO,PURPLEBIRD Outdoor Messer. Messer 12 cm Klinge Feststehende. 440C Edelstahl Bushcraft Camping Messer. Full Tang Scharfe Survival Messer mit Holster f?,2,amazon.de,Amazon,Ludwigshafen / Rhein,,67063,MarketplaceFacilitator,37.7,7.16,0,0,0,0,0,0,-7.16,-5.84,-6.08,0,0,25.78,0,0
06.02.2026 23:18:40 UTC,26414969182,Bestellung,306-2830438-6706736,HWD02-ZNO,PURPLEBIRD Outdoor Messer. Messer 12 cm Klinge Feststehende. 440C Edelstahl Bushcraft Camping Messer. Full Tang Scharfe Survival Messer mit Holster f?,1,amazon.de,Amazon,Hausmannst?tten,,8071,MarketplaceFacilitator,18.85,3.77,1.11,0.22,0,0,-1.11,-0.22,-3.77,-2.92,-3.04,0,0,12.89,0,0
06.02.2026 23:24:33 UTC,26414969182,Bestellung,028-4622799-2462746,HWD02-ZNO,PURPLEBIRD Outdoor Messer. Messer 12 cm Klinge Feststehende. 440C Edelstahl Bushcraft Camping Messer. Full Tang Scharfe Survival Messer mit Holster f?,1,amazon.de,Amazon,Reuland,,L-76,MarketplaceFacilitator,18.85,3.2,1.74,0.3,0,0,-1.74,-0.3,-3.2,-2.92,-3.04,0,0,12.89,0,0
06.02.2026 23:32:25 UTC,26414969182,Erstattung,304-6924717-7031546,KM30-G,PURPLEBIRD Klappmesser. Hohe H?rte und Sch?rfe. Taschenmesser EDC Messer mit Taschenclip. Sicherheitsschloss & Rutschfester Griff f¨¹r Outdoor. Surv,1,amazon.de,Amazon,Winnenden,,71364,MarketplaceFacilitator,-14.99,-2.85,0,0,0,0,0,0,2.85,1.86,0,0,0,-13.13,0,0
06.02.2026 23:42:48 UTC,26414969182,Bestellung,306-3184314-1896343,HS-KidRedStraight,PURPLEBIRD Haarschere Friseurschere 6-Zoll Edelstahl Sichere Runde Tipps Haarschneideschere Extra Professionelle Haarschnitt Schere f¨¹r Kinder. Perfe,1,amazon.de,Amazon,Meikirch,,30,MarketplaceFacilitator,15.71,1.27,0.93,0.07,0,0,-0.93,-0.07,-1.27,-2.8,-3.42,0,0,9.49,0,0
07.02.2026 00:11:30 UTC,26414969182,Bestellung,305-7020091-3407568,MT002-Black,PURPLEBIRD Multitool Werkzeug 16 in 1 Survival Faltbares Gadgets mit Taschenmesser und 9 Bits Multifunktionstool Zange. Geschenke f¨¹r M?nner Outdoor,1,amazon.de,Amazon,Bochum,,44789,MarketplaceFacilitator,25.71,4.88,0,0,0,0,0,0,-4.88,-3.98,-3.42,0,0,18.31,0,0
07.02.2026 00:15:57 UTC,26414969182,Bestellung,304-4902634-6676357,GSGD-ZNO,PURPLEBIRD Grill Schaber f¨¹r Flachgrills mit 6-Zoll-Edelstahlklinge & Ergonomischem Aluminiumgriff Grillschaber f¨¹r Gastronomie. Haushalt und Gewerb,1,amazon.de,Amazon,Feuchtwangen,,91555,MarketplaceFacilitator,20.16,3.83,0,0,0,0,0,0,-3.83,-3.12,-3.95,0,0,13.09,0,0
07.02.2026 00:16:15 UTC,26414969182,Bestellung,304-9676520-6772367,CZ002-XXL,PURPLEBIRD Grillspachtel Set aus Edelstahl. Plancha Spachtels Set mit Gro? Grillwender f¨¹r Smash Burger. Grill Geschenke f¨¹r M?nner,1,amazon.de,Amazon,Flintsbach A. Inn,,83126,MarketplaceFacilitator,22.68,4.31,0,0,0,0,0,0,-4.31,-4.05,-3.44,0,0,15.19,0,0
07.02.2026 00:26:42 UTC,26414969182,Bestellung,305-1609970-4141161,KF015-Chudao,PURPLEBIRD K¨¹chenmesser Schmieden. Kochmesser Profi Messer. Fleischermesser mit Ergonomischem Griff. K¨¹chenmesser Scharf aus Hochwertigem Carbon Ede,1,amazon.de,Amazon,Naas,Steiermark,8160,MarketplaceFacilitator,32.14,6.43,0,0,0,0,-4.82,-0.97,-5.46,-4.92,-3.44,0,0,18.96,0,0
07.02.2026 01:38:47 UTC,26414969182,Versand durch Amazon Lagergeb¨¹hr,,,FBA-Lagergeb¨¹hr,,Amazon.de,,,,,,0,0,0,0,0,0,0,0,0,0,0,0,-537.61,-537.61,0,0
07.02.2026 07:36:50 UTC,26414969182,Geb¨¹hren von Amazon,ed961b76-6493-4dc4-88fb-848858fc643f,,Coupon-Teilnahmegeb¨¹hr,,Amazon.de,,,,,,0,0,0,0,0,0,0,0,0,-4,0,0,0,-4,0,0
07.02.2026 07:40:55 UTC,26414969182,Geb¨¹hren von Amazon,07740f05-dff0-4944-936a-239b45e1efbc,,Teilnahmegeb¨¹hr f¨¹r das Angebot,,Amazon.de,,,,,,0,0,0,0,0,0,0,0,0,-56,0,0,0,-56,0,0
07.02.2026 07:49:13 UTC,26414969182,Geb¨¹hren von Amazon,07740f05-dff0-4944-936a-239b45e1efbc,,Leistungsbasierte Angebotsgeb¨¹hr,,Amazon.de,,,,,,0,0,0,0,0,0,0,0,0,-13.08,0,0,0,-13.08,0,0
07.02.2026 19:25:14 UTC,26414969182,Bestellung,303-8476907-0419531,BBQW-ZNO,PURPLEBIRD 31-teiliges Edelstahl Grillzubeh?r Set - Premium BBQ Grillbesteck f¨¹r M?nner & Frauen mit Tragetasche. Grillmatte Garten. Camping & Gebu,1,amazon.de,Amazon,Kaltenborn,,53520,MarketplaceFacilitator,21.84,4.15,0,0,0,0,0,0,-4.15,-3.9,-3.95,0,0,13.99,0,0
07.02.2026 19:34:00 UTC,26414969182,Bestellung,304-3699254-7685930,HWD02-ZNO,PURPLEBIRD Outdoor Messer. Messer 12 cm Klinge Feststehende. 440C Edelstahl Bushcraft Camping Messer. Full Tang Scharfe Survival Messer mit Holster f?,1,amazon.de,Amazon,Berlin,Berlin,13158,MarketplaceFacilitator,20.79,3.95,0,0,0,0,0,0,-3.95,-3.22,-3.04,0,0,14.53,0,0
07.02.2026 19:51:08 UTC,26414969182,Bestellung,302-7116677-0137925,GK02,PURPLE BIRD GK02 Gefl¨¹gelschere K¨¹chenschere Profi. 4mm Edelstahl fleischschere mit Sicherheitsschloss & Federbelastung. 103¡ã Schneidwinkel f¨¹r Fl,1,amazon.de,Amazon,Katzenelnbogen,,56368,MarketplaceFacilitator,19.73,3.75,0,0,0,0,0,0,-3.75,-3.52,-3.04,0,0,13.17,0,0
07.02.2026 19:53:49 UTC,26414969182,Bestellung,305-4089422-2334756,KM30-G,PURPLEBIRD Klappmesser. Hohe H?rte und Sch?rfe. Taschenmesser EDC Messer mit Taschenclip. Sicherheitsschloss & Rutschfester Griff f¨¹r Outdoor. Surv,1,amazon.de,Amazon,Hamburg,Hamburg,22339,MarketplaceFacilitator,14.99,2.85,0,0,0,0,0,0,-2.85,-2.32,-2.65,0,0,10.02,0,0
07.02.2026 20:28:12 UTC,26414969182,Bestellung,305-6086954-4129117,CZ005-Grillset,PURPLEBIRD Grillbesteckset 5-TLG. Profi Edelstahl Gril Zubeh?r Werkzeug Set. Tragetasche mit Sch¨¹rzenfunktion. Top Grillbesteck-Set mit Holzgriff. I,1,amazon.de,Amazon,M¨¹nchehofe,,15748,MarketplaceFacilitator,22.18,4.21,0,0,0,0,0,0,-4.21,-3.96,-3.93,0,0,14.29,0,0
07.02.2026 20:37:43 UTC,26414969182,Bestellung,304-9019414-0063515,CZ007-BurgerA,PURPLEBIRD Burgerglocke & Burger Smasher Set. Edelstahl Burgerglocke (? 20cm) mit Schwerlast Gusseisen Burgerpresse (? 17.7cm) Griddle Zubeh?r Set,1,amazon.de,Amazon,Roetgen,Nordrhein-Westfalen,52159,MarketplaceFacilitator,21.14,4.02,0,0,0,0,0,0,-4.02,-3.77,-3.8,0,0,13.57,0,0
07.02.2026 20:41:03 UTC,26414969182,Bestellung,306-9823117-6132317,CZ002-XXL,PURPLEBIRD Grillspachtel Set aus Edelstahl. Plancha Spachtels Set mit Gro? Grillwender f¨¹r Smash Burger. Grill Geschenke f¨¹r M?nner,1,amazon.de,Amazon,Sankt Marein-Feistritz,,8733,MarketplaceFacilitator,22.68,4.54,0,0,0,0,0,0,-4.54,-4.05,-3.44,0,0,15.19,0,0
07.02.2026 20:45:18 UTC,26414969182,Bestellung,305-3364617-2122758,CZ002-XXL,PURPLEBIRD Grillspachtel Set aus Edelstahl. Plancha Spachtels Set mit Gro? Grillwender f¨¹r Smash Burger. Grill Geschenke f¨¹r M?nner,1,amazon.de,Amazon,Gro? Gr?nau,,23627,MarketplaceFacilitator,22.68,4.31,4.19,0.8,0,0,-4.19,-0.8,-4.31,-4.05,-3.44,0,0,15.19,0,0
07.02.2026 21:34:19 UTC,26414969182,Bestellung,306-8221687-1829949,BBQW-ZNO,PURPLEBIRD 31-teiliges Edelstahl Grillzubeh?r Set - Premium BBQ Grillbesteck f¨¹r M?nner & Frauen mit Tragetasche. Grillmatte Garten. Camping & Gebu,1,amazon.de,Amazon,LIMESHAIN,,63694,MarketplaceFacilitator,21.84,4.15,0,0,0,0,0,0,-4.15,-3.9,-3.95,0,0,13.99,0,0
07.02.2026 22:07:25 UTC,26414969182,Bestellung,303-2913244-0273952,XS02-Longgu,PURPLEBIRD Klappmesser Taschenmesser. Survival Outdoor Messer mit Coolem Aussehen. Geschenke f¨¹r M?nner,1,amazon.de,Amazon,Winnenden,Baden-W¨¹rttemberg,71364,MarketplaceFacilitator,14.11,2.68,0,0,0,0,0,0,-2.68,-2.18,-2.65,0,0,9.28,0,0
07.02.2026 22:31:30 UTC,26414969182,Bestellung,304-5099997-8673911,OMFK-B01,PURPLEBIRD Schwarzes Camping Messer aus Kohlenstoffstahl. Hohe H?rte und Sch?rfe. Outdoor Messer mit Messerscheide aus Ebenholz f¨¹r die Jagd. Wande,1,amazon.de,Amazon,Braunschweig,,38126,MarketplaceFacilitator,25.54,4.85,3.35,0.64,0,0,0,0,-5.49,-3.95,-6.39,0,0,18.55,0,0
07.02.2026 22:54:53 UTC,26414969182,Bestellung,306-3031907-0379509,CZ007-BurgerB,PURPLEBIRD Burgerglocke & Burger Smasher Set. Edelstahl Burgerglocke XL (? 24cm) mit Schwerlast Gusseisen Burgerpresse (? 17.7cm). Zweiteiliges Burg,1,amazon.de,Amazon,Essen,,45133,MarketplaceFacilitator,25.62,4.87,0,0,0,0,0,0,-4.87,-4.57,-3.43,0,0,17.62,0,0
07.02.2026 22:59:47 UTC,26414969182,Bestellung,306-6041567-4049907,HWD02-ZNO,PURPLEBIRD Outdoor Messer. Messer 12 cm Klinge Feststehende. 440C Edelstahl Bushcraft Camping Messer. Full Tang Scharfe Survival Messer mit Holster f?,1,amazon.de,Amazon,Klagenfurt am W?rthersee,,9020,MarketplaceFacilitator,20.79,4.16,0,0,0,0,0,0,-4.16,-3.22,-3.04,0,0,14.53,0,0
07.02.2026 23:01:29 UTC,26414969182,Bestellung,305-1500717-4604304,CZ-Axt2,PURPLEBIRD Axt Beil mit Scheide 37.8cm Spaltaxt f¨¹r Holz Handgeschmiedet Handbeil mit Ergonomischer Holzgriff Survival Axt Camping Axt Outdoor Bushcr,1,amazon.de,Amazon,Cham,,93413,MarketplaceFacilitator,15.96,3.03,0,0,0,0,0,0,-3.03,-2.85,-3.8,0,0,9.31,0,0
07.02.2026 23:25:55 UTC,26414969182,Bestellung,306-5617552-7777163,BBQW-ZNO,PURPLEBIRD 31-teiliges Edelstahl Grillzubeh?r Set - Premium BBQ Grillbesteck f¨¹r M?nner & Frauen mit Tragetasche. Grillmatte Garten. Camping & Gebu,1,amazon.de,Amazon,Flecken Zechlin,,16837,MarketplaceFacilitator,21.84,4.15,0,0,0,0,0,0,-4.15,-3.9,-3.95,0,0,13.99,0,0
07.02.2026 23:40:43 UTC,26414969182,Bestellung,305-7705472-5935562,KF014-OutdoorA,PURPLEBIRD Jagdmesser Feststehende Klinge Scharfes. Messer Outdoor Survival mit Lederscheide. D2 Stahl G¨¹rtelmesser & Camping Messer Outdoor Geschenk,1,amazon.de,Amazon,Ankum,,49577,MarketplaceFacilitator,24.28,4.61,0.48,0.09,0,0,-0.48,-0.09,-4.61,-3.76,-3.04,0,0,17.48,0,0
07.02.2026 23:49:50 UTC,26414969182,Bestellung,304-0906078-0824332,HS-KidRedStraight,PURPLEBIRD Haarschere Friseurschere 6-Zoll Edelstahl Sichere Runde Tipps Haarschneideschere Extra Professionelle Haarschnitt Schere f¨¹r Kinder. Perfe,1,amazon.de,Amazon,Annaberg-Buchholz,,09456,MarketplaceFacilitator,15.71,2.98,0,0,0,0,0,0,-2.98,-2.8,-3.42,0,0,9.49,0,0
07.02.2026 23:59:24 UTC,26414969182,Bestellung,302-7903349-0603564,KF015-Fish6,PURPLEBIRD Filetiermesser f¨¹r Fisch 15 CM mit Scheide. 440C Edelstahl Fischmesser zum Schneiden von Fleisch mit Holzgriff. Filitiermesser Scharf Fisc,1,amazon.de,Amazon,D¨¹ren,,52349,MarketplaceFacilitator,22.13,4.21,0,0,0,0,0,0,-4.21,-3.95,-3.04,0,0,15.14,0,0
08.02.2026 00:21:23 UTC,26414969182,Bestellung,304-2236246-1528361,KM30-F,PURPLEBIRD Klappmesser. Rettungsmesser mit Gurtschneider & Glasbrecher. EDC Messer mit Taschenclip. Sicherheitsschloss & Rutschfester Griff f¨¹r Outdo,1,amazon.de,Amazon,Wien,,1100,MarketplaceFacilitator,12.7,2.54,1.04,0.21,0,0,0,0,-2.75,-1.96,-3.7,0,0,8.08,0,0
08.02.2026 07:07:51 UTC,26414969182,Geb¨¹hren von Amazon,43182c6c-62b9-4f20-8516-3b2d846a125d,,Teilnahmegeb¨¹hr f¨¹r das Angebot,,Amazon.de,,,,,,0,0,0,0,0,0,0,0,0,-4,0,0,0,-4,0,0
08.02.2026 18:38:40 UTC,26414969182,Anpassung,303-4699531-5798711,HS-KidRedStraight,Versand durch Amazon Erstattung f¨¹r Lagerbestand - Kundenr¨¹cksendung,1,,,,,,,0,0,0,0,0,0,0,0,0,0,0,0,8.72,8.72,0,0
08.02.2026 23:14:37 UTC,26414969182,Bestellung,304-5209550-3917968,CZ003-Wood,PURPLEBIRD Burgerpresse. 10.8cm Aluguss Burger Pattie Presse mit Antihaft. 3 Stufen der Dicke einstellbar. Professioneller Hamburgerpresse mit Holzgri,1,amazon.de,Amazon,Ludwigshafen am Rhein,,67059,MarketplaceFacilitator,17.64,3.35,0,0,0,0,0,0,-3.35,-3.15,-3.4,0,0,11.09,0,0
09.02.2026 07:29:35 UTC,26414969182,Bestellung,S02-9435110-9361543,KF015-Chudao,PURPLEBIRD K¨¹chenmesser Schmieden. Kochmesser Profi Messer. Fleischermesser mit Ergonomischem Griff. K¨¹chenmesser Scharf aus Hochwertigem Carbon Edelstahl f¨¹r K¨¹chen. Camping und Grill,1,si-prod-marketplace-de.stores.amazon.de,Amazon,Sulej¨®wek,Mazowieckie,5ÔÂ7ÈÕ,,0,0,0,0,0,0,0,0,0,0,-11.7,0,0,-11.7,0,0
09.02.2026 07:42:57 UTC,26414969182,Bestellung,S02-2192511-9477522,KF015-Fish6,PURPLEBIRD Filetiermesser f¨¹r Fisch 15 CM mit Scheide. 440C Edelstahl Fischmesser zum Schneiden von Fleisch mit Holzgriff. Filitiermesser Scharf Fisch. K¨¹che & Outdoor zum Fischen. Grillen f¨¹r M?nner,1,si-prod-marketplace-de.stores.amazon.de,Amazon,Salzwedel. Hansestadt,Sachsen-Anhalt,29410,,0,0,0,0,0,0,0,0,0,0,-5.55,0,0,-5.55,0,0
09.02.2026 15:35:34 UTC,26414969182,Bestellung,303-4096100-5377141,GK02,PURPLE BIRD GK02 Gefl¨¹gelschere K¨¹chenschere Profi. 4mm Edelstahl fleischschere mit Sicherheitsschloss & Federbelastung. 103¡ã Schneidwinkel f¨¹r Fl,1,amazon.de,Amazon,Eckfeld,,54531,MarketplaceFacilitator,22.68,4.31,0,0,0,0,0,0,-4.31,-4.05,-3.04,0,0,15.59,0,0
09.02.2026 16:44:08 UTC,26414969182,Bestellung,305-0272265-4702746,HS-KidBlackStraight,Friseurschere f¨¹r Kinder. Sicherheitsschere. runde Spitzen. Haarschneideschere. 15.2 cm. Haarschneideschere. professionelle Friseurschere f¨¹r Babys.,1,amazon.de,Amazon,Niederkassel,,53859,MarketplaceFacilitator,16.8,3.19,0,0,0,0,0,0,-3.19,-3,-2.31,0,0,11.49,0,0
09.02.2026 17:12:46 UTC,26414969182,Servicegeb¨¹hr,,,Werbekosten,,,,,,,,0,0,0,0,0,0,0,0,0,0,0,-504.1,0,-504.1,0,0
09.02.2026 17:28:31 UTC,26414969182,Bestellung,028-0639679-6717959,HS-KidBlackStraight,Friseurschere f¨¹r Kinder. Sicherheitsschere. runde Spitzen. Haarschneideschere. 15.2 cm. Haarschneideschere. professionelle Friseurschere f¨¹r Babys.,1,amazon.de,Amazon,Hagen Im Bremischen,,27628,MarketplaceFacilitator,16.8,3.19,0,0,0,0,0,0,-3.19,-3,-2.57,0,0,11.23,0,0
09.02.2026 17:50:15 UTC,26414969182,Bestellung,302-1403458-8526733,GK02,PURPLE BIRD GK02 Gefl¨¹gelschere K¨¹chenschere Profi. 4mm Edelstahl fleischschere mit Sicherheitsschloss & Federbelastung. 103¡ã Schneidwinkel f¨¹r Fl,1,amazon.de,Amazon,Gr?fenberg,,91322,MarketplaceFacilitator,19.73,3.75,0,0,0,0,0,0,-3.75,-3.52,-3.04,0,0,13.17,0,0
09.02.2026 18:12:27 UTC,26414969182,Bestellung,028-0070885-9414711,CZ007-Burgerpresse,PURPLEBIRD Schwerlast Burger Smasher Gusseisen (?17.7cm) | 1kg Profi-Grillgewicht f¨¹r gleichm??ige Br?unung | Smash Burger Presse f¨¹r Gasgrill.,1,amazon.de,Amazon,Berlin,,12247,MarketplaceFacilitator,11.5,2.18,0,0,0,0,0,0,-2.18,-2.05,-3.41,0,0,6.04,0,0
09.02.2026 19:10:00 UTC,26414969182,Bestellung,306-3303494-8207525,HS-KidRedStraight,PURPLEBIRD Haarschere Friseurschere 6-Zoll Edelstahl Sichere Runde Tipps Haarschneideschere Extra Professionelle Haarschnitt Schere f¨¹r Kinder. Perfe,1,amazon.de,Amazon,Vilnius,Vilniaus miestas,,MarketplaceFacilitator,15.71,3.3,1.59,0.33,0,0,-1.59,-0.33,-3.3,-2.8,-3.42,0,0,9.49,0,0
09.02.2026 20:10:57 UTC,26414969182,Bestellung,304-3440038-0339515,HWD02-ZNO,PURPLEBIRD Outdoor Messer. Messer 12 cm Klinge Feststehende. 440C Edelstahl Bushcraft Camping Messer. Full Tang Scharfe Survival Messer mit Holster f?,1,amazon.de,Amazon,Krautheim,,74238,MarketplaceFacilitator,20.79,3.95,0,0,0,0,0,0,-3.95,-3.22,-3.04,0,0,14.53,0,0
09.02.2026 20:50:42 UTC,26414969182,Bestellung,304-6561680-2842710,PS04-GreenScrewSetChunker,PURPLEBIRD Fellschere Hunde. 7 Inch Hundeschere Set Profi aus 440C Japanischer Edelstahl Gerade Gebogene aus D¨¹nnen Chunker Schere Set,1,amazon.de,Amazon,Zossen,Brandenburg,15806,MarketplaceFacilitator,20.16,3.83,0,0,0,0,0,0,-3.83,-3.6,-3.04,0,0,13.52,0,0
09.02.2026 20:55:49 UTC,26414969182,Bestellung,303-9675135-2002708,HWD02-ZNO,PURPLEBIRD Outdoor Messer. Messer 12 cm Klinge Feststehende. 440C Edelstahl Bushcraft Camping Messer. Full Tang Scharfe Survival Messer mit Holster f?,1,amazon.de,Amazon,wuppertal,NRW,42105,MarketplaceFacilitator,20.79,3.95,0,0,0,0,0,0,-3.95,-3.22,-3.04,0,0,14.53,0,0
09.02.2026 21:00:00 UTC,26414969182,Bestellung,302-8140734-3126752,HS-KidBlackStraight,Friseurschere f¨¹r Kinder. Sicherheitsschere. runde Spitzen. Haarschneideschere. 15.2 cm. Haarschneideschere. professionelle Friseurschere f¨¹r Babys.,1,amazon.de,Amazon,Praha,,,MarketplaceFacilitator,16.8,3.53,1.45,0.31,0,0,-1.45,-0.31,-3.53,-3,-2.57,0,0,11.23,0,0
09.02.2026 21:01:49 UTC,26414969182,Bestellung,306-8604102-1098703,CZ-Axt2,PURPLEBIRD Axt Beil mit Scheide 37.8cm Spaltaxt f¨¹r Holz Handgeschmiedet Handbeil mit Ergonomischer Holzgriff Survival Axt Camping Axt Outdoor Bushcr,1,amazon.de,Amazon,Regensburg,Bayern,93047,MarketplaceFacilitator,21,3.99,0,0,0,0,0,0,-3.99,-3.75,-3.8,0,0,13.45,0,0
09.02.2026 21:03:55 UTC,26414969182,Bestellung,304-9556871-1005944,HS-KidBlackStraight,Friseurschere f¨¹r Kinder. Sicherheitsschere. runde Spitzen. Haarschneideschere. 15.2 cm. Haarschneideschere. professionelle Friseurschere f¨¹r Babys.,1,amazon.de,Amazon,Borchen,,33178,MarketplaceFacilitator,15.12,2.87,0,0,0,0,0,0,-2.87,-2.7,-2.57,0,0,9.85,0,0
09.02.2026 21:13:09 UTC,26414969182,Bestellung,304-3409578-0262761,OMFK-B01,PURPLEBIRD Schwarzes Camping Messer aus Kohlenstoffstahl. Hohe H?rte und Sch?rfe. Outdoor Messer mit Messerscheide aus Ebenholz f¨¹r die Jagd. Wande,1,amazon.de,Amazon,Obersontheim,,74423,MarketplaceFacilitator,33.61,6.38,0,0,0,0,0,0,-6.38,-5.2,-3.04,0,0,25.37,0,0
09.02.2026 21:16:06 UTC,26414969182,Bestellung,303-7266607-4787530,BBQW-ZNO,PURPLEBIRD 31-teiliges Edelstahl Grillzubeh?r Set - Premium BBQ Grillbesteck f¨¹r M?nner & Frauen mit Tragetasche. Grillmatte Garten. Camping & Gebu,1,amazon.de,Amazon,Sch?nkirchen,,24232,MarketplaceFacilitator,21.84,4.15,0,0,0,0,0,0,-4.15,-3.9,-3.95,0,0,13.99,0,0
09.02.2026 21:38:50 UTC,26414969182,Bestellung,302-3268914-2689137,CZ002-XXL,PURPLEBIRD Grillspachtel Set aus Edelstahl. Plancha Spachtels Set mit Gro? Grillwender f¨¹r Smash Burger. Grill Geschenke f¨¹r M?nner,1,amazon.de,Amazon,Jestetten,Baden-W¨¹rttemberg,79798,MarketplaceFacilitator,22.68,4.31,0,0,0,0,0,0,-4.31,-4.05,-3.44,0,0,15.19,0,0
09.02.2026 21:41:19 UTC,26414969182,Bestellung,303-7333949-8630722,HS-KidBlackStraight,Friseurschere f¨¹r Kinder. Sicherheitsschere. runde Spitzen. Haarschneideschere. 15.2 cm. Haarschneideschere. professionelle Friseurschere f¨¹r Babys.,1,amazon.de,Amazon,Treuchtlingen,,91757,MarketplaceFacilitator,15.12,2.87,0,0,0,0,0,0,-2.87,-2.7,-2.57,0,0,9.85,0,0
09.02.2026 21:42:47 UTC,26414969182,Bestellung,302-7236728-4137164,CZ002-XXL,PURPLEBIRD Grillspachtel Set aus Edelstahl. Plancha Spachtels Set mit Gro? Grillwender f¨¹r Smash Burger. Grill Geschenke f¨¹r M?nner,1,amazon.de,Amazon,Sch?naich,,71101,MarketplaceFacilitator,22.68,4.31,4.19,0.8,0,0,-4.19,-0.8,-4.31,-4.05,-3.44,0,0,15.19,0,0
09.02.2026 21:48:29 UTC,26414969182,Bestellung,028-4129549-3617161,HS02-StripingBlack-Thinning,PURPLEBIRD Haarschere Friseurschere 6 Inch Effilierschere Scharfe Haarschneideschere Japanischer Edelstahl 440C f¨¹r Damen und Herren Haarschneidesche,1,amazon.de,Amazon,Sankt Agatha,,4084,MarketplaceFacilitator,25.2,5.04,0.83,0.17,0,0,-0.83,-0.17,-5.04,-4.5,-2.57,0,0,18.13,0,0
09.02.2026 21:54:44 UTC,26414969182,Bestellung,306-1469750-7655525,HS-KidBlackStraight,Friseurschere f¨¹r Kinder. Sicherheitsschere. runde Spitzen. Haarschneideschere. 15.2 cm. Haarschneideschere. professionelle Friseurschere f¨¹r Babys.,1,amazon.de,Amazon,Wals-Siezenheim,,5071,MarketplaceFacilitator,15.62,3.12,0,0,0,0,0,0,-3.12,-2.79,-2.57,0,0,10.26,0,0
09.02.2026 22:04:11 UTC,26414969182,Bestellung,305-9984237-4630755,HS-KidBlackStraight,Friseurschere f¨¹r Kinder. Sicherheitsschere. runde Spitzen. Haarschneideschere. 15.2 cm. Haarschneideschere. professionelle Friseurschere f¨¹r Babys.,1,amazon.de,Amazon,Rendsburg,,24768,MarketplaceFacilitator,15.62,2.97,0,0,0,0,0,0,-2.97,-2.79,-2.57,0,0,10.26,0,0
09.02.2026 22:43:26 UTC,26414969182,Bestellung,302-9985652-7488335,HS-KidRedStraight,PURPLEBIRD Haarschere Friseurschere 6-Zoll Edelstahl Sichere Runde Tipps Haarschneideschere Extra Professionelle Haarschnitt Schere f¨¹r Kinder. Perfe,1,amazon.de,Amazon,Alsdorf,,52477,MarketplaceFacilitator,15.71,2.98,0,0,0,0,0,0,-2.98,-2.8,-3.42,0,0,9.49,0,0
09.02.2026 22:45:38 UTC,26414969182,Bestellung,305-7193038-9970763,KF015-Chanzi,PURPLEBIRD 12-in-1 Klappspaten mit 180¡ã Camping-Axt | ¨¹berlebens-Set inkl. Multitool. Camping Axe & Tragebag f¨¹r Outdoor/Camping (rostfrei & faltba,1,amazon.de,Amazon,M¨¹nchen,,81735,MarketplaceFacilitator,27.55,5.24,0,0,0,0,0,0,-5.24,-4.26,-4.54,0,0,18.75,0,0
09.02.2026 23:23:00 UTC,26414969182,Bestellung,303-8125268-3069933,HS-KidBlackStraight,Friseurschere f¨¹r Kinder. Sicherheitsschere. runde Spitzen. Haarschneideschere. 15.2 cm. Haarschneideschere. professionelle Friseurschere f¨¹r Babys.,1,amazon.de,Amazon,Hamburg,,21035,MarketplaceFacilitator,16.8,3.19,0,0,0,0,0,0,-3.19,-3,-2.57,0,0,11.23,0,0
09.02.2026 23:32:46 UTC,26414969182,Bestellung,302-6963514-9915512,OMFK-B01,PURPLEBIRD Schwarzes Camping Messer aus Kohlenstoffstahl. Hohe H?rte und Sch?rfe. Outdoor Messer mit Messerscheide aus Ebenholz f¨¹r die Jagd. Wande,1,amazon.de,Amazon,halle/saale,Sachsen-Anhalt,06124,MarketplaceFacilitator,25.54,4.85,3.35,0.64,0,0,0,0,-5.49,-3.95,-6.39,0,0,18.55,0,0
09.02.2026 23:45:19 UTC,26414969182,Bestellung,304-7328675-4232305,7M-84SC-GPB7,PURPLEBIRD Messer mit Feststehender Klinge. Camping Messer mit Scheide und Verstellbarer G¨¹rtelclip. Full Tang Outdoor Messer aus 440C Stahl mit G10,1,amazon.de,Amazon,Marbach am Neckar,Baden-W¨¹rttemberg,71672,MarketplaceFacilitator,26.46,5.03,0,0,0,0,0,0,-5.03,-4.09,-3.04,0,0,19.33,0,0
10.02.2026 03:34:12 UTC,26414969182,Anpassung,028-2492568-6595537,PB-OK-02,Versand durch Amazon Erstattung f¨¹r Lagerbestand - Kundenr¨¹cksendung,1,,,,,,,0,0,0,0,0,0,0,0,0,0,0,0,23.03,23.03,0,0
10.02.2026 04:03:23 UTC,26414969182,Liquidationen,101476512152552,X001S1NK1J,PURPLEBIRD Jagdmesser Feststehende Klinge Messer Outdoor Bushcraft Survival Messer Full Tang Camping Messer,1,,,,,,,0.25,0,0,0,0,0,0,0,0,0,0,-0.74,0,-0.49,0,0
10.02.2026 08:07:44 UTC,26414969182,Bestellung,303-7862965-9089957,PB-OK-02,PURPLEBIRD Outdoor Messer. Machete Scharf Echt mit 6MM Klingenr¨¹cken. D2 Stahl Full Tang Bowiemesser mit Scheide. f¨¹r Wandern & Bushcraft. Geschenke,1,amazon.de,Amazon,Amerang,,83123,MarketplaceFacilitator,32.85,6.24,3.35,0.64,0,0,-3.35,-0.64,-6.24,-5.08,-4.74,0,0,23.03,0,0
10.02.2026 14:28:04 UTC,26414969182,Bestellung,303-7550658-3811525,CZ003-Wood,PURPLEBIRD Burgerpresse. 10.8cm Aluguss Burger Pattie Presse mit Antihaft. 3 Stufen der Dicke einstellbar. Professioneller Hamburgerpresse mit Holzgri,1,amazon.de,Amazon,Seeham,Salzburg,5164,MarketplaceFacilitator,17.64,3.53,0,0,0,0,0,0,-3.53,-3.15,-3.4,0,0,11.09,0,0
10.02.2026 14:55:43 UTC,26414969182,Anpassung,,CZ007-Burgerpresse,Versand durch Amazon Erstattung f¨¹r Lagerbestand - Im Lager verloren,1,,,,,,,0,0,0,0,0,0,0,0,0,0,0,0,5.37,5.37,0,0
10.02.2026 15:15:48 UTC,26414969182,Bestellung,304-4279301-7806738,GK02,PURPLE BIRD GK02 Gefl¨¹gelschere K¨¹chenschere Profi. 4mm Edelstahl fleischschere mit Sicherheitsschloss & Federbelastung. 103¡ã Schneidwinkel f¨¹r Fl,1,amazon.de,Amazon,Wolfsburg,,38448,MarketplaceFacilitator,19.73,3.75,3.35,0.64,0,0,0,0,-4.39,-3.52,-6.39,0,0,13.17,0,0
10.02.2026 15:25:43 UTC,26414969182,Bestellung,303-8732906-2997937,KF014-OutdoorA,PURPLEBIRD Jagdmesser Feststehende Klinge Scharfes. Messer Outdoor Survival mit Lederscheide. D2 Stahl G¨¹rtelmesser & Camping Messer Outdoor Geschenk,1,amazon.de,Amazon,Leipzig,Sachsen,04155,MarketplaceFacilitator,24.28,4.61,1.12,0.21,0,0,-1.12,-0.21,-4.61,-3.76,-3.04,0,0,17.48,0,0
10.02.2026 15:28:58 UTC,26414969182,Bestellung,028-8982209-4820320,GK02,PURPLE BIRD GK02 Gefl¨¹gelschere K¨¹chenschere Profi. 4mm Edelstahl Knochenschere mit Sicherheitsschloss & Federbelastung. 103¡ã Schneidwinkel f¨¹r Fl,1,amazon.de,Amazon,Rechenberg-Bienenm¨¹hle,Sachsen,09623,MarketplaceFacilitator,22.68,4.31,0,0,0,0,0,0,-4.31,-4.05,-3.04,0,0,15.59,0,0
10.02.2026 16:08:23 UTC,26414969182,Bestellung,302-0157590-4193914,HWD02-ZNO,PURPLEBIRD Outdoor Messer. Messer 12 cm Klinge Feststehende. 440C Edelstahl Bushcraft Camping Messer. Full Tang Scharfe Survival Messer mit Holster f?,2,amazon.de,Amazon,P??neck,,07381,MarketplaceFacilitator,41.58,7.9,0,0,0,0,0,0,-7.9,-6.44,-6.08,0,0,29.06,0,0
10.02.2026 16:13:50 UTC,26414969182,Bestellung,S02-8456934-6036747,KF015-Fish6,PURPLEBIRD Filetiermesser f¨¹r Fisch 15 CM mit Scheide. 440C Edelstahl Fischmesser zum Schneiden von Fleisch mit Holzgriff. Filitiermesser Scharf Fisch. K¨¹che & Outdoor zum Fischen. Grillen f¨¹r M?nner,1,si-prod-marketplace-de.stores.amazon.de,Amazon,Schwieberdingen,Baden-W¨¹rttemberg,71701,,0,0,0,0,0,0,0,0,0,0,-5.55,0,0,-5.55,0,0
10.02.2026 16:33:27 UTC,26414969182,Bestellung,304-1763216-1499504,GK02,PURPLE BIRD GK02 Gefl¨¹gelschere K¨¹chenschere Profi. 4mm Edelstahl fleischschere mit Sicherheitsschloss & Federbelastung. 103¡ã Schneidwinkel f¨¹r Fl,1,amazon.de,Amazon,Magdeburg,,39108,MarketplaceFacilitator,22.68,4.31,0,0,0,0,0,0,-4.31,-4.05,-3.04,0,0,15.59,0,0
10.02.2026 16:38:18 UTC,26414969182,Bestellung,303-8136049-2689940,GK02,PURPLE BIRD GK02 Gefl¨¹gelschere K¨¹chenschere Profi. 4mm Edelstahl fleischschere mit Sicherheitsschloss & Federbelastung. 103¡ã Schneidwinkel f¨¹r Fl,1,amazon.de,Amazon,B¨¹hlertann,,74424,MarketplaceFacilitator,22.68,4.31,0,0,0,0,0,0,-4.31,-4.05,-3.04,0,0,15.59,0,0
10.02.2026 17:04:23 UTC,26414969182,Bestellung,S02-0833642-8216742,GSGD-ZNO,PURPLEBIRD Grill Schaber f¨¹r Flachgrills mit 6-Zoll-Edelstahlklinge & Ergonomischem Aluminiumgriff Grillschaber f¨¹r Gastronomie. Haushalt und Gewerbe.Geschenke f¨¹r M?nner und Frauen,1,si-prod-marketplace-de.stores.amazon.de,Amazon,GOUDA,ZUID-HOLLAND,2801,,0,0,0,0,0,0,0,0,0,0,-12.81,0,0,-12.81,0,0
10.02.2026 18:35:34 UTC,26414969182,Bestellung,305-5545597-4950753,PB-OK-02,PURPLEBIRD Outdoor Messer. Machete Scharf Echt mit 6MM Klingenr¨¹cken. D2 Stahl Full Tang Bowiemesser mit Scheide. f¨¹r Wandern & Bushcraft. Geschenke,1,amazon.de,Amazon,Werdau,Sachsen,08412,MarketplaceFacilitator,38.65,7.34,0,0,0,0,0,0,-7.34,-5.98,-4.74,0,0,27.93,0,0
10.02.2026 18:38:48 UTC,26414969182,Bestellung,302-7432622-7649124,HS-KidBlackStraight,Friseurschere f¨¹r Kinder. Sicherheitsschere. runde Spitzen. Haarschneideschere. 15.2 cm. Haarschneideschere. professionelle Friseurschere f¨¹r Babys.,1,amazon.de,Amazon,Marchtrenk,Ober?sterreich,4614,MarketplaceFacilitator,16.8,3.36,0,0,0,0,0,0,-3.36,-3,-2.57,0,0,11.23,0,0
10.02.2026 20:26:00 UTC,26414969182,Bestellung,302-7278087-6419536,HS03-Silver-Thinning,PURPLEBIRD Haarschere Friseurschere 6 Inch Effilierschere Scharfe Haarschneideschere Japanischer Edelstahl 440C f¨¹r Damen und Herren Haarschere mit k,1,amazon.de,Amazon,Cottbus,,03046,MarketplaceFacilitator,21,3.99,0.55,0.11,0,0,-0.55,-0.11,-3.99,-3.75,-2.57,0,0,14.68,0,0
10.02.2026 20:27:16 UTC,26414969182,Bestellung,305-8714166-5417964,HS-KidBlackStraight,Friseurschere f¨¹r Kinder. Sicherheitsschere. runde Spitzen. Haarschneideschere. 15.2 cm. Haarschneideschere. professionelle Friseurschere f¨¹r Babys.,1,amazon.de,Amazon,Leiblfing,Deutschland,94339,MarketplaceFacilitator,16.8,3.19,0,0,0,0,0,0,-3.19,-3,-2.57,0,0,11.23,0,0
10.02.2026 20:53:05 UTC,26414969182,Bestellung,305-5096777-6643515,GK02,PURPLE BIRD GK02 Gefl¨¹gelschere K¨¹chenschere Profi. 4mm Edelstahl fleischschere mit Sicherheitsschloss & Federbelastung. 103¡ã Schneidwinkel f¨¹r Fl,1,amazon.de,Amazon,Mettmann,Nordrhein-Westfalen,40822,MarketplaceFacilitator,19.73,3.75,1.67,0.32,0,0,0,0,-4.07,-3.52,-4.71,0,0,13.17,0,0
10.02.2026 20:53:20 UTC,26414969182,Bestellung,303-4046394-0843507,OMFK-B01,PURPLEBIRD Schwarzes Camping Messer aus Kohlenstoffstahl. Hohe H?rte und Sch?rfe. Outdoor Messer mit Messerscheide aus Ebenholz f¨¹r die Jagd. Wande,1,amazon.de,Amazon,Stade,,21680,MarketplaceFacilitator,25.54,4.85,3.35,0.64,0,0,0,0,-5.49,-3.95,-3.35,0,0,21.59,0,0
10.02.2026 20:54:02 UTC,26414969182,Anpassung,306-3838029-7868302,KF014-OutdoorA,Versand durch Amazon Erstattung f¨¹r Lagerbestand - Kundenr¨¹cksendung,1,,,,,,,0,0,0,0,0,0,0,0,0,0,0,0,21.1,21.1,0,0
10.02.2026 21:24:29 UTC,26414969182,Bestellung,304-9409899-7558714,GK02,PURPLE BIRD GK02 Gefl¨¹gelschere K¨¹chenschere Profi. 4mm Edelstahl fleischschere mit Sicherheitsschloss & Federbelastung. 103¡ã Schneidwinkel f¨¹r Fl,1,amazon.de,Amazon,frankfurt am main,Hessen,60439,MarketplaceFacilitator,22.68,4.31,0,0,0,0,0,0,-4.31,-4.05,-3.04,0,0,15.59,0,0
10.02.2026 21:28:26 UTC,26414969182,Bestellung,304-5221994-3713928,Camp-S,PURPLEBIRD Camping Geschirr Set 2 Personen. Silber 10-teiliges Camping Geschirr Set mit Edelstahl Gabeln. Tafelmesser und L?ffel. 10 St¨¹ck Tragbars,1,amazon.de,Amazon,Rostock,,18069,MarketplaceFacilitator,37.82,7.18,0,0,0,0,-22.71,-4.31,-2.87,-2.7,-3.44,0,0,8.97,0,0
10.02.2026 21:37:56 UTC,26414969182,Bestellung,303-3296808-2870740,HS03-Silver-Thinning,PURPLEBIRD Haarschere Friseurschere 6 Inch Effilierschere Scharfe Haarschneideschere Japanischer Edelstahl 440C f¨¹r Damen und Herren Haarschere mit k,1,amazon.de,Amazon,Bovenden,,37120,MarketplaceFacilitator,21,3.99,0,0,0,0,0,0,-3.99,-3.75,-2.57,0,0,14.68,0,0
10.02.2026 21:37:56 UTC,26414969182,Bestellung,303-3296808-2870740,HS03-SilverStraight2,PURPLEBIRD Haarschere Friseurschere 6 Inch Effilierschere Scharfe Haarschneideschere Japanischer Edelstahl 440C f¨¹r Damen und Herren Haarschere,1,amazon.de,Amazon,Bovenden,,37120,MarketplaceFacilitator,21,3.99,0,0,0,0,0,0,-3.99,-3.75,-2.57,0,0,14.68,0,0
10.02.2026 21:46:29 UTC,26414969182,Bestellung,305-7900292-1535547,Camp-G,PURPLEBIRD LEBIRD Camping Geschirr Set 2 Personen. Golden 10-teiliges Camping Geschirr Set mit Edelstahl Gabeln. Tafelmesser und L?ffel. 10 St¨¹ck Tr,1,amazon.de,Amazon,Bad Gastein,Salzburg,5640,MarketplaceFacilitator,37.82,7.56,0,0,0,0,0,0,-7.56,-6.75,-3.44,0,0,27.63,0,0
10.02.2026 22:05:19 UTC,26414969182,Bestellung,302-9679773-7055500,HWD02-ZNO,PURPLEBIRD Outdoor Messer. Messer 12 cm Klinge Feststehende. 440C Edelstahl Bushcraft Camping Messer. Full Tang Scharfe Survival Messer mit Holster f?,1,amazon.de,Amazon,Trattenbach,Nieder?sterreich,2881,MarketplaceFacilitator,27.72,5.54,0,0,0,0,0,0,-5.54,-4.29,-3.04,0,0,20.39,0,0
10.02.2026 22:23:03 UTC,26414969182,Bestellung,304-8496795-3227526,HS-KidBlackStraight,Friseurschere f¨¹r Kinder. Sicherheitsschere. runde Spitzen. Haarschneideschere. 15.2 cm. Haarschneideschere. professionelle Friseurschere f¨¹r Babys.,1,amazon.de,Amazon,Bad S?ckingen,,79713,MarketplaceFacilitator,16.8,3.19,1.68,0.32,0,0,0,0,-3.51,-3,-4.25,0,0,11.23,0,0
10.02.2026 22:49:27 UTC,26414969182,Bestellung,303-2554954-1432356,CZ002-XXL,PURPLEBIRD Grillspachtel Set aus Edelstahl. Plancha Spachtels Set mit Gro? Grillwender f¨¹r Smash Burger. Grill Geschenke f¨¹r M?nner,1,amazon.de,Amazon,Olpe,,57462,MarketplaceFacilitator,22.68,4.31,3.35,0.64,0,0,0,0,-4.95,-4.05,-6.79,0,0,15.19,0,0
10.02.2026 22:59:26 UTC,26414969182,Bestellung,028-7353354-9491537,CZ002-XXL,PURPLEBIRD Grillspachtel Set aus Edelstahl. Plancha Spachtels Set mit Gro? Grillwender f¨¹r Smash Burger. Grill Geschenke f¨¹r M?nner,1,amazon.de,Amazon,NORDHORN,,48527,MarketplaceFacilitator,22.68,4.31,0,0,0,0,0,0,-4.31,-4.05,-3.44,0,0,15.19,0,0
10.02.2026 23:03:58 UTC,26414969182,Bestellung,302-0107893-6772334,KF015-Chanzi,PURPLEBIRD 12-in-1 Klappspaten mit 180¡ã Camping-Axt | ¨¹berlebens-Set inkl. Multitool. Camping Axe & Tragebag f¨¹r Outdoor/Camping (rostfrei & faltba,1,amazon.de,Amazon,Neckarsulm,Baden-W¨¹rttemberg,74172,MarketplaceFacilitator,27.55,5.24,0,0,0,0,0,0,-5.24,-4.26,-4.54,0,0,18.75,0,0
10.02.2026 23:05:14 UTC,26414969182,Bestellung,028-5231170-5370709,HS-KidBlackStraight,Friseurschere f¨¹r Kinder. Sicherheitsschere. runde Spitzen. Haarschneideschere. 15.2 cm. Haarschneideschere. professionelle Friseurschere f¨¹r Babys.,1,amazon.de,Amazon,Siebenhirten,Nieder?sterreich,2130,MarketplaceFacilitator,16.8,3.36,0,0,0,0,0,0,-3.36,-3,-2.57,0,0,11.23,0,0
10.02.2026 23:28:18 UTC,26414969182,Bestellung,306-3204899-2912348,GSGD-ZNO,PURPLEBIRD Grill Schaber f¨¹r Flachgrills mit 6-Zoll-Edelstahlklinge & Ergonomischem Aluminiumgriff Grillschaber f¨¹r Gastronomie. Haushalt und Gewerb,1,amazon.de,Amazon,M?mbris,Bayern,63776,MarketplaceFacilitator,25.2,4.79,0,0,0,0,0,0,-4.79,-3.9,-3.95,0,0,17.35,0,0
10.02.2026 23:31:29 UTC,26414969182,Bestellung,306-6582369-8904353,MT001-Silberner,PURPLEBIRD Multitool Werkzeug. 28 in 1 Multifunktionale Zange Geschenke f¨¹r M?nner. Faltbares Multifunktionswerkzeug mit 11 Bits und Gurtcliptasche.,1,amazon.de,Amazon,Chemnitz,,09228,MarketplaceFacilitator,33.61,6.38,0,0,0,0,0,0,-6.38,-5.2,-3.42,0,0,24.99,0,0
10.02.2026 23:33:59 UTC,26414969182,Bestellung,302-4199741-0989130,CZ002-XXL,PURPLEBIRD Grillspachtel Set aus Edelstahl. Plancha Spachtels Set mit Gro? Grillwender f¨¹r Smash Burger. Grill Geschenke f¨¹r M?nner,1,amazon.de,Amazon,Ampfing,,84539,MarketplaceFacilitator,22.68,4.31,0,0,0,0,0,0,-4.31,-4.05,-3.44,0,0,15.19,0,0
10.02.2026 23:37:53 UTC,26414969182,Bestellung,303-9154721-4086722,BBQW-ZNO,PURPLEBIRD 31-teiliges Edelstahl Grillzubeh?r Set - Premium BBQ Grillbesteck f¨¹r M?nner & Frauen mit Tragetasche. Grillmatte Garten. Camping & Gebu,1,amazon.de,Amazon,Hagelstadt,,93095,MarketplaceFacilitator,21.84,4.15,3.35,0.64,0,0,0,0,-4.79,-3.9,-7.3,0,0,13.99,0,0
10.02.2026 23:47:32 UTC,26414969182,Bestellung,306-3898362-6601119,Camp-S,PURPLEBIRD Camping Geschirr Set 2 Personen. Silber 10-teiliges Camping Geschirr Set mit Edelstahl Gabeln. Tafelmesser und L?ffel. 10 St¨¹ck Tragbars,1,amazon.de,Amazon,Frankfurt am Main,Hessen,60389,MarketplaceFacilitator,37.82,7.18,0,0,0,0,-22.71,-4.31,-2.87,-2.7,-3.44,0,0,8.97,0,0
11.02.2026 00:07:14 UTC,26414969182,Bestellung,304-8464435-6740316,CZ003-Wood,PURPLEBIRD Burgerpresse. 10.8cm Aluguss Burger Pattie Presse mit Antihaft. 3 Stufen der Dicke einstellbar. Professioneller Hamburgerpresse mit Holzgri,1,amazon.de,Amazon,Abtsgm¨¹nd,Baden-W¨¹rttemberg,73453,MarketplaceFacilitator,23.52,4.47,0,0,0,0,0,0,-4.47,-4.2,-3.4,0,0,15.92,0,0
11.02.2026 08:44:49 UTC,26414969182,Geb¨¹hren von Amazon,2f43f43c-9ab8-4391-9709-aa4136ba12a8,,Coupon-Teilnahmegeb¨¹hr,,Amazon.de,,,,,,0,0,0,0,0,0,0,0,0,-4,0,0,0,-4,0,0
11.02.2026 10:25:23 UTC,26414969182,Anpassung,,XS04-Fang,Versand durch Amazon Erstattung f¨¹r Lagerbestand -  Allgemeine Anpassung,1,,,,,,,0,0,0,0,0,0,0,0,0,0,0,0,-25.41,-25.41,0,0
11.02.2026 10:47:40 UTC,26414969182,Bestellung,302-5345255-1534756,HS-RoseGold-Set,PURPLEBIRD Friseurscheren Profi. Haarschere Friseurschere Set aus Edelstahl Haarschneideschere und Effilierschere f¨¹r Barbier/Friseur/Anf?nger 10 St,1,amazon.de,Amazon,Beringstedt,,25575,MarketplaceFacilitator,25.2,4.79,0.84,0.16,0,0,-0.84,-0.16,-4.79,-4.5,-3.04,0,0,17.66,0,0
11.02.2026 13:10:37 UTC,26414969182,Bestellung,305-5838981-0113912,HS-KidBlackStraight,Friseurschere f¨¹r Kinder. Sicherheitsschere. runde Spitzen. Haarschneideschere. 15.2 cm. Haarschneideschere. professionelle Friseurschere f¨¹r Babys.,1,amazon.de,Amazon,Halstenbek,,25469,MarketplaceFacilitator,16.8,3.19,0,0,0,0,0,0,-3.19,-3,-2.57,0,0,11.23,0,0
11.02.2026 13:35:18 UTC,26414969182,Bestellung,305-8456190-4530714,7M-84SC-GPB7,PURPLEBIRD Messer mit Feststehender Klinge. Camping Messer mit Scheide und Verstellbarer G¨¹rtelclip. Full Tang Outdoor Messer aus 440C Stahl mit G10,1,amazon.de,Amazon,Osnabr¨¹ck,Niedersachsen,49074,MarketplaceFacilitator,26.46,5.03,3.35,0.64,0,0,-3.35,-0.64,-5.03,-4.09,0,0,0,22.37,0,0
11.02.2026 13:57:30 UTC,26414969182,Bestellung,303-7225458-4249106,HS-KidBlackStraight,Friseurschere f¨¹r Kinder. Sicherheitsschere. runde Spitzen. Haarschneideschere. 15.2 cm. Haarschneideschere. professionelle Friseurschere f¨¹r Babys.,1,amazon.de,Amazon,Buchholz In Der Nordheide,,21244,MarketplaceFacilitator,16.8,3.19,1.12,0.21,0,0,-1.12,-0.21,-3.19,-3,-2.57,0,0,11.23,0,0
11.02.2026 15:02:10 UTC,26414969182,Bestellung,305-2128458-1001947,GSGD-ZNO,PURPLEBIRD Grill Schaber f¨¹r Flachgrills mit 6-Zoll-Edelstahlklinge & Ergonomischem Aluminiumgriff Grillschaber f¨¹r Gastronomie. Haushalt und Gewerb,1,amazon.de,Amazon,N¨¹rnberg,Bayern,90480,MarketplaceFacilitator,25.2,4.79,0,0,0,0,0,0,-4.79,-3.9,-3.95,0,0,17.35,0,0
11.02.2026 16:14:52 UTC,26414969182,Bestellung,303-8072011-8810731,HS-KidBlackStraight,Friseurschere f¨¹r Kinder. Sicherheitsschere. runde Spitzen. Haarschneideschere. 15.2 cm. Haarschneideschere. professionelle Friseurschere f¨¹r Babys.,1,amazon.de,Amazon,Hamburg,,22303,MarketplaceFacilitator,16.8,3.19,0,0,0,0,0,0,-3.19,-3,-2.57,0,0,11.23,0,0
11.02.2026 16:57:38 UTC,26414969182,Bestellung,028-1892693-7125923,HWD02-ZNO,PURPLEBIRD Outdoor Messer. Messer 12 cm Klinge Feststehende. 440C Edelstahl Bushcraft Camping Messer. Full Tang Scharfe Survival Messer mit Holster f?,1,amazon.de,Amazon,Traitsching,,93455,MarketplaceFacilitator,20.79,3.95,0.48,0.09,0,0,-0.48,-0.09,-3.95,-3.22,-3.04,0,0,14.53,0,0
11.02.2026 16:59:41 UTC,26414969182,Bestellung,304-4748057-8573923,KM30-G,PURPLEBIRD Klappmesser. Hohe H?rte und Sch?rfe. Taschenmesser EDC Messer mit Taschenclip. Sicherheitsschloss & Rutschfester Griff f¨¹r Outdoor. Surv,1,amazon.de,Amazon,Gr¨¹ndau,,63584,MarketplaceFacilitator,17.64,3.35,0,0,0,0,0,0,-3.35,-2.73,-3.04,0,0,11.87,0,0
11.02.2026 17:05:27 UTC,26414969182,Bestellung,306-4936927-5333138,HS-KidBlackStraight,Friseurschere f¨¹r Kinder. Sicherheitsschere. runde Spitzen. Haarschneideschere. 15.2 cm. Haarschneideschere. professionelle Friseurschere f¨¹r Babys.,1,amazon.de,Amazon,Hamburg,,22397,MarketplaceFacilitator,16.8,3.19,0,0,0,0,0,0,-3.19,-3,-2.57,0,0,11.23,0,0
11.02.2026 17:22:53 UTC,26414969182,Bestellung,303-9591630-7210704,GK02,PURPLE BIRD GK02 Gefl¨¹gelschere K¨¹chenschere Profi. 4mm Edelstahl fleischschere mit Sicherheitsschloss & Federbelastung. 103¡ã Schneidwinkel f¨¹r Fl,1,amazon.de,Amazon,Neuzeug,,4523,MarketplaceFacilitator,22.68,4.54,0,0,0,0,0,0,-4.54,-4.05,-3.04,0,0,15.59,0,0
11.02.2026 18:40:52 UTC,26414969182,Bestellung,304-2102420-8885125,GK02,PURPLE BIRD GK02 Gefl¨¹gelschere K¨¹chenschere Profi. 4mm Edelstahl fleischschere mit Sicherheitsschloss & Federbelastung. 103¡ã Schneidwinkel f¨¹r Fl,1,amazon.de,Amazon,Hamburg,,20255,MarketplaceFacilitator,22.68,4.31,0,0,0,0,0,0,-4.31,-4.05,-3.04,0,0,15.59,0,0
11.02.2026 18:59:09 UTC,26414969182,Bestellung,302-1030082-7011504,HS-KidBlackStraight,Friseurschere f¨¹r Kinder. Sicherheitsschere. runde Spitzen. Haarschneideschere. 15.2 cm. Haarschneideschere. professionelle Friseurschere f¨¹r Babys.,1,amazon.de,Amazon,Hamburg,,20251,MarketplaceFacilitator,16.8,3.19,0,0,0,0,0,0,-3.19,-3,-2.57,0,0,11.23,0,0
11.02.2026 19:04:22 UTC,26414969182,Erstattung,304-6561680-2842710,PS04-GreenScrewSetChunker,PURPLEBIRD Fellschere Hunde. 7 Inch Hundeschere Set Profi aus 440C Japanischer Edelstahl Gerade Gebogene aus D¨¹nnen Chunker Schere Set,1,amazon.de,Amazon,Zossen,Brandenburg,15806,MarketplaceFacilitator,-20.16,-3.83,0,0,0,0,0,0,3.83,2.88,0,0,0,-17.28,0,0
11.02.2026 20:38:32 UTC,26414969182,Bestellung,304-4200883-2288358,HWD02-ZNO,PURPLEBIRD Outdoor Messer. Messer 12 cm Klinge Feststehende. 440C Edelstahl Bushcraft Camping Messer. Full Tang Scharfe Survival Messer mit Holster f?,1,amazon.de,Amazon,Lennestadt,NRW,57368,MarketplaceFacilitator,27.72,5.27,0,0,0,0,0,0,-5.27,-4.29,-3.04,0,0,20.39,0,0
11.02.2026 20:40:24 UTC,26414969182,Bestellung,028-8860311-2123551,HS-KidBlackStraight,Friseurschere f¨¹r Kinder. Sicherheitsschere. runde Spitzen. Haarschneideschere. 15.2 cm. Haarschneideschere. professionelle Friseurschere f¨¹r Babys.,1,amazon.de,Amazon,M¨¹nchen,,81371,MarketplaceFacilitator,16.8,3.19,0,0,0,0,0,0,-3.19,-3,-2.57,0,0,11.23,0,0
11.02.2026 20:52:36 UTC,26414969182,Bestellung,028-8296599-7185951,CZ003-Wood,PURPLEBIRD Burgerpresse. 10.8cm Aluguss Burger Pattie Presse mit Antihaft. 3 Stufen der Dicke einstellbar. Professioneller Hamburgerpresse mit Holzgri,1,amazon.de,Amazon,Detmold,,32758,MarketplaceFacilitator,23.52,4.47,0,0,0,0,0,0,-4.47,-4.2,-3.4,0,0,15.92,0,0
11.02.2026 20:57:01 UTC,26414969182,Bestellung,028-3766040-0359550,HWD02-ZNO,PURPLEBIRD Outdoor Messer. Messer 12 cm Klinge Feststehende. 440C Edelstahl Bushcraft Camping Messer. Full Tang Scharfe Survival Messer mit Holster f?,1,amazon.de,Amazon,Ljubljana,,,MarketplaceFacilitator,18.85,4.15,2.63,0.58,0,0,-2.63,-0.58,-4.15,-2.92,-3.04,0,0,12.89,0,0
11.02.2026 21:49:19 UTC,26414969182,Bestellung,303-5695745-5820304,CZ002-XXL,PURPLEBIRD Grillspachtel Set aus Edelstahl. Plancha Spachtels Set mit Gro? Grillwender f¨¹r Smash Burger. Grill Geschenke f¨¹r M?nner,1,amazon.de,Amazon,Limbach-oberfrohna,,09212,MarketplaceFacilitator,22.68,4.31,0,0,0,0,0,0,-4.31,-4.05,-3.44,0,0,15.19,0,0
11.02.2026 21:59:55 UTC,26414969182,Bestellung,305-6177202-6693161,HWD02-ZNO,PURPLEBIRD Outdoor Messer. Messer 12 cm Klinge Feststehende. 440C Edelstahl Bushcraft Camping Messer. Full Tang Scharfe Survival Messer mit Holster f?,1,amazon.de,Amazon,GREVENBICHT,,6127,MarketplaceFacilitator,20.79,4.37,0.19,0.04,0,0,0,0,-4.41,-3.22,-3.23,0,0,14.53,0,0
11.02.2026 22:11:13 UTC,26414969182,Bestellung,302-6644717-8889101,HS-KidBlackStraight,Friseurschere f¨¹r Kinder. Sicherheitsschere. runde Spitzen. Haarschneideschere. 15.2 cm. Haarschneideschere. professionelle Friseurschere f¨¹r Babys.,1,amazon.de,Amazon,Gondorf,,54647,MarketplaceFacilitator,16.8,3.19,1.12,0.21,0,0,-1.12,-0.21,-3.19,-3,-2.57,0,0,11.23,0,0
11.02.2026 22:16:50 UTC,26414969182,Bestellung,304-6581794-3726750,HS03-Silver-Straight,PURPLEBIRD Haarschere Friseurschere 6 Inch Effilierschere Scharfe Haarschneideschere Japanischer Edelstahl 440C f¨¹r Damen und Herren Haarschere,1,amazon.de,Amazon,Berlin,,10247,MarketplaceFacilitator,21,3.99,0,0,0,0,0,0,-3.99,-3.75,-2.57,0,0,14.68,0,0
11.02.2026 22:24:51 UTC,26414969182,Bestellung,302-6118065-0018747,GK02,PURPLE BIRD GK02 Gefl¨¹gelschere K¨¹chenschere Profi. 4mm Edelstahl fleischschere mit Sicherheitsschloss & Federbelastung. 103¡ã Schneidwinkel f¨¹r Fl,1,amazon.de,Amazon,Bitburg,Rheinland-Pfalz,54634,MarketplaceFacilitator,22.68,4.31,1.12,0.21,0,0,-1.12,-0.21,-4.31,-4.05,-3.04,0,0,15.59,0,0
11.02.2026 22:34:21 UTC,26414969182,Bestellung,306-0698527-4066769,XS02-Longgu,PURPLEBIRD Klappmesser Taschenmesser. Survival Outdoor Messer mit Coolem Aussehen. Geschenke f¨¹r M?nner,1,amazon.de,Amazon,Isny,Baden W¨¹rttemberg,88316,MarketplaceFacilitator,17.64,3.35,0,0,0,0,0,0,-3.35,-2.73,-3.04,0,0,11.87,0,0
11.02.2026 23:47:49 UTC,26414969182,Bestellung,306-1629821-8555512,HS-KidBlackStraight,Friseurschere f¨¹r Kinder. Sicherheitsschere. runde Spitzen. Haarschneideschere. 15.2 cm. Haarschneideschere. professionelle Friseurschere f¨¹r Babys.,1,amazon.de,Amazon,Burscheid,,51399,MarketplaceFacilitator,15.12,2.87,1.68,0.32,0,0,0,0,-3.19,-2.7,-4.25,0,0,9.85,0,0
12.02.2026 00:06:42 UTC,26414969182,Bestellung,302-8878752-1708342,CZ002-XXL,PURPLEBIRD Grillspachtel Set aus Edelstahl. Plancha Spachtels Set mit Gro? Grillwender f¨¹r Smash Burger. Grill Geschenke f¨¹r M?nner,1,amazon.de,Amazon,wolfsberg,,8421,MarketplaceFacilitator,22.68,4.54,0,0,0,0,0,0,-4.54,-4.05,-3.44,0,0,15.19,0,0
12.02.2026 02:32:31 UTC,26414969182,Liquidationen,109019691166552,X001V8VEAD,PURPLEBIRD Burgerglocke & Burger Smasher Set. Edelstahl Burgerglocke (? 20cm) mit Schwerlast Gusseisen Burgerpresse (? 17.7cm) Griddle Zubeh?r Set f¨¹r Gasgrills. Teppanyaki. Feuerplatte,1,,,,,,,1.2,0,0,0,0,0,0,0,0,0,0,-1.35,0,-0.15,0,0
12.02.2026 13:57:10 UTC,26414969182,Bestellung,306-5427846-4528357,HS-KidBlackStraight,Friseurschere f¨¹r Kinder. Sicherheitsschere. runde Spitzen. Haarschneideschere. 15.2 cm. Haarschneideschere. professionelle Friseurschere f¨¹r Babys.,1,amazon.de,Amazon,Freudenstadt,,72250,MarketplaceFacilitator,16.8,3.19,0,0,0,0,0,0,-3.19,-3,-2.57,0,0,11.23,0,0
12.02.2026 14:10:52 UTC,26414969182,Bestellung,028-2979029-4746755,CZ007-BurgerA,PURPLEBIRD Burgerglocke & Burger Smasher Set. Edelstahl Burgerglocke (? 20cm) mit Schwerlast Gusseisen Burgerpresse (? 17.7cm). Zweiteiliges Burgerp,1,amazon.de,Amazon,Enns,,4470,MarketplaceFacilitator,29.78,5.96,0,0,0,0,0,0,-5.96,-5.32,-3.8,0,0,20.66,0,0
12.02.2026 15:34:41 UTC,26414969182,Bestellung,304-0217211-3086722,HS-KidRedStraight,PURPLEBIRD Haarschere Friseurschere 6-Zoll Edelstahl Sichere Runde Tipps Haarschneideschere Extra Professionelle Haarschnitt Schere f¨¹r Kinder. Perfe,1,amazon.de,Amazon,Hohenbrunn,,85662,MarketplaceFacilitator,18.48,3.51,1.92,0.36,0,0,-1.92,-0.36,-3.51,-3.3,-3.16,0,0,12.02,0,0
12.02.2026 16:15:07 UTC,26414969182,Bestellung,306-5426708-8992358,HS03-SilverStraight2,PURPLEBIRD Haarschere Friseurschere 6 Inch Effilierschere Scharfe Haarschneideschere Japanischer Edelstahl 440C f¨¹r Damen und Herren Haarschere,1,amazon.de,Amazon,Bornh?ved,Schleswig-Holstein,24619,MarketplaceFacilitator,21,3.99,0,0,0,0,0,0,-3.99,-3.75,-2.57,0,0,14.68,0,0
12.02.2026 18:06:50 UTC,26414969182,Bestellung,028-2994973-8836348,HS02-StripingBlack-Straight,Profi Haarschere Friseurschere Haarschneideschere aus Rostfreiem Stahl im Japanischen Stil Geeignet f¨¹r Kinder. Frauen und M?nner Extra Scharfe Haar,1,amazon.de,Amazon,Egeln,,39435,MarketplaceFacilitator,25.2,4.79,0,0,0,0,0,0,-4.79,-4.5,-2.57,0,0,18.13,0,0
12.02.2026 18:27:05 UTC,26414969182,Bestellung,304-4180796-2073160,CZ002-XXL,PURPLEBIRD Grillspachtel Set aus Edelstahl. Plancha Spachtels Set mit Gro? Grillwender f¨¹r Smash Burger. Grill Geschenke f¨¹r M?nner,1,amazon.de,Amazon,Bergisch Gladbach,,51427,MarketplaceFacilitator,22.68,4.31,0,0,0,0,0,0,-4.31,-4.05,-3.44,0,0,15.19,0,0
12.02.2026 19:29:55 UTC,26414969182,Bestellung,028-4399309-7560305,HWD02-ZNO,PURPLEBIRD Outdoor Messer. Messer 12 cm Klinge Feststehende. 440C Edelstahl Bushcraft Camping Messer. Full Tang Scharfe Survival Messer mit Holster f?,1,amazon.de,Amazon,Karlsdorf-neuthard,,76689,MarketplaceFacilitator,18.85,3.58,0,0,0,0,0,0,-3.58,-2.92,-3.04,0,0,12.89,0,0
12.02.2026 20:16:06 UTC,26414969182,Bestellung,304-9205357-0982764,HS-KidBlackStraight,Friseurschere f¨¹r Kinder. Sicherheitsschere. runde Spitzen. Haarschneideschere. 15.2 cm. Haarschneideschere. professionelle Friseurschere f¨¹r Babys.,1,amazon.de,Amazon,Berlin,,10629,MarketplaceFacilitator,16.8,3.19,0,0,0,0,0,0,-3.19,-3,-2.57,0,0,11.23,0,0
12.02.2026 20:23:42 UTC,26414969182,Bestellung,303-4684398-9236302,HS02-StripingBlack-Straight,Profi Haarschere Friseurschere Haarschneideschere aus Rostfreiem Stahl im Japanischen Stil Geeignet f¨¹r Kinder. Frauen und M?nner Extra Scharfe Haar,1,amazon.de,Amazon,Obersteinebach,,56593,MarketplaceFacilitator,25.2,4.79,0,0,0,0,0,0,-4.79,-4.5,-2.57,0,0,18.13,0,0
12.02.2026 20:43:12 UTC,26414969182,Bestellung,303-0903532-1749917,HSK-RoseGold,Haarschere Set 6 Inch Friseurschere Effilierschere Kit Professionelle Ausd¨¹nnen Texturierende Schere Scharfe Friseurschere Set f¨¹r M?nner Frauen un,1,amazon.de,Amazon,Moosinnig / eichenried,bayern,85452,MarketplaceFacilitator,24.87,4.72,0,0,0,0,0,0,-4.72,-4.44,-3.04,0,0,17.39,0,0
12.02.2026 21:06:14 UTC,26414969182,Bestellung,304-3508257-4861925,CZ005-Grillset,PURPLEBIRD Grillbesteckset 5-TLG. Profi Edelstahl Gril Zubeh?r Werkzeug Set. Tragetasche mit Sch¨¹rzenfunktion. Top Grillbesteck-Set mit Holzgriff. I,1,amazon.de,Amazon,M¨¹nchen,,80803,MarketplaceFacilitator,36.97,7.02,0,0,0,0,0,0,-7.02,-6.6,-3.93,0,0,26.44,0,0
12.02.2026 21:18:40 UTC,26414969182,Bestellung,305-0677173-7402703,HS03-Silver-Thinning,PURPLEBIRD Haarschere Friseurschere 6 Inch Effilierschere Scharfe Haarschneideschere Japanischer Edelstahl 440C f¨¹r Damen und Herren Haarschere mit k,1,amazon.de,Amazon,Oldenburg,,26123,MarketplaceFacilitator,21,3.99,0,0,0,0,0,0,-3.99,-3.75,-2.57,0,0,14.68,0,0
12.02.2026 21:20:24 UTC,26414969182,Bestellung,028-4730254-0945104,GK02,PURPLE BIRD GK02 Gefl¨¹gelschere K¨¹chenschere Profi. 4mm Edelstahl fleischschere mit Sicherheitsschloss & Federbelastung. 103¡ã Schneidwinkel f¨¹r Fl,1,amazon.de,Amazon,Niddatal,,61194,MarketplaceFacilitator,22.68,4.31,1.34,0.26,0,0,-1.34,-0.26,-4.31,-4.05,-3.04,0,0,15.59,0,0
12.02.2026 21:27:37 UTC,26414969182,Bestellung,306-2998916-8008319,HS-KidBlackStraight,Friseurschere f¨¹r Kinder. Sicherheitsschere. runde Spitzen. Haarschneideschere. 15.2 cm. Haarschneideschere. professionelle Friseurschere f¨¹r Babys.,1,amazon.de,Amazon,H?xter,,37671,MarketplaceFacilitator,15.12,2.87,0.83,0.16,0,0,-0.83,-0.16,-2.87,-2.7,-2.57,0,0,9.85,0,0
12.02.2026 21:32:47 UTC,26414969182,Bestellung,303-1776153-2661933,HS-KidBlackStraight,Friseurschere f¨¹r Kinder. Sicherheitsschere. runde Spitzen. Haarschneideschere. 15.2 cm. Haarschneideschere. professionelle Friseurschere f¨¹r Babys.,1,amazon.de,Amazon,Starzach,,72181,MarketplaceFacilitator,16.8,3.19,0,0,0,0,0,0,-3.19,-3,-2.57,0,0,11.23,0,0
12.02.2026 21:47:00 UTC,26414969182,Bestellung,305-0243872-0380349,GK02,PURPLE BIRD GK02 Gefl¨¹gelschere K¨¹chenschere Profi. 4mm Edelstahl fleischschere mit Sicherheitsschloss & Federbelastung. 103¡ã Schneidwinkel f¨¹r Fl,1,amazon.de,Amazon,Kyritz,,16866,MarketplaceFacilitator,22.68,4.31,1.12,0.21,0,0,-1.12,-0.21,-4.31,-4.05,-3.04,0,0,15.59,0,0
12.02.2026 22:01:34 UTC,26414969182,Bestellung,304-9591198-2989125,GK02,PURPLE BIRD GK02 Gefl¨¹gelschere K¨¹chenschere Profi. 4mm Edelstahl fleischschere mit Sicherheitsschloss & Federbelastung. 103¡ã Schneidwinkel f¨¹r Fl,1,amazon.de,Amazon,Putbus,Mecklenburg-Vorpommern,18581,MarketplaceFacilitator,19.73,3.75,0,0,0,0,0,0,-3.75,-3.52,-3.04,0,0,13.17,0,0
12.02.2026 22:03:09 UTC,26414969182,Bestellung,302-8568034-5961154,HWD02-ZNO,PURPLEBIRD Outdoor Messer. Messer 12 cm Klinge Feststehende. 440C Edelstahl Bushcraft Camping Messer. Full Tang Scharfe Survival Messer mit Holster f?,1,amazon.de,Amazon,Freudenberg,,57258,MarketplaceFacilitator,27.72,5.27,0,0,0,0,0,0,-5.27,-4.29,-3.04,0,0,20.39,0,0
12.02.2026 22:16:29 UTC,26414969182,Erstattung,028-4399309-7560305,HWD02-ZNO,PURPLEBIRD Outdoor Messer. Messer 12 cm Klinge Feststehende. 440C Edelstahl Bushcraft Camping Messer. Full Tang Scharfe Survival Messer mit Holster f?,1,amazon.de,Amazon,Karlsdorf-neuthard,,76689,MarketplaceFacilitator,-18.85,-3.58,0,0,0,0,0,0,3.58,2.34,0,0,0,-16.51,0,0
12.02.2026 22:44:44 UTC,26414969182,Bestellung,303-6851169-4808361,GK02,PURPLE BIRD GK02 Gefl¨¹gelschere K¨¹chenschere Profi. 4mm Edelstahl fleischschere mit Sicherheitsschloss & Federbelastung. 103¡ã Schneidwinkel f¨¹r Fl,1,amazon.de,Amazon,Bopfingen,,73441,MarketplaceFacilitator,19.73,3.75,0,0,0,0,0,0,-3.75,-3.52,-3.04,0,0,13.17,0,0
12.02.2026 22:58:57 UTC,26414969182,Bestellung,305-9250638-8430744,XS04-Fang,PURPLEBIRD Jagdmesser Feststehende Klinge. Outdoor Messer mit 4.5mm Klingenr¨¹cken. Full Tang Bushcraft Messer mit G10 Griff. Kydex Holster. Tanto Mes,1,amazon.de,Amazon,Hainburg,,63512,MarketplaceFacilitator,33.61,6.38,1.67,0.32,0,0,-1.67,-0.32,-6.38,-5.2,-3.04,0,0,25.37,0,0
12.02.2026 23:15:18 UTC,26414969182,Bestellung,303-5724560-2741940,GSGD-ZNO,PURPLEBIRD Grill Schaber f¨¹r Flachgrills mit 6-Zoll-Edelstahlklinge & Ergonomischem Aluminiumgriff Grillschaber f¨¹r Gastronomie. Haushalt und Gewerb,1,amazon.de,Amazon,Kirchbichl,,6322,,20.16,3.83,0,0,0,0,0,0,0,-3.12,-3.95,0,0,16.92,0,0
12.02.2026 23:15:18 UTC,26414969182,Bestellung,303-5724560-2741940,GSDP-ZNO,PURPLEBIRD 6" Edelstahl Grill Kratzer-Klingen 6er-Pack. Rasierklingenscharfe Grillreinigungs-Klingen. Ersatzklingen f¨¹r Griddle & BBQ-Grillkratzer,1,amazon.de,Amazon,Kirchbichl,,6322,,12.92,2.46,0,0,0,0,0,0,0,-2.31,-2.68,0,0,10.39,0,0
12.02.2026 23:20:33 UTC,26414969182,Bestellung,303-2075221-1505936,HS03-Silver-Thinning,PURPLEBIRD Haarschere Friseurschere 6 Inch Effilierschere Scharfe Haarschneideschere Japanischer Edelstahl 440C f¨¹r Damen und Herren Haarschere mit k,1,amazon.de,Amazon,Salzburg,,5020,MarketplaceFacilitator,21,4.2,0,0,0,0,0,0,-4.2,-3.75,-2.57,0,0,14.68,0,0
12.02.2026 23:27:40 UTC,26414969182,Bestellung,303-3666669-1889944,KF010-Nepal2,PURPLEBIRD Jagdmesser Feststehende Klinge Messer Outdoor Bushcraft Survival Messer Full Tang Camping Messer,1,amazon.de,Amazon,Berlin,,13589,MarketplaceFacilitator,28.56,5.43,0,0,0,0,0,0,-5.43,-4.42,-3.44,0,0,20.7,0,0
12.02.2026 23:57:39 UTC,26414969182,Bestellung,302-3870590-5607510,PS04-GreenScrewSetChunker,PURPLEBIRD Fellschere Hunde. 7 Inch Hundeschere Set Profi aus 440C Japanischer Edelstahl Gerade Gebogene aus D¨¹nnen Chunker Schere Set,1,amazon.de,Amazon,3340 waidhofen an der ybbs,nieder?sterreich,3340,MarketplaceFacilitator,33.61,6.72,0,0,0,0,0,0,-6.72,-6,-3.04,0,0,24.57,0,0
13.02.2026 00:00:29 UTC,26414969182,Bestellung,305-3603762-6464337,HS-KidBlackStraight,Friseurschere f¨¹r Kinder. Sicherheitsschere. runde Spitzen. Haarschneideschere. 15.2 cm. Haarschneideschere. professionelle Friseurschere f¨¹r Babys.,1,amazon.de,Amazon,Greifswald . Hansestadt,,17489,MarketplaceFacilitator,16.8,3.19,1.68,0.32,0,0,0,0,-3.51,-3,-4.25,0,0,11.23,0,0
13.02.2026 00:13:15 UTC,26414969182,Bestellung,305-8899962-5161968,HWD02-ZNO,PURPLEBIRD Outdoor Messer. Messer 12 cm Klinge Feststehende. 440C Edelstahl Bushcraft Camping Messer. Full Tang Scharfe Survival Messer mit Holster f?,1,amazon.de,Amazon,Maria Enzersdorf,,2344,MarketplaceFacilitator,18.85,3.77,0,0,0,0,0,0,-3.77,-2.92,-3.04,0,0,12.89,0,0
13.02.2026 07:41:03 UTC,26414969182,Geb¨¹hren von Amazon,5f6d98f1-b040-4f5a-ac52-9d4488191bd0,,Leistungsbasierte Angebotsgeb¨¹hr,,Amazon.de,,,,,,0,0,0,0,0,0,0,0,0,-0.27,0,0,0,-0.27,0,0
13.02.2026 07:51:57 UTC,26414969182,Geb¨¹hren von Amazon,5f6d98f1-b040-4f5a-ac52-9d4488191bd0,,Teilnahmegeb¨¹hr f¨¹r das Angebot,,Amazon.de,,,,,,0,0,0,0,0,0,0,0,0,-4,0,0,0,-4,0,0
13.02.2026 13:37:41 UTC,26414969182,Bestellung,306-1971173-7970730,PB-OK-02,PURPLEBIRD Outdoor Messer. Machete Scharf Echt mit 6MM Klingenr¨¹cken. D2 Stahl Full Tang Bowiemesser mit Scheide. f¨¹r Wandern & Bushcraft. Geschenke,1,amazon.de,Amazon,Duisburg,,47139,MarketplaceFacilitator,32.85,6.24,0,0,0,0,0,0,-6.24,-5.08,-5.27,0,0,22.5,0,0
13.02.2026 14:28:38 UTC,26414969182,Bestellung,302-4853326-4215537,KF015-Chudao,PURPLEBIRD K¨¹chenmesser Schmieden. Kochmesser Profi Messer. Fleischermesser mit Ergonomischem Griff. K¨¹chenmesser Scharf aus Hochwertigem Carbon Ede,1,amazon.de,Amazon,Blowatz,,23974,MarketplaceFacilitator,32.14,6.11,0,0,0,0,0,0,-6.11,-5.74,-4.08,0,0,22.32,0,0
13.02.2026 14:56:57 UTC,26414969182,Anpassung,,GK02,Versand durch Amazon Erstattung f¨¹r Lagerbestand - Im Lager besch?digt,1,,,,,,,0,0,0,0,0,0,0,0,0,0,0,0,6.24,6.24,0,0
13.02.2026 17:49:52 UTC,26414969182,Bestellung,028-2539451-9253109,PS04-GreenScrewSetChunker,PURPLEBIRD Fellschere Hunde. 7 Inch Hundeschere Set Profi aus 440C Japanischer Edelstahl Gerade Gebogene aus D¨¹nnen Chunker Schere Set,1,amazon.de,Amazon,Selb,,95100,MarketplaceFacilitator,33.61,6.38,3.35,0.64,0,0,-3.35,-0.64,-6.38,-6,-3.04,0,0,24.57,0,0
13.02.2026 17:55:25 UTC,26414969182,Bestellung,304-4335640-9034740,KP40-P,PURPLEBIRD Klappmesser. Rettungsmesser mit Gurtschneider & Glasbrecher. EDC Messer mit Taschenclip. Sicherheitsschloss & Rutschfester Griff f¨¹r Outdo,1,amazon.de,Amazon,Marburg,Deutschland,35039,MarketplaceFacilitator,17.64,3.35,4.19,0.8,0,0,0,0,-4.15,-2.73,-7.23,0,0,11.87,0,0
13.02.2026 18:13:39 UTC,26414969182,Bestellung,303-7341234-8638761,HWD02-ZNO,PURPLEBIRD Outdoor Messer. Messer 12 cm Klinge Feststehende. 440C Edelstahl Bushcraft Camping Messer. Full Tang Scharfe Survival Messer mit Holster f?,1,amazon.de,Amazon,Strobl,Salzburg,5350,MarketplaceFacilitator,18.85,3.77,1.66,0.33,0,0,-1.66,-0.33,-3.77,-2.92,-3.04,0,0,12.89,0,0
13.02.2026 18:49:55 UTC,26414969182,Bestellung,306-5074510-0561914,HS-KidBlackStraight,Friseurschere f¨¹r Kinder. Sicherheitsschere. runde Spitzen. Haarschneideschere. 15.2 cm. Haarschneideschere. professionelle Friseurschere f¨¹r Babys.,1,amazon.de,Amazon,Homburg,,66424,MarketplaceFacilitator,16.8,3.19,1.12,0.21,0,0,-1.12,-0.21,-3.19,-3,-2.57,0,0,11.23,0,0
13.02.2026 19:31:57 UTC,26414969182,Bestellung,305-8374442-4773909,CZ002-XXL,PURPLEBIRD Grillspachtel Set aus Edelstahl. Plancha Spachtels Set mit Gro? Grillwender f¨¹r Smash Burger. Grill Geschenke f¨¹r M?nner,1,amazon.de,Amazon,Ankum,,49577,MarketplaceFacilitator,22.68,4.31,0,0,0,0,0,0,-4.31,-4.05,-3.44,0,0,15.19,0,0
13.02.2026 20:03:01 UTC,26414969182,Bestellung,304-3174423-0643535,PS04-GreenScrewSetChunker,PURPLEBIRD Fellschere Hundeschere 7 Inch professionelles Tierpflege Set aus 440C japanischer Edelstahl gerade Gebogene ausd¨¹nnen Chunker Schere Set,1,amazon.de,Amazon,Bellheim,,76756,MarketplaceFacilitator,21.5,4.09,0,0,0,0,0,0,-4.09,-3.84,-3.04,0,0,14.62,0,0
13.02.2026 20:21:14 UTC,26414969182,Bestellung,305-0780800-3837948,GSDP-ZNO,PURPLEBIRD 6" Edelstahl Grill Kratzer-Klingen 6er-Pack. Rasierklingenscharfe Grillreinigungs-Klingen. Ersatzklingen f¨¹r Griddle & BBQ-Grillkratzer,1,amazon.de,Amazon,Berlin,,12685,MarketplaceFacilitator,12.92,2.46,0,0,0,0,0,0,-2.46,-2.31,-2.68,0,0,7.93,0,0
13.02.2026 20:21:14 UTC,26414969182,Bestellung,305-0780800-3837948,GSGD-ZNO,PURPLEBIRD Grill Schaber f¨¹r Flachgrills mit 6-Zoll-Edelstahlklinge & Ergonomischem Aluminiumgriff Grillschaber f¨¹r Gastronomie. Haushalt und Gewerb,1,amazon.de,Amazon,Berlin,,12685,MarketplaceFacilitator,20.16,3.83,0,0,0,0,0,0,-3.83,-3.12,-3.95,0,0,13.09,0,0
13.02.2026 20:21:57 UTC,26414969182,Bestellung,302-6447111-5274763,Camp-S,PURPLEBIRD Camping Geschirr Set 2 Personen. Silber 10-teiliges Camping Geschirr Set mit Edelstahl Gabeln. Tafelmesser und L?ffel. 10 St¨¹ck Tragbars,1,amazon.de,Amazon,Ternitz,,2630,MarketplaceFacilitator,37.82,7.56,4.16,0.83,0,0,0,0,-8.39,-6.75,-7.63,0,0,27.6,0,0
13.02.2026 20:27:53 UTC,26414969182,Bestellung,306-4147752-0929139,HWD02-ZNO,PURPLEBIRD Outdoor Messer. Messer 12 cm Klinge Feststehende. 440C Edelstahl Bushcraft Camping Messer. Full Tang Scharfe Survival Messer mit Holster f?,1,amazon.de,Amazon,Bad Friedrichshall,,74177,MarketplaceFacilitator,18.85,3.58,0,0,0,0,0,0,-3.58,-2.92,-3.04,0,0,12.89,0,0
13.02.2026 20:41:05 UTC,26414969182,Bestellung,306-8073343-7058710,HWD02-ZNO,PURPLEBIRD Outdoor Messer. Messer 12 cm Klinge Feststehende. 440C Edelstahl Bushcraft Camping Messer. Full Tang Scharfe Survival Messer mit Holster f?,1,amazon.de,Amazon,Hollingstedt,,24876,MarketplaceFacilitator,18.85,3.58,0,0,0,0,0,0,-3.58,-2.92,-3.04,0,0,12.89,0,0
13.02.2026 20:41:10 UTC,26414969182,Bestellung,304-5833940-1313146,HS-KidBlackStraight,Friseurschere f¨¹r Kinder. Sicherheitsschere. runde Spitzen. Haarschneideschere. 15.2 cm. Haarschneideschere. professionelle Friseurschere f¨¹r Babys.,1,amazon.de,Amazon,Spreitenbach,Aargau,89,MarketplaceFacilitator,16.8,1.36,0.93,0.07,0,0,-0.93,-0.07,-1.36,-3,-2.57,0,0,11.23,0,0
13.02.2026 20:46:26 UTC,26414969182,Erstattung,303-9587909-9205126,KF014-OutdoorA,PURPLEBIRD Jagdmesser Feststehende Klinge Scharfes. Messer Outdoor Survival mit Lederscheide. D2 Stahl G¨¹rtelmesser & Camping Messer Outdoor Geschenk,1,amazon.de,Amazon,Bielefeld,,33689,MarketplaceFacilitator,-28.56,-5.43,0,0,0,0,0,0,5.43,3.54,0,0,0,-25.02,0,0
13.02.2026 20:55:59 UTC,26414969182,Bestellung,028-6549229-9173915,GK02,PURPLE BIRD GK02 Gefl¨¹gelschere K¨¹chenschere Profi. 4mm Edelstahl fleischschere mit Sicherheitsschloss & Federbelastung. 103¡ã Schneidwinkel f¨¹r Fl,1,amazon.de,Amazon,MOENCHENGLADBACH,,41238,MarketplaceFacilitator,22.68,4.31,0,0,0,0,0,0,-4.31,-4.05,-3.04,0,0,15.59,0,0
13.02.2026 21:06:41 UTC,26414969182,Bestellung,302-7498587-1025116,HWD02-ZNO,PURPLEBIRD Outdoor Messer. Messer 12 cm Klinge Feststehende. 440C Edelstahl Bushcraft Camping Messer. Full Tang Scharfe Survival Messer mit Holster f?,1,amazon.de,Amazon,Zerre,Sachsen,02979,MarketplaceFacilitator,18.85,3.58,0,0,0,0,0,0,-3.58,-2.92,-3.04,0,0,12.89,0,0
13.02.2026 21:27:39 UTC,26414969182,Bestellung,028-6286771-9825107,CZ005-Grillset,PURPLEBIRD Grillbesteckset 5-TLG. Profi Edelstahl Gril Zubeh?r Werkzeug Set. Tragetasche mit Sch¨¹rzenfunktion. Top Grillbesteck-Set mit Holzgriff. I,1,amazon.de,Amazon,Teupitz OT Neuendorf,,15755,MarketplaceFacilitator,36.97,7.02,1.12,0.21,0,0,-1.12,-0.21,-7.02,-6.6,-3.93,0,0,26.44,0,0
13.02.2026 21:42:13 UTC,26414969182,Bestellung,S02-0943779-6323958,KF015-Fish6,PURPLEBIRD Filetiermesser f¨¹r Fisch 15 CM mit Scheide. 440C Edelstahl Fischmesser zum Schneiden von Fleisch mit Holzgriff. Filitiermesser Scharf Fisch. K¨¹che & Outdoor zum Fischen. Grillen f¨¹r M?nner,1,si-prod-marketplace-de.stores.amazon.de,Amazon,Oer-Erkenschwick,Nordrhein-Westfalen,45739,,0,0,0,0,0,0,0,0,0,0,-5.55,0,0,-5.55,0,0
13.02.2026 21:49:18 UTC,26414969182,Bestellung,305-0171105-0872379,GSGD-ZNO,PURPLEBIRD Grill Schaber f¨¹r Flachgrills mit 6-Zoll-Edelstahlklinge & Ergonomischem Aluminiumgriff Grillschaber f¨¹r Gastronomie. Haushalt und Gewerb,1,amazon.de,Amazon,Neustadt Am R¨¹benberge,,31535,,20.16,3.83,0,0,0,0,0,0,0,-3.12,-3.95,0,0,16.92,0,0
13.02.2026 21:52:21 UTC,26414969182,Bestellung,028-8822367-8410747,HS-KidBlackStraight,Friseurschere f¨¹r Kinder. Sicherheitsschere. runde Spitzen. Haarschneideschere. 15.2 cm. Haarschneideschere. professionelle Friseurschere f¨¹r Babys.,1,amazon.de,Amazon,B¨¹ttelborn,,64572,MarketplaceFacilitator,16.8,3.19,0,0,0,0,0,0,-3.19,-3,-2.57,0,0,11.23,0,0
13.02.2026 22:21:14 UTC,26414969182,Bestellung,302-0873590-5316315,CZ002-XXL,PURPLEBIRD Grillspachtel Set aus Edelstahl. Plancha Spachtels Set mit Gro? Grillwender f¨¹r Smash Burger. Grill Geschenke f¨¹r M?nner,1,amazon.de,Amazon,Breitenbrunn,,92363,MarketplaceFacilitator,22.68,4.31,0,0,0,0,0,0,-4.31,-4.05,-3.44,0,0,15.19,0,0
13.02.2026 22:31:43 UTC,26414969182,Bestellung,303-5954655-5237103,CZ002-XXL,PURPLEBIRD Grillspachtel Set aus Edelstahl. Plancha Spachtels Set mit Gro? Grillwender f¨¹r Smash Burger. Grill Geschenke f¨¹r M?nner,2,amazon.de,Amazon,Ludwigsburg,,71634,MarketplaceFacilitator,45.36,8.62,0,0,0,0,0,0,-8.62,-8.1,-6.88,0,0,30.38,0,0
13.02.2026 22:34:54 UTC,26414969182,Bestellung,028-8747991-4088307,BBQW-ZNO,PURPLEBIRD 31-teiliges Edelstahl Grillzubeh?r Set - Premium BBQ Grillbesteck f¨¹r M?nner & Frauen mit Tragetasche. Grillmatte Garten. Camping & Gebu,1,amazon.de,Amazon,Essen,,45307,MarketplaceFacilitator,42.01,7.98,4.19,0.8,0,0,-4.19,-0.8,-7.98,-7.5,-3.95,0,0,30.56,0,0
13.02.2026 23:11:52 UTC,26414969182,Bestellung,306-3266947-3185148,HS-KidBlackStraight,Friseurschere f¨¹r Kinder. Sicherheitsschere. runde Spitzen. Haarschneideschere. 15.2 cm. Haarschneideschere. professionelle Friseurschere f¨¹r Babys.,1,amazon.de,Amazon,M¨¹nchen,,81829,MarketplaceFacilitator,16.8,3.19,0,0,0,0,0,0,-3.19,-3,-2.57,0,0,11.23,0,0
13.02.2026 23:26:51 UTC,26414969182,Bestellung,303-3529565-6926746,CZ002-XXL,PURPLEBIRD Grillspachtel Set aus Edelstahl. Plancha Spachtels Set mit Gro? Grillwender f¨¹r Smash Burger. Grill Geschenke f¨¹r M?nner,1,amazon.de,Amazon,Luftkurort L¨¹ckendorf,Sachsen,02797,MarketplaceFacilitator,22.68,4.31,0,0,0,0,0,0,-4.31,-4.05,-3.44,0,0,15.19,0,0
13.02.2026 23:43:07 UTC,26414969182,Bestellung,305-9519551-2094764,KM30-G,PURPLEBIRD Klappmesser. Hohe H?rte und Sch?rfe. Taschenmesser EDC Messer mit Taschenclip. Sicherheitsschloss & Rutschfester Griff f¨¹r Outdoor. Surv,1,amazon.de,Amazon,Heidelberg,,69126,MarketplaceFacilitator,17.64,3.35,0,0,0,0,0,0,-3.35,-2.73,-3.04,0,0,11.87,0,0
13.02.2026 23:48:53 UTC,26414969182,Bestellung,304-8297388-2962752,CZ007-Burgerpresse,PURPLEBIRD Schwerlast Burger Smasher Gusseisen (?17.7cm) | 1kg Profi-Grillgewicht f¨¹r gleichm??ige Br?unung | Smash Burger Presse f¨¹r Gasgrill.,1,amazon.de,Amazon,BERGISCH GLADBACH,,51467,MarketplaceFacilitator,15.97,3.03,0,0,0,0,0,0,-3.03,-2.85,-3.41,0,0,9.71,0,0
13.02.2026 23:59:45 UTC,26414969182,Bestellung,303-9587909-9205126,KF014-OutdoorA,PURPLEBIRD Jagdmesser Feststehende Klinge Scharfes. Messer Outdoor Survival mit Lederscheide. D2 Stahl G¨¹rtelmesser & Camping Messer Outdoor Geschenk,1,amazon.de,Amazon,Bielefeld,,33689,MarketplaceFacilitator,28.56,5.43,0,0,0,0,0,0,-5.43,-4.42,-3.04,0,0,21.1,0,0
14.02.2026 00:00:04 UTC,26414969182,Bestellung,306-7219177-5742751,HWD02-ZNO,PURPLEBIRD Outdoor Messer. Messer 12 cm Klinge Feststehende. 440C Edelstahl Bushcraft Camping Messer. Full Tang Scharfe Survival Messer mit Holster f?,1,amazon.de,Amazon,Ebersdorf b. Coburg,Bayern,96237,MarketplaceFacilitator,18.85,3.58,0,0,0,0,0,0,-3.58,-2.92,-3.04,0,0,12.89,0,0
14.02.2026 00:07:45 UTC,26414969182,Bestellung,302-6975333-7825159,HS-KidBlackStraight,Friseurschere f¨¹r Kinder. Sicherheitsschere. runde Spitzen. Haarschneideschere. 15.2 cm. Haarschneideschere. professionelle Friseurschere f¨¹r Babys.,1,amazon.de,Amazon,Breitenbrunn,,87739,MarketplaceFacilitator,16.8,3.19,0,0,0,0,0,0,-3.19,-3,-2.57,0,0,11.23,0,0
14.02.2026 12:46:37 UTC,26414969182,Bestellung,S02-5786087-1443169,KF015-Chudao,PURPLEBIRD K¨¹chenmesser Schmieden. Kochmesser Profi Messer. Fleischermesser mit Ergonomischem Griff. K¨¹chenmesser Scharf aus Hochwertigem Carbon Edelstahl f¨¹r K¨¹chen. Camping und Grill,1,si-prod-marketplace-de.stores.amazon.de,Amazon,Salzgitter,Niedersachsen,38226,,0,0,0,0,0,0,0,0,0,0,-8.01,0,0,-8.01,0,0
14.02.2026 13:06:11 UTC,26414969182,Bestellung,S02-5885036-5511922,KF015-Fish6,PURPLEBIRD Filetiermesser f¨¹r Fisch 15 CM mit Scheide. 440C Edelstahl Fischmesser zum Schneiden von Fleisch mit Holzgriff. Filitiermesser Scharf Fisch. K¨¹che & Outdoor zum Fischen. Grillen f¨¹r M?nner,1,si-prod-marketplace-de.stores.amazon.de,Amazon,Paderborn,Nordrhein-Westfalen,33104,,0,0,0,0,0,0,0,0,0,0,-5.55,0,0,-5.55,0,0
14.02.2026 14:02:15 UTC,26414969182,Erstattung,306-5426708-8992358,HS03-SilverStraight2,PURPLEBIRD Haarschere Friseurschere 6 Inch Effilierschere Scharfe Haarschneideschere Japanischer Edelstahl 440C f¨¹r Damen und Herren Haarschere,1,amazon.de,Amazon,Bornh?ved,Schleswig-Holstein,24619,MarketplaceFacilitator,-21,-3.99,0,0,0,0,0,0,3.99,3,0,0,0,-18,0,0
14.02.2026 17:24:43 UTC,26414969182,Anpassung,,CZ002-XXL,Versand durch Amazon Erstattung f¨¹r Lagerbestand - Im Lager verloren,1,,,,,,,0,0,0,0,0,0,0,0,0,0,0,0,2.83,2.83,0,0
14.02.2026 17:41:42 UTC,26414969182,Bestellung,306-5369710-8992304,KM30-G,PURPLEBIRD Klappmesser. Hohe H?rte und Sch?rfe. Taschenmesser EDC Messer mit Taschenclip. Sicherheitsschloss & Rutschfester Griff f¨¹r Outdoor. Surv,1,amazon.de,Amazon,Ihlow,,26632,MarketplaceFacilitator,17.64,3.35,0,0,0,0,0,0,-3.35,-2.73,-3.04,0,0,11.87,0,0
14.02.2026 17:47:06 UTC,26414969182,Bestellung,302-2104815-2218700,GK02,PURPLE BIRD GK02 Gefl¨¹gelschere K¨¹chenschere Profi. 4mm Edelstahl fleischschere mit Sicherheitsschloss & Federbelastung. 103¡ã Schneidwinkel f¨¹r Fl,1,amazon.de,Amazon,Magdeburg,Sachsen-Anhalt,39130,MarketplaceFacilitator,22.68,4.31,1.12,0.21,0,0,-1.12,-0.21,-4.31,-4.05,-3.04,0,0,15.59,0,0
14.02.2026 18:10:47 UTC,26414969182,Bestellung,302-3916832-2553939,CZ008-Brush,PURPLEBIRD BBQ-Grillb¨¹rste 3 in 1 f¨¹r Gussrost. Edelstahl. lange Holzgriff. Ersatzb¨¹rste,1,amazon.de,Amazon,Weilburg,Hessen,35781,MarketplaceFacilitator,20.16,3.83,0,0,0,0,0,0,-3.83,-3.12,-3.44,0,0,13.6,0,0
14.02.2026 19:15:50 UTC,26414969182,Bestellung,028-4710204-6962712,HWD02-ZNO,PURPLEBIRD Outdoor Messer. Messer 12 cm Klinge Feststehende. 440C Edelstahl Bushcraft Camping Messer. Full Tang Scharfe Survival Messer mit Holster f?,1,amazon.de,Amazon,Gelnhausen,,63571,MarketplaceFacilitator,18.85,3.58,1.67,0.32,0,0,-1.67,-0.32,-3.58,-2.92,-3.04,0,0,12.89,0,0
14.02.2026 19:31:43 UTC,26414969182,Bestellung,304-1438966-4421104,GK02,PURPLE BIRD GK02 Gefl¨¹gelschere K¨¹chenschere Profi. 4mm Edelstahl fleischschere mit Sicherheitsschloss & Federbelastung. 103¡ã Schneidwinkel f¨¹r Fl,1,amazon.de,Amazon,Moers,,47443,MarketplaceFacilitator,22.68,4.31,0,0,0,0,0,0,-4.31,-4.05,-3.04,0,0,15.59,0,0
14.02.2026 19:32:28 UTC,26414969182,Bestellung,306-9451536-8983506,GSGD-ZNO,PURPLEBIRD Grill Schaber f¨¹r Flachgrills mit 6-Zoll-Edelstahlklinge & Ergonomischem Aluminiumgriff Grillschaber f¨¹r Gastronomie. Haushalt und Gewerb,1,amazon.de,Amazon,M¨¹nchen,,80809,,20.16,3.83,0.84,0.16,0,0,-0.84,-0.16,0,-3.12,-3.95,0,0,16.92,0,0
14.02.2026 20:00:13 UTC,26414969182,Bestellung,303-7692630-2522737,OMFK-B01,PURPLEBIRD Schwarzes Camping Messer aus Kohlenstoffstahl. Hohe H?rte und Sch?rfe. Outdoor Messer mit Messerscheide aus Ebenholz f¨¹r die Jagd. Wande,1,amazon.de,Amazon,Frankfurt am Main,Hessen,60439,MarketplaceFacilitator,33.61,6.38,2.09,0.4,0,0,0,0,-6.78,-5.2,-2.09,0,0,28.41,0,0
14.02.2026 20:30:12 UTC,26414969182,Bestellung,028-1546185-3348307,GK02,PURPLE BIRD GK02 Gefl¨¹gelschere K¨¹chenschere Profi. 4mm Edelstahl fleischschere mit Sicherheitsschloss & Federbelastung. 103¡ã Schneidwinkel f¨¹r Fl,1,amazon.de,Amazon,Geldern,,47608,MarketplaceFacilitator,22.68,4.31,0,0,0,0,0,0,-4.31,-4.05,-3.04,0,0,15.59,0,0
14.02.2026 20:39:58 UTC,26414969182,Bestellung,302-9269001-0401913,HWD02-ZNO,PURPLEBIRD Outdoor Messer. Messer 12 cm Klinge Feststehende. 440C Edelstahl Bushcraft Camping Messer. Full Tang Scharfe Survival Messer mit Holster f?,1,amazon.de,Amazon,Ohndorf,Niedersachsen,31559,MarketplaceFacilitator,27.72,5.27,0.89,0.17,0,0,-0.89,-0.17,-5.27,-4.29,-3.04,0,0,20.39,0,0
14.02.2026 20:40:12 UTC,26414969182,Bestellung,302-1186789-7858730,CZ002-XXL,PURPLEBIRD Grillspachtel Set aus Edelstahl. Plancha Spachtels Set mit Gro? Grillwender f¨¹r Smash Burger. Grill Geschenke f¨¹r M?nner,1,amazon.de,Amazon,Krauschwitz OT Sagar,,02957,MarketplaceFacilitator,22.68,4.31,0,0,0,0,0,0,-4.31,-4.05,-3.44,0,0,15.19,0,0
14.02.2026 20:50:11 UTC,26414969182,Bestellung,302-2153806-9332350,HWD02-ZNO,PURPLEBIRD Outdoor Messer. Messer 12 cm Klinge Feststehende. 440C Edelstahl Bushcraft Camping Messer. Full Tang Scharfe Survival Messer mit Holster f?,1,amazon.de,Amazon,Sassnitz,Mecklenburg Vorpommern,18546,MarketplaceFacilitator,27.72,5.27,0,0,0,0,0,0,-5.27,-4.29,-3.04,0,0,20.39,0,0
14.02.2026 20:50:19 UTC,26414969182,Bestellung,306-0197203-3821131,HS-KidBlackStraight,Friseurschere f¨¹r Kinder. Sicherheitsschere. runde Spitzen. Haarschneideschere. 15.2 cm. Haarschneideschere. professionelle Friseurschere f¨¹r Babys.,1,amazon.de,Amazon,M¨¹nchen,,81669,MarketplaceFacilitator,16.8,3.19,2.09,0.4,0,0,-2.09,-0.4,-3.19,-3,-2.57,0,0,11.23,0,0
14.02.2026 20:55:51 UTC,26414969182,Erstattung,306-9451536-8983506,GSGD-ZNO,PURPLEBIRD Grill Schaber f¨¹r Flachgrills mit 6-Zoll-Edelstahlklinge & Ergonomischem Aluminiumgriff Grillschaber f¨¹r Gastronomie. Haushalt und Gewerb,1,amazon.de,Amazon,M¨¹nchen,,80809,,-20.16,-3.83,-0.84,-0.16,0,0,0.84,0.16,0,2.5,0,0,0,-21.49,0,0
14.02.2026 21:00:33 UTC,26414969182,Bestellung,305-5868555-7270709,CZ007-Burgerpresse,PURPLEBIRD Schwerlast Burger Smasher Gusseisen (?17.7cm) | 1kg Profi-Grillgewicht f¨¹r gleichm??ige Br?unung | Smash Burger Presse f¨¹r Gasgrill.,1,amazon.de,Amazon,L¨¹neburg,,21335,MarketplaceFacilitator,15.97,3.03,0.34,0.06,0,0,-0.34,-0.06,-3.03,-2.85,-3.41,0,0,9.71,0,0
14.02.2026 21:48:55 UTC,26414969182,Bestellung,303-8424550-4032366,GK02,PURPLE BIRD GK02 Gefl¨¹gelschere K¨¹chenschere Profi. 4mm Edelstahl fleischschere mit Sicherheitsschloss & Federbelastung. 103¡ã Schneidwinkel f¨¹r Fl,1,amazon.de,Amazon,Bad Liebenwerda,,04924,MarketplaceFacilitator,22.68,4.31,3.35,0.64,0,0,0,0,-4.95,-4.05,-6.39,0,0,15.59,0,0
14.02.2026 21:49:42 UTC,26414969182,Bestellung,306-1238494-8167504,GSGD-ZNO,PURPLEBIRD Grill Schaber f¨¹r Flachgrills mit 6-Zoll-Edelstahlklinge & Ergonomischem Aluminiumgriff Grillschaber f¨¹r Gastronomie. Haushalt und Gewerb,1,amazon.de,Amazon,Bremerhaven,Deutschland,27572,,20.16,3.83,0,0,0,0,0,0,0,-3.12,-3.95,0,0,16.92,0,0
14.02.2026 21:52:24 UTC,26414969182,Bestellung,028-2970850-0837121,HWD02-ZNO,PURPLEBIRD Outdoor Messer. Messer 12 cm Klinge Feststehende. 440C Edelstahl Bushcraft Camping Messer. Full Tang Scharfe Survival Messer mit Holster f?,1,amazon.de,Amazon,Bad Camberg,Hessen,65520,MarketplaceFacilitator,18.85,3.58,0,0,0,0,0,0,-3.58,-2.92,-3.04,0,0,12.89,0,0
14.02.2026 21:53:50 UTC,26414969182,Erstattung,304-1438966-4421104,GK02,PURPLE BIRD GK02 Gefl¨¹gelschere K¨¹chenschere Profi. 4mm Edelstahl fleischschere mit Sicherheitsschloss & Federbelastung. 103¡ã Schneidwinkel f¨¹r Fl,1,amazon.de,Amazon,Moers,,47443,MarketplaceFacilitator,-22.68,-4.31,0,0,0,0,0,0,4.31,3.24,0,0,0,-19.44,0,0
14.02.2026 22:03:32 UTC,26414969182,Bestellung,305-9978261-4165124,GK02,PURPLE BIRD GK02 Gefl¨¹gelschere K¨¹chenschere Profi. 4mm Edelstahl fleischschere mit Sicherheitsschloss & Federbelastung. 103¡ã Schneidwinkel f¨¹r Fl,1,amazon.de,Amazon,Bochum,,44879,MarketplaceFacilitator,22.68,4.31,0.58,0.11,0,0,-0.58,-0.11,-4.31,-4.05,-3.04,0,0,15.59,0,0
14.02.2026 22:19:46 UTC,26414969182,Bestellung,305-3395449-0745144,amzn.gr.KF001-Wing2-ONscI-ViF0OwlQgeI-VG,PURPLEBIRD Handgeschmiedetes Kochmesser mit Lederh¨¹lle. Scharfes Ausbeinmesser mit Holzgriff Outdoor Messer. K¨¹chenmesser aus Kohlenstoffstahl,1,amazon.de,Amazon,Berlin,,12524,MarketplaceFacilitator,30.24,5.75,0,0,0,0,0,0,-5.75,-5.4,-3.42,0,0,21.42,0,0
14.02.2026 22:37:20 UTC,26414969182,Bestellung,306-2796670-0843544,HS-KidBlackStraight,Friseurschere f¨¹r Kinder. Sicherheitsschere. runde Spitzen. Haarschneideschere. 15.2 cm. Haarschneideschere. professionelle Friseurschere f¨¹r Babys.,1,amazon.de,Amazon,H?chst,HESSEN,64739,MarketplaceFacilitator,16.8,3.19,0,0,0,0,0,0,-3.19,-3,-2.57,0,0,11.23,0,0
14.02.2026 22:43:46 UTC,26414969182,Bestellung,304-6636043-3514737,HS-KidBlackStraight,Friseurschere f¨¹r Kinder. Sicherheitsschere. runde Spitzen. Haarschneideschere. 15.2 cm. Haarschneideschere. professionelle Friseurschere f¨¹r Babys.,1,amazon.de,Amazon,Trier,,54290,MarketplaceFacilitator,16.8,3.19,0,0,0,0,0,0,-3.19,-3,-2.57,0,0,11.23,0,0
14.02.2026 23:06:39 UTC,26414969182,Bestellung,306-1559200-1397921,HS-KidBlackStraight,Friseurschere f¨¹r Kinder. Sicherheitsschere. runde Spitzen. Haarschneideschere. 15.2 cm. Haarschneideschere. professionelle Friseurschere f¨¹r Babys.,1,amazon.de,Amazon,Linz,Ober?sterreich,4030,MarketplaceFacilitator,16.8,3.36,0.66,0.13,0,0,-0.66,-0.13,-3.36,-3,-2.57,0,0,11.23,0,0
14.02.2026 23:25:17 UTC,26414969182,Bestellung,304-2055053-1389913,OMFK-B01,PURPLEBIRD Schwarzes Camping Messer aus Kohlenstoffstahl. Hohe H?rte und Sch?rfe. Outdoor Messer mit Messerscheide aus Ebenholz f¨¹r die Jagd. Wande,1,amazon.de,Amazon,Bernhardswald,,93170,MarketplaceFacilitator,33.61,6.38,0,0,0,0,0,0,-6.38,-5.2,0,0,0,28.41,0,0
14.02.2026 23:28:22 UTC,26414969182,Bestellung,303-4714774-6988343,HS-KidBlackStraight,Friseurschere f¨¹r Kinder. Sicherheitsschere. runde Spitzen. Haarschneideschere. 15.2 cm. Haarschneideschere. professionelle Friseurschere f¨¹r Babys.,1,amazon.de,Amazon,Rohrbach,,85296,MarketplaceFacilitator,16.8,3.19,0,0,0,0,0,0,-3.19,-3,-2.57,0,0,11.23,0,0
14.02.2026 23:45:52 UTC,26414969182,Bestellung,028-6737865-2528312,KM30-G,PURPLEBIRD Klappmesser. Hohe H?rte und Sch?rfe. Taschenmesser EDC Messer mit Taschenclip. Sicherheitsschloss & Rutschfester Griff f¨¹r Outdoor. Surv,1,amazon.de,Amazon,Bremen,,28199,MarketplaceFacilitator,17.64,3.35,4.19,0.8,0,0,0,0,-4.15,-2.73,-7.23,0,0,11.87,0,0
14.02.2026 23:58:41 UTC,26414969182,Bestellung,302-5892697-7939558,HS-KidBlackStraight,Friseurschere f¨¹r Kinder. Sicherheitsschere. runde Spitzen. Haarschneideschere. 15.2 cm. Haarschneideschere. professionelle Friseurschere f¨¹r Babys.,1,amazon.de,Amazon,N¨¹rnberg,,90459,MarketplaceFacilitator,16.8,3.19,1.39,0.27,0,0,-1.39,-0.27,-3.19,-3,-2.57,0,0,11.23,0,0
15.02.2026 00:11:18 UTC,26414969182,Bestellung,306-0699890-0468343,HWD02-ZNO,PURPLEBIRD Outdoor Messer. Messer 12 cm Klinge Feststehende. 440C Edelstahl Bushcraft Camping Messer. Full Tang Scharfe Survival Messer mit Holster f?,2,amazon.de,Amazon,Harsum,,31177,MarketplaceFacilitator,37.7,7.16,0,0,0,0,0,0,-7.16,-5.84,-6.08,0,0,25.78,0,0
15.02.2026 12:28:14 UTC,26501473632,Bestellung,306-2969625-2305133,GSGD-ZNO,PURPLEBIRD Grill Schaber f¨¹r Flachgrills mit 6-Zoll-Edelstahlklinge & Ergonomischem Aluminiumgriff Grillschaber f¨¹r Gastronomie. Haushalt und Gewerb,1,amazon.de,Amazon,Wien,Wien,1210,MarketplaceFacilitator,20.16,4.03,0,0,0,0,0,0,-4.03,-3.12,-3.95,0,0,13.09,0,0
16.02.2026 03:54:46 UTC,26501473632,Bestellung,303-5928351-9729125,Camp-G,PURPLEBIRD Camping-Besteck Set Golden - 10-teiliges Geschirr Set f¨¹r 2 Personen bei Picknick & Reisen Tragbares Edelstahl Geschirr Set Mit Etui Deal,1,amazon.de,Amazon,Kronach,,96317,MarketplaceFacilitator,30.25,5.75,0,0,0,0,-9.08,-1.72,-4.03,-3.78,-4.08,0,0,13.31,0,0
16.02.2026 04:50:52 UTC,26501473632,Bestellung,305-9366873-1466731,BBQS-ZNO,PURPLEBIRD Premium Grillzubeh?r Set aus Edelstahl - 6-teilig mit 3-in-1 Spatel. Gabel. Zange. B¨¹rste. Saucenpinsel & Tragetasche f¨¹r perfektes BBQ.,1,amazon.de,Amazon,F?ritztal,,96524,MarketplaceFacilitator,45.38,8.62,0,0,0,0,-26.09,-4.96,-3.66,-3.44,-5.27,0,0,10.58,0,0
16.02.2026 06:02:14 UTC,26501473632,¨¹bertrag,,,F¨¹r Konten mit folgenden Endziffern: 623,,,,,,,,0,0,0,0,0,0,0,0,0,0,0,0,-3.284.93,-3.284.93,0,0
16.02.2026 06:38:12 UTC,26501473632,Bestellung,306-4540810-6233903,BBQW-ZNO,PURPLEBIRD 31-teiliges Edelstahl Grillzubeh?r Set - Premium BBQ Grillbesteck f¨¹r M?nner & Frauen mit Tragetasche. Grillmatte Garten. Camping & Gebu,1,amazon.de,Amazon,Essen,,45327,MarketplaceFacilitator,33.61,6.38,4.19,0.8,0,0,-10.91,-2.08,-5.1,-4.8,-5.2,0,0,16.89,0,0
16.02.2026 07:38:00 UTC,26501473632,Bestellung,S02-6932907-0855123,KF015-Fish6,PURPLEBIRD Filetiermesser f¨¹r Fisch 15 CM mit Scheide. 440C Edelstahl Fischmesser zum Schneiden von Fleisch mit Holzgriff. Filitiermesser Scharf Fisch. K¨¹che & Outdoor zum Fischen. Grillen f¨¹r M?nner,1,si-prod-marketplace-de.stores.amazon.de,Amazon,Vran¨¦ nad Vltavou,Praha-z¨¢pad,,,0,0,0,0,0,0,0,0,0,0,-8.87,0,0,-8.87,0,0
16.02.2026 08:12:39 UTC,26501473632,Bestellung,305-2795523-3961924,HS-KidRedStraight,PURPLEBIRD Haarschere Friseurschere 6-Zoll Edelstahl Sichere Runde Tipps Haarschneideschere Extra Professionelle Haarschnitt Schere f¨¹r Kinder. Perfe,1,amazon.de,Amazon,Hagen,,58093,MarketplaceFacilitator,18.48,3.51,3.35,0.64,0,0,0,0,-4.15,-3.3,-7.01,0,0,11.52,0,0
16.02.2026 09:15:40 UTC,26501473632,Bestellung,302-6211490-0970716,KF014-OutdoorA,PURPLEBIRD Jagdmesser Feststehende Klinge Scharfes. Messer Outdoor Survival mit Lederscheide. D2 Stahl G¨¹rtelmesser & Camping Messer Outdoor Geschenk,1,amazon.de,Amazon,Celle,,29221,MarketplaceFacilitator,24.28,4.61,0,0,0,0,0,0,-4.61,-3.76,-3.04,0,0,17.48,0,0
16.02.2026 10:48:18 UTC,26501473632,Bestellung,028-4031129-8097939,HSK-RoseGold,Haarschere Set 6 Inch Friseurschere Effilierschere Kit Professionelle Ausd¨¹nnen Texturierende Schere Scharfe Friseurschere Set f¨¹r M?nner Frauen un,1,amazon.de,Amazon,Dresden,,01067,MarketplaceFacilitator,24.87,4.72,0,0,0,0,0,0,-4.72,-4.44,-3.04,0,0,17.39,0,0
16.02.2026 13:27:35 UTC,26501473632,Bestellung,306-4849735-9778758,HWD02-ZNO,PURPLEBIRD Outdoor Messer. Messer 12 cm Klinge Feststehende. 440C Edelstahl Bushcraft Camping Messer. Full Tang Scharfe Survival Messer mit Holster f?,1,amazon.de,Amazon,Witten,,58455,MarketplaceFacilitator,18.85,3.58,1.12,0.21,0,0,-1.12,-0.21,-3.58,-2.92,-3.04,0,0,12.89,0,0
16.02.2026 13:29:41 UTC,26501473632,Erstattung,303-7862965-9089957,PB-OK-02,PURPLEBIRD Outdoor Messer. Machete Scharf Echt mit 6MM Klingenr¨¹cken. D2 Stahl Full Tang Bowiemesser mit Scheide. f¨¹r Wandern & Bushcraft. Geschenke,1,amazon.de,Amazon,Amerang,,83123,MarketplaceFacilitator,-32.85,-6.24,-3.35,-0.64,0,0,3.35,0.64,6.24,4.06,0,0,0,-28.79,0,0
16.02.2026 15:25:26 UTC,26501473632,Bestellung,S02-6334594-4063947,KF015-Fish6,PURPLEBIRD Filetiermesser f¨¹r Fisch 15 CM mit Scheide. 440C Edelstahl Fischmesser zum Schneiden von Fleisch mit Holzgriff. Filitiermesser Scharf Fisch. K¨¹che & Outdoor zum Fischen. Grillen f¨¹r M?nner,2,si-prod-marketplace-de.stores.amazon.de,Amazon,Oer-Erkenschwick,Nordrhein-Westfalen,45739,,0,0,0,0,0,0,0,0,0,0,-9.94,0,0,-9.94,0,0
16.02.2026 16:26:08 UTC,26501473632,Bestellung,302-2110453-2905145,P7-3OIB-4BZI,PURPLEBIRD 8.2 Inch. Camping Messer. Scheide und Verstellbarer G¨¹rtelclip. Outdoor Messer aus 440C Stahl mit G10 Griff f¨¹r Wanderungen im Freien. Ja,1,amazon.de,Amazon,Wallenhorst,,49134,MarketplaceFacilitator,26.46,5.03,0,0,0,0,0,0,-5.03,-4.09,0,0,0,22.37,0,0
16.02.2026 16:30:53 UTC,26501473632,Bestellung,303-0074901-1318773,KF015-Chudao,PURPLEBIRD K¨¹chenmesser Schmieden. Kochmesser Profi Messer. Fleischermesser mit Ergonomischem Griff. K¨¹chenmesser Scharf aus Hochwertigem Carbon Ede,1,amazon.de,Amazon,Bad Camberg,,65520,MarketplaceFacilitator,37.82,7.18,0,0,0,0,0,0,-7.18,-6.75,-3.44,0,0,27.63,0,0
16.02.2026 16:35:59 UTC,26501473632,Bestellung,S02-7755534-5357501,KF015-Fish6,PURPLEBIRD Filetiermesser f¨¹r Fisch 15 CM mit Scheide. 440C Edelstahl Fischmesser zum Schneiden von Fleisch mit Holzgriff. Filitiermesser Scharf Fisch. K¨¹che & Outdoor zum Fischen. Grillen f¨¹r M?nner,1,si-prod-marketplace-de.stores.amazon.de,Amazon,Toru¨½,Kujawsko-Pomorskie,Oct-87,,0,0,0,0,0,0,0,0,0,0,-8.87,0,0,-8.87,0,0
16.02.2026 17:51:56 UTC,26501473632,Bestellung,028-2660247-0181164,HS-KidBlackStraight,Friseurschere f¨¹r Kinder. Sicherheitsschere. runde Spitzen. Haarschneideschere. 15.2 cm. Haarschneideschere. professionelle Friseurschere f¨¹r Babys.,1,amazon.de,Amazon,M¨¹nchen,,81241,MarketplaceFacilitator,16.8,3.19,0,0,0,0,0,0,-3.19,-3,-2.57,0,0,11.23,0,0
16.02.2026 18:08:32 UTC,26501473632,Bestellung,028-7172899-5810753,GK02,PURPLE BIRD GK02 Gefl¨¹gelschere K¨¹chenschere Profi. 4mm Edelstahl fleischschere mit Sicherheitsschloss & Federbelastung. 103¡ã Schneidwinkel f¨¹r Fl,1,amazon.de,Amazon,K?ln,Nordrhein-Westfalen,50968,MarketplaceFacilitator,22.68,4.31,0,0,0,0,0,0,-4.31,-4.05,-3.04,0,0,15.59,0,0
16.02.2026 19:27:52 UTC,26501473632,Bestellung,304-9880142-9217932,GK02,PURPLE BIRD GK02 Gefl¨¹gelschere K¨¹chenschere Profi. 4mm Edelstahl fleischschere mit Sicherheitsschloss & Federbelastung. 103¡ã Schneidwinkel f¨¹r Fl,1,amazon.de,Amazon,Pforzheim,,75181,MarketplaceFacilitator,22.68,4.31,0,0,0,0,0,0,-4.31,-4.05,-3.04,0,0,15.59,0,0
16.02.2026 19:29:45 UTC,26501473632,Bestellung,305-4913929-2281145,CZ002-XXL,PURPLEBIRD Grillspachtel Set aus Edelstahl. Plancha Spachtels Set mit Gro? Grillwender f¨¹r Smash Burger. Grill Geschenke f¨¹r M?nner,1,amazon.de,Amazon,Clausen,,66978,MarketplaceFacilitator,22.68,4.31,0,0,0,0,0,0,-4.31,-4.05,-3.44,0,0,15.19,0,0
16.02.2026 19:37:59 UTC,26501473632,Bestellung,303-3368842-4115555,CZ003-Wood,PURPLEBIRD Burgerpresse. 10.8cm Aluguss Burger Pattie Presse mit Antihaft. 3 Stufen der Dicke einstellbar. Professioneller Hamburgerpresse mit Holzgri,1,amazon.de,Amazon,Oldenburg,Niedersachsen,26135,MarketplaceFacilitator,18.82,3.57,0,0,0,0,0,0,-3.57,-3.36,-3.4,0,0,12.06,0,0
16.02.2026 19:42:46 UTC,26501473632,Bestellung,305-5044714-5382737,BBQW-ZNO,PURPLEBIRD 31-teiliges Edelstahl Grillzubeh?r Set - Premium BBQ Grillbesteck f¨¹r M?nner & Frauen mit Tragetasche. Grillmatte Garten. Camping & Gebu,1,amazon.de,Amazon,Rees,,46459,MarketplaceFacilitator,21.84,4.15,0,0,0,0,0,0,-4.15,-3.9,-3.95,0,0,13.99,0,0
16.02.2026 19:49:29 UTC,26501473632,Erstattung,302-6211490-0970716,KF014-OutdoorA,PURPLEBIRD Jagdmesser Feststehende Klinge Scharfes. Messer Outdoor Survival mit Lederscheide. D2 Stahl G¨¹rtelmesser & Camping Messer Outdoor Geschenk,1,amazon.de,Amazon,Celle,,29221,MarketplaceFacilitator,-24.28,-4.61,0,0,0,0,0,0,4.61,3.01,0,0,0,-21.27,0,0
16.02.2026 20:07:27 UTC,26501473632,Bestellung,303-5022244-3684318,BBQW-ZNO,PURPLEBIRD 31-teiliges Edelstahl Grillzubeh?r Set - Premium BBQ Grillbesteck f¨¹r M?nner & Frauen mit Tragetasche. Grillmatte Garten. Camping & Gebu,1,amazon.de,Amazon,Wyhl am Kaiserstuhl,Baden-W¨¹rttemberg,79369,MarketplaceFacilitator,42.01,7.98,0,0,0,0,0,0,-7.98,-7.5,-3.95,0,0,30.56,0,0
16.02.2026 20:12:26 UTC,26501473632,Bestellung,302-8046979-5693154,GK02,PURPLE BIRD GK02 Gefl¨¹gelschere K¨¹chenschere Profi. 4mm Edelstahl fleischschere mit Sicherheitsschloss & Federbelastung. 103¡ã Schneidwinkel f¨¹r Fl,1,amazon.de,Amazon,Berlin,,10439,MarketplaceFacilitator,22.68,4.31,0,0,0,0,0,0,-4.31,-4.05,-3.04,0,0,15.59,0,0
16.02.2026 20:27:24 UTC,26501473632,Bestellung,304-5100575-5287527,HS-KidBlackStraight,Friseurschere f¨¹r Kinder. Sicherheitsschere. runde Spitzen. Haarschneideschere. 15.2 cm. Haarschneideschere. professionelle Friseurschere f¨¹r Babys.,1,amazon.de,Amazon,N?nikon,,86,MarketplaceFacilitator,16.8,1.36,6.47,0.52,0,0,0,0,-1.88,-3,-8.44,0,0,11.83,0,0
16.02.2026 20:29:54 UTC,26501473632,Erstattung,028-3763259-9823525,HS-Black-Set,PURPLEBIRD Friseurscheren Profi. Haarschere Friseurschere Set aus Edelstahl Haarschneideschere und Effilierschere f¨¹r Barbier/Friseur/Anf?nger 10 St,1,amazon.de,Amazon,Neunkirchen,,66538,MarketplaceFacilitator,-21.42,-4.07,0,0,0,0,0,0,4.07,3.06,0,0,0,-18.36,0,0
16.02.2026 20:41:06 UTC,26501473632,Bestellung,305-4848029-2838731,CZ002-XXL,PURPLEBIRD Grillspachtel Set aus Edelstahl. Plancha Spachtels Set mit Gro? Grillwender f¨¹r Smash Burger. Grill Geschenke f¨¹r M?nner,1,amazon.de,Amazon,Walddorfh?slach,,72141,,22.68,4.31,0,0,0,0,0,0,0,-4.05,-3.44,0,0,19.5,0,0
16.02.2026 20:49:35 UTC,26501473632,Bestellung,028-1795697-1518706,BBQW-ZNO,PURPLEBIRD 31-teiliges Edelstahl Grillzubeh?r Set - Premium BBQ Grillbesteck f¨¹r M?nner & Frauen mit Tragetasche. Grillmatte Garten. Camping & Gebu,1,amazon.de,Amazon,Pfaffenhofen A.d.ilm,,85276,MarketplaceFacilitator,21.84,4.15,0,0,0,0,0,0,-4.15,-3.9,-3.95,0,0,13.99,0,0
16.02.2026 20:55:50 UTC,26501473632,Bestellung,304-8409744-6098729,HWD02-ZNO,PURPLEBIRD Outdoor Messer. Messer 12 cm Klinge Feststehende. 440C Edelstahl Bushcraft Camping Messer. Full Tang Scharfe Survival Messer mit Holster f?,1,amazon.de,Amazon,Gauting,Bayern,82131,MarketplaceFacilitator,18.85,3.58,0,0,0,0,0,0,-3.58,-2.92,-3.04,0,0,12.89,0,0
16.02.2026 21:08:46 UTC,26501473632,Bestellung,028-2157919-5455553,HSK-RoseGold,Haarschere Set 6 Inch Friseurschere Effilierschere Kit Professionelle Ausd¨¹nnen Texturierende Schere Scharfe Friseurschere Set f¨¹r M?nner Frauen un,1,amazon.de,Amazon,Lindetal,,17349,MarketplaceFacilitator,24.87,4.72,0.67,0.13,0,0,-0.67,-0.13,-4.72,-4.44,-3.04,0,0,17.39,0,0
16.02.2026 21:24:25 UTC,26501473632,Bestellung,305-2417390-9865938,HS03-Silver-Thinning,PURPLEBIRD Haarschere Friseurschere 6 Inch Effilierschere Scharfe Haarschneideschere Japanischer Edelstahl 440C f¨¹r Damen und Herren Haarschere mit k,1,amazon.de,Amazon,Saalfeld/saale,,07318,MarketplaceFacilitator,21,3.99,0,0,0,0,0,0,-3.99,-3.75,-2.57,0,0,14.68,0,0
16.02.2026 21:24:54 UTC,26501473632,Erstattung,305-2417390-9865938,HS03-Silver-Thinning,PURPLEBIRD Haarschere Friseurschere 6 Inch Effilierschere Scharfe Haarschneideschere Japanischer Edelstahl 440C f¨¹r Damen und Herren Haarschere mit k,1,amazon.de,Amazon,Saalfeld/saale,,07318,MarketplaceFacilitator,-21,-3.99,0,0,0,0,0,0,3.99,3,0,0,0,-18,0,0
16.02.2026 21:26:21 UTC,26501473632,Bestellung,305-6646594-8737968,GK02,PURPLE BIRD GK02 Gefl¨¹gelschere K¨¹chenschere Profi. 4mm Edelstahl fleischschere mit Sicherheitsschloss & Federbelastung. 103¡ã Schneidwinkel f¨¹r Fl,1,amazon.de,Amazon,Taunusstein,,65232,MarketplaceFacilitator,22.68,4.31,0,0,0,0,0,0,-4.31,-4.05,-3.04,0,0,15.59,0,0
16.02.2026 22:04:35 UTC,26501473632,Bestellung,302-0430185-6515545,CZ005-Grillset,PURPLEBIRD Grillbesteckset 5-TLG. Profi Edelstahl Gril Zubeh?r Werkzeug Set. Tragetasche mit Sch¨¹rzenfunktion. Top Grillbesteck-Set mit Holzgriff. I,1,amazon.de,Amazon,Delmenhorst,,27749,MarketplaceFacilitator,36.97,7.02,0,0,0,0,0,0,-7.02,-6.6,-3.93,0,0,26.44,0,0
16.02.2026 22:05:41 UTC,26501473632,Bestellung,303-5172557-6221954,KF014-OutdoorA,PURPLEBIRD Jagdmesser Feststehende Klinge Scharfes. Messer Outdoor Survival mit Lederscheide. D2 Stahl G¨¹rtelmesser & Camping Messer Outdoor Geschenk,1,amazon.de,Amazon,Bielefeld,,33689,MarketplaceFacilitator,28.56,5.43,0,0,0,0,0,0,-5.43,-4.42,-3.04,0,0,21.1,0,0
16.02.2026 22:13:03 UTC,26501473632,Bestellung,305-9564196-4837106,HS-KidBlackStraight,Friseurschere f¨¹r Kinder. Sicherheitsschere. runde Spitzen. Haarschneideschere. 15.2 cm. Haarschneideschere. professionelle Friseurschere f¨¹r Babys.,1,amazon.de,Amazon,Ketzin/havel,,14669,MarketplaceFacilitator,16.8,3.19,0,0,0,0,0,0,-3.19,-3,-2.57,0,0,11.23,0,0
16.02.2026 22:15:22 UTC,26501473632,Bestellung,304-1716799-3770724,GSGD-ZNO,PURPLEBIRD Grill Schaber f¨¹r Flachgrills mit 6-Zoll-Edelstahlklinge & Ergonomischem Aluminiumgriff Grillschaber f¨¹r Gastronomie. Haushalt und Gewerb,1,amazon.de,Amazon,D¨¹sseldorf,,40213,MarketplaceFacilitator,20.16,3.83,0,0,0,0,0,0,-3.83,-3.12,-3.95,0,0,13.09,0,0
16.02.2026 22:19:57 UTC,26501473632,Bestellung,304-9143067-1588368,PB-OK-02,PURPLEBIRD Outdoor Messer. Machete Scharf Echt mit 6MM Klingenr¨¹cken. D2 Stahl Full Tang Bowiemesser mit Scheide. f¨¹r Wandern & Bushcraft. Geschenke,1,amazon.de,Amazon,Viersen,Nordrhein-Westfalen,41748,MarketplaceFacilitator,38.65,7.34,0,0,0,0,0,0,-7.34,-5.98,-4.74,0,0,27.93,0,0
16.02.2026 22:30:23 UTC,26501473632,Bestellung,S02-2127679-3009535,KF015-Fish6,PURPLEBIRD Filetiermesser f¨¹r Fisch 15 CM mit Scheide. 440C Edelstahl Fischmesser zum Schneiden von Fleisch mit Holzgriff. Filitiermesser Scharf Fisch. K¨¹che & Outdoor zum Fischen. Grillen f¨¹r M?nner,1,si-prod-marketplace-de.stores.amazon.de,Amazon,Mechernich,Nordrhein-Westfalen,53894,,0,0,0,0,0,0,0,0,0,0,-5.55,0,0,-5.55,0,0
16.02.2026 22:52:52 UTC,26501473632,Bestellung,305-3181873-9202741,HWD02-ZNO,PURPLEBIRD Outdoor Messer. Messer 12 cm Klinge Feststehende. 440C Edelstahl Bushcraft Camping Messer. Full Tang Scharfe Survival Messer mit Holster f?,1,amazon.de,Amazon,Rottenmann,,8786,MarketplaceFacilitator,18.85,3.77,0,0,0,0,0,0,-3.77,-2.92,-3.04,0,0,12.89,0,0
16.02.2026 22:56:42 UTC,26501473632,Bestellung,302-3146988-5425153,HWD02-ZNO,PURPLEBIRD Outdoor Messer. Messer 12 cm Klinge Feststehende. 440C Edelstahl Bushcraft Camping Messer. Full Tang Scharfe Survival Messer mit Holster f?,1,amazon.de,Amazon,Plaaz,Mecklenburg-Vorpommern,18276,MarketplaceFacilitator,18.85,3.58,0,0,0,0,0,0,-3.58,-2.92,-3.04,0,0,12.89,0,0
16.02.2026 23:22:34 UTC,26501473632,Bestellung,304-2145334-4919561,CZ007-BurgerA,PURPLEBIRD Burgerglocke & Burger Smasher Set. Edelstahl Burgerglocke (? 20cm) mit Schwerlast Gusseisen Burgerpresse (? 17.7cm). Zweiteiliges Burgerp,1,amazon.de,Amazon,Bad Homburg,,61348,MarketplaceFacilitator,29.78,5.66,0,0,0,0,0,0,-5.66,-5.32,-3.8,0,0,20.66,0,0
16.02.2026 23:28:36 UTC,26501473632,Bestellung,302-3598671-2273130,HWD02-ZNO,PURPLEBIRD Outdoor Messer. Messer 12 cm Klinge Feststehende. 440C Edelstahl Bushcraft Camping Messer. Full Tang Scharfe Survival Messer mit Holster f?,1,amazon.de,Amazon,H?henkirchen-Siegertsbrunn,,85635,MarketplaceFacilitator,18.85,3.58,0,0,0,0,0,0,-3.58,-2.92,-3.04,0,0,12.89,0,0
16.02.2026 23:33:16 UTC,26501473632,Bestellung,303-7957166-0184355,HWD02-ZNO,PURPLEBIRD Outdoor Messer. Messer 12 cm Klinge Feststehende. 440C Edelstahl Bushcraft Camping Messer. Full Tang Scharfe Survival Messer mit Holster f?,1,amazon.de,Amazon,Schwanewede,,28790,MarketplaceFacilitator,18.85,3.58,0,0,0,0,0,0,-3.58,-2.92,-3.04,0,0,12.89,0,0
16.02.2026 23:41:23 UTC,26501473632,Bestellung,304-9949647-9462702,GK02,PURPLE BIRD GK02 Gefl¨¹gelschere K¨¹chenschere Profi. 4mm Edelstahl fleischschere mit Sicherheitsschloss & Federbelastung. 103¡ã Schneidwinkel f¨¹r Fl,1,amazon.de,Amazon,Solms,Hessen,35606,MarketplaceFacilitator,22.68,4.31,0,0,0,0,0,0,-4.31,-4.05,-3.04,0,0,15.59,0,0
16.02.2026 23:42:03 UTC,26501473632,Bestellung,028-9888143-6333943,HS-KidRedStraight,PURPLEBIRD Haarschere Friseurschere 6-Zoll Edelstahl Sichere Runde Tipps Haarschneideschere Extra Professionelle Haarschnitt Schere f¨¹r Kinder. Perfe,1,amazon.de,Amazon,Sauensiek,,21644,MarketplaceFacilitator,18.48,3.51,0,0,0,0,0,0,-3.51,-3.3,-3.42,0,0,11.76,0,0
17.02.2026 00:59:38 UTC,26501473632,Bestellung,S02-9477142-3421501,KF015-Chudao,PURPLEBIRD K¨¹chenmesser Schmieden. Kochmesser Profi Messer. Fleischermesser mit Ergonomischem Griff. K¨¹chenmesser Scharf aus Hochwertigem Carbon Edelstahl f¨¹r K¨¹chen. Camping und Grill,1,si-prod-marketplace-de.stores.amazon.de,Amazon,Berlin,Berlin,10315,,0,0,0,0,0,0,0,0,0,0,-8.01,0,0,-8.01,0,0
17.02.2026 01:44:03 UTC,26501473632,Bestellung,302-4305577-5079527,KM30-G,PURPLEBIRD Klappmesser Taschenmesser. Survival Outdoor Messer mit Coolem Aussehen.Tolle Sammlung Geschenke f¨¹r M?nner (Gr¨¹n),1,amazon.de,Amazon,Kehl,Baden W¨¹rttemberg,77694,MarketplaceFacilitator,17.64,3.35,2.09,0.4,0,0,0,0,-3.75,-2.73,-5.13,0,0,11.87,0,0
17.02.2026 07:00:52 UTC,26501473632,Bestellung,305-6938954-9785149,PB-OK-02,PURPLEBIRD Outdoor Messer. Machete Scharf Echt mit 6MM Klingenr¨¹cken. Full Tang Bowiemesser mit Scheide. f¨¹r Wandern & Bushcraft. Geschenke f¨¹r M?,1,amazon.de,Amazon,Nidda 28,Hessen,63667,MarketplaceFacilitator,32.85,6.24,0,0,0,0,0,0,-6.24,-5.08,-5.27,0,0,22.5,0,0
17.02.2026 07:35:30 UTC,26501473632,Bestellung,028-4232487-8762763,HS-KidBlackStraight,Friseurschere f¨¹r Kinder. Sicherheitsschere. runde Spitzen. Haarschneideschere. 15.2 cm. Haarschneideschere. professionelle Friseurschere f¨¹r Babys.,1,amazon.de,Amazon,St. Gallen,,90,MarketplaceFacilitator,16.8,1.36,3.24,0.26,0,0,-3.24,-0.26,-1.36,-3,-2.31,0,0,11.49,0,0
17.02.2026 07:51:45 UTC,26501473632,Bestellung,S02-9671710-3367922,KF015-Chudao,PURPLEBIRD K¨¹chenmesser Schmieden. Kochmesser Profi Messer. Fleischermesser mit Ergonomischem Griff. K¨¹chenmesser Scharf aus Hochwertigem Carbon Edelstahl f¨¹r K¨¹chen. Camping und Grill,1,si-prod-marketplace-de.stores.amazon.de,Amazon,Geeste,Niedersachsen,49744,,0,0,0,0,0,0,0,0,0,0,-8.01,0,0,-8.01,0,0
17.02.2026 11:05:18 UTC,26501473632,Bestellung,304-1247905-5154763,HWD02-ZNO,PURPLEBIRD Outdoor Messer. Messer 12 cm Klinge Feststehende. 440C Edelstahl Bushcraft Camping Messer. Full Tang Scharfe Survival Messer mit Holster f?,1,amazon.de,Amazon,Fl?ha,,09557,MarketplaceFacilitator,20.79,3.95,0,0,0,0,0,0,-3.95,-3.22,-3.04,0,0,14.53,0,0
17.02.2026 12:06:04 UTC,26501473632,Erstattung,302-0107893-6772334,KF015-Chanzi,PURPLEBIRD 12-in-1 Klappspaten mit 180¡ã Camping-Axt | ¨¹berlebens-Set inkl. Multitool. Camping Axe & Tragebag f¨¹r Outdoor/Camping (rostfrei & faltba,1,amazon.de,Amazon,Neckarsulm,Baden-W¨¹rttemberg,74172,MarketplaceFacilitator,-27.55,-5.24,0,0,0,0,0,0,5.24,3.41,0,0,0,-24.14,0,0
17.02.2026 12:28:13 UTC,26501473632,Bestellung,303-5497071-4691510,HWD02-ZNO,PURPLEBIRD Outdoor Messer. Messer 12 cm Klinge Feststehende. 440C Edelstahl Bushcraft Camping Messer. Full Tang Scharfe Survival Messer mit Holster f?,1,amazon.de,Amazon,Kleve,Nordrhein-Westfalen,47533,MarketplaceFacilitator,18.85,3.58,0,0,0,0,0,0,-3.58,-2.92,-3.04,0,0,12.89,0,0
17.02.2026 13:52:46 UTC,26501473632,Bestellung,028-7044824-0777116,HWD02-ZNO,PURPLEBIRD Outdoor Messer. Messer 12 cm Klinge Feststehende. 440C Edelstahl Bushcraft Camping Messer. Full Tang Scharfe Survival Messer mit Holster f?,1,amazon.de,Amazon,Karlsdorf-neuthard,,76689,MarketplaceFacilitator,18.85,3.58,0,0,0,0,0,0,-3.58,-2.92,-3.04,0,0,12.89,0,0
17.02.2026 15:46:57 UTC,26501473632,Bestellung,303-9895561-6426704,HWD02-ZNO,PURPLEBIRD Outdoor Messer. Messer 12 cm Klinge Feststehende. 440C Edelstahl Bushcraft Camping Messer. Full Tang Scharfe Survival Messer mit Holster f?,1,amazon.de,Amazon,Sasbach Am Kaiserstuhl,,79361,MarketplaceFacilitator,18.85,3.58,0,0,0,0,0,0,-3.58,-2.92,-3.04,0,0,12.89,0,0
17.02.2026 16:02:29 UTC,26501473632,Bestellung,S02-4286094-5895155,CZ005-Grillset,PURPLEBIRD Grillbesteckset 5-TLG. Profi Edelstahl Gril Zubeh?r Werkzeug Set. Tragetasche mit Sch¨¹rzenfunktion. Top Grillbesteck-Set mit Holzgriff. Ideal f¨¹r BBQ Teppanyaki Grill Geschenke f¨¹r M?nner,1,si-prod-marketplace-de.stores.amazon.de,Amazon,SALE SAN GIOVANNI,CUNEO,12070,,0,0,0,0,0,0,0,0,0,0,-11.14,0,0,-11.14,0,0
17.02.2026 16:30:15 UTC,26501473632,Bestellung,304-8058327-5528329,HWD02-ZNO,PURPLEBIRD Outdoor Messer. Messer 12 cm Klinge Feststehende. 440C Edelstahl Bushcraft Camping Messer. Full Tang Scharfe Survival Messer mit Holster f?,1,amazon.de,Amazon,Erkrath,Nordrhein-Westfalen,40699,MarketplaceFacilitator,18.85,3.58,0,0,0,0,0,0,-3.58,-2.92,-3.04,0,0,12.89,0,0
17.02.2026 16:47:16 UTC,26501473632,Bestellung,302-7496454-9372366,GK02,PURPLE BIRD GK02 Gefl¨¹gelschere K¨¹chenschere Profi. 4mm Edelstahl fleischschere mit Sicherheitsschloss & Federbelastung. 103¡ã Schneidwinkel f¨¹r Fl,1,amazon.de,Amazon,Iserlohn,,58642,MarketplaceFacilitator,19.73,3.75,0,0,0,0,0,0,-3.75,-3.52,-3.04,0,0,13.17,0,0
17.02.2026 16:53:51 UTC,26501473632,Bestellung,306-8155631-9720324,GK02,PURPLE BIRD GK02 Gefl¨¹gelschere K¨¹chenschere Profi. 4mm Edelstahl fleischschere mit Sicherheitsschloss & Federbelastung. 103¡ã Schneidwinkel f¨¹r Fl,1,amazon.de,Amazon,Dresden,Sachsen,01309,MarketplaceFacilitator,22.68,4.31,0,0,0,0,0,0,-4.31,-4.05,-3.04,0,0,15.59,0,0
17.02.2026 17:41:50 UTC,26501473632,Bestellung,306-4458624-9809933,CZ002-XXL,PURPLEBIRD Grillspachtel Set aus Edelstahl. Plancha Spachtels Set mit Gro? Grillwender f¨¹r Smash Burger. Grill Geschenke f¨¹r M?nner,1,amazon.de,Amazon,Wittislingen,,89426,MarketplaceFacilitator,22.68,4.31,0,0,0,0,0,0,-4.31,-4.05,-3.44,0,0,15.19,0,0
17.02.2026 17:51:02 UTC,26501473632,Servicegeb¨¹hr,,,Werbekosten,,,,,,,,0,0,0,0,0,0,0,0,0,0,0,-508.61,0,-508.61,0,0
17.02.2026 18:02:38 UTC,26501473632,Bestellung,305-9109313-5594736,HS-KidBlackStraight,Friseurschere f¨¹r Kinder. Sicherheitsschere. runde Spitzen. Haarschneideschere. 15.2 cm. Haarschneideschere. professionelle Friseurschere f¨¹r Babys.,1,amazon.de,Amazon,Schwelm,,58332,MarketplaceFacilitator,16.8,3.19,0,0,0,0,0,0,-3.19,-3,-2.57,0,0,11.23,0,0
17.02.2026 18:10:48 UTC,26501473632,Bestellung,302-0884803-1008306,GK02,PURPLE BIRD GK02 Gefl¨¹gelschere K¨¹chenschere Profi. 4mm Edelstahl fleischschere mit Sicherheitsschloss & Federbelastung. 103¡ã Schneidwinkel f¨¹r Fl,1,amazon.de,Amazon,K?BENHAVN NV,Danmark,2400,MarketplaceFacilitator,22.68,5.67,1.77,0.44,0,0,-1.77,-0.44,-5.67,-4.05,-3.04,0,0,15.59,0,0
17.02.2026 18:10:55 UTC,26501473632,Anpassung,,HS02-StripingBlack-Thinning,Versand durch Amazon Erstattung f¨¹r Lagerbestand - Im Lager besch?digt,1,,,,,,,0,0,0,0,0,0,0,0,0,0,0,0,7.82,7.82,0,0
17.02.2026 18:44:24 UTC,26501473632,Bestellung,304-3042970-4418722,CZ002-XXL,PURPLEBIRD Grillspachtel Set aus Edelstahl. Plancha Spachtels Set mit Gro? Grillwender f¨¹r Smash Burger. Grill Geschenke f¨¹r M?nner,1,amazon.de,Amazon,Schortens,,26419,MarketplaceFacilitator,22.68,4.31,0,0,0,0,0,0,-4.31,-4.05,-3.44,0,0,15.19,0,0
17.02.2026 19:56:14 UTC,26501473632,Bestellung,028-1569443-6007565,HS-KidBlackStraight,Friseurschere f¨¹r Kinder. Sicherheitsschere. runde Spitzen. Haarschneideschere. 15.2 cm. Haarschneideschere. professionelle Friseurschere f¨¹r Babys.,1,amazon.de,Amazon,Nandlstadt,,85405,MarketplaceFacilitator,16.8,3.19,0,0,0,0,0,0,-3.19,-3,-2.57,0,0,11.23,0,0
17.02.2026 20:33:41 UTC,26501473632,Bestellung,305-1671899-8417119,HS03-SilverStraight2,PURPLEBIRD Haarschere Friseurschere 6 Inch Effilierschere Scharfe Haarschneideschere Japanischer Edelstahl 440C f¨¹r Damen und Herren Haarschere,1,amazon.de,Amazon,Hamburg,,22359,MarketplaceFacilitator,21,3.99,0.84,0.16,0,0,-0.84,-0.16,-3.99,-3.75,-2.31,0,0,14.94,0,0
17.02.2026 20:48:15 UTC,26501473632,Bestellung,304-9638247-9247525,HS-RoseGold-Set,PURPLEBIRD Haarschneideschere. Profi Haarschere Friseurschere Set aus Edelstahl Haarschneideschere und Effilierschere f¨¹r Barbier/Friseur/Anf?nger 1,1,amazon.de,Amazon,M¨¹nchen,,80997,MarketplaceFacilitator,25.2,4.79,0.42,0.08,0,0,-0.42,-0.08,-4.79,-4.5,-3.04,0,0,17.66,0,0
17.02.2026 20:55:02 UTC,26501473632,Bestellung,028-4199179-4943568,HWD02-ZNO,PURPLEBIRD Outdoor Messer. Messer 12 cm Klinge Feststehende. 440C Edelstahl Bushcraft Camping Messer. Full Tang Scharfe Survival Messer mit Holster f?,1,amazon.de,Amazon,Gasteig,,6382,MarketplaceFacilitator,18.85,3.77,0,0,0,0,0,0,-3.77,-2.92,-3.04,0,0,12.89,0,0
17.02.2026 20:56:28 UTC,26501473632,Bestellung,304-5169086-5959532,CZ002-XXL,PURPLEBIRD Grillspachtel Set aus Edelstahl. Plancha Spachtels Set mit Gro? Grillwender f¨¹r Smash Burger. Grill Geschenke f¨¹r M?nner,1,amazon.de,Amazon,Tauche,,15848,MarketplaceFacilitator,22.68,4.31,0,0,0,0,0,0,-4.31,-4.05,-3.44,0,0,15.19,0,0
17.02.2026 20:57:09 UTC,26501473632,Bestellung,302-6442572-7944315,PS-7.0''DownCurvedThinning,PURPLEBIRD Fellschere 7 Inch Hundeschere Gebogen. Fellschere Katze. Effilierschere Hund zur Fellpflege f¨¹r alle Hunde Katze. Schneiden und Grooming.,1,amazon.de,Amazon,Frastanz,Vorarlberg,6820,MarketplaceFacilitator,47.89,9.58,0,0,0,0,0,0,-9.58,-8.55,-2.57,0,0,36.77,0,0
17.02.2026 21:02:54 UTC,26501473632,Bestellung,303-2159290-5389134,HS03-Silver-Thinning,PURPLEBIRD Haarschere Friseurschere 6 Inch Effilierschere Scharfe Haarschneideschere Japanischer Edelstahl 440C f¨¹r Damen und Herren Haarschere mit k,1,amazon.de,Amazon,Rostock,,18055,MarketplaceFacilitator,21,3.99,3.35,0.64,0,0,0,0,-4.63,-3.75,-5.92,0,0,14.68,0,0
17.02.2026 21:20:40 UTC,26501473632,Bestellung,028-1672157-5109911,BBQW-ZNO,PURPLEBIRD 31-teiliges Edelstahl Grillzubeh?r Set - Premium BBQ Grillbesteck f¨¹r M?nner & Frauen mit Tragetasche. Grillmatte Garten. Camping & Gebu,1,amazon.de,Amazon,Schortens,Niedersachsen,26419,MarketplaceFacilitator,21.84,4.15,0,0,0,0,0,0,-4.15,-3.9,-3.95,0,0,13.99,0,0
17.02.2026 21:21:18 UTC,26501473632,Bestellung,306-6420089-4209158,HS-KidBlackStraight,Friseurschere f¨¹r Kinder. Sicherheitsschere. runde Spitzen. Haarschneideschere. 15.2 cm. Haarschneideschere. professionelle Friseurschere f¨¹r Babys.,1,amazon.de,Amazon,Wipperf¨¹rth,,51688,MarketplaceFacilitator,16.8,3.19,0.58,0.11,0,0,-0.58,-0.11,-3.19,-3,-2.57,0,0,11.23,0,0
17.02.2026 21:59:40 UTC,26501473632,Bestellung,302-6529724-6617943,HWD02-ZNO,PURPLEBIRD Outdoor Messer. Messer 12 cm Klinge Feststehende. 440C Edelstahl Bushcraft Camping Messer. Full Tang Scharfe Survival Messer mit Holster f?,1,amazon.de,Amazon,Eisingen,,75239,MarketplaceFacilitator,18.85,3.58,0,0,0,0,0,0,-3.58,-2.92,-3.04,0,0,12.89,0,0
17.02.2026 22:00:59 UTC,26501473632,Bestellung,028-2975977-9841104,HS-KidBlackStraight,Friseurschere f¨¹r Kinder. Sicherheitsschere. runde Spitzen. Haarschneideschere. 15.2 cm. Haarschneideschere. professionelle Friseurschere f¨¹r Babys.,1,amazon.de,Amazon,Berlingerode,,37339,MarketplaceFacilitator,16.8,3.19,0,0,0,0,0,0,-3.19,-3,-2.57,0,0,11.23,0,0
17.02.2026 22:14:46 UTC,26501473632,Bestellung,303-0071739-3887535,OMFK-B01,PURPLEBIRD Schwarzes Camping Messer aus Kohlenstoffstahl. Hohe H?rte und Sch?rfe. Outdoor Messer mit Messerscheide aus Ebenholz f¨¹r die Jagd. Wande,1,amazon.de,Amazon,Lehrte,,31275,MarketplaceFacilitator,33.61,6.38,0,0,0,0,0,0,-6.38,-5.2,-0.84,0,0,27.57,0,0
17.02.2026 22:32:27 UTC,26501473632,Bestellung,306-7640946-1924367,HS-KidBlackStraight,Friseurschere f¨¹r Kinder. Sicherheitsschere. runde Spitzen. Haarschneideschere. 15.2 cm. Haarschneideschere. professionelle Friseurschere f¨¹r Babys.,1,amazon.de,Amazon,Berlin,Berlin,10715,MarketplaceFacilitator,16.8,3.19,0,0,0,0,0,0,-3.19,-3,-2.57,0,0,11.23,0,0
17.02.2026 22:42:26 UTC,26501473632,Bestellung,306-3051386-7008348,XS04-Fang,PURPLEBIRD Jagdmesser Feststehende Klinge. Outdoor Messer mit 4.5mm Klingenr¨¹cken. Full Tang Bushcraft Messer mit G10 Griff. Kydex Holster. Tanto Mes,1,amazon.de,Amazon,Berlin,,13587,MarketplaceFacilitator,28.23,5.36,0,0,0,0,0,0,-5.36,-4.37,-3.04,0,0,20.82,0,0
17.02.2026 22:55:18 UTC,26501473632,Bestellung,304-4450757-1715523,GK02,PURPLE BIRD GK02 Gefl¨¹gelschere K¨¹chenschere Profi. 4mm Edelstahl fleischschere mit Sicherheitsschloss & Federbelastung. 103¡ã Schneidwinkel f¨¹r Fl,1,amazon.de,Amazon,Berlin,,12045,MarketplaceFacilitator,22.68,4.31,0,0,0,0,0,0,-4.31,-4.05,-3.04,0,0,15.59,0,0
17.02.2026 22:58:08 UTC,26501473632,Bestellung,306-3673424-8693125,KF015-Chanzi,PURPLEBIRD 12-in-1 Klappspaten mit 180¡ã Camping-Axt | ¨¹berlebens-Set inkl. Multitool. Camping Axe & Tragebag f¨¹r Outdoor/Camping (rostfrei & faltba,1,amazon.de,Amazon,Korb,,71404,MarketplaceFacilitator,27.55,5.24,0,0,0,0,0,0,-5.24,-4.26,-4.54,0,0,18.75,0,0
17.02.2026 22:59:07 UTC,26501473632,Bestellung,303-7514124-9712309,BBQW-ZNO,PURPLEBIRD 31-teiliges Edelstahl Grillzubeh?r Set - Premium BBQ Grillbesteck f¨¹r M?nner & Frauen mit Tragetasche. Grillmatte Garten. Camping & Gebu,1,amazon.de,Amazon,Pfarrkirchen,Deutschland,84347,MarketplaceFacilitator,21.84,4.15,0,0,0,0,0,0,-4.15,-3.9,-3.95,0,0,13.99,0,0
17.02.2026 23:01:46 UTC,26501473632,Bestellung,305-0039749-8515523,HWD02-ZNO,PURPLEBIRD Outdoor Messer. Messer 12 cm Klinge Feststehende. 440C Edelstahl Bushcraft Camping Messer. Full Tang Scharfe Survival Messer mit Holster f?,1,amazon.de,Amazon,Weidenthal,,67475,MarketplaceFacilitator,18.85,3.58,0.67,0.13,0,0,-0.67,-0.13,-3.58,-2.92,-3.04,0,0,12.89,0,0
17.02.2026 23:24:56 UTC,26501473632,Bestellung,303-2152671-0265950,HS02-StripingBlack-Straight,Profi Haarschere Friseurschere Haarschneideschere aus Rostfreiem Stahl im Japanischen Stil Geeignet f¨¹r Kinder. Frauen und M?nner Extra Scharfe Haar,1,amazon.de,Amazon,WIEN,Wien,1220,MarketplaceFacilitator,25.2,5.04,0,0,0,0,0,0,-5.04,-4.5,-2.57,0,0,18.13,0,0
17.02.2026 23:25:57 UTC,26501473632,Bestellung,305-2229445-1361103,HS-KidBlackStraight,Friseurschere f¨¹r Kinder. Sicherheitsschere. runde Spitzen. Haarschneideschere. 15.2 cm. Haarschneideschere. professionelle Friseurschere f¨¹r Babys.,1,amazon.de,Amazon,Friedrichshafen,Baden-W¨¹rttemberg,88046,MarketplaceFacilitator,16.8,3.19,0,0,0,0,0,0,-3.19,-3,-2.57,0,0,11.23,0,0
17.02.2026 23:54:35 UTC,26501473632,Bestellung,302-9445169-9989960,CZ002-XXL,PURPLEBIRD Grillspachtel Set aus Edelstahl. Plancha Spachtels Set mit Gro? Grillwender f¨¹r Smash Burger. Grill Geschenke f¨¹r M?nner,1,amazon.de,Amazon,Grammetal OT M?nchenholzhausen,,99428,MarketplaceFacilitator,22.68,4.31,0,0,0,0,0,0,-4.31,-4.05,-3.44,0,0,15.19,0,0
18.02.2026 00:06:48 UTC,26501473632,Bestellung,304-1514520-8169119,HWD02-ZNO,PURPLEBIRD Outdoor Messer. Messer 12 cm Klinge Feststehende. 440C Edelstahl Bushcraft Camping Messer. Full Tang Scharfe Survival Messer mit Holster f?,1,amazon.de,Amazon,Bad Wimpfen,,74206,MarketplaceFacilitator,18.85,3.58,1.12,0.21,0,0,-1.12,-0.21,-3.58,-2.92,-3.04,0,0,12.89,0,0
18.02.2026 00:12:49 UTC,26501473632,Bestellung,304-5157562-3925116,HWD02-ZNO,PURPLEBIRD Outdoor Messer. Messer 12 cm Klinge Feststehende. 440C Edelstahl Bushcraft Camping Messer. Full Tang Scharfe Survival Messer mit Holster f?,1,amazon.de,Amazon,Hanau,Hessen,63452,MarketplaceFacilitator,18.85,3.58,0,0,0,0,0,0,-3.58,-2.92,-3.04,0,0,12.89,0,0
18.02.2026 07:31:24 UTC,26501473632,Bestellung,305-7497551-2679514,HWD02-ZNO,PURPLEBIRD Outdoor Messer. Messer 12 cm Klinge Feststehende. 440C Edelstahl Bushcraft Camping Messer. Full Tang Scharfe Survival Messer mit Holster f?,1,amazon.de,Amazon,Budapest. XVIII.,Budapest,,MarketplaceFacilitator,18.85,5.09,2.06,0.56,0,0,-2.06,-0.56,-5.09,-2.92,-3.04,0,0,12.89,0,0
18.02.2026 08:47:41 UTC,26501473632,Geb¨¹hren von Amazon,c70ecb46-41cc-46ea-b178-b8db8d2ef643,,Leistungsbasierte Coupon-Geb¨¹hr,,Amazon.de,,,,,,0,0,0,0,0,0,0,0,0,-0.25,0,0,0,-0.25,0,0
18.02.2026 09:19:00 UTC,26501473632,Geb¨¹hren von Amazon,c70ecb46-41cc-46ea-b178-b8db8d2ef643,,Coupon-Teilnahmegeb¨¹hr,,Amazon.de,,,,,,0,0,0,0,0,0,0,0,0,-4,0,0,0,-4,0,0
18.02.2026 11:55:18 UTC,26501473632,Anpassung,305-3955390-1834741,MT002-Black,Versand durch Amazon Erstattung f¨¹r Lagerbestand - Kundenr¨¹cksendung,1,,,,,,,0,0,0,0,0,0,0,0,0,0,0,0,17.03,17.03,0,0
18.02.2026 13:38:16 UTC,26501473632,Bestellung,028-5791935-0956358,CZ002-XXL,PURPLEBIRD Grillspachtel Set aus Edelstahl. Plancha Spachtels Set mit Gro? Grillwender f¨¹r Smash Burger. Grill Geschenke f¨¹r M?nner,1,amazon.de,Amazon,Nu?dorf am Haunsberg,,5151,MarketplaceFacilitator,16.33,3.27,1.67,0.33,0,0,-1.67,-0.33,-3.27,-2.91,-3.44,0,0,9.98,0,0
18.02.2026 14:40:57 UTC,26501473632,Bestellung,306-3057683-1532349,GSGD-ZNO,PURPLEBIRD Grill Schaber f¨¹r Flachgrills mit 6-Zoll-Edelstahlklinge & Ergonomischem Aluminiumgriff Grillschaber f¨¹r Gastronomie. Haushalt und Gewerb,1,amazon.de,Amazon,M¨¹nchen,,80809,,20.16,3.83,1.67,0.32,0,0,0,0,0,-3.12,-5.62,0,0,17.24,0,0
18.02.2026 15:48:01 UTC,26501473632,Bestellung,028-4258148-6497945,HWD02-ZNO,PURPLEBIRD Outdoor Messer. Messer 12 cm Klinge Feststehende. 440C Edelstahl Bushcraft Camping Messer. Full Tang Scharfe Survival Messer mit Holster f?,1,amazon.de,Amazon,Wien,,1230,MarketplaceFacilitator,18.85,3.77,1.66,0.33,0,0,-1.66,-0.33,-3.77,-2.92,-3.04,0,0,12.89,0,0
18.02.2026 16:01:39 UTC,26501473632,Bestellung,302-4265316-7353115,BBQW-ZNO,PURPLEBIRD 31-teiliges Edelstahl Grillzubeh?r Set - Premium BBQ Grillbesteck f¨¹r M?nner & Frauen mit Tragetasche. Grillmatte Garten. Camping & Gebu,1,amazon.de,Amazon,Verden (aller),,27283,MarketplaceFacilitator,21.84,4.15,0,0,0,0,0,0,-4.15,-3.9,-3.95,0,0,13.99,0,0
18.02.2026 17:24:20 UTC,26501473632,Bestellung,305-9009086-2071525,HS03-SilverStraight2,PURPLEBIRD Haarschere Friseurschere 6 Inch Effilierschere Scharfe Haarschneideschere Japanischer Edelstahl 440C f¨¹r Damen und Herren Haarschere,1,amazon.de,Amazon,Bochum,,44867,MarketplaceFacilitator,21,3.99,0.67,0.13,0,0,-0.67,-0.13,-3.99,-3.75,-2.57,0,0,14.68,0,0
18.02.2026 17:47:22 UTC,26501473632,Bestellung,302-9132621-3020358,HS-KidBlackStraight,Friseurschere f¨¹r Kinder. Sicherheitsschere. runde Spitzen. Haarschneideschere. 15.2 cm. Haarschneideschere. professionelle Friseurschere f¨¹r Babys.,1,amazon.de,Amazon,Oldenburg,,26123,MarketplaceFacilitator,16.8,3.19,3.35,0.64,0,0,0,0,-3.83,-3,-5.92,0,0,11.23,0,0
18.02.2026 20:05:35 UTC,26501473632,Bestellung,304-4715389-5917164,KM30-G,PURPLEBIRD Klappmesser. Hohe H?rte und Sch?rfe. Taschenmesser EDC Messer mit Taschenclip. Sicherheitsschloss & Rutschfester Griff f¨¹r Outdoor. Surv,1,amazon.de,Amazon,Sundern,,59846,MarketplaceFacilitator,17.64,3.35,0.83,0.16,0,0,-0.83,-0.16,-3.35,-2.73,-3.04,0,0,11.87,0,0
18.02.2026 20:12:53 UTC,26501473632,Bestellung,304-9378219-8962732,HWD02-ZNO,PURPLEBIRD Outdoor Messer. Messer 12 cm Klinge Feststehende. 440C Edelstahl Bushcraft Camping Messer. Full Tang Scharfe Survival Messer mit Holster f?,1,amazon.de,Amazon,GRONINGEN,Groningen,9723,MarketplaceFacilitator,18.85,3.96,0.83,0.17,0,0,0,0,-4.13,-2.92,-3.88,0,0,12.88,0,0
18.02.2026 20:27:05 UTC,26501473632,Bestellung,028-2497931-5295501,HS03-Silver-Thinning,PURPLEBIRD Haarschere Friseurschere 6 Inch Effilierschere Scharfe Haarschneideschere Japanischer Edelstahl 440C f¨¹r Damen und Herren Haarschere mit k,1,amazon.de,Amazon,Finkenstein am Faaker See,,9585,MarketplaceFacilitator,21,4.2,0,0,0,0,0,0,-4.2,-3.75,-2.57,0,0,14.68,0,0
18.02.2026 20:30:57 UTC,26501473632,Bestellung,305-6539251-9943514,GSGD-ZNO,PURPLEBIRD Grill Schaber f¨¹r Flachgrills mit 6-Zoll-Edelstahlklinge & Ergonomischem Aluminiumgriff Grillschaber f¨¹r Gastronomie. Haushalt und Gewerb,1,amazon.de,Amazon,Erdmannhausen,,71729,MarketplaceFacilitator,20.16,3.83,0,0,0,0,0,0,-3.83,-3.12,-3.95,0,0,13.09,0,0
18.02.2026 20:31:43 UTC,26501473632,Bestellung,302-6181558-0037905,KF015-Chanzi,PURPLEBIRD 12-in-1 Klappspaten mit 180¡ã Camping-Axt | ¨¹berlebens-Set inkl. Multitool. Camping Axe & Tragebag f¨¹r Outdoor/Camping (rostfrei & faltba,1,amazon.de,Amazon,Lichtenau,,33165,MarketplaceFacilitator,27.55,5.24,0,0,0,0,0,0,-5.24,-4.26,-4.54,0,0,18.75,0,0
18.02.2026 20:41:28 UTC,26501473632,Bestellung,028-5638196-6971552,CZ002-XXL,PURPLEBIRD Grillspachtel Set aus Edelstahl. Plancha Spachtels Set mit Gro? Grillwender f¨¹r Smash Burger. Grill Geschenke f¨¹r M?nner,1,amazon.de,Amazon,Braunschweig,,38100,MarketplaceFacilitator,22.68,4.31,0,0,0,0,0,0,-4.31,-4.05,-3.44,0,0,15.19,0,0
18.02.2026 20:41:28 UTC,26501473632,Bestellung,028-5638196-6971552,GSGD-ZNO,PURPLEBIRD Grill Schaber f¨¹r Flachgrills mit 6-Zoll-Edelstahlklinge & Ergonomischem Aluminiumgriff Grillschaber f¨¹r Gastronomie. Haushalt und Gewerb,1,amazon.de,Amazon,Braunschweig,,38100,MarketplaceFacilitator,20.16,3.83,0,0,0,0,0,0,-3.83,-3.12,-3.95,0,0,13.09,0,0
18.02.2026 20:41:28 UTC,26501473632,Bestellung,028-5638196-6971552,GSDP-ZNO,PURPLEBIRD 6" Edelstahl Grill Kratzer-Klingen 6er-Pack. Rasierklingenscharfe Grillreinigungs-Klingen. Ersatzklingen f¨¹r Griddle & BBQ-Grillkratzer,1,amazon.de,Amazon,Braunschweig,,38100,MarketplaceFacilitator,12.92,2.46,0,0,0,0,0,0,-2.46,-2.31,-2.68,0,0,7.93,0,0
18.02.2026 20:43:53 UTC,26501473632,Bestellung,303-2777795-4063548,PB-OK-02,PURPLEBIRD Outdoor Messer. Machete Scharf Echt mit 6MM Klingenr¨¹cken. Full Tang Bowiemesser mit Scheide. f¨¹r Wandern & Bushcraft. Geschenke f¨¹r M?,1,amazon.de,Amazon,Himbergen,,29584,MarketplaceFacilitator,32.85,6.24,0,0,0,0,0,0,-6.24,-5.08,-5.27,0,0,22.5,0,0
18.02.2026 21:14:27 UTC,26501473632,Bestellung,306-6614684-1619526,HS03-Silver-Thinning,PURPLEBIRD Haarschere Friseurschere 6 Inch Effilierschere Scharfe Haarschneideschere Japanischer Edelstahl 440C f¨¹r Damen und Herren Haarschere mit k,1,amazon.de,Amazon,M¨¹nchen,,81476,MarketplaceFacilitator,21,3.99,0,0,0,0,0,0,-3.99,-3.75,-2.31,0,0,14.94,0,0
18.02.2026 21:16:21 UTC,26501473632,Bestellung,306-0129518-2565125,CZ002-XXL,PURPLEBIRD Grillspachtel Set aus Edelstahl. Plancha Spachtels Set mit Gro? Grillwender f¨¹r Smash Burger. Grill Geschenke f¨¹r M?nner,1,amazon.de,Amazon,Offenbach Am Main,,63073,MarketplaceFacilitator,22.68,4.31,0,0,0,0,0,0,-4.31,-4.05,-3.44,0,0,15.19,0,0
18.02.2026 21:32:58 UTC,26501473632,Bestellung,302-2471623-0113943,PB-OK-02,PURPLEBIRD Outdoor Messer. Machete Scharf Echt mit 6MM Klingenr¨¹cken. D2 Stahl Full Tang Bowiemesser mit Scheide. f¨¹r Wandern & Bushcraft. Geschenke,1,amazon.de,Amazon,Schw?bisch Gm¨¹nd,Baden-W¨¹rttemberg,73529,MarketplaceFacilitator,38.65,7.34,1.12,0.21,0,0,-1.12,-0.21,-7.34,-5.98,-4.74,0,0,27.93,0,0
18.02.2026 21:56:29 UTC,26501473632,Bestellung,302-4890419-3701115,GSDP-ZNO,PURPLEBIRD 6" Edelstahl Grill Kratzer-Klingen 6er-Pack. Rasierklingenscharfe Grillreinigungs-Klingen. Ersatzklingen f¨¹r Griddle & BBQ-Grillkratzer,1,amazon.de,Amazon,Kall,,53925,MarketplaceFacilitator,12.92,2.46,0,0,0,0,0,0,-2.46,-2.31,-2.68,0,0,7.93,0,0
18.02.2026 21:58:40 UTC,26501473632,Bestellung,306-5850966-5444335,BBQW-ZNO,PURPLEBIRD 31-teiliges Edelstahl Grillzubeh?r Set - Premium BBQ Grillbesteck f¨¹r M?nner & Frauen mit Tragetasche. Grillmatte Garten. Camping & Gebu,1,amazon.de,Amazon,Hallstadt,,96103,MarketplaceFacilitator,21.84,4.15,0,0,0,0,0,0,-4.15,-3.9,-3.95,0,0,13.99,0,0
18.02.2026 22:22:38 UTC,26501473632,Bestellung,305-8562842-3975555,HS03-SilverStraight2,PURPLEBIRD Haarschere Friseurschere 6 Inch Effilierschere Scharfe Haarschneideschere Japanischer Edelstahl 440C f¨¹r Damen und Herren Haarschere,1,amazon.de,Amazon,Ilsede,,31246,MarketplaceFacilitator,21,3.99,3.35,0.64,0,0,0,0,-4.63,-3.75,-5.92,0,0,14.68,0,0
18.02.2026 22:30:33 UTC,26501473632,Bestellung,302-8065157-4370704,HWD02-ZNO,PURPLEBIRD Outdoor Messer. Messer 12 cm Klinge Feststehende. 440C Edelstahl Bushcraft Camping Messer. Full Tang Scharfe Survival Messer mit Holster f?,1,amazon.de,Amazon,Fockbek,Schleswig-Holstein,24787,,18.85,3.58,1.22,0.23,0,0,-1.22,-0.23,0,-5.84,-3.04,0,0,13.55,0,0
18.02.2026 22:30:33 UTC,26501473632,Bestellung,302-8065157-4370704,HWD02-ZNO,PURPLEBIRD Outdoor Messer. Messer 12 cm Klinge Feststehende. 440C Edelstahl Bushcraft Camping Messer. Full Tang Scharfe Survival Messer mit Holster f?,1,amazon.de,Amazon,Fockbek,Schleswig-Holstein,24787,,18.85,3.58,1.22,0.23,0,0,-1.22,-0.23,0,0,-3.04,0,0,19.39,0,0
18.02.2026 22:54:48 UTC,26501473632,Bestellung,303-6908198-3107537,HS03-Silver-Straight,PURPLEBIRD Haarschere Friseurschere 6 Inch Effilierschere Scharfe Haarschneideschere Japanischer Edelstahl 440C f¨¹r Damen und Herren Haarschere,1,amazon.de,Amazon,Albstadt,,72459,MarketplaceFacilitator,21,3.99,0,0,0,0,0,0,-3.99,-3.75,-2.57,0,0,14.68,0,0
18.02.2026 23:17:28 UTC,26501473632,Bestellung,028-0281923-6045163,CZ002-XXL,PURPLEBIRD Grillspachtel Set aus Edelstahl. Plancha Spachtels Set mit Gro? Grillwender f¨¹r Smash Burger. Grill Geschenke f¨¹r M?nner,1,amazon.de,Amazon,Gescher,NRW,48712,MarketplaceFacilitator,22.68,4.31,0,0,0,0,0,0,-4.31,-4.05,-3.44,0,0,15.19,0,0
18.02.2026 23:36:43 UTC,26501473632,Erstattung,306-3057683-1532349,GSGD-ZNO,PURPLEBIRD Grill Schaber f¨¹r Flachgrills mit 6-Zoll-Edelstahlklinge & Ergonomischem Aluminiumgriff Grillschaber f¨¹r Gastronomie. Haushalt und Gewerb,1,amazon.de,Amazon,M¨¹nchen,,80809,,0,0,-1.67,-0.32,0,0,0,0,0,0,1.67,0,0,-0.32,0,0
18.02.2026 23:37:24 UTC,26501473632,Bestellung,303-6568789-0505955,HWD02-ZNO,PURPLEBIRD Outdoor Messer. Messer 12 cm Klinge Feststehende. 440C Edelstahl Bushcraft Camping Messer. Full Tang Scharfe Survival Messer mit Holster f?,1,amazon.de,Amazon,Umkirch,,79224,MarketplaceFacilitator,18.85,3.58,3.35,0.64,0,0,0,0,-4.22,-2.92,-6.39,0,0,12.89,0,0
18.02.2026 23:45:20 UTC,26501473632,Bestellung,028-7965760-5776336,HS-Purple-Set,PURPLEBIRD Haarschneideschere. Profi Haarschere Friseurschere Set aus Edelstahl Haarschneideschere und Effilierschere f¨¹r Barbier/Friseur/Anf?nger 1,1,amazon.de,Amazon,Hannover,,30657,MarketplaceFacilitator,24.37,4.63,1.68,0.32,0,0,-1.68,-0.32,-4.63,-4.35,-3.04,0,0,16.98,0,0
19.02.2026 00:09:35 UTC,26501473632,Bestellung,306-6678095-4965100,CZ-Axt2,PURPLEBIRD Axt Beil mit Scheide 37.8cm Spaltaxt f¨¹r Holz Handgeschmiedet Handbeil mit Ergonomischer Holzgriff Survival Axt Camping Axt Outdoor Bushcr,1,amazon.de,Amazon,Halberstadt,S - A,38820,MarketplaceFacilitator,17.64,3.35,0,0,0,0,0,0,-3.35,-3.15,-3.8,0,0,10.69,0,0
19.02.2026 02:27:59 UTC,26501473632,Bestellung,028-3763259-9823525,HS-Black-Set,PURPLEBIRD Friseurscheren Profi. Haarschere Friseurschere Set aus Edelstahl Haarschneideschere und Effilierschere f¨¹r Barbier/Friseur/Anf?nger 10 St,1,amazon.de,Amazon,Neunkirchen,,66538,MarketplaceFacilitator,21.42,4.07,0,0,0,0,0,0,-4.07,-3.82,-3.04,0,0,14.56,0,0
19.02.2026 04:13:53 UTC,26501473632,Bestellung,303-5632045-6167542,HWD02-ZNO,PURPLEBIRD Outdoor Messer. Messer 12 cm Klinge Feststehende. 440C Edelstahl Bushcraft Camping Messer. Full Tang Scharfe Survival Messer mit Holster f?,1,amazon.de,Amazon,Sonnenb¨¹hl,,72820,MarketplaceFacilitator,18.85,3.58,1.12,0.21,0,0,-1.12,-0.21,-3.58,-2.92,-3.04,0,0,12.89,0,0
19.02.2026 06:43:55 UTC,26501473632,Bestellung,306-3806397-2149168,PS04-GreenScrewSetChunker,PURPLEBIRD Fellschere Hundeschere 7 Inch professionelles Tierpflege Set aus 440C japanischer Edelstahl gerade Gebogene ausd¨¹nnen Chunker Schere Set,1,amazon.de,Amazon,Dassel,,37586,MarketplaceFacilitator,21.5,4.09,0,0,0,0,0,0,-4.09,-3.84,-3.04,0,0,14.62,0,0
19.02.2026 12:58:10 UTC,26501473632,Bestellung,305-9741089-3552350,HSK-RoseGold,Haarschere Set 6 Inch Friseurschere Effilierschere Kit Professionelle Ausd¨¹nnen Texturierende Schere Scharfe Friseurschere Set f¨¹r M?nner Frauen un,1,amazon.de,Amazon,Geisenhausen,Bayern,84144,MarketplaceFacilitator,22.38,4.25,0,0,0,0,0,0,-4.25,-3.99,-3.04,0,0,15.35,0,0
19.02.2026 13:32:53 UTC,26501473632,Bestellung,028-9227961-9617161,KF012-Fudao,PURPLEBIRD Camping Axt Outdoor Messer Set. Axt Set 2 Teilig mit Scheide. Feststehend Jagdmesser Survival Messer und Spaltaxt Sch?rfe. Camping Beil mi,1,amazon.de,Amazon,Bosau,,23715,MarketplaceFacilitator,28.09,5.34,1.68,0.32,0,0,-1.68,-0.32,-5.34,-5.01,-3.93,0,0,19.15,0,0
19.02.2026 15:06:10 UTC,26501473632,Bestellung,306-2282083-3097905,PS04-GreenScrewSetChunker,PURPLEBIRD Fellschere Hunde. 7 Inch Hundeschere Set Profi aus 440C Japanischer Edelstahl Gerade Gebogene aus D¨¹nnen Chunker Schere Set,1,amazon.de,Amazon,Neustadt am R¨¹benberge,Niedersachsen,31535,MarketplaceFacilitator,33.61,6.38,0,0,0,0,0,0,-6.38,-6,-3.04,0,0,24.57,0,0
19.02.2026 15:28:15 UTC,26501473632,Bestellung,302-2377702-6260307,OMFK-B01,PURPLEBIRD Schwarzes Camping Messer aus Kohlenstoffstahl. Hohe H?rte und Sch?rfe. Outdoor Messer mit Messerscheide aus Ebenholz f¨¹r die Jagd. Wande,1,amazon.de,Amazon,M¨¹lheim an der Ruhr,Nordrhein-Westfalen,45470,MarketplaceFacilitator,25.54,4.85,0,0,0,0,0,0,-4.85,-3.95,-3.04,0,0,18.55,0,0
19.02.2026 16:21:11 UTC,26501473632,Bestellung,302-1583302-7578747,HWD02-ZNO,PURPLEBIRD Outdoor Messer. Messer 12 cm Klinge Feststehende. 440C Edelstahl Bushcraft Camping Messer. Full Tang Scharfe Survival Messer mit Holster f?,2,amazon.de,Amazon,Aachen,,52074,MarketplaceFacilitator,37.7,7.16,0,0,0,0,0,0,-7.16,-5.84,-6.08,0,0,25.78,0,0
19.02.2026 17:17:47 UTC,26501473632,Bestellung,302-3832628-8801156,BBQS-ZNO,PURPLEBIRD 6-teiliges Grillbesteck Set aus Edelstahl. Premium Grillzubeh?r mit 3-in-1 Spatel. Gabel. Zange. B¨¹rste. Saucenpinsel & Tragetasche f¨¹r,1,amazon.de,Amazon,K?nigswinter,Nordrhein-Westfalen,53639,MarketplaceFacilitator,16.39,3.12,0,0,0,0,0,0,-3.12,-2.93,-5.42,0,0,8.04,0,0
19.02.2026 17:21:29 UTC,26501473632,Bestellung,303-5558112-2829127,BBQW-ZNO,PURPLEBIRD 31-teiliges Edelstahl Grillzubeh?r Set - Premium BBQ Grillbesteck f¨¹r M?nner & Frauen mit Tragetasche. Grillmatte Garten. Camping & Gebu,1,amazon.de,Amazon,Pulsnitz,Sachsen,01896,MarketplaceFacilitator,21.84,4.15,1.68,0.32,0,0,-1.68,-0.32,-4.15,-3.9,-3.95,0,0,13.99,0,0
19.02.2026 17:23:14 UTC,26501473632,Bestellung,302-9674345-6318716,HS-KidBlackStraight,Friseurschere f¨¹r Kinder. Sicherheitsschere. runde Spitzen. Haarschneideschere. 15.2 cm. Haarschneideschere. professionelle Friseurschere f¨¹r Babys.,1,amazon.de,Amazon,Velbert,,42553,MarketplaceFacilitator,16.8,3.19,0,0,0,0,0,0,-3.19,-3,-2.57,0,0,11.23,0,0
19.02.2026 18:55:25 UTC,26501473632,Bestellung,306-9541319-9853906,BBQW-ZNO,PURPLEBIRD 31-teiliges Edelstahl Grillzubeh?r Set - Premium BBQ Grillbesteck f¨¹r M?nner & Frauen mit Tragetasche. Grillmatte Garten. Camping & Gebu,1,amazon.de,Amazon,Ragnitz,,8413,MarketplaceFacilitator,21.84,4.37,0,0,0,0,0,0,-4.37,-3.9,-3.95,0,0,13.99,0,0
19.02.2026 19:10:37 UTC,26501473632,Bestellung,304-3326913-3816324,BBQW-ZNO,PURPLEBIRD 31-teiliges Edelstahl Grillzubeh?r Set - Premium BBQ Grillbesteck f¨¹r M?nner & Frauen mit Tragetasche. Grillmatte Garten. Camping & Gebu,1,amazon.de,Amazon,Aalen,,73433,MarketplaceFacilitator,21.84,4.15,0,0,0,0,0,0,-4.15,-3.9,-3.95,0,0,13.99,0,0
19.02.2026 19:37:28 UTC,26501473632,Bestellung,304-7164004-3710744,HWD02-ZNO,PURPLEBIRD Outdoor Messer. Messer 12 cm Klinge Feststehende. 440C Edelstahl Bushcraft Camping Messer. Full Tang Scharfe Survival Messer mit Holster f?,1,amazon.de,Amazon,Gloggnitz,Nieder?sterreich,2640,MarketplaceFacilitator,18.85,3.77,0,0,0,0,0,0,-3.77,-2.92,-3.04,0,0,12.89,0,0
19.02.2026 19:40:06 UTC,26501473632,Bestellung,302-0797416-0770730,HS-KidBlackStraight,Friseurschere f¨¹r Kinder. Sicherheitsschere. runde Spitzen. Haarschneideschere. 15.2 cm. Haarschneideschere. professionelle Friseurschere f¨¹r Babys.,1,amazon.de,Amazon,Dresden,,01277,MarketplaceFacilitator,16.8,3.19,0,0,0,0,0,0,-3.19,-3,-2.57,0,0,11.23,0,0
19.02.2026 20:18:44 UTC,26501473632,Versand durch Amazon Lagergeb¨¹hr,,,Versand durch Amazon Langzeitlagergeb¨¹hr,,Amazon.de,,,,,,0,0,0,0,0,0,0,0,0,0,0,0,-1.148.63,-1.148.63,0,0
19.02.2026 20:56:29 UTC,26501473632,Bestellung,304-7864267-1295518,OMFK-B01,PURPLEBIRD Schwarzes Camping Messer aus Kohlenstoffstahl. Hohe H?rte und Sch?rfe. Outdoor Messer mit Messerscheide aus Ebenholz f¨¹r die Jagd. Wande,1,amazon.de,Amazon,Meinerzhagen,,58540,MarketplaceFacilitator,33.61,6.38,0,0,0,0,0,0,-6.38,-5.2,-3.04,0,0,25.37,0,0
19.02.2026 21:26:18 UTC,26501473632,Bestellung,306-9674704-4223566,P7-3OIB-4BZI,PURPLEBIRD Messer mit Feststehender Klinge. Camping Messer mit Scheide und Verstellbarer G¨¹rtelclip. Full Tang Outdoor Messer aus 440C Stahl mit G10,1,amazon.de,Amazon,D¨¹sseldorf,Nordrhein-Westfalen,40231,MarketplaceFacilitator,29.4,5.59,0,0,0,0,0,0,-5.59,-4.55,0,0,0,24.85,0,0
19.02.2026 21:31:08 UTC,26501473632,Bestellung,302-2949930-8443513,CZ002-XXL,PURPLEBIRD Grillspachtel Set aus Edelstahl. Plancha Spachtels Set mit Gro? Grillwender f¨¹r Smash Burger. Grill Geschenke f¨¹r M?nner,1,amazon.de,Amazon,?tztal,Tirol,6430,MarketplaceFacilitator,22.68,4.54,0,0,0,0,0,0,-4.54,-4.05,-3.44,0,0,15.19,0,0
19.02.2026 22:02:36 UTC,26501473632,Bestellung,303-2199133-5006769,CZ005-Grillset,PURPLEBIRD Grillbesteckset 5-TLG. Profi Edelstahl Gril Zubeh?r Werkzeug Set. Tragetasche mit Sch¨¹rzenfunktion. Top Grillbesteck-Set mit Holzgriff. I,1,amazon.de,Amazon,Berlin,,14165,MarketplaceFacilitator,36.97,7.02,3.35,0.64,0,0,-3.35,-0.64,-7.02,-6.6,-3.93,0,0,26.44,0,0
19.02.2026 22:02:39 UTC,26501473632,Bestellung,028-5229249-2873140,BBQW-ZNO,PURPLEBIRD 31-teiliges Edelstahl Grillzubeh?r Set - Premium BBQ Grillbesteck f¨¹r M?nner & Frauen mit Tragetasche. Grillmatte Garten. Camping & Gebu,1,amazon.de,Amazon,Preding,Austria,8504,MarketplaceFacilitator,21.84,4.37,0,0,0,0,0,0,-4.37,-3.9,-3.95,0,0,13.99,0,0
19.02.2026 22:21:12 UTC,26501473632,Bestellung,304-4203550-8167506,CZ002-XXL,PURPLEBIRD Grillspachtel Set aus Edelstahl. Plancha Spachtels Set mit Gro? Grillwender f¨¹r Smash Burger. Grill Geschenke f¨¹r M?nner,1,amazon.de,Amazon,Issum,Nordrhein-Westfalen,47661,MarketplaceFacilitator,22.68,4.31,0.89,0.17,0,0,-0.89,-0.17,-4.31,-4.05,-3.44,0,0,15.19,0,0
19.02.2026 22:21:39 UTC,26501473632,Bestellung,304-8086244-4759533,HS-KidRedStraight,PURPLEBIRD Haarschere Friseurschere 6-Zoll Edelstahl Sichere Runde Tipps Haarschneideschere Extra Professionelle Haarschnitt Schere f¨¹r Kinder. Perfe,1,amazon.de,Amazon,Frankfurt am Main,,60435,MarketplaceFacilitator,18.48,3.51,0,0,0,0,0,0,-3.51,-3.3,-3.42,0,0,11.76,0,0
19.02.2026 22:23:15 UTC,26501473632,Bestellung,028-5193575-2139502,HS-KidBlackStraight,Friseurschere f¨¹r Kinder. Sicherheitsschere. runde Spitzen. Haarschneideschere. 15.2 cm. Haarschneideschere. professionelle Friseurschere f¨¹r Babys.,1,amazon.de,Amazon,Bad Wildbad,,75323,MarketplaceFacilitator,16.8,3.19,0,0,0,0,0,0,-3.19,-3,-2.57,0,0,11.23,0,0
19.02.2026 22:23:36 UTC,26501473632,Bestellung,028-7655361-0126726,BBQW-ZNO,PURPLEBIRD 31-teiliges Edelstahl Grillzubeh?r Set - Premium BBQ Grillbesteck f¨¹r M?nner & Frauen mit Tragetasche. Grillmatte Garten. Camping & Gebu,1,amazon.de,Amazon,Zwickau,,08060,MarketplaceFacilitator,21.84,4.15,0,0,0,0,0,0,-4.15,-3.9,-3.95,0,0,13.99,0,0
19.02.2026 22:55:26 UTC,26501473632,Bestellung,305-9217867-2201151,BBQW-ZNO,PURPLEBIRD 31-teiliges Edelstahl Grillzubeh?r Set - Premium BBQ Grillbesteck f¨¹r M?nner & Frauen mit Tragetasche. Grillmatte Garten. Camping & Gebu,1,amazon.de,Amazon,Gro?langheim,Bayern,97320,MarketplaceFacilitator,21.84,4.15,1.67,0.32,0,0,0,0,-4.47,-3.9,-5.62,0,0,13.99,0,0
19.02.2026 23:03:36 UTC,26501473632,Bestellung,303-2158151-0777969,HS-KidBlackStraight,Friseurschere f¨¹r Kinder. Sicherheitsschere. runde Spitzen. Haarschneideschere. 15.2 cm. Haarschneideschere. professionelle Friseurschere f¨¹r Babys.,1,amazon.de,Amazon,R?dersheim-Gronau,,67127,MarketplaceFacilitator,16.8,3.19,0.56,0.11,0,0,-0.56,-0.11,-3.19,-3,-2.57,0,0,11.23,0,0
19.02.2026 23:24:02 UTC,26501473632,Bestellung,303-8355889-8369934,HS-KidBlackStraight,Friseurschere f¨¹r Kinder. Sicherheitsschere. runde Spitzen. Haarschneideschere. 15.2 cm. Haarschneideschere. professionelle Friseurschere f¨¹r Babys.,1,amazon.de,Amazon,Hamburg,,22605,MarketplaceFacilitator,16.8,3.19,0,0,0,0,0,0,-3.19,-3,-2.57,0,0,11.23,0,0
20.02.2026 11:51:28 UTC,26501473632,Bestellung,S02-7517915-4891943,GSGD-ZNO,PURPLEBIRD Grill Schaber f¨¹r Flachgrills mit 6-Zoll-Edelstahlklinge & Ergonomischem Aluminiumgriff Grillschaber f¨¹r Gastronomie. Haushalt und Gewerbe.Geschenke f¨¹r M?nner und Frauen,1,si-prod-marketplace-de.stores.amazon.de,Amazon,NANCY,MEURTHE ET MOSELLE,54000,,0,0,0,0,0,0,0,0,0,0,-11.37,0,0,-11.37,0,0
20.02.2026 16:35:53 UTC,26501473632,Bestellung,303-1468985-2201941,GK02,PURPLE BIRD GK02 Gefl¨¹gelschere K¨¹chenschere Profi. 4mm Edelstahl fleischschere mit Sicherheitsschloss & Federbelastung. 103¡ã Schneidwinkel f¨¹r Fl,2,amazon.de,Amazon,Ketsch,Baden-W¨¹rttemberg,68775,MarketplaceFacilitator,35.7,6.78,0,0,0,0,0,0,-6.78,-6.38,-6.08,0,0,23.24,0,0
20.02.2026 16:56:47 UTC,26501473632,Erstattung,302-6442572-7944315,PS-7.0''DownCurvedThinning,PURPLEBIRD Fellschere 7 Inch Hundeschere Gebogen. Fellschere Katze. Effilierschere Hund zur Fellpflege f¨¹r alle Hunde Katze. Schneiden und Grooming.,1,amazon.de,Amazon,Frastanz,Vorarlberg,6820,MarketplaceFacilitator,-47.89,-9.58,0,0,0,0,0,0,9.58,6.84,0,0,0,-41.05,0,0
20.02.2026 17:21:22 UTC,26501473632,Bestellung,302-2221980-5265927,HS03-Silver-Straight,PURPLEBIRD Haarschere Friseurschere 6 Inch Effilierschere Scharfe Haarschneideschere Japanischer Edelstahl 440C f¨¹r Damen und Herren Haarschere,1,amazon.de,Amazon,Haselbachtal,,01920,MarketplaceFacilitator,21,3.99,0,0,0,0,0,0,-3.99,-3.75,-2.57,0,0,14.68,0,0
20.02.2026 17:21:22 UTC,26501473632,Bestellung,302-2221980-5265927,HS02-StripingBlack-Thinning,PURPLEBIRD Haarschere Friseurschere 6 Inch Effilierschere Scharfe Haarschneideschere Japanischer Edelstahl 440C f¨¹r Damen und Herren Haarschneidesche,1,amazon.de,Amazon,Haselbachtal,,01920,MarketplaceFacilitator,25.2,4.79,0,0,0,0,0,0,-4.79,-4.5,-2.57,0,0,18.13,0,0
20.02.2026 17:21:22 UTC,26501473632,Bestellung,302-2221980-5265927,HS02-StripingBlack-Straight,Profi Haarschere Friseurschere Haarschneideschere aus Rostfreiem Stahl im Japanischen Stil Geeignet f¨¹r Kinder. Frauen und M?nner Extra Scharfe Haar,1,amazon.de,Amazon,Haselbachtal,,01920,MarketplaceFacilitator,25.2,4.79,0,0,0,0,0,0,-4.79,-4.5,-2.57,0,0,18.13,0,0
20.02.2026 17:27:10 UTC,26501473632,Bestellung,305-0072685-1730728,CZ-Axt2,PURPLEBIRD Axt Beil mit Scheide 37.8cm Spaltaxt f¨¹r Holz Handgeschmiedet Handbeil mit Ergonomischer Holzgriff Survival Axt Camping Axt Outdoor Bushcr,1,amazon.de,Amazon,Duisburg,,47055,MarketplaceFacilitator,21,3.99,0,0,0,0,0,0,-3.99,-3.75,-3.8,0,0,13.45,0,0
20.02.2026 17:56:34 UTC,26501473632,Bestellung,303-5689767-2937158,CZ002-XXL,PURPLEBIRD Grillspachtel Set aus Edelstahl. Plancha Spachtels Set mit Gro? Grillwender f¨¹r Smash Burger. Grill Geschenke f¨¹r M?nner,1,amazon.de,Amazon,Borken (Hessen),Hessen,34582,MarketplaceFacilitator,22.68,4.31,0,0,0,0,0,0,-4.31,-4.05,-3.44,0,0,15.19,0,0
20.02.2026 19:21:22 UTC,26501473632,Erstattung,302-2221980-5265927,HS02-StripingBlack-Thinning,PURPLEBIRD Haarschere Friseurschere 6 Inch Effilierschere Scharfe Haarschneideschere Japanischer Edelstahl 440C f¨¹r Damen und Herren Haarschneidesche,1,amazon.de,Amazon,Haselbachtal,,01920,MarketplaceFacilitator,-25.2,-4.79,0,0,0,0,0,0,4.79,3.6,0,0,0,-21.6,0,0
20.02.2026 20:11:30 UTC,26501473632,Bestellung,304-3159503-1354719,GSDP-ZNO,PURPLEBIRD 6" Edelstahl Grill Kratzer-Klingen 6er-Pack. Rasierklingenscharfe Grillreinigungs-Klingen. Ersatzklingen f¨¹r Griddle & BBQ-Grillkratzer,1,amazon.de,Amazon,Laakirchen,,4663,,12.92,0,0,0,0,0,0,0,0,-2.31,-2.68,0,0,7.93,0,0
20.02.2026 20:11:30 UTC,26501473632,Bestellung,304-3159503-1354719,GSGD-ZNO,PURPLEBIRD Grill Schaber f¨¹r Flachgrills mit 6-Zoll-Edelstahlklinge & Ergonomischem Aluminiumgriff Grillschaber f¨¹r Gastronomie. Haushalt und Gewerb,1,amazon.de,Amazon,Laakirchen,,4663,,20.16,0,0,0,0,0,0,0,0,-3.12,-3.95,0,0,13.09,0,0
20.02.2026 20:48:51 UTC,26501473632,Bestellung,303-0800913-9569900,PS-7.0''DownCurvedThinning,PURPLEBIRD Fellschere 7 Inch Hundeschere Gebogen. Fellschere Katze. Effilierschere Hund zur Fellpflege f¨¹r alle Hunde Katze. Schneiden und Grooming.,1,amazon.de,Amazon,Wetzlar,,35576,MarketplaceFacilitator,47.89,9.1,0,0,0,0,0,0,-9.1,-8.55,-2.57,0,0,36.77,0,0
20.02.2026 20:50:08 UTC,26501473632,Bestellung,028-1334036-8353152,BBQW-ZNO,PURPLEBIRD 31-teiliges Edelstahl Grillzubeh?r Set - Premium BBQ Grillbesteck f¨¹r M?nner & Frauen mit Tragetasche. Grillmatte Garten. Camping & Gebu,1,amazon.de,Amazon,STOCKDORF,BAYERN,82131,MarketplaceFacilitator,21.84,4.15,0,0,0,0,0,0,-4.15,-3.9,-3.95,0,0,13.99,0,0
20.02.2026 20:52:53 UTC,26501473632,Bestellung,305-5080228-0093931,GK02,PURPLE BIRD GK02 Gefl¨¹gelschere K¨¹chenschere Profi. 4mm Edelstahl fleischschere mit Sicherheitsschloss & Federbelastung. 103¡ã Schneidwinkel f¨¹r Fl,1,amazon.de,Amazon,Potsdam,,14469,MarketplaceFacilitator,22.68,4.31,0.84,0.16,0,0,-0.84,-0.16,-4.31,-4.05,-3.04,0,0,15.59,0,0
20.02.2026 21:14:47 UTC,26501473632,Erstattung,302-2221980-5265927,HS03-Silver-Straight,PURPLEBIRD Haarschere Friseurschere 6 Inch Effilierschere Scharfe Haarschneideschere Japanischer Edelstahl 440C f¨¹r Damen und Herren Haarschere,1,amazon.de,Amazon,Haselbachtal,,01920,MarketplaceFacilitator,-21,-3.99,0,0,0,0,0,0,3.99,3,0,0,0,-18,0,0
20.02.2026 21:52:54 UTC,26501473632,Bestellung,304-7298871-4917928,HWD02-ZNO,PURPLEBIRD Outdoor Messer. Messer 12 cm Klinge Feststehende. 440C Edelstahl Bushcraft Camping Messer. Full Tang Scharfe Survival Messer mit Holster f?,1,amazon.de,Amazon,Parthenstein,,04668,MarketplaceFacilitator,18.85,3.58,0,0,0,0,0,0,-3.58,-2.92,-3.04,0,0,12.89,0,0
20.02.2026 22:28:27 UTC,26501473632,Bestellung,028-5974475-5761955,GK02,PURPLE BIRD GK02 Gefl¨¹gelschere K¨¹chenschere Profi. 4mm Edelstahl fleischschere mit Sicherheitsschloss & Federbelastung. 103¡ã Schneidwinkel f¨¹r Fl,1,amazon.de,Amazon,Oberkr?mer,,16727,MarketplaceFacilitator,22.68,4.31,0.84,0.16,0,0,-0.84,-0.16,-4.31,-4.05,-2.78,0,0,15.85,0,0
20.02.2026 22:47:45 UTC,26501473632,Bestellung,302-3903787-6609956,CZ003-Wood,PURPLEBIRD Burgerpresse. 10.8cm Aluguss Burger Pattie Presse mit Antihaft. 3 Stufen der Dicke einstellbar. Professioneller Hamburgerpresse mit Holzgri,1,amazon.de,Amazon,Pischelsdorf,Steiermark,8212,MarketplaceFacilitator,23.52,4.7,0,0,0,0,0,0,-4.7,-4.2,-3.4,0,0,15.92,0,0
20.02.2026 22:51:23 UTC,26501473632,Bestellung,302-4252925-7665126,BBQS-ZNO,PURPLEBIRD 6-teiliges Grillbesteck Set aus Edelstahl. Premium Grillzubeh?r mit 3-in-1 Spatel. Gabel. Zange. B¨¹rste. Saucenpinsel & Tragetasche f¨¹r,1,amazon.de,Amazon,Windberg,,94336,MarketplaceFacilitator,16.39,3.12,0,0,0,0,0,0,-3.12,-2.93,-5.42,0,0,8.04,0,0
20.02.2026 22:54:39 UTC,26501473632,Bestellung,305-5885228-0626754,GSGD-ZNO,PURPLEBIRD Grill Schaber f¨¹r Flachgrills mit 6-Zoll-Edelstahlklinge & Ergonomischem Aluminiumgriff Grillschaber f¨¹r Gastronomie. Haushalt und Gewerb,1,amazon.de,Amazon,Berlin,,12439,MarketplaceFacilitator,20.16,3.83,1.12,0.21,0,0,-1.12,-0.21,-3.83,-3.12,-3.95,0,0,13.09,0,0
20.02.2026 22:54:40 UTC,26501473632,Bestellung,303-2663773-0572349,HS02-StripingBlack-Straight,Profi Haarschere Friseurschere Haarschneideschere aus Rostfreiem Stahl im Japanischen Stil Geeignet f¨¹r Kinder. Frauen und M?nner Extra Scharfe Haar,1,amazon.de,Amazon,Nessetal,,99869,MarketplaceFacilitator,25.2,4.79,1.67,0.32,0,0,0,0,-5.11,-4.5,-4.24,0,0,18.13,0,0
20.02.2026 23:16:35 UTC,26501473632,Bestellung,302-9924861-5729130,BBQW-ZNO,PURPLEBIRD 31-teiliges Edelstahl Grillzubeh?r Set - Premium BBQ Grillbesteck f¨¹r M?nner & Frauen mit Tragetasche. Grillmatte Garten. Camping & Gebu,1,amazon.de,Amazon,Melk,,3390,MarketplaceFacilitator,21.84,4.37,0,0,0,0,0,0,-4.37,-3.9,-3.95,0,0,13.99,0,0
20.02.2026 23:18:12 UTC,26501473632,Erstattung,302-2221980-5265927,HS02-StripingBlack-Straight,Profi Haarschere Friseurschere Haarschneideschere aus Rostfreiem Stahl im Japanischen Stil Geeignet f¨¹r Kinder. Frauen und M?nner Extra Scharfe Haar,1,amazon.de,Amazon,Haselbachtal,,01920,MarketplaceFacilitator,-25.2,-4.79,0,0,0,0,0,0,4.79,3.6,0,0,0,-21.6,0,0
20.02.2026 23:18:31 UTC,26501473632,Bestellung,306-1746108-7794730,BBQS-ZNO,PURPLEBIRD 6-teiliges Grillbesteck Set aus Edelstahl. Premium Grillzubeh?r mit 3-in-1 Spatel. Gabel. Zange. B¨¹rste. Saucenpinsel & Tragetasche f¨¹r,1,amazon.de,Amazon,Pfinztal,,76327,MarketplaceFacilitator,16.39,3.12,0,0,0,0,0,0,-3.12,-2.93,-5.42,0,0,8.04,0,0
20.02.2026 23:22:12 UTC,26501473632,Bestellung,028-1635172-2373127,GK02,PURPLE BIRD GK02 Gefl¨¹gelschere K¨¹chenschere Profi. 4mm Edelstahl fleischschere mit Sicherheitsschloss & Federbelastung. 103¡ã Schneidwinkel f¨¹r Fl,1,amazon.de,Amazon,Baldham,,85598,MarketplaceFacilitator,17.85,3.39,0,0,0,0,0,0,-3.39,-3.19,-3.04,0,0,11.62,0,0
21.02.2026 07:06:16 UTC,26501473632,Geb¨¹hren von Amazon,88006e76-cc34-4bad-84cb-5e88e8b673c3,,Coupon-Teilnahmegeb¨¹hr,,Amazon.de,,,,,,0,0,0,0,0,0,0,0,0,-4,0,0,0,-4,0,0
21.02.2026 08:00:04 UTC,26501473632,Bestellung,302-4990677-4941930,CZ002-XXL,PURPLEBIRD Grillspachtel Set aus Edelstahl. Plancha Spachtels Set mit Gro? Grillwender f¨¹r Smash Burger. Grill Geschenke f¨¹r M?nner,1,amazon.de,Amazon,Frankenthal (pfalz),,67227,MarketplaceFacilitator,22.68,4.31,4.19,0.8,0,0,-4.19,-0.8,-4.31,-4.05,-3.44,0,0,15.19,0,0
21.02.2026 09:50:52 UTC,26501473632,Erstattung,305-7069197-8649957,PS-7.0''DownCurvedThinning,PURPLEBIRD Fellschere 7 Inch Hundeschere Gebogen. Fellschere Katze. Effilierschere Hund zur Fellpflege f¨¹r alle Hunde Katze. Schneiden und Grooming.,1,amazon.de,Amazon,Wiesloch,Baden-Wurttemberg,69168,MarketplaceFacilitator,-47.89,-9.1,0,0,0,0,0,0,9.1,6.84,0,0,0,-41.05,0,0
21.02.2026 13:51:59 UTC,26501473632,Bestellung,303-0816173-1649155,XS02-Longgu,PURPLEBIRD Klappmesser Taschenmesser. Survival Outdoor Messer mit Coolem Aussehen. Geschenke f¨¹r M?nner,1,amazon.de,Amazon,Bonn,NRW,53129,MarketplaceFacilitator,17.64,3.35,0,0,0,0,0,0,-3.35,-2.73,-3.04,0,0,11.87,0,0
21.02.2026 14:14:40 UTC,26501473632,Bestellung,303-4458567-7052357,BBQW-ZNO,PURPLEBIRD 31-teiliges Edelstahl Grillzubeh?r Set - Premium BBQ Grillbesteck f¨¹r M?nner & Frauen mit Tragetasche. Grillmatte Garten. Camping & Gebu,1,amazon.de,Amazon,Oberwaltersdorf,,2522,MarketplaceFacilitator,21.84,4.37,0,0,0,0,0,0,-4.37,-3.9,-3.95,0,0,13.99,0,0
21.02.2026 16:28:24 UTC,26501473632,Bestellung,304-8545871-9497961,BBQW-ZNO,PURPLEBIRD 31-teiliges Edelstahl Grillzubeh?r Set - Premium BBQ Grillbesteck f¨¹r M?nner & Frauen mit Tragetasche. Grillmatte Garten. Camping & Gebu,1,amazon.de,Amazon,M¨¹nchen,,81829,MarketplaceFacilitator,21.84,4.15,0,0,0,0,0,0,-4.15,-3.9,-3.95,0,0,13.99,0,0
21.02.2026 17:05:37 UTC,26501473632,Bestellung,303-5628587-5241905,CZ002-XXL,PURPLEBIRD Grillspachtel Set aus Edelstahl. Plancha Spachtels Set mit Gro? Grillwender f¨¹r Smash Burger. Grill Geschenke f¨¹r M?nner,1,amazon.de,Amazon,Wittmund,,26409,MarketplaceFacilitator,22.68,4.31,0,0,0,0,0,0,-4.31,-4.05,-3.44,0,0,15.19,0,0
21.02.2026 18:25:11 UTC,26501473632,Liquidationen,104541895573552,X002971DN3,PURPLEBIRD Outdoor Messer. Jagdmesser Feststehende Klinge. 440C Edelstahl Bushcraft Camping Messer. Full Tang Scharfe Survival Messer mit Holster (24cm Klinge) f¨¹r EDC ¨¹berleben. Camping und Jagd,1,,,,,,,0.24,0,0,0,0,0,0,0,0,0,0,-0.42,0,-0.18,0,0
21.02.2026 19:14:47 UTC,26501473632,Bestellung,306-9464364-9567554,GK02,PURPLE BIRD GK02 Gefl¨¹gelschere K¨¹chenschere Profi. 4mm Edelstahl fleischschere mit Sicherheitsschloss & Federbelastung. 103¡ã Schneidwinkel f¨¹r Fl,1,amazon.de,Amazon,Berlin,,10249,MarketplaceFacilitator,17.85,3.39,0,0,0,0,0,0,-3.39,-3.19,-3.04,0,0,11.62,0,0
21.02.2026 20:18:39 UTC,26501473632,Bestellung,306-5254091-1257960,HS-KidBlackStraight,Friseurschere f¨¹r Kinder. Sicherheitsschere. runde Spitzen. Haarschneideschere. 15.2 cm. Haarschneideschere. professionelle Friseurschere f¨¹r Babys.,1,amazon.de,Amazon,Kulmbach,,95326,MarketplaceFacilitator,16.8,3.19,0,0,0,0,0,0,-3.19,-3,-2.57,0,0,11.23,0,0
21.02.2026 20:38:35 UTC,26501473632,Bestellung,028-1187193-9640348,BBQW-ZNO,PURPLEBIRD 31-teiliges Edelstahl Grillzubeh?r Set - Premium BBQ Grillbesteck f¨¹r M?nner & Frauen mit Tragetasche. Grillmatte Garten. Camping & Gebu,1,amazon.de,Amazon,THEDINGHAUSEN,,27321,MarketplaceFacilitator,21.84,4.15,0,0,0,0,0,0,-4.15,-3.9,-3.95,0,0,13.99,0,0
21.02.2026 20:43:12 UTC,26501473632,Bestellung,305-9907099-3342715,GK02,PURPLE BIRD GK02 Gefl¨¹gelschere K¨¹chenschere Profi. 4mm Edelstahl fleischschere mit Sicherheitsschloss & Federbelastung. 103¡ã Schneidwinkel f¨¹r Fl,1,amazon.de,Amazon,Amstetten,,3300,MarketplaceFacilitator,17.85,3.57,0,0,0,0,0,0,-3.57,-3.19,-3.04,0,0,11.62,0,0
21.02.2026 21:22:00 UTC,26501473632,Bestellung,304-9912541-0421946,BBQW-ZNO,PURPLEBIRD 31-teiliges Edelstahl Grillzubeh?r Set - Premium BBQ Grillbesteck f¨¹r M?nner & Frauen mit Tragetasche. Grillmatte Garten. Camping & Gebu,1,amazon.de,Amazon,Oldenburg,,26135,MarketplaceFacilitator,21.84,4.15,0,0,0,0,0,0,-4.15,-3.9,-3.95,0,0,13.99,0,0
21.02.2026 21:22:22 UTC,26501473632,Bestellung,303-7560520-5981100,HS02-StripingBlack-Straight,Profi Haarschere Friseurschere Haarschneideschere aus Rostfreiem Stahl im Japanischen Stil Geeignet f¨¹r Kinder. Frauen und M?nner Extra Scharfe Haar,1,amazon.de,Amazon,Karlsfeld,,85757,MarketplaceFacilitator,25.2,4.79,0,0,0,0,0,0,-4.79,-4.5,-2.57,0,0,18.13,0,0
21.02.2026 21:25:39 UTC,26501473632,Bestellung,304-4471965-7224311,BBQW-ZNO,PURPLEBIRD 31-teiliges Edelstahl Grillzubeh?r Set - Premium BBQ Grillbesteck f¨¹r M?nner & Frauen mit Tragetasche. Grillmatte Garten. Camping & Gebu,1,amazon.de,Amazon,Reichersdorf,,3134,MarketplaceFacilitator,21.84,4.37,0,0,0,0,0,0,-4.37,-3.9,-3.95,0,0,13.99,0,0
21.02.2026 21:29:09 UTC,26501473632,Bestellung,302-7910103-1586741,HS-KidBlackStraight,Friseurschere f¨¹r Kinder. Sicherheitsschere. runde Spitzen. Haarschneideschere. 15.2 cm. Haarschneideschere. professionelle Friseurschere f¨¹r Babys.,1,amazon.de,Amazon,Putzbrunn,,85640,MarketplaceFacilitator,16.8,3.19,0,0,0,0,0,0,-3.19,-3,-2.57,0,0,11.23,0,0
21.02.2026 21:51:33 UTC,26501473632,Bestellung,304-6899953-7426700,BBQW-ZNO,PURPLEBIRD 31-teiliges Edelstahl Grillzubeh?r Set - Premium BBQ Grillbesteck f¨¹r M?nner & Frauen mit Tragetasche. Grillmatte Garten. Camping & Gebu,1,amazon.de,Amazon,D¨¹lmen,,48249,MarketplaceFacilitator,21.84,4.15,0,0,0,0,0,0,-4.15,-3.9,-3.95,0,0,13.99,0,0
21.02.2026 21:51:55 UTC,26501473632,Bestellung,306-8414789-7542753,XS04-Fang,PURPLEBIRD Jagdmesser Feststehende Klinge. Outdoor Messer mit 4.5mm Klingenr¨¹cken. Full Tang Bushcraft Messer mit G10 Griff. Kydex Holster. Tanto Mes,1,amazon.de,Amazon,Haigerloch/Weildorf,Baden W¨¹rttemberg,72401,MarketplaceFacilitator,28.23,5.36,3.35,0.64,0,0,0,0,-6,-4.37,-6.39,0,0,20.82,0,0
21.02.2026 22:03:55 UTC,26501473632,Bestellung,305-7069197-8649957,PS-7.0''DownCurvedThinning,PURPLEBIRD Fellschere 7 Inch Hundeschere Gebogen. Fellschere Katze. Effilierschere Hund zur Fellpflege f¨¹r alle Hunde Katze. Schneiden und Grooming.,1,amazon.de,Amazon,Wiesloch,Baden-Wurttemberg,69168,MarketplaceFacilitator,47.89,9.1,0,0,0,0,0,0,-9.1,-8.55,-2.57,0,0,36.77,0,0
21.02.2026 22:35:07 UTC,26501473632,Bestellung,028-1612547-7814730,BBQW-ZNO,PURPLEBIRD 31-teiliges Edelstahl Grillzubeh?r Set - Premium BBQ Grillbesteck f¨¹r M?nner & Frauen mit Tragetasche. Grillmatte Garten. Camping & Gebu,1,amazon.de,Amazon,Euskirchen,Nordrhein-Westfalen,53881,MarketplaceFacilitator,21.84,4.15,0,0,0,0,0,0,-4.15,-3.9,-3.95,0,0,13.99,0,0
21.02.2026 22:37:12 UTC,26501473632,Bestellung,304-5951835-1336355,CZ007-Burgerpresse,PURPLEBIRD Schwerlast Burger Smasher Gusseisen (?17.7cm) | 1kg Profi-Grillgewicht f¨¹r gleichm??ige Br?unung | Smash Burger Presse f¨¹r Gasgrill.,1,amazon.de,Amazon,Siegen,Nordrhein-Westfalen,57078,MarketplaceFacilitator,15.97,3.03,0,0,0,0,0,0,-3.03,-2.85,-3.41,0,0,9.71,0,0
21.02.2026 22:57:28 UTC,26501473632,Bestellung,303-9465512-2857143,BBQW-ZNO,PURPLEBIRD 31-teiliges Edelstahl Grillzubeh?r Set - Premium BBQ Grillbesteck f¨¹r M?nner & Frauen mit Tragetasche. Grillmatte Garten. Camping & Gebu,1,amazon.de,Amazon,Lauterbach,,78730,MarketplaceFacilitator,21.84,4.15,0.71,0.13,0,0,-0.71,-0.13,-4.15,-3.9,-3.95,0,0,13.99,0,0
21.02.2026 23:27:44 UTC,26501473632,Bestellung,028-0729565-4670744,GK02,PURPLE BIRD GK02 Gefl¨¹gelschere K¨¹chenschere Profi. 4mm Edelstahl fleischschere mit Sicherheitsschloss & Federbelastung. 103¡ã Schneidwinkel f¨¹r Fl,1,amazon.de,Amazon,Herten,,45699,MarketplaceFacilitator,17.85,3.39,0,0,0,0,0,0,-3.39,-3.19,-3.04,0,0,11.62,0,0
21.02.2026 23:29:25 UTC,26501473632,Bestellung,028-6610434-9452367,CZ002-XXL,PURPLEBIRD Grillspachtel Set aus Edelstahl. Plancha Spachtels Set mit Gro? Grillwender f¨¹r Smash Burger. Grill Geschenke f¨¹r M?nner,1,amazon.de,Amazon,Siegsdorf,,83313,MarketplaceFacilitator,22.68,4.31,0,0,0,0,0,0,-4.31,-4.05,-3.44,0,0,15.19,0,0
21.02.2026 23:34:22 UTC,26501473632,Bestellung,302-3691285-4794715,HS02-StripingBlack-Straight,Profi Haarschere Friseurschere Haarschneideschere aus Rostfreiem Stahl im Japanischen Stil Geeignet f¨¹r Kinder. Frauen und M?nner Extra Scharfe Haar,1,amazon.de,Amazon,Rotenburg,,36199,MarketplaceFacilitator,25.2,4.79,0,0,0,0,0,0,-4.79,-4.5,-2.57,0,0,18.13,0,0
21.02.2026 23:43:21 UTC,26501473632,Erstattung,306-5254091-1257960,HS-KidBlackStraight,Friseurschere f¨¹r Kinder. Sicherheitsschere. runde Spitzen. Haarschneideschere. 15.2 cm. Haarschneideschere. professionelle Friseurschere f¨¹r Babys.,1,amazon.de,Amazon,Kulmbach,,95326,MarketplaceFacilitator,-16.8,-3.19,0,0,0,0,0,0,3.19,2.4,0,0,0,-14.4,0,0
21.02.2026 23:48:59 UTC,26501473632,Bestellung,304-5547568-0329147,HS-KidBlackStraight,Friseurschere f¨¹r Kinder. Sicherheitsschere. runde Spitzen. Haarschneideschere. 15.2 cm. Haarschneideschere. professionelle Friseurschere f¨¹r Babys.,1,amazon.de,Amazon,K?ln,NRW,50735,MarketplaceFacilitator,16.8,3.19,0,0,0,0,0,0,-3.19,-3,-2.57,0,0,11.23,0,0
21.02.2026 23:54:10 UTC,26501473632,Bestellung,028-5764838-5389960,BBQW-ZNO,PURPLEBIRD 31-teiliges Edelstahl Grillzubeh?r Set - Premium BBQ Grillbesteck f¨¹r M?nner & Frauen mit Tragetasche. Grillmatte Garten. Camping & Gebu,1,amazon.de,Amazon,Bennewitz OT Altenbach,,04828,MarketplaceFacilitator,21.84,4.15,0,0,0,0,0,0,-4.15,-3.9,-3.95,0,0,13.99,0,0
22.02.2026 16:50:52 UTC,26501473632,Anpassung,302-5414096-7937139,HWD02-ZNO,Versand durch Amazon Erstattung f¨¹r Lagerbestand - Kundenr¨¹cksendung,1,,,,,,,0,0,0,0,0,0,0,0,0,0,0,0,15.71,15.71,0,0
23.02.2026 07:15:19 UTC,26501473632,Bestellung,S02-4419599-3077562,CZ005-Grillset,PURPLEBIRD Grillbesteckset 5-TLG. Profi Edelstahl Gril Zubeh?r Werkzeug Set. Tragetasche mit Sch¨¹rzenfunktion. Top Grillbesteck-Set mit Holzgriff. Ideal f¨¹r BBQ Teppanyaki Grill Geschenke f¨¹r M?nner,1,si-prod-marketplace-de.stores.amazon.de,Amazon,CABRAS,ORISTANO,09072,,0,0,0,0,0,0,0,0,0,0,-11.14,0,0,-11.14,0,0
23.02.2026 07:36:08 UTC,26501473632,Bestellung,304-7672319-6605952,CZ002-XXL,PURPLEBIRD Grillspachtel Set aus Edelstahl. Plancha Spachtels Set mit Gro? Grillwender f¨¹r Smash Burger. Grill Geschenke f¨¹r M?nner,1,amazon.de,Amazon,Reith,,6235,MarketplaceFacilitator,22.68,4.54,0,0,0,0,0,0,-4.54,-4.05,-3.44,0,0,15.19,0,0
23.02.2026 14:41:34 UTC,26501473632,Anpassung,,HWD02-ZNO,Versand durch Amazon Erstattung f¨¹r Lagerbestand -  Allgemeine Anpassung,1,,,,,,,0,0,0,0,0,0,0,0,0,0,0,0,-15.71,-15.71,0,0
23.02.2026 15:04:04 UTC,26501473632,Bestellung,303-9070512-1473131,OMFK-B01,PURPLEBIRD Schwarzes Camping Messer aus Kohlenstoffstahl. Hohe H?rte und Sch?rfe. Outdoor Messer mit Messerscheide aus Ebenholz f¨¹r die Jagd. Wande,1,amazon.de,Amazon,Fernwald,,35463,MarketplaceFacilitator,33.61,6.38,0,0,0,0,0,0,-6.38,-5.2,-3.04,0,0,25.37,0,0
23.02.2026 18:35:33 UTC,26501473632,Bestellung,305-4355922-3857913,BBQW-ZNO,PURPLEBIRD 31-teiliges Edelstahl Grillzubeh?r Set - Premium BBQ Grillbesteck f¨¹r M?nner & Frauen mit Tragetasche. Grillmatte Garten. Camping & Gebu,1,amazon.de,Amazon,Hallein,,5400,MarketplaceFacilitator,21.84,4.37,0,0,0,0,0,0,-4.37,-3.9,-3.95,0,0,13.99,0,0
23.02.2026 19:04:42 UTC,26501473632,Bestellung,028-8761570-5697932,GK02,PURPLE BIRD GK02 Gefl¨¹gelschere K¨¹chenschere Profi. 4mm Edelstahl fleischschere mit Sicherheitsschloss & Federbelastung. 103¡ã Schneidwinkel f¨¹r Fl,1,amazon.de,Amazon,Erlangen,,91052,MarketplaceFacilitator,17.85,3.39,4.19,0.8,0,0,-4.19,-0.8,-3.39,-3.19,-3.04,0,0,11.62,0,0
23.02.2026 19:26:46 UTC,26501473632,Bestellung,028-2665176-9316305,CZ002-XXL,PURPLEBIRD Grillspachtel Set aus Edelstahl. Plancha Spachtels Set mit Gro? Grillwender f¨¹r Smash Burger. Grill Geschenke f¨¹r M?nner,1,amazon.de,Amazon,Chemnitz,,09247,MarketplaceFacilitator,22.68,4.31,0,0,0,0,0,0,-4.31,-4.05,-3.44,0,0,15.19,0,0
23.02.2026 19:46:38 UTC,26501473632,Bestellung,302-6002991-3627540,KF012-Fudao,PURPLEBIRD Camping Axt Outdoor Messer Set. Axt Set 2 Teilig mit Scheide. Feststehend Jagdmesser Survival Messer und Spaltaxt Sch?rfe. Camping Beil mi,1,amazon.de,Amazon,Eibiswald,Deutschlansberg,8552,MarketplaceFacilitator,23.66,4.73,0,0,0,0,0,0,-4.73,-4.22,-3.93,0,0,15.51,0,0
23.02.2026 20:57:40 UTC,26501473632,Bestellung,305-4859489-4218764,KF015-Chudao,PURPLEBIRD K¨¹chenmesser Schmieden. Kochmesser Profi Messer. Fleischermesser mit Ergonomischem Griff. K¨¹chenmesser Scharf aus Hochwertigem Carbon Ede,1,amazon.de,Amazon,Kissing,,86438,MarketplaceFacilitator,37.82,7.18,0,0,0,0,0,0,-7.18,-6.75,-3.44,0,0,27.63,0,0
23.02.2026 21:02:04 UTC,26501473632,Bestellung,305-2982103-5694751,BBQW-ZNO,PURPLEBIRD 31-teiliges Edelstahl Grillzubeh?r Set - Premium BBQ Grillbesteck f¨¹r M?nner & Frauen mit Tragetasche. Grillmatte Garten. Camping & Gebu,1,amazon.de,Amazon,Pfaffenhofen an der Ilm,,85276,MarketplaceFacilitator,21.84,4.15,0,0,0,0,0,0,-4.15,-3.9,-3.95,0,0,13.99,0,0
23.02.2026 21:23:49 UTC,26501473632,Bestellung,304-5190204-4928328,XS04-Fang,PURPLEBIRD Jagdmesser Feststehende Klinge. Outdoor Messer mit 4.5mm Klingenr¨¹cken. Full Tang Bushcraft Messer mit G10 Griff. Kydex Holster. Tanto Mes,1,amazon.de,Amazon,Owschlag,,24811,MarketplaceFacilitator,28.23,5.36,0,0,0,0,0,0,-5.36,-4.37,-3.04,0,0,20.82,0,0
23.02.2026 21:25:26 UTC,26501473632,Bestellung,306-1049811-0757122,BBQW-ZNO,PURPLEBIRD 31-teiliges Edelstahl Grillzubeh?r Set - Premium BBQ Grillbesteck f¨¹r M?nner & Frauen mit Tragetasche. Grillmatte Garten. Camping & Gebu,1,amazon.de,Amazon,Weyhe,,28844,MarketplaceFacilitator,21.84,4.15,0,0,0,0,0,0,-4.15,-3.9,-3.95,0,0,13.99,0,0
23.02.2026 21:55:38 UTC,26501473632,Servicegeb¨¹hr,,,Werbekosten,,,,,,,,0,0,0,0,0,0,0,0,0,0,0,-503.24,0,-503.24,0,0
23.02.2026 21:57:38 UTC,26501473632,Bestellung,304-4986768-4692345,GSGD-ZNO,PURPLEBIRD Grill Schaber f¨¹r Flachgrills mit 6-Zoll-Edelstahlklinge & Ergonomischem Aluminiumgriff Grillschaber f¨¹r Gastronomie. Haushalt und Gewerb,1,amazon.de,Amazon,Hollabrunn,,2020,MarketplaceFacilitator,20.16,4.03,0.82,0.17,0,0,-0.82,-0.17,-4.03,-3.12,-3.95,0,0,13.09,0,0
23.02.2026 21:57:38 UTC,26501473632,Bestellung,304-4986768-4692345,GSDP-ZNO,PURPLEBIRD 6" Edelstahl Grill Kratzer-Klingen 6er-Pack. Rasierklingenscharfe Grillreinigungs-Klingen. Ersatzklingen f¨¹r Griddle & BBQ-Grillkratzer,1,amazon.de,Amazon,Hollabrunn,,2020,MarketplaceFacilitator,12.92,2.58,0.83,0.17,0,0,-0.83,-0.17,-2.58,-2.31,-2.68,0,0,7.93,0,0
23.02.2026 22:09:44 UTC,26501473632,Bestellung,028-9908146-0797152,HS-KidBlackStraight,Friseurschere f¨¹r Kinder. Sicherheitsschere. runde Spitzen. Haarschneideschere. 15.2 cm. Haarschneideschere. professionelle Friseurschere f¨¹r Babys.,1,amazon.de,Amazon,Aidlingen,,71134,MarketplaceFacilitator,16.8,3.19,0,0,0,0,0,0,-3.19,-3,-2.57,0,0,11.23,0,0
23.02.2026 22:43:45 UTC,26501473632,Bestellung,303-6151826-9417965,CZ002-XXL,PURPLEBIRD Grillspachtel Set aus Edelstahl. Plancha Spachtels Set mit Gro? Grillwender f¨¹r Smash Burger. Grill Geschenke f¨¹r M?nner,1,amazon.de,Amazon,Rickenbach,,79736,MarketplaceFacilitator,22.68,4.31,0,0,0,0,0,0,-4.31,-4.05,-3.44,0,0,15.19,0,0
23.02.2026 22:58:30 UTC,26501473632,Bestellung,302-2571737-5317124,GK02,PURPLE BIRD GK02 Gefl¨¹gelschere K¨¹chenschere Profi. 4mm Edelstahl fleischschere mit Sicherheitsschloss & Federbelastung. 103¡ã Schneidwinkel f¨¹r Fl,1,amazon.de,Amazon,M¨¹nchen,,80336,MarketplaceFacilitator,17.85,3.39,0,0,0,0,0,0,-3.39,-3.19,-3.04,0,0,11.62,0,0
23.02.2026 23:04:10 UTC,26501473632,Bestellung,305-1963828-3272324,GK02,PURPLE BIRD GK02 Gefl¨¹gelschere K¨¹chenschere Profi. 4mm Edelstahl fleischschere mit Sicherheitsschloss & Federbelastung. 103¡ã Schneidwinkel f¨¹r Fl,1,amazon.de,Amazon,Frankfurt am Main,Hessen,60599,MarketplaceFacilitator,17.85,3.39,4.19,0.8,0,0,-4.19,-0.8,-3.39,-3.19,-3.04,0,0,11.62,0,0
23.02.2026 23:38:31 UTC,26501473632,Bestellung,S02-6449221-2343166,KF015-Fish6,PURPLEBIRD Filetiermesser f¨¹r Fisch 15 CM mit Scheide. 440C Edelstahl Fischmesser zum Schneiden von Fleisch mit Holzgriff. Filitiermesser Scharf Fisch. K¨¹che & Outdoor zum Fischen. Grillen f¨¹r M?nner,1,si-prod-marketplace-de.stores.amazon.de,Amazon,TILBURG,NOORD-BRABANT,5042,,0,0,0,0,0,0,0,0,0,0,-8.87,0,0,-8.87,0,0
23.02.2026 23:42:48 UTC,26501473632,Bestellung,305-0984283-9433959,HS-KidBlackStraight,Friseurschere f¨¹r Kinder. Sicherheitsschere. runde Spitzen. Haarschneideschere. 15.2 cm. Haarschneideschere. professionelle Friseurschere f¨¹r Babys.,1,amazon.de,Amazon,Trierweiler,,54311,MarketplaceFacilitator,16.8,3.19,0,0,0,0,0,0,-3.19,-3,-2.57,0,0,11.23,0,0
24.02.2026 00:01:02 UTC,26501473632,Bestellung,028-3629711-0600350,BBQS-ZNO,PURPLEBIRD 6-teiliges Grillbesteck Set aus Edelstahl. Premium Grillzubeh?r mit 3-in-1 Spatel. Gabel. Zange. B¨¹rste. Saucenpinsel & Tragetasche f¨¹r,1,amazon.de,Amazon,Osnabr¨¹ck,,49078,MarketplaceFacilitator,16.39,3.12,0,0,0,0,0,0,-3.12,-2.93,-5.42,0,0,8.04,0,0
24.02.2026 00:07:21 UTC,26501473632,Bestellung,304-7640458-1513927,CZ007-BurgerA,PURPLEBIRD Burgerglocke & Burger Smasher Set. Edelstahl Burgerglocke (? 20cm) mit Schwerlast Gusseisen Burgerpresse (? 17.7cm). Zweiteiliges Burgerp,1,amazon.de,Amazon,WIENER NEUSTADT,,2700,MarketplaceFacilitator,29.78,5.96,0,0,0,0,0,0,-5.96,-5.32,-3.8,0,0,20.66,0,0
24.02.2026 00:23:34 UTC,26501473632,Bestellung,303-2876461-1309157,XS02-Longgu,PURPLEBIRD Klappmesser Taschenmesser. Survival Outdoor Messer mit Coolem Aussehen. Geschenke f¨¹r M?nner,1,amazon.de,Amazon,Dortmund,,44145,MarketplaceFacilitator,17.64,3.35,0,0,0,0,0,0,-3.35,-2.73,-3.04,0,0,11.87,0,0
24.02.2026 03:13:39 UTC,26501473632,Liquidationen,106972188377552,X002GYYBA1,PURPLEBIRD Multitool Werkzeug. 28 in 1 Multifunktionale Zange Geschenke f¨¹r M?nner. Faltbares Multifunktionswerkzeug mit 11 Bits und Gurtcliptasche. Draussen Camping Reparieren,1,,,,,,,1.78,0,0,0,0,0,0,0,0,0,0,-0.65,0,1.13,0,0
24.02.2026 09:25:43 UTC,26501473632,Bestellung,S02-3070977-7795147,KF015-Chudao,PURPLEBIRD K¨¹chenmesser Schmieden. Kochmesser Profi Messer. Fleischermesser mit Ergonomischem Griff. K¨¹chenmesser Scharf aus Hochwertigem Carbon Edelstahl f¨¹r K¨¹chen. Camping und Grill,1,si-prod-marketplace-de.stores.amazon.de,Amazon,Unden?s,V?stra G?talands l?n,,,0,0,0,0,0,0,0,0,0,0,-14.2,0,0,-14.2,0,0
24.02.2026 12:31:36 UTC,26501473632,Bestellung,S02-0807328-9565538,KF015-Chudao,PURPLEBIRD K¨¹chenmesser Schmieden. Kochmesser Profi Messer. Fleischermesser mit Ergonomischem Griff. K¨¹chenmesser Scharf aus Hochwertigem Carbon Edelstahl f¨¹r K¨¹chen. Camping und Grill,1,si-prod-marketplace-de.stores.amazon.de,Amazon,Praha,Hlavn¨ª m¨§sto Praha,,,0,0,0,0,0,0,0,0,0,0,-11.7,0,0,-11.7,0,0
24.02.2026 13:59:40 UTC,26501473632,Bestellung,306-6339801-2821151,BBQW-ZNO,PURPLEBIRD 31-teiliges Edelstahl Grillzubeh?r Set - Premium BBQ Grillbesteck f¨¹r M?nner & Frauen mit Tragetasche. Grillmatte Garten. Camping & Gebu,1,amazon.de,Amazon,hattingen,,45529,MarketplaceFacilitator,21.84,4.15,0.83,0.16,0,0,-0.83,-0.16,-4.15,-3.9,-3.95,0,0,13.99,0,0
24.02.2026 16:14:26 UTC,26501473632,Bestellung,028-6120384-6519555,BBQW-ZNO,PURPLEBIRD 31-teiliges Edelstahl Grillzubeh?r Set - Premium BBQ Grillbesteck f¨¹r M?nner & Frauen mit Tragetasche. Grillmatte Garten. Camping & Gebu,1,amazon.de,Amazon,Ohlsdorf,,4694,MarketplaceFacilitator,21.84,4.37,0,0,0,0,0,0,-4.37,-3.9,-3.95,0,0,13.99,0,0
24.02.2026 16:52:50 UTC,26501473632,Bestellung,302-0047421-7248375,CZ002-XXL,PURPLEBIRD Grillspachtel Set aus Edelstahl. Plancha Spachtels Set mit Gro? Grillwender f¨¹r Smash Burger. Grill Geschenke f¨¹r M?nner,1,amazon.de,Amazon,Bad Salzuflen,,32107,MarketplaceFacilitator,22.68,4.31,0,0,0,0,0,0,-4.31,-4.05,-3.44,0,0,15.19,0,0
24.02.2026 18:06:14 UTC,26501473632,Anpassung,304-5572476-8747551,CZ008-Brush,Versand durch Amazon Erstattung f¨¹r Lagerbestand - Kundenr¨¹cksendung,1,,,,,,,0,0,0,0,0,0,0,0,0,0,0,0,10.2,10.2,0,0
24.02.2026 18:16:22 UTC,26501473632,Bestellung,305-8300695-0442753,KM30-G,PURPLEBIRD Klappmesser. Hohe H?rte und Sch?rfe. Taschenmesser EDC Messer mit Taschenclip. Sicherheitsschloss & Rutschfester Griff f¨¹r Outdoor. Surv,1,amazon.de,Amazon,Oberp?ring,,94562,MarketplaceFacilitator,17.64,3.35,0,0,0,0,0,0,-3.35,-2.73,-3.04,0,0,11.87,0,0
24.02.2026 18:28:54 UTC,26501473632,Bestellung,303-7231790-1442704,CZ002-XXL,PURPLEBIRD Grillspachtel Set aus Edelstahl. Plancha Spachtels Set mit Gro? Grillwender f¨¹r Smash Burger. Grill Geschenke f¨¹r M?nner,1,amazon.de,Amazon,Alling,,82239,MarketplaceFacilitator,22.68,4.31,0,0,0,0,0,0,-4.31,-4.05,-3.44,0,0,15.19,0,0
24.02.2026 18:34:47 UTC,26501473632,Bestellung,028-3862365-4878763,HS-KidBlackStraight,Friseurschere f¨¹r Kinder. Sicherheitsschere. runde Spitzen. Haarschneideschere. 15.2 cm. Haarschneideschere. professionelle Friseurschere f¨¹r Babys.,1,amazon.de,Amazon,Mannheim,,68229,MarketplaceFacilitator,16.8,3.19,0,0,0,0,0,0,-3.19,-3,-2.57,0,0,11.23,0,0
24.02.2026 20:23:21 UTC,26501473632,Bestellung,303-9279795-5201136,CZ002-XXL,PURPLEBIRD Grillspachtel Set aus Edelstahl. Plancha Spachtels Set mit Gro? Grillwender f¨¹r Smash Burger. Grill Geschenke f¨¹r M?nner,1,amazon.de,Amazon,Olfen,,59399,MarketplaceFacilitator,22.68,4.31,0,0,0,0,0,0,-4.31,-4.05,-3.44,0,0,15.19,0,0
24.02.2026 20:27:11 UTC,26501473632,Bestellung,028-0128143-0983557,Camp-S,PURPLEBIRD Camping Geschirr Set 2 Personen. Silber 10-teiliges Camping Geschirr Set mit Edelstahl Gabeln. Tafelmesser und L?ffel. 10 St¨¹ck Tragbars,1,amazon.de,Amazon,K?nigs Wusterhausen,,15711,MarketplaceFacilitator,23.11,4.39,0,0,0,0,0,0,-4.39,-4.13,-3.44,0,0,15.54,0,0
24.02.2026 20:48:55 UTC,26501473632,Bestellung,302-0455995-8621958,HS-KidBlackStraight,Friseurschere f¨¹r Kinder. Sicherheitsschere. runde Spitzen. Haarschneideschere. 15.2 cm. Haarschneideschere. professionelle Friseurschere f¨¹r Babys.,1,amazon.de,Amazon,D¨¹sseldorf,,40549,MarketplaceFacilitator,16.8,3.19,0,0,0,0,0,0,-3.19,-3,-2.31,0,0,11.49,0,0
24.02.2026 21:08:41 UTC,26501473632,Erstattung,302-2446576-8898762,CZ002-XXL,PURPLEBIRD Grillspachtel Set aus Edelstahl. Plancha Spachtels Set mit Gro? Grillwender f¨¹r Smash Burger. Grill Geschenke f¨¹r M?nner,1,amazon.de,Amazon,Bornheim,,53332,MarketplaceFacilitator,-22.68,-4.31,-4.19,-0.8,0,0,4.19,0.8,4.31,3.24,0,0,0,-19.44,0,0
24.02.2026 21:14:50 UTC,26501473632,Bestellung,303-9944496-1685104,BBQW-ZNO,PURPLEBIRD 31-teiliges Edelstahl Grillzubeh?r Set - Premium BBQ Grillbesteck f¨¹r M?nner & Frauen mit Tragetasche. Grillmatte Garten. Camping & Gebu,1,amazon.de,Amazon,Enkenbach-alsenborn,,67677,MarketplaceFacilitator,21.84,4.15,0,0,0,0,0,0,-4.15,-3.9,-3.95,0,0,13.99,0,0
24.02.2026 21:19:02 UTC,26501473632,Bestellung,304-3294961-4071505,GK02,PURPLE BIRD GK02 Gefl¨¹gelschere K¨¹chenschere Profi. 4mm Edelstahl fleischschere mit Sicherheitsschloss & Federbelastung. 103¡ã Schneidwinkel f¨¹r Fl,1,amazon.de,Amazon,Martinsberg,Nieder?sterreich,3664,MarketplaceFacilitator,17.85,3.57,0,0,0,0,0,0,-3.57,-3.19,-3.04,0,0,11.62,0,0
24.02.2026 21:33:17 UTC,26501473632,Bestellung,302-5074117-5064304,BBQW-ZNO,PURPLEBIRD 31-teiliges Edelstahl Grillzubeh?r Set - Premium BBQ Grillbesteck f¨¹r M?nner & Frauen mit Tragetasche. Grillmatte Garten. Camping & Gebu,1,amazon.de,Amazon,Neum¨¹nster,,24534,MarketplaceFacilitator,21.84,4.15,3.35,0.64,0,0,0,0,-4.79,-3.9,-7.3,0,0,13.99,0,0
24.02.2026 21:37:38 UTC,26501473632,Bestellung,306-8183065-5485939,KF014-OutdoorA,PURPLEBIRD Jagdmesser Feststehende Klinge Scharfes. Messer Outdoor Survival mit Lederscheide. D2 Stahl G¨¹rtelmesser & Camping Messer Outdoor Geschenk,1,amazon.de,Amazon,Steinhagen,Deutschland,33803,MarketplaceFacilitator,28.56,5.43,0,0,0,0,0,0,-5.43,-4.42,-3.04,0,0,21.1,0,0
24.02.2026 21:57:49 UTC,26501473632,Bestellung,302-1633790-7098719,BBQW-ZNO,PURPLEBIRD 31-teiliges Edelstahl Grillzubeh?r Set - Premium BBQ Grillbesteck f¨¹r M?nner & Frauen mit Tragetasche. Grillmatte Garten. Camping & Gebu,1,amazon.de,Amazon,Iserlohn,Nordrhein-Westfalen,58640,MarketplaceFacilitator,21.84,4.15,4.19,0.8,0,0,-4.19,-0.8,-4.15,-3.9,-3.95,0,0,13.99,0,0
24.02.2026 22:06:19 UTC,26501473632,Bestellung,303-9509897-3845925,BBQW-ZNO,PURPLEBIRD 31-teiliges Edelstahl Grillzubeh?r Set - Premium BBQ Grillbesteck f¨¹r M?nner & Frauen mit Tragetasche. Grillmatte Garten. Camping & Gebu,1,amazon.de,Amazon,Ihlow,,26632,MarketplaceFacilitator,21.84,4.15,0.5,0.1,0,0,-0.5,-0.1,-4.15,-3.9,-3.95,0,0,13.99,0,0
24.02.2026 22:34:26 UTC,26501473632,Bestellung,028-8041006-3165968,GK02,PURPLE BIRD GK02 Gefl¨¹gelschere K¨¹chenschere Profi. 4mm Edelstahl fleischschere mit Sicherheitsschloss & Federbelastung. 103¡ã Schneidwinkel f¨¹r Fl,1,amazon.de,Amazon,Marl,Nordrhein-Westfalen,45770,MarketplaceFacilitator,17.85,3.39,0,0,0,0,0,0,-3.39,-3.19,-3.04,0,0,11.62,0,0
24.02.2026 22:43:20 UTC,26501473632,Bestellung,306-7646804-5109117,BBQW-ZNO,PURPLEBIRD 31-teiliges Edelstahl Grillzubeh?r Set - Premium BBQ Grillbesteck f¨¹r M?nner & Frauen mit Tragetasche. Grillmatte Garten. Camping & Gebu,1,amazon.de,Amazon,FRIEDRICHSHAFEN,Baden-W¨¹rttemberg,88048,MarketplaceFacilitator,21.84,4.15,0,0,0,0,0,0,-4.15,-3.9,-3.95,0,0,13.99,0,0
24.02.2026 22:58:44 UTC,26501473632,Bestellung,305-3433884-9317928,GK02,PURPLE BIRD GK02 Gefl¨¹gelschere K¨¹chenschere Profi. 4mm Edelstahl fleischschere mit Sicherheitsschloss & Federbelastung. 103¡ã Schneidwinkel f¨¹r Fl,1,amazon.de,Amazon,Neu-Isenburg,Hessen,63263,MarketplaceFacilitator,17.85,3.39,0,0,0,0,0,0,-3.39,-3.19,-3.04,0,0,11.62,0,0
24.02.2026 23:04:54 UTC,26501473632,Bestellung,303-2558200-9864315,GK02,PURPLE BIRD GK02 Gefl¨¹gelschere K¨¹chenschere Profi. 4mm Edelstahl fleischschere mit Sicherheitsschloss & Federbelastung. 103¡ã Schneidwinkel f¨¹r Fl,1,amazon.de,Amazon,Limburg,,65551,MarketplaceFacilitator,17.85,3.39,0,0,0,0,0,0,-3.39,-3.19,-3.04,0,0,11.62,0,0
24.02.2026 23:05:32 UTC,26501473632,Bestellung,306-5943384-4377106,HS-KidBlackStraight,Friseurschere f¨¹r Kinder. Sicherheitsschere. runde Spitzen. Haarschneideschere. 15.2 cm. Haarschneideschere. professionelle Friseurschere f¨¹r Babys.,1,amazon.de,Amazon,Pinsdorf,?sterreich,4812,MarketplaceFacilitator,16.8,3.36,1.11,0.22,0,0,-1.11,-0.22,-3.36,-3,-2.57,0,0,11.23,0,0
24.02.2026 23:12:43 UTC,26501473632,Bestellung,028-9727580-8818715,BBQW-ZNO,PURPLEBIRD 31-teiliges Edelstahl Grillzubeh?r Set - Premium BBQ Grillbesteck f¨¹r M?nner & Frauen mit Tragetasche. Grillmatte Garten. Camping & Gebu,1,amazon.de,Amazon,Neuzeug,,4523,MarketplaceFacilitator,21.84,4.37,0,0,0,0,0,0,-4.37,-3.9,-3.95,0,0,13.99,0,0
24.02.2026 23:14:14 UTC,26501473632,Bestellung,304-6426532-8044347,KM30-F,PURPLEBIRD Klappmesser. Rettungsmesser mit Gurtschneider & Glasbrecher. EDC Messer mit Taschenclip. Sicherheitsschloss & Rutschfester Griff f¨¹r Outdo,2,amazon.de,Amazon,Vandans,Vorarlberg,6773,MarketplaceFacilitator,35.28,7.06,2.22,0.44,0,0,-2.22,-0.44,-7.06,-5.46,-6.08,0,0,23.74,0,0
24.02.2026 23:16:37 UTC,26501473632,Bestellung,302-2446576-8898762,CZ002-XXL,PURPLEBIRD Grillspachtel Set aus Edelstahl. Plancha Spachtels Set mit Gro? Grillwender f¨¹r Smash Burger. Grill Geschenke f¨¹r M?nner,1,amazon.de,Amazon,Bornheim,,53332,MarketplaceFacilitator,22.68,4.31,4.19,0.8,0,0,-4.19,-0.8,-4.31,-4.05,-3.44,0,0,15.19,0,0
24.02.2026 23:17:41 UTC,26501473632,Bestellung,305-1448741-7578738,HS-KidBlackStraight,Friseurschere f¨¹r Kinder. Sicherheitsschere. runde Spitzen. Haarschneideschere. 15.2 cm. Haarschneideschere. professionelle Friseurschere f¨¹r Babys.,1,amazon.de,Amazon,Petershagen,,15370,MarketplaceFacilitator,16.8,3.19,0,0,0,0,0,0,-3.19,-3,-2.57,0,0,11.23,0,0
24.02.2026 23:22:57 UTC,26501473632,Bestellung,028-0104723-0112349,GK02,PURPLE BIRD GK02 Gefl¨¹gelschere K¨¹chenschere Profi. 4mm Edelstahl fleischschere mit Sicherheitsschloss & Federbelastung. 103¡ã Schneidwinkel f¨¹r Fl,1,amazon.de,Amazon,Dortmund,Nordrhein-Westfalen,44265,MarketplaceFacilitator,17.85,3.39,1.67,0.32,0,0,-1.67,-0.32,-3.39,-3.19,-3.04,0,0,11.62,0,0
24.02.2026 23:37:23 UTC,26501473632,Bestellung,306-5947021-3340341,HS-KidRedStraight,PURPLEBIRD Haarschere Friseurschere 6-Zoll Edelstahl Sichere Runde Tipps Haarschneideschere Extra Professionelle Haarschnitt Schere f¨¹r Kinder. Perfe,1,amazon.de,Amazon,Baden-baden,,76530,MarketplaceFacilitator,18.48,3.51,0,0,0,0,0,0,-3.51,-3.3,-3.16,0,0,12.02,0,0
24.02.2026 23:38:46 UTC,26501473632,Bestellung,028-1434963-6145906,BBQW-ZNO,PURPLEBIRD 31-teiliges Edelstahl Grillzubeh?r Set - Premium BBQ Grillbesteck f¨¹r M?nner & Frauen mit Tragetasche. Grillmatte Garten. Camping & Gebu,1,amazon.de,Amazon,Landeck,tirol,6500,MarketplaceFacilitator,21.84,4.37,0,0,0,0,0,0,-4.37,-3.9,-3.95,0,0,13.99,0,0
24.02.2026 23:54:47 UTC,26501473632,Bestellung,306-2741369-5166721,BBQS-ZNO,PURPLEBIRD 6-teiliges Grillbesteck Set aus Edelstahl. Premium Grillzubeh?r mit 3-in-1 Spatel. Gabel. Zange. B¨¹rste. Saucenpinsel & Tragetasche f¨¹r,1,amazon.de,Amazon,CELLE,Niedersachsen,29229,MarketplaceFacilitator,16.39,3.12,0,0,0,0,0,0,-3.12,-2.93,-5.42,0,0,8.04,0,0
25.02.2026 14:04:28 UTC,26501473632,Bestellung,304-1847867-8133104,XS04-Fang,PURPLEBIRD Jagdmesser Feststehende Klinge. Outdoor Messer mit 4.5mm Klingenr¨¹cken. Full Tang Bushcraft Messer mit G10 Griff. Kydex Holster. Tanto Mes,1,amazon.de,Amazon,Bergen Auf R¨¹gen,,18528,MarketplaceFacilitator,28.23,5.36,0,0,0,0,0,0,-5.36,-4.37,-3.04,0,0,20.82,0,0
25.02.2026 14:43:34 UTC,26501473632,Geb¨¹hren von Amazon,764a07be-6b8f-421a-bcef-efc93dcd1373,,Coupon-Teilnahmegeb¨¹hr,,Amazon.de,,,,,,0,0,0,0,0,0,0,0,0,-4,0,0,0,-4,0,0
25.02.2026 14:47:45 UTC,26501473632,Bestellung,305-6594624-1753161,BBQW-ZNO,PURPLEBIRD 31-teiliges Edelstahl Grillzubeh?r Set - Premium BBQ Grillbesteck f¨¹r M?nner & Frauen mit Tragetasche. Grillmatte Garten. Camping & Gebu,1,amazon.de,Amazon,Vorra,,91247,MarketplaceFacilitator,21.84,4.15,3.35,0.64,0,0,0,0,-4.79,-3.9,-7.3,0,0,13.99,0,0
25.02.2026 14:52:35 UTC,26501473632,Erstattung,306-1324210-5924309,HS03-Silver-Thinning,PURPLEBIRD Haarschere Friseurschere 6 Inch Effilierschere Scharfe Haarschneideschere Japanischer Edelstahl 440C f¨¹r Damen und Herren Haarschere mit k,1,amazon.de,Amazon,Villingendorf,,78667,MarketplaceFacilitator,-21,-3.99,0,0,0,0,0,0,3.99,3,0,0,0,-18,0,0
25.02.2026 14:56:57 UTC,26501473632,Bestellung,306-7955407-9424326,KF015-Chudao,PURPLEBIRD K¨¹chenmesser Schmieden. Kochmesser Profi Messer. Fleischermesser mit Ergonomischem Griff. K¨¹chenmesser Scharf aus Hochwertigem Carbon Ede,1,amazon.de,Amazon,Berlin,,12629,MarketplaceFacilitator,37.82,7.18,0,0,0,0,0,0,-7.18,-6.75,-3.44,0,0,27.63,0,0
25.02.2026 15:12:32 UTC,26501473632,Bestellung,028-5423026-2901960,CZ002-XXL,PURPLEBIRD Grillspachtel Set aus Edelstahl. Plancha Spachtels Set mit Gro? Grillwender f¨¹r Smash Burger. Grill Geschenke f¨¹r M?nner,1,amazon.de,Amazon,Koblach,,6842,MarketplaceFacilitator,22.68,4.54,0,0,0,0,0,0,-4.54,-4.05,-3.44,0,0,15.19,0,0
25.02.2026 15:48:59 UTC,26501473632,Bestellung,S02-8006714-0472768,GSGD-ZNO,PURPLEBIRD Grill Schaber f¨¹r Flachgrills mit 6-Zoll-Edelstahlklinge & Ergonomischem Aluminiumgriff Grillschaber f¨¹r Gastronomie. Haushalt und Gewerbe.Geschenke f¨¹r M?nner und Frauen,1,si-prod-marketplace-de.stores.amazon.de,Amazon,CUGNAUX,HAUTE GARONNE,31270,,0,0,0,0,0,0,0,0,0,0,-11.37,0,0,-11.37,0,0
25.02.2026 15:58:44 UTC,26501473632,Bestellung,028-0490120-7525965,CZ002-XXL,PURPLEBIRD Grillspachtel Set aus Edelstahl. Plancha Spachtels Set mit Gro? Grillwender f¨¹r Smash Burger. Grill Geschenke f¨¹r M?nner,1,amazon.de,Amazon,Boppard,,56154,MarketplaceFacilitator,22.68,4.31,0,0,0,0,0,0,-4.31,-4.05,-3.44,0,0,15.19,0,0
25.02.2026 16:11:03 UTC,26501473632,Bestellung,303-4287777-1158752,XS02-Longgu,PURPLEBIRD Klappmesser Taschenmesser. Survival Outdoor Messer mit Coolem Aussehen. Geschenke f¨¹r M?nner,1,amazon.de,Amazon,Pirna,Sachsen,01796,MarketplaceFacilitator,17.64,3.35,0,0,0,0,0,0,-3.35,-2.73,-3.04,0,0,11.87,0,0
25.02.2026 16:45:21 UTC,26501473632,Bestellung,305-7646645-3009906,BBQS-ZNO,PURPLEBIRD 6-teiliges Grillbesteck Set aus Edelstahl. Premium Grillzubeh?r mit 3-in-1 Spatel. Gabel. Zange. B¨¹rste. Saucenpinsel & Tragetasche f¨¹r,1,amazon.de,Amazon,Dortmund,,44267,MarketplaceFacilitator,16.39,3.12,0,0,0,0,0,0,-3.12,-2.93,-5.42,0,0,8.04,0,0
25.02.2026 18:14:34 UTC,26501473632,Bestellung,028-6365539-9345935,BBQW-ZNO,PURPLEBIRD 31-teiliges Edelstahl Grillzubeh?r Set - Premium BBQ Grillbesteck f¨¹r M?nner & Frauen mit Tragetasche. Grillmatte Garten. Camping & Gebu,1,amazon.de,Amazon,K?ln,,50739,,21.84,4.15,4.19,0.8,0,0,-4.19,-0.8,0,-3.9,-3.95,0,0,18.14,0,0
25.02.2026 18:49:27 UTC,26501473632,Bestellung,306-1459658-7549160,PS-7.0''DownCurvedThinning,PURPLEBIRD Fellschere 7 Inch Hundeschere Gebogen. Fellschere Katze. Effilierschere Hund zur Fellpflege f¨¹r alle Hunde Katze. Schneiden und Grooming.,2,amazon.de,Amazon,Konstanz,,78467,MarketplaceFacilitator,95.78,18.2,0.75,0.14,0,0,-0.75,-0.14,-18.2,-17.1,-4.62,0,0,74.06,0,0
25.02.2026 20:32:25 UTC,26501473632,Bestellung,304-5434646-8118715,amzn.gr.CZ008-Brush-UEDkQ8K94XwrtycOF-LN,PURPLEBIRD BBQ-Grillb¨¹rste 3 in 1 f¨¹r Gussrost. Edelstahl. lange Holzgriff. Ersatzb¨¹rste,1,amazon.de,Amazon,Eppelheim,,69214,MarketplaceFacilitator,13.66,2.59,0,0,0,0,0,0,-2.59,-2.11,-3.44,0,0,8.11,0,0
25.02.2026 20:42:42 UTC,26501473632,Bestellung,306-1324210-5924309,HS03-Silver-Thinning,PURPLEBIRD Haarschere Friseurschere 6 Inch Effilierschere Scharfe Haarschneideschere Japanischer Edelstahl 440C f¨¹r Damen und Herren Haarschere mit k,1,amazon.de,Amazon,Villingendorf,,78667,MarketplaceFacilitator,21,3.99,0,0,0,0,0,0,-3.99,-3.75,-2.31,0,0,14.94,0,0
25.02.2026 20:47:19 UTC,26501473632,Bestellung,305-6511218-8301147,GSGD-ZNO,PURPLEBIRD Grill Schaber f¨¹r Flachgrills mit 6-Zoll-Edelstahlklinge & Ergonomischem Aluminiumgriff Grillschaber f¨¹r Gastronomie. Haushalt und Gewerb,1,amazon.de,Amazon,K?ln,,50735,MarketplaceFacilitator,20.16,3.83,3.35,0.64,0,0,0,0,-4.47,-3.12,-7.3,0,0,13.09,0,0
25.02.2026 20:51:03 UTC,26501473632,Bestellung,303-4826451-2189911,HS03-Silver-Thinning,PURPLEBIRD Haarschere Friseurschere 6 Inch Effilierschere Scharfe Haarschneideschere Japanischer Edelstahl 440C f¨¹r Damen und Herren Haarschere mit k,1,amazon.de,Amazon,Birr,Aargau,52,MarketplaceFacilitator,21,1.7,2.16,0.17,0,0,-2.16,-0.17,-1.7,-3.75,-2.31,0,0,14.94,0,0
25.02.2026 21:39:24 UTC,26501473632,Bestellung,305-1242585-3989107,HS03-Silver-Thinning,PURPLEBIRD Haarschere Friseurschere 6 Inch Effilierschere Scharfe Haarschneideschere Japanischer Edelstahl 440C f¨¹r Damen und Herren Haarschere mit k,1,amazon.de,Amazon,Neuenhof,,54,MarketplaceFacilitator,21,1.7,1.29,0.1,0,0,-1.29,-0.1,-1.7,-3.75,-2.31,0,0,14.94,0,0
25.02.2026 21:57:21 UTC,26501473632,Bestellung,303-8052078-1867550,BBQW-ZNO,PURPLEBIRD 31-teiliges Edelstahl Grillzubeh?r Set - Premium BBQ Grillbesteck f¨¹r M?nner & Frauen mit Tragetasche. Grillmatte Garten. Camping & Gebu,1,amazon.de,Amazon,Frankenmarkt,,4890,MarketplaceFacilitator,21.84,4.37,0,0,0,0,0,0,-4.37,-3.9,-3.95,0,0,13.99,0,0
25.02.2026 22:06:21 UTC,26501473632,Bestellung,303-0575011-8576368,CZ002-XXL,PURPLEBIRD Grillspachtel Set aus Edelstahl. Plancha Spachtels Set mit Gro? Grillwender f¨¹r Smash Burger. Grill Geschenke f¨¹r M?nner,1,amazon.de,Amazon,Mannheim,,68239,MarketplaceFacilitator,22.68,4.31,0,0,0,0,0,0,-4.31,-4.05,-3.44,0,0,15.19,0,0
25.02.2026 22:38:31 UTC,26501473632,Bestellung,302-1273685-7200328,KF014-OutdoorA,PURPLEBIRD Jagdmesser Feststehende Klinge Scharfes. Messer Outdoor Survival mit Lederscheide. D2 Stahl G¨¹rtelmesser & Camping Messer Outdoor Geschenk,1,amazon.de,Amazon,Essen,,45307,MarketplaceFacilitator,28.56,5.43,0,0,0,0,0,0,-5.43,-4.42,-3.04,0,0,21.1,0,0
25.02.2026 22:50:39 UTC,26501473632,Bestellung,302-1725271-2729912,BBQW-ZNO,PURPLEBIRD 31-teiliges Edelstahl Grillzubeh?r Set - Premium BBQ Grillbesteck f¨¹r M?nner & Frauen mit Tragetasche. Grillmatte Garten. Camping & Gebu,1,amazon.de,Amazon,Jever,Niedersachsen,26441,MarketplaceFacilitator,21.84,4.15,0,0,0,0,0,0,-4.15,-3.9,-3.95,0,0,13.99,0,0
25.02.2026 22:56:53 UTC,26501473632,Bestellung,306-5647888-1471557,GK02,PURPLE BIRD GK02 Gefl¨¹gelschere K¨¹chenschere Profi. 4mm Edelstahl fleischschere mit Sicherheitsschloss & Federbelastung. 103¡ã Schneidwinkel f¨¹r Fl,1,amazon.de,Amazon,Hamburg,,22391,MarketplaceFacilitator,17.85,3.39,3.35,0.64,0,0,0,0,-4.03,-3.19,-6.39,0,0,11.62,0,0
25.02.2026 23:04:01 UTC,26501473632,Bestellung,306-6531777-3523519,BBQW-ZNO,PURPLEBIRD 31-teiliges Edelstahl Grillzubeh?r Set - Premium BBQ Grillbesteck f¨¹r M?nner & Frauen mit Tragetasche. Grillmatte Garten. Camping & Gebu,1,amazon.de,Amazon,Senftenberg,Nieder?sterreich,3541,MarketplaceFacilitator,21.84,4.37,0,0,0,0,0,0,-4.37,-3.9,-3.95,0,0,13.99,0,0
25.02.2026 23:21:26 UTC,26501473632,Bestellung,306-6452457-7885917,BBQW-ZNO,PURPLEBIRD 31-teiliges Edelstahl Grillzubeh?r Set - Premium BBQ Grillbesteck f¨¹r M?nner & Frauen mit Tragetasche. Grillmatte Garten. Camping & Gebu,1,amazon.de,Amazon,Leverkusen,,51371,MarketplaceFacilitator,21.84,4.15,0,0,0,0,0,0,-4.15,-3.9,-3.95,0,0,13.99,0,0
25.02.2026 23:54:33 UTC,26501473632,Bestellung,306-7386370-4227561,HS-KidBlackStraight,Friseurschere f¨¹r Kinder. Sicherheitsschere. runde Spitzen. Haarschneideschere. 15.2 cm. Haarschneideschere. professionelle Friseurschere f¨¹r Babys.,1,amazon.de,Amazon,Hamburg,,22529,MarketplaceFacilitator,16.8,3.19,1.67,0.32,0,0,0,0,-3.51,-3,-4.24,0,0,11.23,0,0
26.02.2026 00:02:57 UTC,26501473632,Bestellung,304-5278589-6639508,GK02,PURPLE BIRD GK02 Gefl¨¹gelschere K¨¹chenschere Profi. 4mm Edelstahl fleischschere mit Sicherheitsschloss & Federbelastung. 103¡ã Schneidwinkel f¨¹r Fl,1,amazon.de,Amazon,Bayreuth,,95447,MarketplaceFacilitator,17.85,3.39,0,0,0,0,0,0,-3.39,-3.19,-3.04,0,0,11.62,0,0
26.02.2026 00:13:35 UTC,26501473632,Bestellung,306-1785836-8080365,BBQW-ZNO,PURPLEBIRD 31-teiliges Edelstahl Grillzubeh?r Set - Premium BBQ Grillbesteck f¨¹r M?nner & Frauen mit Tragetasche. Grillmatte Garten. Camping & Gebu,1,amazon.de,Amazon,Obertrubach,Bayern,91286,MarketplaceFacilitator,21.84,4.15,0,0,0,0,0,0,-4.15,-3.9,-3.95,0,0,13.99,0,0
26.02.2026 15:05:56 UTC,26501473632,Bestellung,302-1236189-3837117,KP40-P,PURPLEBIRD Klappmesser. Rettungsmesser mit Gurtschneider & Glasbrecher. EDC Messer mit Taschenclip. Sicherheitsschloss & Rutschfester Griff f¨¹r Outdo,1,amazon.de,Amazon,Rednitzhembach,Bayern,91126,MarketplaceFacilitator,17.64,3.35,0,0,0,0,0,0,-3.35,-2.73,-3.04,0,0,11.87,0,0
26.02.2026 16:48:33 UTC,26501473632,Bestellung,302-4591971-7351547,HS03-Silver-Thinning,PURPLEBIRD Haarschere Friseurschere 6 Inch Effilierschere Scharfe Haarschneideschere Japanischer Edelstahl 440C f¨¹r Damen und Herren Haarschere mit k,1,amazon.de,Amazon,Wels,,4600,MarketplaceFacilitator,21,4.2,0.42,0.08,0,0,-0.42,-0.08,-4.2,-3.75,-2.31,0,0,14.94,0,0
26.02.2026 16:49:00 UTC,26501473632,Bestellung,304-1807027-9034738,HS03-Silver-Thinning,PURPLEBIRD Haarschere Friseurschere 6 Inch Effilierschere Scharfe Haarschneideschere Japanischer Edelstahl 440C f¨¹r Damen und Herren Haarschere mit k,1,amazon.de,Amazon,Sonnenstein,,37345,MarketplaceFacilitator,21,3.99,0,0,0,0,0,0,-3.99,-3.75,-2.31,0,0,14.94,0,0
26.02.2026 16:57:45 UTC,26501473632,Bestellung,S02-4323986-8765566,GK02,PURPLE BIRD GK02 Gefl¨¹gelschere K¨¹chenschere Profi. 4mm Edelstahl fleischschere mit Sicherheitsschloss & Federbelastung. 103¡ã Schneidwinkel f¨¹r Fleisch. Gem¨¹se und Knochen. Rutschfester Griff,1,si-prod-marketplace-de.stores.amazon.de,Amazon,Schotten,Hessen,63679,,0,0,0,0,0,0,0,0,0,0,-5.55,0,0,-5.55,0,0
26.02.2026 18:58:43 UTC,26501473632,Bestellung,302-1055907-9313122,GK02,PURPLE BIRD GK02 Gefl¨¹gelschere K¨¹chenschere Profi. 4mm Edelstahl fleischschere mit Sicherheitsschloss & Federbelastung. 103¡ã Schneidwinkel f¨¹r Fl,1,amazon.de,Amazon,Bad Langensalza,Th¨¹ringen,99947,MarketplaceFacilitator,17.85,3.39,0,0,0,0,0,0,-3.39,-3.19,-3.04,0,0,11.62,0,0
26.02.2026 19:41:36 UTC,26501473632,Bestellung,302-7101909-3872341,GK02,PURPLE BIRD GK02 Gefl¨¹gelschere K¨¹chenschere Profi. 4mm Edelstahl fleischschere mit Sicherheitsschloss & Federbelastung. 103¡ã Schneidwinkel f¨¹r Fl,1,amazon.de,Amazon,Freiburg,,79100,MarketplaceFacilitator,17.85,3.39,0,0,0,0,0,0,-3.39,-3.19,-3.04,0,0,11.62,0,0
26.02.2026 19:44:24 UTC,26501473632,Bestellung,304-6337404-6512305,BBQS-ZNO,PURPLEBIRD 6-teiliges Grillbesteck Set aus Edelstahl. Premium Grillzubeh?r mit 3-in-1 Spatel. Gabel. Zange. B¨¹rste. Saucenpinsel & Tragetasche f¨¹r,1,amazon.de,Amazon,Kehl,,77694,MarketplaceFacilitator,16.39,3.12,0,0,0,0,0,0,-3.12,-2.93,-5.42,0,0,8.04,0,0
26.02.2026 19:44:24 UTC,26501473632,Bestellung,304-6337404-6512305,BBQW-ZNO,PURPLEBIRD 31-teiliges Edelstahl Grillzubeh?r Set - Premium BBQ Grillbesteck f¨¹r M?nner & Frauen mit Tragetasche. Grillmatte Garten. Camping & Gebu,1,amazon.de,Amazon,Kehl,,77694,MarketplaceFacilitator,21.84,4.15,0,0,0,0,0,0,-4.15,-3.9,-3.95,0,0,13.99,0,0
26.02.2026 19:56:17 UTC,26501473632,Bestellung,303-0340270-0442745,CZ003-Wood,PURPLEBIRD Burgerpresse. 10.8cm Aluguss Burger Pattie Presse mit Antihaft. 3 Stufen der Dicke einstellbar. Professioneller Hamburgerpresse mit Holzgri,1,amazon.de,Amazon,Pilsting,,94431,MarketplaceFacilitator,23.52,4.47,3.35,0.64,0,0,0,0,-5.11,-4.2,-6.75,0,0,15.92,0,0
26.02.2026 20:28:06 UTC,26501473632,Bestellung,306-4658647-5921965,BBQW-ZNO,PURPLEBIRD 31-teiliges Edelstahl Grillzubeh?r Set - Premium BBQ Grillbesteck f¨¹r M?nner & Frauen mit Tragetasche. Grillmatte Garten. Camping & Gebu,1,amazon.de,Amazon,K?ln,Deutschland,50939,MarketplaceFacilitator,21.84,4.15,0,0,0,0,0,0,-4.15,-3.9,-3.95,0,0,13.99,0,0
26.02.2026 20:47:02 UTC,26501473632,Anpassung,305-5858416-5893917,CZ003-Wood,Versand durch Amazon Erstattung f¨¹r Lagerbestand - Kundenr¨¹cksendung,1,,,,,,,0,0,0,0,0,0,0,0,0,0,0,0,8.34,8.34,0,0
26.02.2026 20:55:21 UTC,26501473632,Bestellung,303-3250847-9692364,GSDP-ZNO,PURPLEBIRD 6" Edelstahl Grill Kratzer-Klingen 6er-Pack. Rasierklingenscharfe Grillreinigungs-Klingen. Ersatzklingen f¨¹r Griddle & BBQ-Grillkratzer,5,amazon.de,Amazon,Goslar,Niedersachsen,38642,MarketplaceFacilitator,64.6,12.3,0,0,0,0,0,0,-12.3,-11.55,-13.4,0,0,39.65,0,0
26.02.2026 20:55:21 UTC,26501473632,Bestellung,302-1621323-4260326,BBQW-ZNO,PURPLEBIRD 31-teiliges Edelstahl Grillzubeh?r Set - Premium BBQ Grillbesteck f¨¹r M?nner & Frauen mit Tragetasche. Grillmatte Garten. Camping & Gebu,1,amazon.de,Amazon,Neuwied,,56567,MarketplaceFacilitator,21.84,4.15,0,0,0,0,0,0,-4.15,-3.9,-3.95,0,0,13.99,0,0
26.02.2026 20:56:41 UTC,26501473632,Bestellung,302-3426289-2830748,HS02-StripingBlack-Thinning,PURPLEBIRD Haarschere Friseurschere 6 Inch Effilierschere Scharfe Haarschneideschere Japanischer Edelstahl 440C f¨¹r Damen und Herren Haarschneidesche,1,amazon.de,Amazon,Tettnang,,88069,MarketplaceFacilitator,25.2,4.79,0.66,0.13,0,0,-0.66,-0.13,-4.79,-4.5,-2.57,0,0,18.13,0,0
26.02.2026 20:58:23 UTC,26501473632,Bestellung,303-3517784-3681106,GK02,PURPLE BIRD GK02 Gefl¨¹gelschere K¨¹chenschere Profi. 4mm Edelstahl fleischschere mit Sicherheitsschloss & Federbelastung. 103¡ã Schneidwinkel f¨¹r Fl,1,amazon.de,Amazon,Berlin,Berlin,10623,MarketplaceFacilitator,17.85,3.39,0,0,0,0,0,0,-3.39,-3.19,-3.04,0,0,11.62,0,0
26.02.2026 21:00:57 UTC,26501473632,Bestellung,028-0792669-0332340,BBQS-ZNO,PURPLEBIRD 6-teiliges Grillbesteck Set aus Edelstahl. Premium Grillzubeh?r mit 3-in-1 Spatel. Gabel. Zange. B¨¹rste. Saucenpinsel & Tragetasche f¨¹r,1,amazon.de,Amazon,Halle (Saale),Sachsen-Anhalt,06130,MarketplaceFacilitator,16.39,3.12,0,0,0,0,0,0,-3.12,-2.93,-5.42,0,0,8.04,0,0
26.02.2026 21:09:58 UTC,26501473632,Bestellung,303-4385893-9943500,KF015-Chanzi,PURPLEBIRD 12-in-1 Klappspaten mit 180¡ã Camping-Axt | ¨¹berlebens-Set inkl. Multitool. Camping Axe & Tragebag f¨¹r Outdoor/Camping (rostfrei & faltba,1,amazon.de,Amazon,M¨¹nchen,Bayern,81375,MarketplaceFacilitator,27.55,5.24,0,0,0,0,0,0,-5.24,-4.26,-4.54,0,0,18.75,0,0
26.02.2026 21:16:01 UTC,26501473632,Bestellung,306-7481860-1450744,BBQW-ZNO,PURPLEBIRD 31-teiliges Edelstahl Grillzubeh?r Set - Premium BBQ Grillbesteck f¨¹r M?nner & Frauen mit Tragetasche. Grillmatte Garten. Camping & Gebu,1,amazon.de,Amazon,Osnabr¨¹ck,,49086,MarketplaceFacilitator,21.84,4.15,0,0,0,0,0,0,-4.15,-3.9,-3.95,0,0,13.99,0,0
26.02.2026 21:21:31 UTC,26501473632,Bestellung,303-0732114-9981926,BBQW-ZNO,PURPLEBIRD 31-teiliges Edelstahl Grillzubeh?r Set - Premium BBQ Grillbesteck f¨¹r M?nner & Frauen mit Tragetasche. Grillmatte Garten. Camping & Gebu,1,amazon.de,Amazon,M¨¹lheim An Der Ruhr,,45472,MarketplaceFacilitator,21.84,4.15,0,0,0,0,0,0,-4.15,-3.9,-3.95,0,0,13.99,0,0
26.02.2026 22:54:12 UTC,26501473632,Bestellung,303-4826451-2189911,HS03-SilverStraight2,PURPLEBIRD Haarschere Friseurschere 6 Inch Effilierschere Scharfe Haarschneideschere Japanischer Edelstahl 440C f¨¹r Damen und Herren Haarschere,1,amazon.de,Amazon,Birr,Aargau,52,MarketplaceFacilitator,21,1.7,2.16,0.17,0,0,-2.16,-0.17,-1.7,-3.75,-2.57,0,0,14.68,0,0
26.02.2026 22:57:23 UTC,26501473632,Bestellung,302-4230808-1237151,CZ002-XXL,PURPLEBIRD Grillspachtel Set aus Edelstahl. Plancha Spachtels Set mit Gro? Grillwender f¨¹r Smash Burger. Grill Geschenke f¨¹r M?nner,1,amazon.de,Amazon,Oranienburg,Brandenburg,16515,MarketplaceFacilitator,22.68,4.31,0,0,0,0,0,0,-4.31,-4.05,-3.44,0,0,15.19,0,0
26.02.2026 22:57:38 UTC,26501473632,Bestellung,305-5899151-4178723,CZ007-BurgerA,PURPLEBIRD Burgerglocke & Burger Smasher Set. Edelstahl Burgerglocke (? 20cm) mit Schwerlast Gusseisen Burgerpresse (? 17.7cm). Zweiteiliges Burgerp,1,amazon.de,Amazon,Manching,Bayern,85077,MarketplaceFacilitator,29.78,5.66,3.35,0.64,0,0,0,0,-6.3,-5.32,-7.15,0,0,20.66,0,0
26.02.2026 23:37:41 UTC,26501473632,Bestellung,028-6999717-3991507,GSGD-ZNO,PURPLEBIRD Grill Schaber f¨¹r Flachgrills mit 6-Zoll-Edelstahlklinge & Ergonomischem Aluminiumgriff Grillschaber f¨¹r Gastronomie. Haushalt und Gewerb,1,amazon.de,Amazon,Berlin,,12349,MarketplaceFacilitator,25.2,4.79,0,0,0,0,0,0,-4.79,-3.9,-3.95,0,0,17.35,0,0
26.02.2026 23:50:48 UTC,26501473632,Bestellung,302-3923715-2366727,CZ007-BurgerA,PURPLEBIRD Burgerglocke & Burger Smasher Set. Edelstahl Burgerglocke (? 20cm) mit Schwerlast Gusseisen Burgerpresse (? 17.7cm). Zweiteiliges Burgerp,1,amazon.de,Amazon,Bad Hersfeld,,36251,MarketplaceFacilitator,29.78,5.66,0,0,0,0,0,0,-5.66,-5.32,-3.8,0,0,20.66,0,0
27.02.2026 05:13:17 UTC,26501473632,Anpassung,303-4723378-4689966,HWD02-ZNO,Versand durch Amazon Erstattung f¨¹r Lagerbestand - Kundenr¨¹cksendung,1,,,,,,,0,0,0,0,0,0,0,0,0,0,0,0,14.53,14.53,0,0
27.02.2026 08:23:59 UTC,26501473632,Anpassung,028-8354335-3267506,KF012-Fudao,Versand durch Amazon Erstattung f¨¹r Lagerbestand - Kundenr¨¹cksendung,1,,,,,,,0,0,0,0,0,0,0,0,0,0,0,0,20.36,20.36,0,0
27.02.2026 10:45:19 UTC,26501473632,Bestellung,S02-0223117-2672725,GK02,PURPLE BIRD GK02 Gefl¨¹gelschere K¨¹chenschere Profi. 4mm Edelstahl fleischschere mit Sicherheitsschloss & Federbelastung. 103¡ã Schneidwinkel f¨¹r Fleisch. Gem¨¹se und Knochen. Rutschfester Griff,1,si-prod-marketplace-de.stores.amazon.de,Amazon,DEN HAAG,ZUID-HOLLAND,2573,,0,0,0,0,0,0,0,0,0,0,-8.87,0,0,-8.87,0,0
27.02.2026 15:03:49 UTC,26501473632,Bestellung,S02-6835884-1955913,KF015-Chudao,PURPLEBIRD K¨¹chenmesser Schmieden. Kochmesser Profi Messer. Fleischermesser mit Ergonomischem Griff. K¨¹chenmesser Scharf aus Hochwertigem Carbon Edelstahl f¨¹r K¨¹chen. Camping und Grill,1,si-prod-marketplace-de.stores.amazon.de,Amazon,Radom,Mazowieckie,26-61,,0,0,0,0,0,0,0,0,0,0,-11.7,0,0,-11.7,0,0
27.02.2026 15:10:32 UTC,26501473632,Bestellung,303-7934163-4445933,HS-KidBlackStraight,Friseurschere f¨¹r Kinder. Sicherheitsschere. runde Spitzen. Haarschneideschere. 15.2 cm. Haarschneideschere. professionelle Friseurschere f¨¹r Babys.,1,amazon.de,Amazon,Borna,,04552,MarketplaceFacilitator,16.8,3.19,3.35,0.64,0,0,0,0,-3.83,-3,-5.63,0,0,11.52,0,0
27.02.2026 16:02:51 UTC,26501473632,Bestellung,305-7335786-9809149,HS-KidBlackStraight,Friseurschere f¨¹r Kinder. Sicherheitsschere. runde Spitzen. Haarschneideschere. 15.2 cm. Haarschneideschere. professionelle Friseurschere f¨¹r Babys.,1,amazon.de,Amazon,Hamburg,,22145,MarketplaceFacilitator,16.8,3.19,0,0,0,0,0,0,-3.19,-3,-2.31,0,0,11.49,0,0
27.02.2026 17:33:53 UTC,26501473632,Bestellung,303-3492222-3494752,GK02,PURPLE BIRD GK02 Gefl¨¹gelschere K¨¹chenschere Profi. 4mm Edelstahl fleischschere mit Sicherheitsschloss & Federbelastung. 103¡ã Schneidwinkel f¨¹r Fl,1,amazon.de,Amazon,antwerpen,,2060,MarketplaceFacilitator,17.85,3.75,0,0,0,0,0,0,-3.75,-3.19,-3.04,0,0,11.62,0,0
27.02.2026 17:50:13 UTC,26501473632,Bestellung,304-7558974-6562745,HS03-Silver-Straight,PURPLEBIRD Haarschere Friseurschere 6 Inch Effilierschere Scharfe Haarschneideschere Japanischer Edelstahl 440C f¨¹r Damen und Herren Haarschere,1,amazon.de,Amazon,Traiskirchen,,2514,MarketplaceFacilitator,21,4.2,3.32,0.67,0,0,0,0,-4.87,-3.75,-5.92,0,0,14.65,0,0
27.02.2026 18:19:51 UTC,26501473632,Bestellung,305-8914015-0980316,HS-KidBlackStraight,Friseurschere f¨¹r Kinder. Sicherheitsschere. runde Spitzen. Haarschneideschere. 15.2 cm. Haarschneideschere. professionelle Friseurschere f¨¹r Babys.,1,amazon.de,Amazon,Eberbach,,69412,MarketplaceFacilitator,16.8,3.19,0,0,0,0,0,0,-3.19,-3,-2.31,0,0,11.49,0,0
27.02.2026 20:21:42 UTC,26501473632,Bestellung,028-7805691-1260327,HS-Black-Set,PURPLEBIRD Haarschneideschere. Profi Haarschere Friseurschere Set aus Edelstahl Haarschneideschere und Effilierschere f¨¹r Barbier/Friseur/Anf?nger 1,1,amazon.de,Amazon,Winnenden,,71364,MarketplaceFacilitator,25.2,4.79,0.67,0.13,0,0,-0.67,-0.13,-4.79,-4.5,-3.04,0,0,17.66,0,0
27.02.2026 20:36:41 UTC,26501473632,Bestellung,302-9173049-0166757,BBQS-ZNO,PURPLEBIRD 6-teiliges Grillbesteck Set aus Edelstahl. Premium Grillzubeh?r mit 3-in-1 Spatel. Gabel. Zange. B¨¹rste. Saucenpinsel & Tragetasche f¨¹r,1,amazon.de,Amazon,Binningen,,56754,MarketplaceFacilitator,16.39,3.12,0,0,0,0,0,0,-3.12,-2.93,-5.42,0,0,8.04,0,0
27.02.2026 20:45:29 UTC,26501473632,Bestellung,303-1567514-0741109,GK02,PURPLE BIRD GK02 Gefl¨¹gelschere K¨¹chenschere Profi. 4mm Edelstahl fleischschere mit Sicherheitsschloss & Federbelastung. 103¡ã Schneidwinkel f¨¹r Fl,1,amazon.de,Amazon,Rosenberg,Baden-W¨¹rttemberg,73494,MarketplaceFacilitator,17.85,3.39,0,0,0,0,0,0,-3.39,-3.19,-3.04,0,0,11.62,0,0
27.02.2026 21:27:50 UTC,26501473632,Bestellung,028-7180214-0540361,KF012-Fudao,PURPLEBIRD Camping Axt Outdoor Messer Set. Axt Set 2 Teilig mit Scheide. Feststehend Jagdmesser Survival Messer und Spaltaxt Sch?rfe. Camping Beil mi,1,amazon.de,Amazon,Roztoky u Prahy,Czech Republic,,MarketplaceFacilitator,23.66,4.97,1.62,0.34,0,0,-1.62,-0.34,-4.97,-4.22,-3.93,0,0,15.51,0,0
27.02.2026 22:08:40 UTC,26501473632,Bestellung,303-5639330-2152301,HS-KidBlackStraight,Friseurschere f¨¹r Kinder. Sicherheitsschere. runde Spitzen. Haarschneideschere. 15.2 cm. Haarschneideschere. professionelle Friseurschere f¨¹r Babys.,1,amazon.de,Amazon,Hochburg-Ach,,5122,MarketplaceFacilitator,15.62,3.12,0.82,0.17,0,0,-0.82,-0.17,-3.12,-2.79,-2.57,0,0,10.26,0,0
27.02.2026 22:33:56 UTC,26501473632,Bestellung,302-7149200-1789102,PS-7.0''DownCurvedThinning,PURPLEBIRD Fellschere 7 Inch Hundeschere Gebogen. Fellschere Katze. Effilierschere Hund zur Fellpflege f¨¹r alle Hunde Katze. Schneiden und Grooming.,1,amazon.de,Amazon,Werne,,59368,MarketplaceFacilitator,47.89,9.1,0,0,0,0,0,0,-9.1,-8.55,-2.57,0,0,36.77,0,0
27.02.2026 22:54:01 UTC,26501473632,Bestellung,303-3474904-8652311,PS04-GreenScrewSetChunker,PURPLEBIRD Fellschere Hunde. 7 Inch Hundeschere Set Profi aus 440C Japanischer Edelstahl Gerade Gebogene aus D¨¹nnen Chunker Schere Set,1,amazon.de,Amazon,Fulda,Hessen,36041,MarketplaceFacilitator,33.61,6.38,0,0,0,0,0,0,-6.38,-6,-3.04,0,0,24.57,0,0
28.02.2026 00:07:25 UTC,26501473632,Bestellung,305-5445457-7749123,CZ002-XXL,PURPLEBIRD Grillspachtel Set aus Edelstahl. Plancha Spachtels Set mit Gro? Grillwender f¨¹r Smash Burger. Grill Geschenke f¨¹r M?nner,1,amazon.de,Amazon,L?cknitz,Mecklenburg-Vorpommern,17321,MarketplaceFacilitator,22.68,4.31,0,0,0,0,0,0,-4.31,-4.05,-3.44,0,0,15.19,0,0
28.02.2026 01:56:48 UTC,26501473632,Erstattung,305-6177202-6693161,HWD02-ZNO,PURPLEBIRD Outdoor Messer. Messer 12 cm Klinge Feststehende. 440C Edelstahl Bushcraft Camping Messer. Full Tang Scharfe Survival Messer mit Holster f?,1,amazon.de,Amazon,GREVENBICHT,,6127,MarketplaceFacilitator,-20.79,-4.37,-0.19,-0.04,0,0,0,0,4.41,2.58,0.19,0,0,-18.21,0,0
28.02.2026 02:14:59 UTC,26501473632,Bestellung,S02-8129564-7343924,KF015-Fish6,PURPLEBIRD Filetiermesser f¨¹r Fisch 15 CM mit Scheide. 440C Edelstahl Fischmesser zum Schneiden von Fleisch mit Holzgriff. Filitiermesser Scharf Fisch. K¨¹che & Outdoor zum Fischen. Grillen f¨¹r M?nner,1,si-prod-marketplace-de.stores.amazon.de,Amazon,V?hl,Hessen,34516,,0,0,0,0,0,0,0,0,0,0,-5.55,0,0,-5.55,0,0
28.02.2026 08:48:14 UTC,26501473632,Geb¨¹hren von Amazon,ec3fea3e-244b-48ab-920f-c1e49d7cabb6,,Teilnahmegeb¨¹hr f¨¹r das Angebot,,Amazon.de,,,,,,0,0,0,0,0,0,0,0,0,-28,0,0,0,-28,0,0
28.02.2026 09:05:02 UTC,26501473632,Geb¨¹hren von Amazon,ec3fea3e-244b-48ab-920f-c1e49d7cabb6,,Leistungsbasierte Angebotsgeb¨¹hr,,Amazon.de,,,,,,0,0,0,0,0,0,0,0,0,-6.08,0,0,0,-6.08,0,0
28.02.2026 09:37:34 UTC,26501473632,Bestellung,306-6084311-0950718,CZ002-XXL,PURPLEBIRD Grillspachtel Set aus Edelstahl. Plancha Spachtels Set mit Gro? Grillwender f¨¹r Smash Burger. Grill Geschenke f¨¹r M?nner,1,amazon.de,Amazon,M?tz,,6423,MarketplaceFacilitator,22.68,4.54,1.11,0.22,0,0,-1.11,-0.22,-4.54,-4.05,-3.44,0,0,15.19,0,0
28.02.2026 13:45:43 UTC,26501473632,Bestellung,306-9116779-7913914,CZ002-XXL,PURPLEBIRD Grillspachtel Set aus Edelstahl. Plancha Spachtels Set mit Gro? Grillwender f¨¹r Smash Burger. Grill Geschenke f¨¹r M?nner,1,amazon.de,Amazon,Rietberg,Nordrhein-Westfalen,33397,MarketplaceFacilitator,22.68,4.31,0,0,0,0,0,0,-4.31,-4.05,-3.44,0,0,15.19,0,0
28.02.2026 13:55:37 UTC,26501473632,Erstattung,304-6337404-6512305,BBQS-ZNO,PURPLEBIRD 6-teiliges Grillbesteck Set aus Edelstahl. Premium Grillzubeh?r mit 3-in-1 Spatel. Gabel. Zange. B¨¹rste. Saucenpinsel & Tragetasche f¨¹r,1,amazon.de,Amazon,Kehl,,77694,MarketplaceFacilitator,-16.39,-3.12,0,0,0,0,0,0,3.12,2.34,0,0,0,-14.05,0,0
28.02.2026 20:40:00 UTC,26501473632,Bestellung,302-9099263-6908326,BBQW-ZNO,PURPLEBIRD 31-teiliges Edelstahl Grillzubeh?r Set - Premium BBQ Grillbesteck f¨¹r M?nner & Frauen mit Tragetasche. Grillmatte Garten. Camping & Gebu,1,amazon.de,Amazon,haltern am see,Nordrhein-Westfalen,45721,MarketplaceFacilitator,21.84,4.15,0,0,0,0,0,0,-4.15,-3.9,-3.95,0,0,13.99,0,0
28.02.2026 20:48:55 UTC,26501473632,Bestellung,305-4413386-6221166,HS02-StripingBlack-Thinning,PURPLEBIRD Haarschere Friseurschere 6 Inch Effilierschere Scharfe Haarschneideschere Japanischer Edelstahl 440C f¨¹r Damen und Herren Haarschneidesche,1,amazon.de,Amazon,Geesthacht,,21502,MarketplaceFacilitator,25.2,4.79,0,0,0,0,0,0,-4.79,-4.5,-2.57,0,0,18.13,0,0
28.02.2026 20:49:30 UTC,26501473632,Bestellung,305-2230578-8723562,HS-KidRedStraight,PURPLEBIRD Haarschere Friseurschere 6-Zoll Edelstahl Sichere Runde Tipps Haarschneideschere Extra Professionelle Haarschnitt Schere f¨¹r Kinder. Perfe,1,amazon.de,Amazon,Jersbek,,22941,MarketplaceFacilitator,18.48,3.51,3.35,0.64,0,0,0,0,-4.15,-3.3,-6.48,0,0,12.05,0,0
28.02.2026 21:40:13 UTC,26501473632,Bestellung,028-6844801-4523547,BBQW-ZNO,PURPLEBIRD 31-teiliges Edelstahl Grillzubeh?r Set - Premium BBQ Grillbesteck f¨¹r M?nner & Frauen mit Tragetasche. Grillmatte Garten. Camping & Gebu,1,amazon.de,Amazon,N¨¹rnberg,,90475,MarketplaceFacilitator,21.84,4.15,4.19,0.8,0,0,-4.19,-0.8,-4.15,-3.9,-3.95,0,0,13.99,0,0
28.02.2026 22:21:12 UTC,26501473632,Bestellung,303-5266995-1301926,CZ003-Wood,PURPLEBIRD Burgerpresse. 10.8cm Aluguss Burger Pattie Presse mit Antihaft. 3 Stufen der Dicke einstellbar. Professioneller Hamburgerpresse mit Holzgri,1,amazon.de,Amazon,Attenkirchen,Bayern,85395,MarketplaceFacilitator,23.52,4.47,1.68,0.32,0,0,-1.68,-0.32,-4.47,-4.2,-3.4,0,0,15.92,0,0
28.02.2026 22:30:06 UTC,26501473632,Bestellung,304-1121436-6249932,BBQW-ZNO,PURPLEBIRD 31-teiliges Edelstahl Grillzubeh?r Set - Premium BBQ Grillbesteck f¨¹r M?nner & Frauen mit Tragetasche. Grillmatte Garten. Camping & Gebu,1,amazon.de,Amazon,Mietingen,,88487,MarketplaceFacilitator,21.84,4.15,0,0,0,0,0,0,-4.15,-3.9,-3.95,0,0,13.99,0,0
28.02.2026 22:43:02 UTC,26501473632,Bestellung,305-9950091-0309924,BBQW-ZNO,PURPLEBIRD 31-teiliges Edelstahl Grillzubeh?r Set - Premium BBQ Grillbesteck f¨¹r M?nner & Frauen mit Tragetasche. Grillmatte Garten. Camping & Gebu,1,amazon.de,Amazon,Hofheim Am Taunus,,65719,MarketplaceFacilitator,21.84,4.15,1.12,0.21,0,0,-1.12,-0.21,-4.15,-3.9,-3.95,0,0,13.99,0,0
